timestamp,temp_before,temp_pred_last,temp_lower_last,temp_upper_last,temp_univariate_outlier,temp_univariate_hit_count,temp_evaluated_count,temp_after,hum_before,hum_pred_last,hum_lower_last,hum_upper_last,hum_univariate_outlier,hum_univariate_hit_count,hum_evaluated_count,hum_after,mahalanobis_d2_last,mahalanobis_threshold,multivariate_outlier,multivariate_hit_count,co2_before,co2_pred_last,co2_lower_last,co2_upper_last,co2_univariate_outlier,co2_univariate_hit_count,co2_evaluated_count,co2_after,temp_correction,hum_correction,co2_correction,any_outlier
2026-06-16 00:00:00,26.4,26.4,26.141434890499045,26.65856510950095,False,0,1,26.4,49.03,49.03,47.48868994608667,50.57131005391333,False,0,1,49.03,0.0,9.21034037197618,False,0,365,,,,False,0,0,365.0,0.0,0.0,0.0,False
2026-06-16 00:05:00,26.3,26.338157163902906,26.079592054401953,26.59672227340386,False,0,1,26.3,49.43,49.2904017733821,47.74909171946877,50.83171182729543,False,0,1,49.43,0.18523622357469927,9.21034037197618,False,0,366,,,,False,0,0,366.0,0.0,0.0,0.0,False
2026-06-16 00:10:00,26.2,26.244016224348865,25.985451114847912,26.502581333849818,False,0,1,26.2,48.83,49.612549423878036,48.07123936996471,51.153859477791364,False,0,1,48.83,2.0140850610377674,9.21034037197618,False,0,364,365.90008998374367,361.1800250561739,370.6201549113134,False,0,1,364.0,0.0,0.0,0.0,False
2026-06-16 00:15:00,26.1,26.15517592245443,25.896610812953476,26.413741031955382,False,0,1,26.1,49.4,49.10759241724129,47.566282363327964,50.64890247115462,False,0,1,49.4,0.4990379022890802,9.21034037197618,False,0,362,364.21669760940495,359.4966326818352,368.9367625369747,False,0,1,362.0,0.0,0.0,0.0,False
2026-06-16 00:20:00,26.0,26.052536061150015,25.79397095164906,26.311101170650968,False,0,1,26.0,49.28,49.423017674992856,47.88170762107953,50.964327728906184,False,0,1,49.28,0.3547507611200427,9.21034037197618,False,0,363,362.2575643113362,357.53749938376643,366.97762923890593,False,0,1,363.0,0.0,0.0,0.0,False
2026-06-16 00:25:00,26.0,25.97035123699805,25.711786127497096,26.228916346499002,False,0,1,26.0,48.48,49.372729930549056,47.83141987663573,50.914039984462384,False,0,1,48.48,2.2546423321560143,9.21034037197618,False,0,364,363.0466544676644,358.32658954009463,367.76671939523413,False,0,1,364.0,0.0,0.0,0.0,False
2026-06-16 00:30:00,25.9,25.965554472136134,25.70698936263518,26.224119581637087,False,0,1,25.9,49.9,48.72821377891064,47.186903724997315,50.26952383282397,False,0,1,49.9,4.074068880654076,9.21034037197618,False,0,361,364.3855298876876,359.66546496011784,369.10559481525735,False,0,1,361.0,0.0,0.0,0.0,False
2026-06-16 00:35:00,25.8,25.850842772879485,25.592277663378532,26.109407882380438,False,0,1,25.8,48.9,49.96042436473967,48.419114310826345,51.501734418653,False,0,1,48.9,3.5746788201265316,9.21034037197618,False,0,361,361.1528642625948,356.43279933502504,365.87292919016454,False,0,1,361.0,0.0,0.0,0.0,False
2026-06-16 00:40:00,25.7,25.754339247647184,25.49577413814623,26.012904357148138,False,0,1,25.7,50.12,49.17327541683789,47.63196536292456,50.71458547075122,False,0,1,50.12,2.670429115799842,9.21034037197618,False,0,363,361.5668335799268,356.84676865235707,366.2868985074966,False,0,1,363.0,0.0,0.0,0.0,False
2026-06-16 00:45:00,25.6,25.65783572241488,25.399270612913927,25.916400831915833,False,0,1,25.6,50.75,50.133597133278066,48.59228707936474,51.674907187191394,False,0,1,50.75,1.3019917674135018,9.21034037197618,False,0,361,363.3380229135671,358.61795798599735,368.05808784113685,False,0,1,361.0,0.0,0.0,0.0,False
2026-06-16 00:50:00,25.5,25.573720591876956,25.315155482376003,25.83228570137791,False,0,1,25.5,51.2,50.61140947523097,49.07009942131764,52.1527195291443,False,0,1,51.2,1.3946318439633107,9.21034037197618,False,0,361,361.3828390927898,356.66277416522007,366.1029040203596,False,0,1,361.0,0.0,0.0,0.0,False
2026-06-16 00:55:00,25.4,25.47914737303061,25.220582263529657,25.737712482531563,False,0,1,25.4,51.45,51.02788812631641,49.486578072403084,52.56919818022974,False,0,1,51.45,1.0325640073273763,9.21034037197618,False,0,360,361.3251873730288,356.6051224454591,366.0452523005986,False,0,1,360.0,0.0,0.0,0.0,False
2026-06-16 01:00:00,25.3,25.36832514671797,25.10976003721702,25.626890256218925,False,0,1,25.3,51.55,51.180505233987446,49.63919518007412,52.721815287900775,False,0,1,51.55,0.7790342817439275,9.21034037197618,False,0,361,360.41738009147383,355.6973151639041,365.1374450190436,False,0,1,361.0,0.0,0.0,0.0,False
2026-06-16 01:05:00,25.3,25.265497969358,25.00693285985705,25.524063078858955,False,0,1,25.3,50.57,51.41034041590878,49.86903036199545,52.951650469822106,False,0,1,50.57,2.0231870616215066,9.21034037197618,False,0,361,361.18262222898267,356.4625573014129,365.9026871565524,False,0,1,361.0,0.0,0.0,0.0,False
2026-06-16 01:10:00,25.3,25.265497969358,25.00693285985705,25.524063078858955,False,0,1,25.3,50.4,50.638934446965024,49.097624393051696,52.18024450087835,False,0,1,50.4,0.25618607478768907,9.21034037197618,False,0,361,361.33366508800924,356.6136001604395,366.053730015579,False,0,1,361.0,0.0,0.0,0.0,False
2026-06-16 01:15:00,25.2,25.263135383679746,25.004570274178793,25.5217004931807,False,0,1,25.2,50.85,50.49783105448649,48.95652100057316,52.03914110839982,False,0,1,50.85,0.6842130562763089,9.21034037197618,False,0,361,361.4232496275188,356.7031846999491,366.1433145550886,False,0,1,361.0,0.0,0.0,0.0,False
2026-06-16 01:20:00,25.2,25.166631858447445,24.908066748946492,25.4251969679484,False,0,1,25.2,50.72,50.8520480810423,49.31073802712897,52.393358134955626,False,0,1,50.72,0.14784020694132868,9.21034037197618,False,0,361,361.35115066865836,356.6310857410886,366.0712155962281,False,0,1,361.0,0.0,0.0,0.0,False
2026-06-16 01:25:00,25.1,25.1689944441257,24.910429334624748,25.427559553626654,False,0,1,25.1,50.7,50.757006789150296,49.21569673523697,52.298316843063624,False,0,1,50.7,0.49612700461094617,9.21034037197618,False,0,360,361.3255808007198,356.60551587315007,366.04564572828957,False,0,1,360.0,0.0,0.0,0.0,False
2026-06-16 01:30:00,25.1,25.070128333215145,24.81156322371419,25.328693442716098,False,0,1,25.1,51.02,50.733975738857026,49.1926656849437,52.275285792770354,False,0,1,51.02,0.34357877248606705,9.21034037197618,False,0,362,360.49445926498527,355.7743943374155,365.214524192555,False,0,1,362.0,0.0,0.0,0.0,False
2026-06-16 01:35:00,25.0,25.07086778425107,24.812302674750118,25.329432893752024,False,0,1,25.0,50.52,51.20350255952221,49.66219250560888,52.744812613435535,False,0,1,50.52,1.9536778913416448,9.21034037197618,False,0,363,362.1867046984595,357.46663977088974,366.90676962602925,False,0,1,363.0,0.0,0.0,0.0,False
2026-06-16 01:40:00,24.95,24.975581348610596,24.717016239109643,25.23414645811155,False,0,1,24.95,51.4,50.813682546562184,49.272372492648856,52.35499260047551,False,0,1,51.4,0.9898755593962043,9.21034037197618,False,0,366,363.3975034171691,358.67743848959935,368.11756834473886,False,0,1,366.0,0.0,0.0,0.0,False
2026-06-16 01:45:00,24.88,24.930909261264524,24.67234415176357,25.189474370765478,False,0,1,24.88,52.37,51.51741615304185,49.97610609912852,53.05872620695518,False,0,1,52.37,2.180667963937724,9.21034037197618,False,0,364,366.21369529868673,361.493630371117,370.9337602262565,False,0,1,364.0,0.0,0.0,0.0,False
2026-06-16 01:50:00,24.8,24.85856002874,24.599994919239048,25.117125138240954,False,0,1,24.8,52.37,52.26615363918961,50.72484358527628,53.80746369310294,False,0,1,52.37,0.35585820307716176,9.21034037197618,False,0,361,364.16836027487835,359.4482953473086,368.8884252024481,False,0,1,361.0,0.0,0.0,0.0,False
2026-06-16 01:55:00,24.7,24.781357208554162,24.52279209905321,25.039922318055115,False,0,1,24.7,51.45,52.26615363918961,50.72484358527628,53.80746369310294,False,0,1,51.45,2.7238669450291795,9.21034037197618,False,0,363,361.16778207583195,356.4477171482622,365.8878470034017,False,0,1,363.0,0.0,0.0,0.0,False
2026-06-16 02:00:00,24.7,24.684853683321858,24.426288573820905,24.94341879282281,False,0,1,24.7,51.07,51.54197660711998,50.00066655320665,53.083286661033306,False,0,1,51.07,0.6292795057145553,9.21034037197618,False,0,361,363.1857407085567,358.46567578098694,367.90580563612644,False,0,1,361.0,0.0,0.0,0.0,False
2026-06-16 02:05:00,24.6,24.676167445515933,24.41760233601498,24.934732555016886,False,0,1,24.6,50.55,51.38669222271322,49.845382168799894,52.92800227662655,False,0,1,50.55,2.730062733206982,9.21034037197618,False,0,364,361.24237114201793,356.5223062144482,365.9624360695877,False,0,1,364.0,0.0,0.0,0.0,False
2026-06-16 02:10:00,24.6,24.579663920283632,24.32109881078268,24.838229029784586,False,0,1,24.6,50.8,50.977374769804285,49.43606471589096,52.518684823717614,False,0,1,50.8,0.11960342188898607,9.21034037197618,False,0,364,364.24382259093187,359.5237576633621,368.9638875185016,False,0,1,364.0,0.0,0.0,0.0,False
2026-06-16 02:15:00,24.5,24.59398262136397,24.335417511863017,24.852547730864924,False,0,1,24.5,51.87,51.218332136084136,49.67702208217081,52.759642189997464,False,0,1,51.87,1.9036836253194123,9.21034037197618,False,0,364,364.2999072681069,359.57984234053714,369.01997219567664,False,0,1,364.0,0.0,0.0,0.0,False
2026-06-16 02:20:00,24.4,24.481633507785574,24.22306839828462,24.740198617286527,False,0,1,24.4,53.35,52.18232866148277,50.64101860756944,53.7236387153961,False,0,1,53.35,4.231029415242889,9.21034037197618,False,0,364,364.406744921646,359.68667999407626,369.12680984921576,False,0,1,364.0,0.0,0.0,0.0,False
2026-06-16 02:25:00,24.3,24.377970632013103,24.11940552251215,24.636535741514056,False,0,1,24.3,53.47,53.32522403972521,51.78391398581188,54.866534093638535,False,0,1,53.47,0.6346067441340595,9.21034037197618,False,0,364,364.1835259573123,359.4634610297426,368.9035908848821,False,0,1,364.0,0.0,0.0,0.0,False
2026-06-16 02:30:00,24.3,24.272780868974877,24.014215759473924,24.53134597847583,False,0,1,24.3,53.3,53.56351412926935,52.02220407535602,55.10482418318268,False,0,1,53.3,0.24903540892597098,9.21034037197618,False,0,364,364.1655040714366,359.44543914386685,368.88556899900635,False,0,1,364.0,0.0,0.0,0.0,False
2026-06-16 02:35:00,24.2,24.279940219515048,24.021375110014095,24.538505329016,False,0,1,24.2,53.32,53.45178387277824,51.910473818864915,54.99309392669157,False,0,1,53.32,0.717528317982017,9.21034037197618,False,0,365,364.1344948300673,359.41442990249755,368.85455975763705,False,0,1,365.0,0.0,0.0,0.0,False
2026-06-16 02:40:00,24.1,24.177494433334406,23.918929323833453,24.43605954283536,False,0,1,24.1,53.92,53.449196248074955,51.90788619416163,54.99050630198828,False,0,1,53.92,1.120258134376437,9.21034037197618,False,0,364,365.20847168354896,360.4884067559792,369.9285366111187,False,0,1,364.0,0.0,0.0,0.0,False
2026-06-16 02:45:00,24.1,24.096358857892294,23.83779374839134,24.354923967393248,False,0,1,24.1,53.02,54.013623162018035,52.47231310810471,55.554933215931364,False,0,1,53.02,2.768334530150851,9.21034037197618,False,0,365,363.9989951649487,359.278930237379,368.7190600925185,False,0,1,365.0,0.0,0.0,0.0,False
2026-06-16 02:50:00,24.0,24.080513269546202,23.82194816004525,24.339078379047155,False,0,1,24.0,53.92,53.426936260050155,51.88562620613683,54.96824631396348,False,0,1,53.92,1.2191727093696274,9.21034037197618,False,0,367,365.2695787395072,360.54951381193746,369.98964366707696,False,0,1,367.0,0.0,0.0,0.0,False
2026-06-16 02:55:00,23.95,23.984009744313898,23.725444634812945,24.24257485381485,False,0,1,23.95,53.65,54.13537031316176,52.59406025924843,55.676680367075086,False,0,1,53.65,0.8251781157181738,9.21034037197618,False,0,366,366.9506415207324,362.23057659316265,371.67070644830216,False,0,1,366.0,0.0,0.0,0.0,False
2026-06-16 03:00:00,23.9,23.935757981697744,23.67719287219679,24.194323091198697,False,0,1,23.9,53.77,53.922840097228274,52.381530043314946,55.4641501511416,False,0,1,53.77,0.20903406797037288,9.21034037197618,False,0,367,366.08276175713144,361.3626968295617,370.8028266847012,False,0,1,367.0,0.0,0.0,0.0,False
2026-06-16 03:05:00,23.8,23.887506219081594,23.62894110958064,24.146071328582547,False,0,1,23.8,53.75,54.01729797097649,52.475987917063165,55.55860802488982,False,0,1,53.75,1.0327846691606408,9.21034037197618,False,0,366,366.97923209354406,362.2591671659743,371.6992970211138,False,0,1,366.0,0.0,0.0,0.0,False
2026-06-16 03:10:00,23.7,23.78231645604337,23.52375134654242,24.040881565544325,False,0,1,23.7,54.1,54.14538720781438,52.60407715390105,55.68669726172771,False,0,1,54.1,0.6937121023624169,9.21034037197618,False,0,368,366.1076228766338,361.38755794906405,370.82768780420355,False,0,1,368.0,0.0,0.0,0.0,False
2026-06-16 03:15:00,23.7,23.685812930811068,23.427247821310115,23.94437804031202,False,0,1,23.7,55.15,54.42088933958001,52.87957928566668,55.962199393493336,False,0,1,55.15,1.5448967066726487,9.21034037197618,False,0,369,368.1554171358329,363.43535220826317,372.87548206340267,False,0,1,369.0,0.0,0.0,0.0,False
2026-06-16 03:20:00,23.6,23.685812930811068,23.427247821310115,23.94437804031202,False,0,1,23.6,55.38,55.247395734876875,53.70608568096355,56.7887057887902,False,0,1,55.38,0.7532410208236447,9.21034037197618,False,0,368,368.9070584661749,364.1869935386051,373.6271233937446,False,0,1,368.0,0.0,0.0,0.0,False
2026-06-16 03:25:00,23.57,23.589309405578767,23.330744296077814,23.84787451507972,False,0,1,23.57,55.9,55.42843999289429,53.88712993898096,56.96975004680762,False,0,1,55.9,0.6369578441448499,9.21034037197618,False,0,368,368.0457700670038,363.32570513943404,372.76583499457354,False,0,1,368.0,0.0,0.0,0.0,False
2026-06-16 03:30:00,23.5,23.55167211020315,23.293107000702197,23.810237219704103,False,0,1,23.5,54.47,55.981589661599145,54.44027960768582,57.52289971551247,False,0,1,54.47,6.916103068307256,9.21034037197618,False,0,368,367.6677262945036,362.94766136693386,372.38779122207336,False,0,1,368.0,0.0,0.0,0.0,False
2026-06-16 03:35:00,23.47,23.492302007548762,23.23373689804781,23.750867117049715,False,0,1,23.47,54.1,54.766887152851545,53.22557709893822,56.30819720676487,False,0,1,54.1,1.3429978026053986,9.21034037197618,False,0,367,367.8697827207095,363.14971779313976,372.58984764827926,False,0,1,367.0,0.0,0.0,0.0,False
2026-06-16 03:40:00,23.4,23.466217408455027,23.207652298954073,23.72478251795598,False,0,1,23.4,56.1,54.42817741091523,52.886867357001904,55.96948746482856,True,1,1,55.96948746482856,7.986500916882801,9.21034037197618,False,0,370,367.33235973957534,362.6122948120056,372.0524246671451,False,0,1,370.0,0.0,-0.1305125351714409,0.0,True
2026-06-16 03:45:00,23.3,23.403461705654326,23.144896596153373,23.66202681515528,False,0,1,23.3,56.4,56.01727230003578,54.47596224612245,57.558582353949106,False,0,1,56.4,1.3696451745940088,9.21034037197618,False,0,370,369.85466881550116,365.1346038879314,374.5747337430709,False,0,1,370.0,0.0,0.0,0.0,False
2026-06-16 03:50:00,23.3,23.29347517775419,23.034910068253236,23.552040287255142,False,0,1,23.3,55.53,56.38245220688526,54.84114215297193,57.92376226079859,False,0,1,55.53,2.0326340225615684,9.21034037197618,False,0,367,369.6685711503744,364.94850622280467,374.38863607794417,False,0,1,367.0,0.0,0.0,0.0,False
2026-06-16 03:55:00,23.2,23.302161415560114,23.04359630605916,23.560726525061067,False,0,1,23.2,56.73,55.55380040641479,54.01249035250146,57.095110460328115,False,0,1,56.73,4.593886162549476,9.21034037197618,False,0,369,367.19670207138074,362.476637143811,371.9167669989505,False,0,1,369.0,0.0,0.0,0.0,False
2026-06-16 04:00:00,23.15,23.204131003062056,22.945565893561103,23.46269611256301,False,0,1,23.15,56.78,56.66429642434505,55.122986370431725,58.20560647825838,False,0,1,56.78,0.3127749337648764,9.21034037197618,False,0,368,368.8511104452167,364.13104551764695,373.57117537278646,False,0,1,368.0,0.0,0.0,0.0,False
2026-06-16 04:05:00,23.1,23.16220289257357,22.903637783072618,23.420768002074524,False,0,1,23.1,55.98,56.552533584608994,55.011223530695666,58.09384363852232,False,0,1,55.98,1.4099366460701896,9.21034037197618,False,0,371,367.7620312504698,363.04196632290007,372.48209617803957,False,0,1,371.0,0.0,0.0,0.0,False
2026-06-16 04:10:00,23.1,23.118747894819336,22.860182785318383,23.37731300432029,False,0,1,23.1,56.4,55.937611419604536,54.39630136569121,57.478921473517865,False,0,1,56.4,0.6119658670814314,9.21034037197618,False,0,372,370.8090106186204,366.08894569105064,375.52907554619014,False,0,1,372.0,0.0,0.0,0.0,False
2026-06-16 04:15:00,23.0,23.106791779417257,22.848226669916304,23.36535688891821,False,0,1,23.0,56.0,56.23133191975411,54.690021865840784,57.77264197366744,False,0,1,56.0,1.3606221077846932,9.21034037197618,False,0,368,371.61139299632885,366.8913280687591,376.3314579238986,False,0,1,368.0,0.0,0.0,0.0,False
2026-06-16 04:20:00,22.95,23.01150534377678,22.752940234275826,23.270070453277732,False,0,1,22.95,56.53,55.92022680158428,54.37891674767095,57.461536855497606,False,0,1,56.53,1.3176365089881987,9.21034037197618,False,0,370,368.03525849991786,363.3151935723481,372.7553234274876,False,0,1,370.0,0.0,0.0,0.0,False
2026-06-16 04:25:00,22.9,22.95814701862479,22.699581909123836,23.216712128125742,False,0,1,22.9,57.35,56.49229049209424,54.95098043818091,58.03360054600757,False,0,1,57.35,2.265866590275678,9.21034037197618,False,0,368,369.955351848818,365.23528692124825,374.67541677638775,False,0,1,368.0,0.0,0.0,0.0,False
2026-06-16 04:30:00,22.9,22.90746107682498,22.648895967324027,23.166026186325933,False,0,1,22.9,56.45,57.13024370739196,55.588933653478634,58.67155376130529,False,0,1,56.45,1.3216520621235266,9.21034037197618,False,0,369,367.7817687641459,363.06170383657616,372.50183369171566,False,0,1,369.0,0.0,0.0,0.0,False
2026-06-16 04:35:00,22.8,22.905098491146724,22.64653338164577,23.163663600647677,False,0,1,22.8,55.85,56.41452158294513,54.8732115290318,57.955831636858456,False,0,1,55.85,2.1689712112307755,9.21034037197618,False,0,369,368.752286153839,364.03222122626926,373.47235108140876,False,0,1,369.0,0.0,0.0,0.0,False
2026-06-16 04:40:00,22.8,22.814131181812265,22.55556607231131,23.072696291313218,False,0,1,22.8,57.83,56.17466836485763,54.6333583109443,57.71597841877096,True,1,1,57.71597841877096,7.661643605079647,9.21034037197618,False,0,372,369.22782172300725,364.5077567954375,373.947886650577,False,0,1,372.0,0.0,-0.11402158122903927,0.0,True
2026-06-16 04:45:00,22.7,22.80933441695035,22.550769307449396,23.067899526451303,False,0,1,22.7,58.7,57.71842628838619,56.17711623447286,59.25973634229952,False,0,1,58.7,3.6006182285718094,9.21034037197618,False,0,372,371.86947518964155,367.1494102620718,376.5895401172113,False,0,1,372.0,0.0,0.0,0.0,False
2026-06-16 04:50:00,22.6,22.709964433242092,22.45139932374114,22.968529542743045,False,0,1,22.6,58.05,58.4507105042734,56.909400450360074,59.99202055818673,False,0,1,58.05,1.7854587713624779,9.21034037197618,False,0,374,371.56477482996263,366.8447099023929,376.2848397575324,False,0,1,374.0,0.0,0.0,0.0,False
2026-06-16 04:55:00,22.6,22.607641128679823,22.34907601917887,22.866206238180776,False,0,1,22.6,58.6,58.03543127272051,56.49412121880718,59.57674132663384,False,0,1,58.6,0.8902143793278591,9.21034037197618,False,0,374,373.7058054218942,368.98574049432443,378.42587034946393,False,0,1,374.0,0.0,0.0,0.0,False
2026-06-16 05:00:00,22.5,22.5,22.25695425046146,22.74304574953854,False,0,2,22.5,58.75,58.75,57.26333715336079,60.23666284663921,False,0,2,58.75,0.0,9.21034037197618,False,0,376,,,,False,0,1,376.0,0.0,0.0,0.0,False
2026-06-16 05:05:00,22.5,22.55694933654743,22.31390358700889,22.799995086085968,False,0,2,22.5,58.78,58.648137761341644,57.16147491470243,60.13480060798086,False,0,2,58.78,0.406161901367588,9.21034037197618,False,0,374,375.7688709931741,370.91792207430984,380.6198199120384,False,0,2,374.0,0.0,0.0,0.0,False
2026-06-16 05:10:00,22.4,22.54791094845188,22.30486519891334,22.790956697990417,False,0,2,22.4,58.58,58.68145361452754,57.19479076788833,60.168116461166754,False,0,2,58.58,2.5140653675034796,9.21034037197618,False,0,376,373.8189409465182,368.9679920276539,378.66988986538246,False,0,2,376.0,0.0,0.0,0.0,False
2026-06-16 05:15:00,22.4,22.453847346529265,22.210801596990727,22.696893096067804,False,0,2,22.4,58.15,58.51810081195237,57.03143796531316,60.004763658591585,False,0,2,58.15,0.7625651560784014,9.21034037197618,False,0,378,375.7345393709595,370.88359045209523,380.5854882898238,False,0,2,378.0,0.0,0.0,0.0,False
2026-06-16 05:20:00,22.4,22.455015922373704,22.211970172835166,22.698061671912242,False,0,2,22.4,57.53,58.171852625292956,56.68518977865374,59.65851547193217,False,0,2,57.53,1.6308065006075387,9.21034037197618,False,0,377,377.2650660894873,372.414117170623,382.11601500835155,False,0,2,377.0,0.0,0.0,0.0,False
2026-06-16 05:25:00,22.4,22.469674629704045,22.226628880165507,22.712720379242583,False,0,2,22.4,58.05,57.65932381560243,56.172660968963214,59.14598666224164,False,0,2,58.05,0.9652594929544493,9.21034037197618,False,0,376,376.4444892942229,371.5935403753586,381.29543821308715,False,0,2,376.0,0.0,0.0,0.0,False
2026-06-16 05:30:00,22.3,22.460274513673685,22.217228764135147,22.703320263212223,False,0,2,22.3,58.5,58.08649140083945,56.599828554200236,59.57315424747866,False,0,2,58.5,3.307102476671428,9.21034037197618,False,0,376,375.50380418156453,370.65285526270026,380.3547531004288,False,0,2,376.0,0.0,0.0,0.0,False
2026-06-16 05:35:00,22.3,22.384847654664824,22.141801905126286,22.627893404203363,False,0,2,22.3,57.8,58.28544825401373,56.79878540737452,59.77211110065294,False,0,2,57.8,1.5786460069879054,9.21034037197618,False,0,377,375.344580478497,370.4936315596327,380.19552939736127,False,0,2,377.0,0.0,0.0,0.0,False
2026-06-16 05:40:00,22.32,22.35494735183877,22.111901602300232,22.59799310137731,False,0,2,22.32,58.9,58.03499932153493,56.54833647489572,59.521662168174146,False,0,2,58.9,2.3429371298467614,9.21034037197618,False,0,376,376.6077099611359,371.75676104227165,381.4586588800002,False,0,2,376.0,0.0,0.0,0.0,False
2026-06-16 05:45:00,22.37,22.354761601374737,22.1117158518362,22.597807350913275,False,0,2,22.37,58.13,59.078373729973954,57.59171088333474,60.56503657661317,False,0,2,58.13,2.7092998242422306,9.21034037197618,False,0,377,375.3577866075809,370.50683768871664,380.2087355264452,False,0,2,377.0,0.0,0.0,0.0,False
2026-06-16 05:50:00,22.4,22.457324415480684,22.214278665942146,22.700370165019223,False,0,2,22.4,57.3,58.43348986452033,56.94682701788112,59.920152711159545,False,0,2,57.3,4.327684719743167,9.21034037197618,False,0,376,376.2971967933264,371.44624787446213,381.1481457121907,False,0,2,376.0,0.0,0.0,0.0,False
2026-06-16 05:55:00,22.4,22.493431383007437,22.2503856334689,22.736477132545975,False,0,2,22.4,57.28,57.760536072710586,56.27387322607137,59.2471989193498,False,0,2,57.28,1.7419528590695021,9.21034037197618,False,0,378,375.47676299716875,370.6258140783045,380.327711916033,False,0,2,378.0,0.0,0.0,0.0,False
2026-06-16 06:00:00,22.4,22.427735801821232,22.184690052282694,22.67078155135977,False,0,2,22.4,58.75,57.92394470570287,56.43728185906366,59.410607552342086,False,0,2,58.75,2.1047578476168884,9.21034037197618,False,0,378,377.6545672902213,372.803618371357,382.50551620908556,False,0,2,378.0,0.0,0.0,0.0,False
2026-06-16 06:05:00,22.5,22.4527997118794,22.209753962340862,22.69584546141794,False,0,2,22.5,57.85,58.938143632052586,57.451480785413374,60.4248064786918,False,0,2,57.85,3.735717870716376,9.21034037197618,False,0,379,377.28140658594486,372.4304576670806,382.13235550480914,False,0,2,379.0,0.0,0.0,0.0,False
2026-06-16 06:10:00,22.5,22.562054799779734,22.319009050241196,22.805100549318272,False,0,2,22.5,58.5,58.20390636427186,56.717243517632646,59.69056921091107,False,0,2,58.5,0.6699599075024014,9.21034037197618,False,0,380,378.477494425579,373.6265455067147,383.32844334444326,False,0,2,380.0,0.0,0.0,0.0,False
2026-06-16 06:15:00,22.6,22.569066254846376,22.326020505307838,22.812112004384915,False,0,2,22.6,57.63,58.7187881642662,57.23212531762699,60.20545101090541,False,0,2,57.63,3.6227928979386887,9.21034037197618,False,0,380,379.2112667988179,374.36031787995364,384.0622157176822,False,0,2,380.0,0.0,0.0,0.0,False
2026-06-16 06:20:00,22.7,22.701409829050807,22.45836407951227,22.944455578589345,False,0,2,22.7,57.2,57.84470363899112,56.35804079235191,59.33136648563033,False,0,2,57.2,1.251279791301737,9.21034037197618,False,0,383,379.2751154029006,374.42416648403633,384.1260643217649,False,0,2,383.0,0.0,0.0,0.0,False
2026-06-16 06:25:00,22.8,22.820131783760505,22.577086034221967,23.063177533299044,False,0,2,22.8,57.23,57.337318401080935,55.85065555444172,58.82398124772015,False,0,2,57.23,0.08338071102241766,9.21034037197618,False,0,380,382.23856663414,377.3876177152757,387.0895155530043,False,0,2,380.0,0.0,0.0,0.0,False
2026-06-16 06:30:00,22.9,22.891659998882893,22.648614249344355,23.134705748421432,False,0,2,22.9,59.1,57.21934875933796,55.73268591269875,58.706011605977174,True,2,2,58.706011605977174,7.208468927283441,9.21034037197618,True,1,381,379.64421010012364,374.79326118125937,384.4951590189879,False,0,2,381.0,0.0,-0.39398839402282704,0.0,True
2026-06-16 06:35:00,23.1,23.02188898138585,22.77884323184731,23.264934730924388,False,0,2,23.1,57.6,58.27765896638676,56.79099611974755,59.76432181302597,False,0,2,57.6,1.989790171717147,9.21034037197618,False,0,382,380.1947657674086,375.34381684854435,385.0457146862729,False,0,2,382.0,0.0,0.0,0.0,False
2026-06-16 06:40:00,23.2,23.24528705922924,23.002241309690703,23.48833280876778,False,0,2,23.2,57.33,57.17244667876848,55.68578383212927,58.65910952540769,False,0,2,57.33,0.2949330351022358,9.21034037197618,False,0,380,381.21203176793813,376.36108284907385,386.0629806868024,False,0,2,380.0,0.0,0.0,0.0,False
2026-06-16 06:45:00,23.4,23.32849893869235,23.08545318915381,23.571544688230887,False,0,2,23.4,55.93,56.82828598729135,55.34162314065214,58.314948833930565,False,0,2,55.93,2.9074604220559115,9.21034037197618,False,0,378,379.1724254953275,374.3214765764632,384.0233744141918,False,0,2,378.0,0.0,0.0,0.0,False
2026-06-16 06:50:00,23.63,23.50754601920942,23.264500269670883,23.75059176874796,False,0,2,23.63,56.53,55.69356402244049,54.20690117580128,57.1802268690797,False,0,2,56.53,3.9401714538371646,9.21034037197618,False,0,376,377.65131209904933,372.80036318018506,382.5022610179136,False,0,2,376.0,0.0,0.0,0.0,False
2026-06-16 06:55:00,23.87,23.75333837310625,23.51029262356771,23.996384122644788,False,0,2,23.87,57.08,56.011775826283994,54.52511297964478,57.49843867292321,False,0,2,57.08,5.144200493224858,9.21034037197618,False,0,375,375.73769746600254,370.88674854713827,380.5886463848668,False,0,2,375.0,0.0,0.0,0.0,False
2026-06-16 07:00:00,24.1,23.99928535833372,23.75623960879518,24.242331107872257,False,0,2,24.1,56.28,56.48633775569079,54.99967490905158,57.97300060233,False,0,2,56.28,1.238758257812105,9.21034037197618,False,0,376,374.474561906343,369.62361298747874,379.3255108252073,False,0,2,376.0,0.0,0.0,0.0,False
2026-06-16 07:05:00,24.37,24.237139823946332,23.994094074407794,24.48018557348487,False,0,2,24.37,55.65,55.7132233937877,54.22656054714849,57.19988624042691,False,0,2,55.65,1.9855352959602806,9.21034037197618,False,0,376,375.5407092135094,370.6897602946451,380.39165813237366,False,0,2,376.0,0.0,0.0,0.0,False
2026-06-16 07:10:00,24.6,24.509263823401255,24.266218073862717,24.752309572939794,False,0,2,24.6,54.97,55.126754492260616,53.6400916456214,56.61341733889983,False,0,2,54.97,0.9792965006998773,9.21034037197618,False,0,377,375.49014300457577,370.6391940857115,380.34109192344005,False,0,2,377.0,0.0,0.0,0.0,False
2026-06-16 07:15:00,24.9,24.75394807205093,24.510902322512393,24.99699382158947,False,0,2,24.9,55.0,54.56001704607145,53.07335419943224,56.046679892710664,False,0,2,55.0,3.075677248579269,9.21034037197618,False,0,373,376.6161131124176,371.76516419355335,381.4670620312819,False,0,2,373.0,0.0,0.0,0.0,False
2026-06-16 07:20:00,25.2,25.04049528259799,24.797449533059453,25.28354103213653,False,0,2,25.2,54.0,54.58872131905484,53.10205847241563,56.075384165694054,False,0,2,54.0,3.7670262740635145,9.21034037197618,False,0,375,372.64539114912697,367.7944422302627,377.49634006799124,False,0,2,375.0,0.0,0.0,0.0,False
2026-06-16 07:25:00,25.5,25.31991219098752,25.07686644144898,25.562957940526058,False,0,2,25.5,54.4,53.48916617178484,52.002503325145625,54.97582901842405,False,0,2,54.4,6.382638972819722,9.21034037197618,False,0,372,374.8060773251879,369.95512840632364,379.6570262440522,False,0,2,372.0,0.0,0.0,0.0,False
2026-06-16 07:30:00,25.8,25.63672911223401,25.393683362695473,25.87977486177255,False,0,2,25.8,53.47,53.50205627961368,52.01539343297447,54.988719126252896,False,0,2,53.47,2.9943387990584354,9.21034037197618,False,0,373,371.6438552185402,366.7929062996759,376.49480413740446,False,0,2,373.0,0.0,0.0,0.0,False
2026-06-16 07:35:00,26.05,25.96298229890857,25.719936549370033,26.20602804844711,False,0,2,26.05,53.27,52.438582030562266,50.95191918392305,53.92524487720148,False,0,2,53.27,3.0359938024036524,9.21034037197618,False,0,373,372.68121591101266,367.8302669921484,377.53216482987693,False,0,2,373.0,0.0,0.0,0.0,False
2026-06-16 07:40:00,26.3,26.212456357809494,25.969410608270955,26.455502107348032,False,0,2,26.3,52.4,52.27126095688534,50.78459811024613,53.757923803524555,False,0,2,52.4,0.9284738840184882,9.21034037197618,False,0,371,372.56710378451635,367.7161548656521,377.4180527033806,False,0,2,371.0,0.0,0.0,0.0,False
2026-06-16 07:45:00,26.5,26.47994800368811,26.236902254149573,26.72299375322665,False,0,2,26.5,51.75,51.54930292610767,50.06264007946846,53.035965772746884,False,0,2,51.75,0.17222378952982748,9.21034037197618,False,0,369,370.75315953218507,365.9022106133208,375.60410845104934,False,0,2,369.0,0.0,0.0,0.0,False
2026-06-16 07:50:00,26.8,26.674546204014035,26.431500454475497,26.917591953552574,False,0,2,26.8,51.3,51.02712789301055,49.54046504637134,52.513790739649764,False,0,2,51.3,2.0444706363994407,9.21034037197618,False,0,371,368.93299549840964,364.08204657954536,373.7839444172739,False,0,2,371.0,0.0,0.0,0.0,False
2026-06-16 07:55:00,27.03,26.923701081642697,26.68065533210416,27.166746831181236,False,0,2,27.03,50.35,50.68094517353661,49.194282326897394,52.16760802017582,False,0,2,50.35,1.5490666512509113,9.21034037197618,False,0,368,370.73164675996105,365.8806978410968,375.5825956788253,False,0,2,368.0,0.0,0.0,0.0,False
2026-06-16 08:00:00,27.3,27.162171761812917,26.91912601227438,27.405217511351456,False,0,2,27.3,49.9,49.76177495215381,48.275112105514594,51.24843779879302,False,0,2,49.9,2.2223671851898166,9.21034037197618,False,0,367,367.91633217142476,363.0653832525605,372.76728109028903,False,0,2,367.0,0.0,0.0,0.0,False
2026-06-16 08:05:00,27.5,27.447764618777544,27.204718869239006,27.690810368316082,False,0,2,27.5,49.2,49.37735104987884,47.89068820323963,50.86401389651805,False,0,2,49.2,0.3879881252451356,9.21034037197618,False,0,367,366.87677001350835,362.0258210946441,371.7277189323726,False,0,2,367.0,0.0,0.0,0.0,False
2026-06-16 08:10:00,27.7,27.692507280480818,27.44946153094228,27.935553030019356,False,0,2,27.7,48.95,48.62498275097271,47.1383199043335,50.111645597611925,False,0,2,48.95,0.32749470775293843,9.21034037197618,False,0,365,366.9778822424758,362.1269333236115,371.8288311613401,False,0,2,365.0,0.0,0.0,0.0,False
2026-06-16 08:15:00,27.93,27.87644913025938,27.633403380720843,28.11949487979792,False,0,2,27.93,48.23,48.4346452744678,46.947982427828585,49.92130812110701,False,0,2,48.23,0.43251556376928635,9.21034037197618,False,0,366,365.05249571448564,360.20154679562137,369.9034446333499,False,0,2,366.0,0.0,0.0,0.0,False
2026-06-16 08:20:00,28.2,28.12095464825792,27.877908898719383,28.36400039779646,False,0,2,28.2,48.0,47.83586563256597,46.34920278592676,49.32252847920518,False,0,2,48.0,0.8028669958142607,9.21034037197618,False,0,367,366.11429626452303,361.26334734565876,370.9652451833873,False,0,2,367.0,0.0,0.0,0.0,False
2026-06-16 08:25:00,28.5,28.319919177629263,28.076873428090725,28.5629649271678,False,0,2,28.5,47.38,47.545427093199635,46.05876424656042,49.03208993983885,False,0,2,47.38,3.686951592555782,9.21034037197618,False,0,367,366.9928843050285,362.1419353861642,371.8438332238928,False,0,2,367.0,0.0,0.0,0.0,False
2026-06-16 08:30:00,28.7,28.6338236205871,28.390777871048563,28.87686937012564,False,0,2,28.7,46.93,46.884492069719215,45.39782922308,48.37115491635843,False,0,2,46.93,0.5032910974545809,9.21034037197618,False,0,365,367.00844512697745,362.1574962081132,371.8593940458417,False,0,2,365.0,0.0,0.0,0.0,False
2026-06-16 08:35:00,28.9,28.808830100819794,28.565784351281255,29.051875850358332,False,0,2,28.9,46.3,46.54137515284779,45.05471230620858,48.028037999487005,False,0,2,46.3,1.0780954556905138,9.21034037197618,False,0,364,365.01394228840905,360.1629933695448,369.86489120727333,False,0,2,364.0,0.0,0.0,0.0,False
2026-06-16 08:40:00,29.1,29.04657794871744,28.803532199178903,29.28962369825598,False,0,2,29.1,45.9,45.99314883110994,44.50648598447073,47.479811677749154,False,0,2,45.9,0.33987576146065984,9.21034037197618,False,0,365,364.114909471805,359.2639605529407,368.96585839066927,False,0,2,365.0,0.0,0.0,0.0,False
2026-06-16 08:45:00,29.3,29.277486717515114,29.034440967976575,29.520532467053652,False,0,2,29.3,45.53,45.75343418776112,44.26677134112191,47.240097034400335,False,0,2,45.53,0.19977298553665745,9.21034037197618,False,0,363,365.0986564947418,360.24770757587754,369.9496054136061,False,0,2,363.0,0.0,0.0,0.0,False
2026-06-16 08:50:00,29.4,29.5044449735451,29.261399224006563,29.74749072308364,False,0,2,29.4,44.92,45.16520341331666,43.67854056667745,46.651866259955874,False,0,2,44.92,1.445416304328359,9.21034037197618,False,0,364,363.02441357969417,358.1734646608299,367.87536249855845,False,0,2,364.0,0.0,0.0,0.0,False
2026-06-16 08:55:00,29.6,29.600689917948188,29.35764416840965,29.843735667486726,False,0,2,29.6,44.8,44.535628394263384,43.04896554762417,46.0222912409026,False,0,2,44.8,0.20993479857564193,9.21034037197618,False,0,365,364.16048448904326,359.309535570179,369.01143340790753,False,0,2,365.0,0.0,0.0,0.0,False
2026-06-16 09:00:00,29.85,29.879655818999765,29.636610069461227,30.122701568538304,False,0,2,29.85,44.55,44.356382832311596,42.86971998567238,45.84304567895081,False,0,2,44.55,0.20326247925654728,9.21034037197618,False,0,363,365.11982913589077,360.2688802170265,369.97077805475504,False,0,2,363.0,0.0,0.0,0.0,False
2026-06-16 09:05:00,30.1,30.01583081164873,29.77278506211019,30.258876561187268,False,0,2,30.1,44.25,44.400970227903244,42.91430738126403,45.88763307454246,False,0,2,44.25,0.8469452838474132,9.21034037197618,False,0,361,363.2305548828777,358.3796059640134,368.081503801742,False,0,2,361.0,0.0,0.0,0.0,False
2026-06-16 09:10:00,30.4,30.292705932296702,30.049660182758164,30.53575168183524,False,0,2,30.4,43.65,43.98551165983769,42.49884881319848,45.472174506476904,False,0,2,43.65,1.5809321395984255,9.21034037197618,False,0,365,361.2974614936869,356.44651257482263,366.1484104125512,False,0,2,365.0,0.0,0.0,0.0,False
2026-06-16 09:15:00,30.6,30.605494120519204,30.362448370980665,30.848539870057742,False,0,2,30.6,43.35,43.31978668407936,41.83312383744015,44.806449530718574,False,0,2,43.35,0.005897887417287127,9.21034037197618,False,0,362,365.1098222129212,360.2588732940569,369.96077113178546,False,0,2,362.0,0.0,0.0,0.0,False
2026-06-16 09:20:00,30.8,30.786611151567197,30.54356540202866,31.029656901105735,False,0,2,30.8,42.95,43.086782521322974,41.60011967468376,44.57344536796219,False,0,2,42.95,0.07374458935477876,9.21034037197618,False,0,365,362.1833333002498,357.3323843813855,367.03428221911406,False,0,2,365.0,0.0,0.0,0.0,False
2026-06-16 09:25:00,31.0,30.98460309955431,30.74155735001577,31.227648849092848,False,0,2,31.0,42.72,42.621369401131986,41.13470655449277,44.1080322477712,False,0,2,42.72,0.05813800777886774,9.21034037197618,False,0,366,365.1609049826813,360.309956063817,370.0118539015456,False,0,2,366.0,0.0,0.0,0.0,False
2026-06-16 09:30:00,31.3,31.232009772867443,30.988964023328904,31.47505552240598,False,0,2,31.3,42.2,42.3852771626373,40.89861431599809,43.871940009276514,False,0,2,42.2,0.6048455428218645,9.21034037197618,False,0,367,366.18181119392534,361.33086227506107,371.0327601127896,False,0,2,367.0,0.0,0.0,0.0,False
2026-06-16 09:35:00,31.62,31.46278324147992,31.21973749194138,31.705828991018457,False,0,2,31.62,41.82,42.0263197970567,40.53965695041749,43.51298264369591,False,0,2,41.82,2.8612088739884083,9.21034037197618,False,0,370,367.13106724895096,362.2801183300867,371.98201616781523,False,0,2,370.0,0.0,0.0,0.0,False
2026-06-16 09:40:00,31.9,31.770144502856954,31.527098753318416,32.013190252395496,False,0,2,31.9,41.05,41.44095139775407,39.95428855111486,42.92761424439328,False,0,2,41.05,2.2823575608434297,9.21034037197618,False,0,365,369.80919334386283,364.95824442499855,374.6601422627271,True,1,2,365.0675953379122,0.0,0.0,0.06759533791222339,True
2026-06-16 09:45:00,32.0,32.02189730039316,31.77885155085462,32.264943049931695,False,0,2,32.0,40.3,40.983464539817916,39.4968016931787,42.47012738645713,False,0,2,40.3,1.4803304208085517,9.21034037197618,False,0,363,365.0203858769358,360.1694369580715,369.87133479580007,False,0,2,363.0,0.0,0.0,0.0,False
2026-06-16 09:50:00,32.1,32.170568162509596,31.927522412971058,32.413613912048135,False,0,2,32.1,39.78,40.30580099605009,38.819138149410875,41.7924638426893,False,0,2,39.78,1.4457103389657604,9.21034037197618,False,0,363,363.1523272374379,358.3013783185736,368.00327615630215,False,0,2,363.0,0.0,0.0,0.0,False
2026-06-16 09:55:00,32.2,32.20615146293537,31.96310571339683,32.449197212473905,False,0,2,32.2,40.02,39.948727033139406,38.46206418650019,41.43538987977862,False,0,2,40.02,0.018889981024535308,9.21034037197618,False,0,363,363.32279884882433,358.47184992996006,368.1737477676886,False,0,2,363.0,0.0,0.0,0.0,False
2026-06-16 10:00:00,32.4,32.4,32.14270624672421,32.65729375327579,False,0,3,32.4,39.83,39.83,38.33393555117244,41.32606444882756,False,0,3,39.83,0.0,9.21034037197618,False,0,364,,,,False,0,2,364.0,0.0,0.0,0.0,False
2026-06-16 10:05:00,32.63,32.572951785562665,32.315658032286876,32.830245538838454,False,0,3,32.63,39.05,39.67777698833638,38.18171253950882,41.173841437163944,False,0,3,39.05,1.4032325752755554,9.21034037197618,False,0,363,364.1368306448753,359.0061727590304,369.26748853072024,False,0,3,363.0,0.0,0.0,0.0,False
2026-06-16 10:10:00,32.9,32.83642283691425,32.57912908363846,33.09371659019004,False,0,3,32.9,38.9,38.91230718978885,37.41624274096129,40.40837163861641,False,0,3,38.9,0.4060593889822891,9.21034037197618,False,0,361,363.30888824358993,358.178230357745,368.43954612943486,False,0,3,361.0,0.0,0.0,0.0,False
2026-06-16 10:15:00,33.2,33.17202755374203,32.914733800466244,33.42932130701782,False,0,3,33.2,38.75,38.67413404653331,37.17806959770575,40.17019849536087,False,0,3,38.75,0.10211733173315204,9.21034037197618,False,0,360,361.40091453540174,356.2702566495568,366.53157242124666,False,0,3,360.0,0.0,0.0,0.0,False
2026-06-16 10:20:00,33.4,33.41297771570888,33.15568396243309,33.670271468984666,False,0,3,33.4,38.08,38.39566869795779,36.89960424913023,39.89173314678535,False,0,3,38.08,0.325930222320701,9.21034037197618,False,0,361,360.2592893211458,355.12863143530086,365.3899472069907,False,0,3,361.0,0.0,0.0,0.0,False
2026-06-16 10:25:00,33.6,33.59172965585074,33.33443590257495,33.84902340912653,False,0,3,33.6,37.5,37.72843414539774,36.23236969657018,39.2244985942253,False,0,3,37.5,0.15728271412986822,9.21034037197618,False,0,361,361.3062236378855,356.1755657520406,366.43688152373045,False,0,3,361.0,0.0,0.0,0.0,False
2026-06-16 10:30:00,33.83,33.76040174098538,33.50310798770959,34.01769549426117,False,0,3,33.83,36.8,37.233042814647604,35.73697836582004,38.729107263475164,False,0,3,36.8,0.9631674956723563,9.21034037197618,False,0,359,361.24437718049694,356.113719294652,366.37503506634187,False,0,3,359.0,0.0,0.0,0.0,False
2026-06-16 10:35:00,33.9,33.940576448645714,33.683282695369925,34.1978702019215,False,0,3,33.9,36.13,36.783652505049645,35.287588056222084,38.279716953877205,False,0,3,36.13,1.5160779774984527,9.21034037197618,False,0,359,359.1632317860493,354.0325739002044,364.29388967189425,False,0,3,359.0,0.0,0.0,0.0,False
2026-06-16 10:40:00,34.0,34.04261016140914,33.78531640813335,34.299903914684926,False,0,3,34.0,35.75,36.13995836764147,34.64389391881391,37.63602281646903,False,0,3,35.75,0.683930690243821,9.21034037197618,False,0,360,359.3027670996905,354.1721092138456,364.43342498553545,False,0,3,360.0,0.0,0.0,0.0,False
2026-06-16 10:45:00,34.2,34.230594796830715,33.973301043554926,34.487888550106504,False,0,3,34.2,35.7,35.34251384898736,33.8464494001598,36.83857829781492,False,0,3,35.7,0.4449011669637349,9.21034037197618,False,0,361,360.40772458861903,355.2770667027741,365.53838247446396,False,0,3,361.0,0.0,0.0,0.0,False
2026-06-16 10:50:00,34.4,34.424696990779864,34.167403237504075,34.68199074405565,False,0,3,34.4,35.38,35.43388738780907,33.93782293898151,36.92995183663663,False,0,3,35.38,0.07396536625834133,9.21034037197618,False,0,362,361.3561846474849,356.22552676163997,366.4868425333298,False,0,3,362.0,0.0,0.0,0.0,False
2026-06-16 10:55:00,34.5,34.627047873740274,34.369754120464485,34.88434162701606,False,0,3,34.5,34.4,35.18278235251136,33.6867179036838,36.67884680133892,False,0,3,34.4,3.7380942249847866,9.21034037197618,False,0,363,362.1435588302491,357.0129009444042,367.27421671609403,False,0,3,363.0,0.0,0.0,0.0,False
2026-06-16 11:00:00,34.7,34.763288109142785,34.505994355866996,35.020581862418574,False,0,3,34.7,34.55,34.16018636896879,32.66412192014123,35.65625081779635,False,0,3,34.55,0.787865749681324,9.21034037197618,False,0,363,363.3715270816347,358.2408691957898,368.50218496747965,False,0,3,363.0,0.0,0.0,0.0,False
2026-06-16 11:05:00,35.0,35.027590500441676,34.77029674716589,35.284884253717465,False,0,3,35.0,34.12,33.94211742620747,32.44605297737991,35.43818187503503,False,0,3,34.12,0.1573615848628151,9.21034037197618,False,0,365,363.3988023290124,358.2681444431675,368.52946021485735,False,0,3,365.0,0.0,0.0,0.0,False
2026-06-16 11:10:00,35.4,35.300278155921234,35.042984402645445,35.55757190919702,False,0,3,35.4,33.5,33.52918414155008,32.03311969272252,35.02524859037764,False,0,3,33.5,0.9976511023409816,9.21034037197618,False,0,364,365.32553549072264,360.1948776048777,370.45619337656757,False,0,3,364.0,0.0,0.0,0.0,False
2026-06-16 11:15:00,35.7,35.64155943889895,35.38426568562316,35.89885319217474,False,0,3,35.7,32.77,33.11305529784809,31.616990849020528,34.60911974667565,False,0,3,32.77,0.6391300470191043,9.21034037197618,False,0,363,364.2032785270314,359.07262064118646,369.3339364128763,False,0,3,363.0,0.0,0.0,0.0,False
2026-06-16 11:20:00,35.9,35.997421654164455,35.740127900888666,36.254715407440244,False,0,3,35.9,31.45,32.33611234735479,30.840047898527228,33.83217679618235,False,0,3,31.45,3.544656872906409,9.21034037197618,False,0,362,363.1765199024425,358.0458620165976,368.30717778828745,False,0,3,362.0,0.0,0.0,0.0,False
2026-06-16 11:25:00,36.3,36.17543755982629,35.9181438065505,36.43273131310208,False,0,3,36.3,31.87,31.330275491268736,29.834211042441172,32.8263399400963,False,0,3,31.87,2.624707493461062,9.21034037197618,False,0,361,362.5557806828941,357.4251227970492,367.68643856873905,False,0,3,361.0,0.0,0.0,0.0,False
2026-06-16 11:30:00,36.55,36.53991086062309,36.2826171073473,36.79720461389888,False,0,3,36.55,31.5,31.793039869945524,30.29697542111796,33.289104318773084,False,0,3,31.5,0.2581730179591644,9.21034037197618,False,0,362,361.38262182433704,356.2519639384921,366.51327971018196,False,0,3,362.0,0.0,0.0,0.0,False
2026-06-16 11:35:00,36.9,36.793065857301116,36.53577210402533,37.050359610576905,False,0,3,36.9,31.9,31.470812351826986,29.97474790299942,32.966876800654546,False,0,3,31.9,1.8330820369762608,9.21034037197618,False,0,362,362.5142563967877,357.38359851094276,367.6449142826326,False,0,3,362.0,0.0,0.0,0.0,False
2026-06-16 11:40:00,37.1,37.15345551072554,36.896161757449754,37.41074926400133,False,0,3,37.1,31.5,31.634531418244094,30.13846696941653,33.130595867071655,False,0,3,31.5,0.36263300132448656,9.21034037197618,False,0,363,362.34843867457664,357.2177807887317,367.47909656042157,False,0,3,363.0,0.0,0.0,0.0,False
2026-06-16 11:45:00,37.5,37.39775382381852,37.14046007054273,37.65504757709431,False,0,3,37.5,31.07,31.234789011228884,29.73872456240132,32.730853460056444,False,0,3,31.07,1.0881989329719401,9.21034037197618,False,0,364,363.4402631968308,358.3096053109859,368.57092108267574,False,0,3,364.0,0.0,0.0,0.0,False
2026-06-16 11:50:00,37.9,37.68033676951109,37.4230430162353,37.937630522786876,False,0,3,37.9,30.82,31.029650861466408,29.533586412638844,32.52571531029397,False,0,3,30.82,4.8693572372006395,9.21034037197618,False,0,361,364.3937321469962,359.26307426115125,369.5243900328411,False,0,3,361.0,0.0,0.0,0.0,False
2026-06-16 11:55:00,38.2,38.02907527499806,37.77178152172227,38.286369028273846,False,0,3,38.2,30.72,30.910815607496126,29.41475115866856,32.406880056323686,False,0,3,30.72,2.964135293355772,9.21034037197618,False,0,363,361.3064821333363,356.1758242474914,366.43714001918124,False,0,3,363.0,0.0,0.0,0.0,False
2026-06-16 12:00:00,38.47,38.28442000132566,38.02712624804987,38.541713754601446,False,0,3,38.47,30.22,30.785831609337585,29.28976716051002,32.281896058165145,False,0,3,30.22,4.1334896708202535,9.21034037197618,False,0,364,363.22188591590157,358.09122803005664,368.3525438017465,False,0,3,364.0,0.0,0.0,0.0,False
2026-06-16 12:05:00,38.7,38.64511935046082,38.38782559718503,38.902413103736606,False,0,3,38.7,30.45,30.258200839095036,28.76213639026747,31.7542652879226,False,0,3,30.45,0.4434014608809587,9.21034037197618,False,0,365,364.35576609594654,359.2251082101016,369.48642398179146,False,0,3,365.0,0.0,0.0,0.0,False
2026-06-16 12:10:00,38.9,38.96448223567231,38.70718848239652,39.221775988948096,False,0,3,38.9,29.4,30.42797682044579,28.931912371618225,31.924041269273353,False,0,3,29.4,3.76028471517927,9.21034037197618,False,0,365,365.1253559676857,359.9946980818408,370.25601385353065,False,0,3,365.0,0.0,0.0,0.0,False
2026-06-16 12:15:00,39.1,39.155566790384505,38.898273037108716,39.412860543660294,False,0,3,39.1,29.73,29.476997204669633,27.98093275584207,30.973061653497197,False,0,3,29.73,0.4628196523657001,9.21034037197618,False,0,365,365.3801486093572,360.2494907235123,370.51080649520213,False,0,3,365.0,0.0,0.0,0.0,False
2026-06-16 12:20:00,39.37,39.34976292195242,39.09246916867663,39.60705667522821,False,0,3,39.37,29.38,29.7445045407088,28.248440091881236,31.240568989536364,False,0,3,29.38,0.4169629939524009,9.21034037197618,False,0,363,365.3154873912383,360.1848295053934,370.44614527708325,False,0,3,363.0,0.0,0.0,0.0,False
2026-06-16 12:25:00,39.6,39.61659667381478,39.359302920538994,39.87389042709057,False,0,3,39.6,29.55,29.21154075620223,27.715476307374665,30.707605205029793,False,0,3,29.55,0.3537683348200637,9.21034037197618,False,0,367,363.47810991420084,358.3474520283559,368.60876780004577,False,0,3,367.0,0.0,0.0,0.0,False
2026-06-16 12:30:00,39.8,39.86062656372304,39.60333281044725,40.11792031699883,False,0,3,39.8,28.53,29.393483043053767,27.897418594226203,30.88954749188133,False,0,3,28.53,2.7437647949406427,9.21034037197618,False,0,364,367.05815096243646,361.92749307659153,372.1888088482814,False,0,3,364.0,0.0,0.0,0.0,False
2026-06-16 12:35:00,40.1,40.04204888684132,39.78475513356553,40.29934264011711,False,0,3,40.1,29.3,28.39558976710527,26.899525318277707,29.891654215932835,False,0,3,29.3,2.927849060930247,9.21034037197618,False,0,366,364.5861609886202,359.45550310277525,369.7168188744651,False,0,3,366.0,0.0,0.0,0.0,False
2026-06-16 12:40:00,40.2,40.338487251144805,40.081193497869016,40.595781004420594,False,0,3,40.2,28.35,29.155569367844674,27.65950491901711,30.651633816672238,False,0,3,28.35,4.186792079754786,9.21034037197618,False,0,367,366.10489861431563,360.9742407284707,371.23555650016056,False,0,3,367.0,0.0,0.0,0.0,False
2026-06-16 12:45:00,40.3,40.433083686667025,40.175789933391236,40.690377439942814,False,0,3,40.3,29.05,28.182770418490335,26.68670596966277,29.6788348673179,False,0,3,29.05,3.7051885283007735,9.21034037197618,False,0,367,367.3453991324856,362.2147412466407,372.47605701833055,False,0,3,367.0,0.0,0.0,0.0,False
2026-06-16 12:50:00,40.35,40.51354376693289,40.2562500136571,40.77083752020868,False,0,3,40.35,28.75,28.788119648210987,27.292055199383423,30.28418409703855,False,0,3,28.75,2.720514175760731,9.21034037197618,False,0,367,367.1547817531366,362.0241238672917,372.28543963898153,False,0,3,367.0,0.0,0.0,0.0,False
2026-06-16 12:55:00,40.4,40.56152552118043,40.30423176790464,40.81881927445622,False,0,3,40.4,28.85,28.621823873681706,27.12575942485414,30.11788832250927,False,0,3,28.85,2.683594985340104,9.21034037197618,False,0,365,367.20980284143343,362.0791449555885,372.34046072727836,False,0,3,365.0,0.0,0.0,0.0,False
2026-06-16 13:00:00,40.4,40.6193838201294,40.36209006685361,40.87667757340519,False,0,3,40.4,27.5,28.713047175032322,27.21698272620476,30.209111623859886,False,0,3,27.5,9.999053523787818,9.21034037197618,True,3,368,365.02760205992024,359.8969441740753,370.15825994576517,False,0,3,368.0,0.0,0.0,0.0,True
2026-06-16 13:05:00,40.3,40.58391989398168,40.32662614070589,40.84121364725747,True,2,3,40.32662614070589,28.73,27.557319253108577,26.061254804281013,29.05338370193614,False,0,3,28.73,10.005969765859415,9.21034037197618,True,2,370,368.32738071421164,363.1967228283667,373.45803860005657,False,0,3,370.0,0.02662614070589342,0.0,0.0,True
2026-06-16 13:10:00,40.3,40.5410737668774,40.283780013601614,40.79836752015319,False,0,3,40.3,28.55,28.402906367303487,26.906841918475923,29.89897081613105,False,0,3,28.55,5.827968990056992,9.21034037197618,False,0,368,369.98585266093977,364.85519477509484,375.1165105467847,False,0,3,368.0,0.0,0.0,0.0,False
2026-06-16 13:15:00,40.3,40.4985003896889,40.24120663641311,40.75579414296469,False,0,3,40.3,28.48,28.254261554056026,26.75819710522846,29.75032600288359,False,0,3,28.48,4.000910176229719,9.21034037197618,False,0,367,368.10224190511326,362.97158401926833,373.2328997909582,False,0,3,367.0,0.0,0.0,0.0,False
2026-06-16 13:20:00,40.4,40.495481845968094,40.238188092692305,40.75277559924388,False,0,3,40.4,29.05,28.35881480474645,26.862750355918887,29.854879253574016,False,0,3,29.05,2.1589916200593757,9.21034037197618,False,0,364,367.2755046997929,362.144846813948,372.40616258563784,False,0,3,364.0,0.0,0.0,0.0,False
2026-06-16 13:25:00,40.35,40.61595584582809,40.3586620925523,40.87324959910388,True,1,3,40.3586620925523,28.1,28.66149869959805,27.165434250770485,30.157563148425613,False,0,3,28.1,8.499282782262375,9.21034037197618,False,0,366,364.0786677911282,358.9480099052833,369.20932567697315,False,0,3,366.0,0.008662092552299328,0.0,0.0,True
2026-06-16 13:30:00,40.37,40.54090680470912,40.28361305143333,40.798200557984906,False,0,3,40.37,27.0,27.66936727913957,26.173302830312007,29.165431727967135,False,0,3,27.0,4.60733242561571,9.21034037197618,False,0,364,366.09055891917905,360.9599010333341,371.22121680502397,False,0,3,364.0,0.0,0.0,0.0,False
2026-06-16 13:35:00,40.5,40.604228489303345,40.346934736027556,40.861522242579134,False,0,3,40.5,28.4,26.782336358296668,25.286271909469104,28.278400807124232,True,2,3,28.153730591288546,6.304554842836521,9.21034037197618,False,0,365,364.40662075241096,359.27596286656603,369.5372786382559,False,0,3,365.0,0.0,-0.2462694087114521,0.0,True
2026-06-16 13:40:00,40.6,40.71259489304978,40.455301139773994,40.96988864632557,False,0,3,40.6,27.1,27.733996156596998,26.237931707769434,29.230060605424562,False,0,3,27.1,2.6802862517327783,9.21034037197618,False,0,368,365.03905337367735,359.9083954878324,370.1697112595223,False,0,3,368.0,0.0,0.0,0.0,False
2026-06-16 13:45:00,40.6,40.781792521829814,40.524498768554025,41.0390862751056,False,0,3,40.6,27.58,26.88519829038753,25.389133841559968,28.381262739215096,False,0,3,27.58,4.418087788176393,9.21034037197618,False,0,367,368.1852394986873,363.05458161284236,373.3158973845322,False,0,3,367.0,0.0,0.0,0.0,False
2026-06-16 13:50:00,40.7,40.77811676926126,40.52082301598547,41.03541052253705,False,0,3,40.7,27.9,27.274383762125083,25.77831931329752,28.770448210952647,False,0,3,27.9,1.6455731437169554,9.21034037197618,False,0,367,367.26229669047115,362.1316388046262,372.3929545763161,False,0,3,367.0,0.0,0.0,0.0,False
2026-06-16 13:55:00,40.7,40.86904594945132,40.61175219617553,41.12633970272711,False,0,3,40.7,26.7,27.22229971580812,25.726235266980556,28.718364164635684,False,0,3,26.7,3.9467476723421635,9.21034037197618,False,0,369,367.00909752173766,361.87843963589273,372.1397554075826,False,0,3,369.0,0.0,0.0,0.0,False
2026-06-16 14:00:00,40.8,40.89575198715865,40.63845823388286,41.153045740434436,False,0,3,40.8,27.05,26.361768050516982,24.865703601689418,27.857832499344546,False,0,3,27.05,2.1523184904100936,9.21034037197618,False,0,370,369.1946418153727,364.06398392952775,374.3252997012176,False,0,3,370.0,0.0,0.0,0.0,False
2026-06-16 14:05:00,40.7,40.5199716220009,40.26267786872511,40.77726537527669,False,0,3,40.7,26.25,27.309587410951213,25.81352296212365,28.805651859778777,False,0,3,26.25,6.081377916034996,9.21034037197618,False,0,368,369.44762569179437,364.31696780594945,374.5782835776393,False,0,3,368.0,0.0,0.0,0.0,False
2026-06-16 14:10:00,40.7,40.81637066610761,40.55907691283182,41.0736644193834,False,0,3,40.7,26.4,26.11108808874035,24.615023639912785,27.607152537567913,False,0,3,26.4,1.520405025999433,9.21034037197618,False,0,367,368.1467582450851,363.01610035924017,373.27741613093,False,0,3,367.0,0.0,0.0,0.0,False
2026-06-16 14:15:00,40.8,40.85548047497059,40.5981867216948,41.11277422824638,False,0,3,40.8,26.78,26.11615233145274,24.620087882625175,27.612216780280303,False,0,3,26.78,1.5215910097260799,9.21034037197618,False,0,367,367.21613314910644,362.0854752632615,372.34679103495137,False,0,3,367.0,0.0,0.0,0.0,False
2026-06-16 14:20:00,40.9,40.94092448201091,40.68363072873512,41.198218235286696,False,0,3,40.9,26.9,26.300912678122874,24.80484822929531,27.796977126950438,False,0,3,26.9,1.1707335832253625,9.21034037197618,False,0,366,367.25000392610207,362.11934604025714,372.380661811947,False,0,3,366.0,0.0,0.0,0.0,False
2026-06-16 14:25:00,41.0,41.00657846340173,40.74928471012594,41.26387221667752,False,0,3,41.0,27.18,26.48904467512835,24.992980226300787,27.985109123955915,False,0,3,27.18,1.4162187692538397,9.21034037197618,False,0,369,366.2248641366633,361.0942062508184,371.35552202250824,False,0,3,369.0,0.0,0.0,0.0,False
2026-06-16 14:30:00,41.2,40.984438617461194,40.727144864185405,41.24173237073698,True,1,3,41.19299501186982,27.18,26.938986334442475,25.44292188561491,28.43505078327004,False,0,3,27.18,4.7038261268594646,9.21034037197618,False,0,369,369.0007795950746,363.8701217092297,374.13143748091954,False,0,3,369.0,-0.007004988130184131,0.0,0.0,True
2026-06-16 14:35:00,41.4,41.316499611357365,41.059205858081576,41.573793364633154,False,0,3,41.4,27.4,27.02691982136941,25.530855372541847,28.522984270196975,False,0,3,27.4,1.2068502803031373,9.21034037197618,False,0,371,369.0264637061068,363.8958058202619,374.15712159195175,False,0,3,371.0,0.0,0.0,0.0,False
2026-06-16 14:40:00,41.3,41.56815747082539,41.3108637175496,41.82545122410118,True,2,3,41.31808340044823,25.83,27.02269210792605,25.526627659098487,28.518756556753615,False,0,3,25.83,11.397389186228235,9.21034037197618,True,3,369,370.7465386083831,365.6158807225382,375.87719649422803,False,0,3,369.0,0.018083400448233533,0.0,0.0,True
2026-06-16 14:45:00,41.4,41.4484061759693,41.191112422693514,41.70569992924509,False,0,3,41.4,26.2,25.66288869369557,24.166824244868007,27.158953142523135,False,0,3,26.2,1.0238414608666997,9.21034037197618,False,0,370,369.09921987622675,363.96856199038183,374.2298777620717,False,0,3,370.0,0.0,0.0,0.0,False
2026-06-16 14:50:00,41.43,41.520498914710956,41.26320516143517,41.777792667986745,False,0,3,41.43,25.63,25.869835377983698,24.373770929156134,27.365899826811262,False,0,3,25.63,1.0593074504459237,9.21034037197618,False,0,370,369.92417760174334,364.7935197158984,375.05483548758826,False,0,3,370.0,0.0,0.0,0.0,False
2026-06-16 14:55:00,41.5,41.53560767070602,41.27831391743023,41.79290142398181,False,0,3,41.5,25.88,25.201949150103314,23.70588470127575,26.698013598930878,False,0,3,25.88,1.4316793774932484,9.21034037197618,False,0,370,370.11622340477004,364.9855655189251,375.24688129061497,False,0,3,370.0,0.0,0.0,0.0,False
2026-06-16 15:00:00,41.5,41.5,41.25667528996935,41.74332471003065,False,0,4,41.5,25.08,25.08,23.612908974127368,26.54709102587263,False,0,4,25.08,0.0,9.21034037197618,False,0,366,,,,False,0,3,366.0,0.0,0.0,0.0,False
2026-06-16 15:05:00,41.63,41.695560381419604,41.452235671388955,41.93888509145025,False,0,4,41.63,26.43,24.95971538364521,23.49262435777258,26.42680640951784,True,2,4,26.404616453797427,6.567263782605741,9.21034037197618,False,0,368,366.4827809102466,361.4113694374408,371.55419238305245,False,0,4,368.0,0.0,-0.02538354620257266,0.0,True
2026-06-16 15:10:00,41.8,41.8175200090341,41.57419529900345,42.06084471906475,False,0,4,41.8,26.98,26.075016409892505,24.607925384019875,27.542107435765136,False,0,4,26.98,2.525239105214606,9.21034037197618,False,0,370,368.488496765164,363.41708529235814,373.5599082379698,False,0,4,370.0,0.0,0.0,0.0,False
2026-06-16 15:15:00,42.0,42.021585753424255,41.778261043393606,42.2649104634549,False,0,4,42.0,27.08,26.598537259468152,25.131446233595522,28.065628285340782,False,0,4,27.08,0.728514754382576,9.21034037197618,False,0,371,370.2234471814338,365.152035708628,375.29485865423965,False,0,4,371.0,0.0,0.0,0.0,False
2026-06-16 15:20:00,42.0,42.206962715997264,41.963638005966615,42.45028742602791,False,0,4,42.0,24.87,26.578291614665254,25.111200588792624,28.045382640537884,True,2,4,25.111200588792624,14.546511847920751,9.21034037197618,True,2,374,370.8464158397495,365.7750043669437,375.91782731255535,False,0,4,374.0,0.0,0.24120058879262274,0.0,True
2026-06-16 15:25:00,42.1,42.18097141891836,41.93764670888771,42.42429612894901,False,0,4,42.1,25.13,24.933329419159353,23.466238393286723,26.400420445031983,False,0,4,25.13,0.7896379143172692,9.21034037197618,False,0,374,373.6834939165774,368.61208244377156,378.7549053893832,False,0,4,374.0,0.0,0.0,0.0,False
2026-06-16 15:30:00,42.2,42.26735239688035,42.0240276868497,42.510677106911,False,0,4,42.2,24.75,24.93554394341202,23.46845291753939,26.40263496928465,False,0,4,24.75,0.6876823470720247,9.21034037197618,False,0,372,373.96361179013155,368.8922003173257,379.0350232629374,False,0,4,372.0,0.0,0.0,0.0,False
2026-06-16 15:35:00,42.3,42.33715441005736,42.09382970002671,42.58047912008801,False,0,4,42.3,25.15,24.782624478592478,23.315533452719848,26.249715504465108,False,0,4,25.15,0.5127580631274108,9.21034037197618,False,0,372,371.87025722459896,366.7988457517931,376.9416686974048,False,0,4,372.0,0.0,0.0,0.0,False
2026-06-16 15:40:00,42.4,42.37833866224267,42.13501395221202,42.62166337227332,False,0,4,42.4,25.18,25.134767056594644,23.667676030722014,26.601858082467274,False,0,4,25.18,0.06481739506210249,9.21034037197618,False,0,371,371.8450060253427,366.77359455253685,376.9164174981485,False,0,4,371.0,0.0,0.0,0.0,False
2026-06-16 15:45:00,42.4,42.45960489989056,42.21628018985991,42.702929609921206,False,0,4,42.4,24.67,25.188270131099664,23.721179105227034,26.655361156972294,False,0,4,24.67,1.401906494361408,9.21034037197618,False,0,370,370.7245714441705,365.6531599713647,375.79598291697636,False,0,4,370.0,0.0,0.0,0.0,False
2026-06-16 15:50:00,42.5,42.447405296718905,42.20408058668826,42.690730006749554,False,0,4,42.5,24.72,24.74788701519632,23.28079598932369,26.21497804106895,False,0,4,24.72,0.31059678789681366,9.21034037197618,False,0,373,370.032721722947,364.96131025014114,375.1041331957528,False,0,4,373.0,0.0,0.0,0.0,False
2026-06-16 15:55:00,42.5,42.53417391394253,42.29084920391188,42.77749862397318,False,0,4,42.5,24.27,24.846309381391798,23.379218355519168,26.313400407264428,False,0,4,24.27,1.273373304503699,9.21034037197618,False,0,373,372.54664793315067,367.47523646034483,377.6180594059565,False,0,4,373.0,0.0,0.0,0.0,False
2026-06-16 16:00:00,42.5,42.52837965786779,42.28505494783714,42.77170436789844,False,0,4,42.5,24.77,24.384197051892023,22.917106026019393,25.851288077764654,False,0,4,24.77,0.5041881806730262,9.21034037197618,False,0,374,372.8906799374977,367.81926846469185,377.9620914103035,False,0,4,374.0,0.0,0.0,0.0,False
2026-06-16 16:05:00,42.9,42.50671754610867,42.26339283607802,42.75004225613932,True,2,4,42.67218210647559,23.92,24.728520608738233,23.261429582865603,26.195611634610863,False,0,4,23.92,4.505896444851491,9.21034037197618,True,2,373,373.9404380348027,368.86902656199686,379.01184950760853,False,0,4,373.0,-0.22781789352440995,0.0,0.0,True
2026-06-16 16:10:00,43.1,42.65348545741887,42.41016074738822,42.896810167449516,True,3,4,42.88865045879797,24.47,24.150901111968775,22.683810086096145,25.617992137841405,False,0,4,24.47,7.000730870899293,9.21034037197618,True,1,374,372.8218109009998,367.750399428194,377.89322237380566,False,0,4,374.0,-0.21134954120203275,0.0,0.0,True
2026-06-16 16:15:00,43.25,42.83935325178013,42.59602854174948,43.08267796181078,True,2,4,43.05132936214963,23.97,24.537181371737052,23.070090345864422,26.004272397609682,False,0,4,23.97,5.534031183092166,9.21034037197618,True,1,374,373.8589510525628,368.787539579757,378.93036252536865,False,0,4,374.0,-0.19867063785036976,0.0,0.0,True
2026-06-16 16:20:00,43.4,42.98464691391431,42.74132220388366,43.22797162394496,True,4,4,43.22797162394496,23.42,24.13539723872453,22.6683062128519,25.60248826459716,False,0,4,23.42,17.782618083561466,9.21034037197618,True,1,375,373.80172247907177,368.73031100626594,378.8731339518776,False,0,4,375.0,-0.17202837605503873,0.0,0.0,True
2026-06-16 16:25:00,43.5,43.28249436539331,43.03916965536266,43.52581907542396,False,0,4,43.5,23.57,23.64389413146462,22.17680310559199,25.11098515733725,False,0,4,23.57,5.332303956249243,9.21034037197618,False,0,376,374.95782943113414,369.8864179583283,380.02924090394,False,0,4,376.0,0.0,0.0,0.0,False
2026-06-16 16:30:00,43.57,43.39605226155314,43.15272755152249,43.639376971583786,False,0,4,43.57,24.22,23.757304557591382,22.290213531718752,25.224395583464013,False,0,4,24.22,4.523830596709025,9.21034037197618,False,0,373,375.84221136502464,370.7707998922188,380.9136228378305,False,0,4,373.0,0.0,0.0,0.0,False
2026-06-16 16:35:00,43.6,43.474625246273256,43.23130053624261,43.717949956303904,False,0,4,43.6,23.75,24.252275281549537,22.785184255676906,25.719366307422167,False,0,4,23.75,2.2700088933402465,9.21034037197618,False,0,378,372.9322740245488,367.86086255174297,378.00368549735464,True,1,4,377.35887943969766,0.0,0.0,-0.6411205603023404,True
2026-06-16 16:40:00,43.57,43.50849898248774,43.26517427245709,43.751823692518386,False,0,4,43.57,23.8,24.014034392102964,22.546943366230334,25.481125417975594,False,0,4,23.8,0.5094219095949123,9.21034037197618,False,0,376,376.89247793422044,371.8210664614146,381.9638894070263,False,0,4,376.0,0.0,0.0,0.0,False
2026-06-16 16:45:00,43.4,43.469846872105094,43.226522162074446,43.71317158213574,False,0,4,43.4,23.02,24.03191790909842,22.56482688322579,25.49900893497105,False,0,4,23.02,4.121291765425901,9.21034037197618,False,0,375,375.50913865992237,370.43772718711654,380.5805501327282,False,0,4,375.0,0.0,0.0,0.0,False
2026-06-16 16:50:00,43.4,43.304746209666604,43.061421499635955,43.54807091969725,False,0,4,43.4,23.65,23.28496425463466,21.81787322876203,24.75205528050729,False,0,4,23.65,1.626226447673464,9.21034037197618,False,0,376,374.86508816746834,369.7936766946625,379.9364996402742,False,0,4,376.0,0.0,0.0,0.0,False
2026-06-16 16:55:00,43.2,43.26630257042599,43.02297786039534,43.50962728045664,False,0,4,43.2,23.17,23.85323440205876,22.38614337618613,25.32032542793139,False,0,4,23.17,2.1917482852635723,9.21034037197618,False,0,375,375.5793734176945,370.5079619448887,380.65078489050035,False,0,4,375.0,0.0,0.0,0.0,False
2026-06-16 17:00:00,43.0,43.05777711008331,42.81445240005266,43.301101820113956,False,0,4,43.0,23.42,23.46662122503178,21.99953019915915,24.93371225090441,False,0,4,23.42,0.40095975855346744,9.21034037197618,False,0,375,374.6796291222511,369.60821764944524,379.7510405950569,False,0,4,375.0,0.0,0.0,0.0,False
2026-06-16 17:05:00,42.88,42.85555082224451,42.61222611221386,43.09887553227516,False,0,4,42.88,23.6,23.482225659087888,22.015134633215258,24.949316684960518,False,0,4,23.6,0.1260491559110543,9.21034037197618,False,0,374,374.73538017630403,369.6639687034982,379.80679164910987,False,0,4,374.0,0.0,0.0,0.0,False
2026-06-16 17:10:00,42.7,42.705857419379804,42.462532709349155,42.94918212941045,False,0,4,42.7,23.55,23.680527841283485,22.213436815410855,25.147618867156115,False,0,4,23.55,0.061175616672251305,9.21034037197618,False,0,377,373.64589535813076,368.5744838853249,378.7173068309366,False,0,4,377.0,0.0,0.0,0.0,False
2026-06-16 17:15:00,42.5,42.485096927072135,42.241772217041486,42.728421637102784,False,0,4,42.5,23.02,23.84280291624887,22.37571189037624,25.3098939421215,False,0,4,23.02,2.088036913644588,9.21034037197618,False,0,372,376.45470778655005,371.3832963137442,381.5261192593559,False,0,4,372.0,0.0,0.0,0.0,False
2026-06-16 17:20:00,41.9,42.20305521212396,41.95973050209331,42.446379922154605,True,2,4,41.98795653116864,23.67,23.43122422228405,21.96413319641142,24.89831524815668,False,0,4,23.67,5.199275695699204,9.21034037197618,True,1,374,371.72456575629667,366.65315428349084,376.7959772291025,False,0,4,374.0,0.08795653116864344,0.0,0.0,True
2026-06-16 17:25:00,41.8,41.815177544728655,41.57185283469801,42.058502254759304,False,0,4,41.8,23.55,24.019661088839342,22.552570062966712,25.486752114711972,False,0,4,23.55,0.7538243695493512,9.21034037197618,False,0,373,373.4263752155995,368.35496374279364,378.4977866884053,False,0,4,373.0,0.0,0.0,0.0,False
2026-06-16 17:30:00,41.7,41.614034314110796,41.37070960408015,41.857359024141445,False,0,4,41.7,23.37,23.85226741571105,22.38517638983842,25.31935844158368,False,0,4,23.37,1.3656662823273154,9.21034037197618,False,0,369,372.6698554855974,367.59844401279156,377.74126695840323,False,0,4,369.0,0.0,0.0,0.0,False
2026-06-16 17:35:00,41.55,41.49513809094099,41.25181338091034,41.73846280097164,False,0,4,41.55,23.3,23.734149380539282,22.267058354666652,25.201240406411912,False,0,4,23.3,0.8157656031095797,9.21034037197618,False,0,372,368.7587371000799,363.68732562727405,373.8301485728857,False,0,4,372.0,0.0,0.0,0.0,False
2026-06-16 17:40:00,41.3,41.34438944686184,41.10106473683119,41.58771415689249,False,0,4,41.3,23.62,23.68054786758499,22.21345684171236,25.14763889345762,False,0,4,23.62,0.24962424503115135,9.21034037197618,False,0,372,371.6654909988562,366.5940795260504,376.73690247166206,False,0,4,372.0,0.0,0.0,0.0,False
2026-06-16 17:45:00,41.1,41.090667963728755,40.84734325369811,41.333992673759404,False,0,4,41.1,23.72,23.915775658424565,22.448684632551934,25.382866684297195,False,0,4,23.72,0.1210604851920347,9.21034037197618,False,0,372,371.76025680438954,366.6888453315837,376.8316682771954,False,0,4,372.0,0.0,0.0,0.0,False
2026-06-16 17:50:00,41.0,40.89940667057829,40.65608196054764,41.142731380608936,False,0,4,41.0,24.27,23.950489649753447,22.483398623880817,25.417580675626077,False,0,4,24.27,1.634600452770283,9.21034037197618,False,0,375,371.8410924075719,366.7696809347661,376.91250388037776,False,0,4,375.0,0.0,0.0,0.0,False
2026-06-16 17:55:00,40.8,40.78552483513551,40.54220012510486,41.02884954516616,False,0,4,40.8,24.27,24.450753384056423,22.983662358183793,25.917844409929053,False,0,4,24.27,0.11334222944623011,9.21034037197618,False,0,370,374.56091515017744,369.4895036773716,379.63232662298327,False,0,4,370.0,0.0,0.0,0.0,False
2026-06-16 18:00:00,40.6,40.58084701722405,40.3375223071934,40.8241717272547,False,0,4,40.6,24.17,24.477737575996255,23.010646550123624,25.944828601868885,False,0,4,24.17,0.3095337738336541,9.21034037197618,False,0,372,369.5436594178124,364.4722479450066,374.61507089061826,False,0,4,372.0,0.0,0.0,0.0,False
2026-06-16 18:05:00,40.4,40.374279543818076,40.13095483378743,40.617604253848725,False,0,4,40.4,24.25,24.47229908736537,23.00520806149274,25.939390113238,False,0,4,24.25,0.20195591005170196,9.21034037197618,False,0,370,371.43937371320584,366.3679622404,376.5107851860117,False,0,4,370.0,0.0,0.0,0.0,False
2026-06-16 18:10:00,40.13,40.149943185939996,39.90661847590935,40.393267895970645,False,0,4,40.13,24.55,24.686523835937304,23.219432810064674,26.153614861809935,False,0,4,24.55,0.11741239596103424,9.21034037197618,False,0,369,369.6015130041969,364.53010153139104,374.6729244770027,False,0,4,369.0,0.0,0.0,0.0,False
2026-06-16 18:15:00,40.0,39.87484254205255,39.6315178320219,40.1181672520832,False,0,4,40.0,25.18,25.056858880938158,23.589767855065528,26.52394990681079,False,0,4,25.18,1.9108945031233262,9.21034037197618,False,0,372,368.579585137598,363.50817366479214,373.6509966104038,False,0,4,372.0,0.0,0.0,0.0,False
2026-06-16 18:20:00,39.6,39.72804636240755,39.4847216523769,39.971371072438195,False,0,4,39.6,25.8,25.79517402725414,24.32808300138151,27.26226505312677,False,0,4,25.8,1.86686451969707,9.21034037197618,False,0,369,371.5150026668346,366.4435911940288,376.58641413964045,False,0,4,369.0,0.0,0.0,0.0,False
2026-06-16 18:25:00,39.2,39.32216319825629,39.07883848822564,39.56548790828694,False,0,4,39.2,26.4,26.393976506335868,24.926885480463238,27.861067532208498,False,0,4,26.4,1.698439657742238,9.21034037197618,False,0,369,368.60857692513844,363.5371654523326,373.67998839794427,False,0,4,369.0,0.0,0.0,0.0,False
2026-06-16 18:30:00,38.8,38.92215223068906,38.67882752065841,39.16547694071971,False,0,4,38.8,27.18,26.9381319905344,25.47104096466177,28.40522301640703,False,0,4,27.18,1.7378516877492811,9.21034037197618,False,0,370,368.7068649724375,363.63545349963164,373.7782764452433,False,0,4,370.0,0.0,0.0,0.0,False
2026-06-16 18:35:00,38.5,38.51201246958931,38.26868775955866,38.75533717961996,False,0,4,38.5,27.8,27.792750993071202,26.325659967198572,29.259842018943832,False,0,4,27.8,0.016187208071673162,9.21034037197618,False,0,369,369.3449328689056,364.27352139609974,374.4163443417114,False,0,4,369.0,0.0,0.0,0.0,False
2026-06-16 18:40:00,38.1,38.1966330768991,37.95330836686845,38.439957786929746,False,0,4,38.1,28.45,28.34581930785523,26.8787282819826,29.81291033372786,False,0,4,28.45,1.0487863173701952,9.21034037197618,False,0,368,368.46821015207803,363.3967986792722,373.53962162488386,False,0,4,368.0,0.0,0.0,0.0,False
2026-06-16 18:45:00,37.78,37.79675069600266,37.55342598597201,38.04007540603331,False,0,4,37.78,29.0,29.046579849688165,27.579488823815534,30.513670875560795,False,0,4,29.0,0.04269785102937904,9.21034037197618,False,0,367,367.6293500887483,362.5579386159425,372.70076156155415,False,0,4,367.0,0.0,0.0,0.0,False
2026-06-16 18:50:00,37.3,37.47479929218032,37.23147458214967,37.71812400221097,False,0,4,37.3,29.73,29.546252620153485,28.079161594280855,31.013343646026115,False,0,4,29.73,3.4303512334426634,9.21034037197618,False,0,366,366.72970422436515,361.6582927515593,371.801115697171,False,0,4,366.0,0.0,0.0,0.0,False
2026-06-16 18:55:00,37.18,37.004716591246925,36.76139188121628,37.248041301277574,False,0,4,37.18,30.17,30.261305034995015,28.794214009122385,31.728396060867645,False,0,4,30.17,3.4502893976668165,9.21034037197618,False,0,367,365.5869694218545,360.5155579490487,370.65838089466035,False,0,4,367.0,0.0,0.0,0.0,False
2026-06-16 19:00:00,36.75,36.88431827310353,36.64099356307288,37.12764298313418,False,0,4,36.75,30.5,30.59141500603508,29.12432398016245,32.05850603190771,False,0,4,30.5,2.144998388029694,9.21034037197618,False,0,365,366.57985508676654,361.5084436139607,371.6512665595724,False,0,4,365.0,0.0,0.0,0.0,False
2026-06-16 19:05:00,36.45,36.45647554675726,36.21315083672661,36.69980025678791,False,0,4,36.45,30.82,30.93753931584178,29.47044828996915,32.40463034171441,False,0,4,30.82,0.051919941763085564,9.21034037197618,False,0,365,364.67569787057323,359.6042863977674,369.74710934337907,False,0,4,365.0,0.0,0.0,0.0,False
2026-06-16 19:10:00,36.0,36.15777732896149,35.91445261893084,36.401102038992136,False,0,4,36.0,31.72,31.27108086387367,29.80398983800104,32.738171889746305,False,0,4,31.72,3.117954762641249,9.21034037197618,False,0,364,364.7140409737276,359.64262950092177,369.78545244653344,False,0,4,364.0,0.0,0.0,0.0,False
2026-06-16 19:15:00,35.7,35.722257061265395,35.47893235123475,35.965581771296044,False,0,4,35.7,32.35,32.02677158351127,30.55968055763864,33.4938626093839,False,0,4,32.35,0.34837210209510766,9.21034037197618,False,0,363,363.787958342021,358.71654686921516,368.85936981482683,False,0,4,363.0,0.0,0.0,0.0,False
2026-06-16 19:20:00,35.4,35.417271044258925,35.173946334228276,35.660595754289574,False,0,4,35.4,32.77,32.82792775465729,31.36083672878466,34.29501878052992,False,0,4,32.77,0.04953575072508046,9.21034037197618,False,0,363,362.747719326969,357.67630785416316,367.8191307997748,False,0,4,363.0,0.0,0.0,0.0,False
2026-06-16 19:25:00,35.0,35.1266606749203,34.88333596488965,35.36998538495095,False,0,4,35.0,33.47,33.1560633837629,31.68897235789027,34.62315440963553,False,0,4,33.47,1.9404765022477504,9.21034037197618,False,0,365,362.84483704864346,357.7734255758376,367.9162485214493,False,0,4,365.0,0.0,0.0,0.0,False
2026-06-16 19:30:00,34.8,34.73888276138709,34.49555805135644,34.98220747141774,False,0,4,34.8,33.72,33.741223149008725,32.27413212313609,35.20831417488136,False,0,4,33.72,0.42093908360658777,9.21034037197618,False,0,364,364.79038049730826,359.7189690245024,369.8617919701141,False,0,4,364.0,0.0,0.0,0.0,False
2026-06-16 19:35:00,34.5,34.54539511208752,34.30207040205687,34.78871982211817,False,0,4,34.5,34.02,33.97284577388251,32.50575474800988,35.439936799755145,False,0,4,34.02,0.23131401351548259,9.21034037197618,False,0,365,363.7656926803342,358.6942812075284,368.83710415314005,False,0,4,365.0,0.0,0.0,0.0,False
2026-06-16 19:40:00,34.3,34.255575649881195,34.012250939850546,34.49890035991184,False,0,4,34.3,34.25,34.26470590167011,32.79761487579748,35.731796927542746,False,0,4,34.25,0.2224911343318994,9.21034037197618,False,0,362,364.65156754668396,359.58015607387813,369.7229790194898,False,0,4,362.0,0.0,0.0,0.0,False
2026-06-16 19:45:00,34.0,34.05654079685035,33.8132160868197,34.299865506881,False,0,4,34.0,34.4,34.51812834184635,33.051037315973716,35.98521936771898,False,0,4,34.4,0.44167800223482667,9.21034037197618,False,0,366,362.24802316525654,357.1766116924507,367.3194346380624,False,0,4,366.0,0.0,0.0,0.0,False
2026-06-16 19:50:00,33.65,33.759653667085615,33.51632895705497,34.002978377116264,False,0,4,33.65,35.03,34.80290800147349,33.335816975600856,36.269999027346124,False,0,4,35.03,1.4088557712829732,9.21034037197618,False,0,365,366.2318340508703,361.16042257806447,371.30324552367614,False,0,4,365.0,0.0,0.0,0.0,False
2026-06-16 19:55:00,33.4,33.41907425292642,33.17574954289577,33.66239896295707,False,0,4,33.4,35.1,35.379609454225076,33.91251842835244,36.84670048009771,False,0,4,35.1,0.31336177286553674,9.21034037197618,False,0,362,365.25888888762717,360.18747741482133,370.330300360433,False,0,4,362.0,0.0,0.0,0.0,False
2026-06-16 20:00:00,33.2,33.2,32.973412646197474,33.42658735380253,False,0,5,33.2,35.48,35.48,33.980441841616496,36.9795581583835,False,0,5,35.48,0.0,9.21034037197618,False,0,365,,,,False,0,4,365.0,0.0,0.0,0.0,False
2026-06-16 20:05:00,33.0,33.0237859303744,32.79719857657187,33.25037328417693,False,0,5,33.0,35.93,35.9903864105539,34.4908282521704,37.4899445689374,False,0,5,35.93,0.09353738523931988,9.21034037197618,False,0,360,365.1895880158371,360.0144507130569,370.36472531861733,True,2,5,360.4377067739322,0.0,0.0,0.4377067739321774,True
2026-06-16 20:10:00,32.77,32.83221638965956,32.60562903585703,33.058803743462086,False,0,5,32.77,35.95,36.3790744196353,34.8795162612518,37.8786325780188,False,0,5,35.95,1.2127920996708872,9.21034037197618,False,0,360,360.7552652674639,355.5801279646837,365.93040257024415,False,0,5,360.0,0.0,0.0,0.0,False
2026-06-16 20:15:00,32.5,32.60871201983708,32.38212466603455,32.83529937363961,False,0,5,32.5,36.83,36.41146071713225,34.91190255874875,37.91101887551575,False,0,5,36.83,1.8316247200434002,9.21034037197618,False,0,361,360.3113486982531,355.13621139547286,365.4864860010333,False,0,5,361.0,0.0,0.0,0.0,False
2026-06-16 20:20:00,32.3,32.34359739241666,32.11701003861413,32.57018474621919,False,0,5,32.3,37.0,37.20224217983176,35.702684021448256,38.70180033821526,False,0,5,37.0,0.42267943503436245,9.21034037197618,False,0,360,361.23773489839317,356.06259759561294,366.4128722011734,False,0,5,360.0,0.0,0.0,0.0,False
2026-06-16 20:25:00,32.0,32.159658347905896,31.933070994103367,32.386245701708425,False,0,5,32.0,37.45,37.36952984789336,35.86997168950986,38.86908800627686,False,0,5,37.45,3.307744437611298,9.21034037197618,False,0,359,360.25674545259204,355.0816081498118,365.43188275537227,False,0,5,359.0,0.0,0.0,0.0,False
2026-06-16 20:30:00,31.7,31.833785711148874,31.607198357346345,32.0603730649514,False,0,5,31.7,37.65,37.93300113030265,36.43344297191915,39.43255928868615,False,0,5,37.65,2.810814035163439,9.21034037197618,False,0,361,359.21825585306624,354.043118550286,364.39339315584647,False,0,5,361.0,0.0,0.0,0.0,False
2026-06-16 20:35:00,31.57,31.54643140007661,31.31984404627408,31.77301875387914,False,0,5,31.57,38.3,38.10575135656105,36.60619319817755,39.60530951494455,False,0,5,38.3,0.21224199485991263,9.21034037197618,False,0,362,361.3356394074003,356.1605021046201,366.51077671018055,False,0,5,362.0,0.0,0.0,0.0,False
2026-06-16 20:40:00,31.4,31.423559373339447,31.19697201953692,31.650146727141976,False,0,5,31.4,37.93,38.65940499575512,37.15984683737162,40.15896315413862,False,0,5,37.93,1.769849435344684,9.21034037197618,False,0,361,362.2139799360487,357.0388426332685,367.38911723882893,False,0,5,361.0,0.0,0.0,0.0,False
2026-06-16 20:45:00,31.3,31.26021183775305,31.033624483950522,31.48679919155558,False,0,5,31.3,38.1,38.39873211622733,36.89917395784383,39.89829027461083,False,0,5,38.1,0.4110631711548257,9.21034037197618,False,0,365,361.33894114651906,356.16380384373883,366.5140784492993,False,0,5,365.0,0.0,0.0,0.0,False
2026-06-16 20:50:00,31.2,31.164427067395632,30.937839713593103,31.39101442119816,False,0,5,31.2,38.2,38.54556980854697,37.04601165016347,40.04512796693047,False,0,5,38.2,0.45774377990716697,9.21034037197618,False,0,361,365.17492298810197,359.99978568532174,370.3500602908822,False,0,5,361.0,0.0,0.0,0.0,False
2026-06-16 20:55:00,31.0,31.07184169503862,30.845254341236092,31.29842904884115,False,0,5,31.0,38.73,38.61683364680506,37.11727548842156,40.11639180518856,False,0,5,38.73,0.67355814476652,9.21034037197618,False,0,365,361.2897561758554,356.1146188730752,366.46489347863564,False,0,5,365.0,0.0,0.0,0.0,False
2026-06-16 21:00:00,30.9,30.87500810707166,30.648420753269132,31.10159546087419,False,0,5,30.9,38.75,39.15597473903655,37.65641658065305,40.65553289742005,False,0,5,38.75,0.5218416541321855,9.21034037197618,False,0,364,365.1386867895758,359.96354948679556,370.313824092356,False,0,5,364.0,0.0,0.0,0.0,False
2026-06-16 21:05:00,30.6,30.785622132715062,30.559034778912533,31.01220948651759,False,0,5,30.6,40.0,39.14302721192018,37.64346905353668,40.64258537030368,False,0,5,40.0,5.866117306085577,9.21034037197618,False,0,365,364.10908621419577,358.93394891141554,369.284223516976,False,0,5,365.0,0.0,0.0,0.0,False
2026-06-16 21:10:00,30.5,30.489707424935713,30.263120071133184,30.71629477873824,False,0,5,30.5,39.83,40.31963831097335,38.82008015258985,41.819196469356854,False,0,5,39.83,0.7073892818876227,9.21034037197618,False,0,367,365.09528791076707,359.92015060798684,370.2704252135473,False,0,5,367.0,0.0,0.0,0.0,False
2026-06-16 21:15:00,30.4,30.390611232879607,30.164023879077078,30.617198586682136,False,0,5,30.4,40.2,40.223931474271744,38.72437331588824,41.723489632655244,False,0,5,40.2,0.012091329500300833,9.21034037197618,False,0,366,367.11010836987737,361.93497106709714,372.2852456726576,False,0,5,366.0,0.0,0.0,0.0,False
2026-06-16 21:20:00,30.3,30.276945200195982,30.050357846393453,30.50353255399851,False,0,5,30.3,40.15,40.64183004426795,39.14227188588445,42.14138820265145,False,0,5,40.15,0.7348984008560313,9.21034037197618,False,0,364,366.158174899617,360.98303759683677,371.3333122023972,False,0,5,364.0,0.0,0.0,0.0,False
2026-06-16 21:25:00,30.1,30.187656177293945,29.961068823491416,30.414243531096474,False,0,5,30.1,41.17,40.56796202054079,39.06840386215729,42.06752017892429,False,0,5,41.17,1.8097592976510104,9.21034037197618,False,0,365,364.2617398986992,359.086602595919,369.43687720147943,False,0,5,365.0,0.0,0.0,0.0,False
2026-06-16 21:30:00,30.0,29.99722138532781,29.77063403152528,30.223808739130337,False,0,5,30.0,41.55,41.50011861736314,40.00056045897964,42.99967677574664,False,0,5,41.55,0.009276628627466121,9.21034037197618,False,0,361,365.286847994229,360.11171069144876,370.4619852970092,False,0,5,361.0,0.0,0.0,0.0,False
2026-06-16 21:35:00,29.9,29.901436614970386,29.674849261167857,30.128023968772915,False,0,5,29.9,41.97,41.8283440472541,40.3287858888706,43.3279022056376,False,0,5,41.97,0.059525871031401285,9.21034037197618,False,0,363,361.4491748941887,356.27403759140844,366.6243121969689,False,0,5,363.0,0.0,0.0,0.0,False
2026-06-16 21:40:00,29.77,29.806786593361664,29.580199239559136,30.033373947164193,False,0,5,29.77,41.92,42.24224996530126,40.74269180691776,43.74180812368476,False,0,5,41.92,0.5568397508236678,9.21034037197618,False,0,363,363.3122806929095,358.13714339012927,368.4874179956897,False,0,5,363.0,0.0,0.0,0.0,False
2026-06-16 21:45:00,29.7,29.682266391897024,29.455679038094495,29.908853745699552,False,0,5,29.7,42.22,42.19906240873666,40.69950425035316,43.69862056712016,False,0,5,42.22,0.04483508959112171,9.21034037197618,False,0,364,363.3927357904551,358.2175984876749,368.56787309323533,False,0,5,364.0,0.0,0.0,0.0,False
2026-06-16 21:50:00,29.57,29.61635180139553,29.389764447593002,29.84293915519806,False,0,5,29.57,42.22,42.50931819102878,41.00976003264528,44.00887634941228,False,0,5,42.22,0.6097054128189029,9.21034037197618,False,0,366,364.27508148483446,359.09994418205423,369.4502187876147,False,0,5,366.0,0.0,0.0,0.0,False
2026-06-16 21:55:00,29.4,29.460943770450207,29.234356416647678,29.687531124252736,False,0,5,29.4,43.4,42.70455144009864,41.20499328171514,44.20410959848214,False,0,5,43.4,1.709118310004891,9.21034037197618,False,0,366,366.22108587390176,361.0459485711215,371.396223176682,False,0,5,366.0,0.0,0.0,0.0,False
2026-06-16 22:00:00,29.2,29.286766340659312,29.060178986856783,29.51335369446184,False,0,5,29.2,43.22,43.77735411320257,42.27779595481907,45.27691227158607,False,0,5,43.22,2.1962266239371746,9.21034037197618,False,0,364,366.00156990124674,360.8264325984665,371.17670720402697,False,0,5,364.0,0.0,0.0,0.0,False
2026-06-16 22:05:00,29.1,29.106540120127747,28.879952766325218,29.333127473930276,False,0,5,29.1,44.5,43.56830257139063,42.06874441300713,45.06786072977413,False,0,5,44.5,2.584003779533869,9.21034037197618,False,0,363,364.3776037201229,359.2024664173427,369.55274102290315,False,0,5,363.0,0.0,0.0,0.0,False
2026-06-16 22:10:00,29.0,28.994564456859155,28.767977103056626,29.221151810661684,False,0,5,29.0,44.0,44.7503762286406,43.2508180702571,46.2499343870241,False,0,5,44.0,1.675640825995119,9.21034037197618,False,0,363,363.1567200120768,357.98158270929656,368.331857314857,False,0,5,363.0,0.0,0.0,0.0,False
2026-06-16 22:15:00,28.8,28.91177118141249,28.68518382760996,29.13835853521502,False,0,5,28.8,44.9,44.25713972866949,42.75758157028599,45.756697887052994,False,0,5,44.9,2.490367089558597,9.21034037197618,False,0,365,363.26326666106723,358.088129358287,368.43840396384746,False,0,5,365.0,0.0,0.0,0.0,False
2026-06-16 22:20:00,28.73,28.71370589324227,28.48711853943974,28.9402932470448,False,0,5,28.73,44.57,45.06519621399484,43.56563805561134,46.56475437237834,False,0,5,44.57,0.7280337903150778,9.21034037197618,False,0,365,365.1810434913164,360.0059061885362,370.35618079409664,False,0,5,365.0,0.0,0.0,0.0,False
2026-06-16 22:25:00,28.7,28.653152301447456,28.426564947644927,28.879739655249985,False,0,5,28.7,45.08,44.74947787350593,43.24991971512243,46.24903603188943,False,0,5,45.08,0.7041959518016552,9.21034037197618,False,0,362,365.333294978593,360.1581576758128,370.50843228137325,False,0,5,362.0,0.0,0.0,0.0,False
2026-06-16 22:30:00,28.6,28.609360726177762,28.382773372375233,28.83594807998029,False,0,5,28.6,45.08,45.31759360256558,43.81803544418208,46.81715176094908,False,0,5,45.08,0.1938051374037254,9.21034037197618,False,0,364,362.1931994492318,357.0180621464516,367.36833675201206,False,0,5,364.0,0.0,0.0,0.0,False
2026-06-16 22:35:00,28.5,28.526470499276545,28.299883145474016,28.753057853079074,False,0,5,28.5,45.03,45.25669058566081,43.75713242727731,46.75624874404431,False,0,5,45.03,0.2803928008212403,9.21034037197618,False,0,363,364.23821084395854,359.0630735411783,369.41334814673877,False,0,5,363.0,0.0,0.0,0.0,False
2026-06-16 22:40:00,28.4,28.43553330164702,28.20894594784449,28.66212065544955,False,0,5,28.4,45.33,45.19060715807939,43.69104899969589,46.69016531646289,False,0,5,45.33,0.19732343862893403,9.21034037197618,False,0,363,363.3460301283949,358.17089282561466,368.5211674311751,False,0,5,363.0,0.0,0.0,0.0,False
2026-06-16 22:45:00,28.3,28.32850216256088,28.10191480875835,28.55508951636341,False,0,5,28.3,45.2,45.50285091822603,44.00329275984253,47.00240907660953,False,0,5,45.2,0.4311235360472606,9.21034037197618,False,0,363,363.2102664416301,358.03512913884987,368.3854037444103,False,0,5,363.0,0.0,0.0,0.0,False
2026-06-16 22:50:00,28.2,28.240250936952986,28.013663583150457,28.466838290755515,False,0,5,28.2,44.85,45.411471164320375,43.911913005936874,46.911029322703875,False,0,5,44.85,1.2880025722444,9.21034037197618,False,0,364,363.26131623155493,358.0861789287747,368.43645353433516,False,0,5,364.0,0.0,0.0,0.0,False
2026-06-16 22:55:00,28.1,28.141266768595152,27.914679414792623,28.36785412239768,False,0,5,28.1,45.55,45.124269543239286,43.624711384855786,46.62382770162279,False,0,5,45.55,0.6721096817844143,9.21034037197618,False,0,363,364.2487661294215,359.07362882664125,369.4239034322017,False,0,5,363.0,0.0,0.0,0.0,False
2026-06-16 23:00:00,27.93,28.04981614498685,27.82322879118432,28.276403498789378,False,0,5,27.93,46.53,45.76491450317709,44.26535634479359,47.26447266156059,False,0,5,46.53,3.1435120646760506,9.21034037197618,False,0,363,363.2654509828132,358.090313680033,368.44058828559344,False,0,5,363.0,0.0,0.0,0.0,False
2026-06-16 23:05:00,27.9,27.86145520460523,27.634867850802703,28.08804255840776,False,0,5,27.9,46.3,46.72481295084603,45.22525479246253,48.22437110922953,False,0,5,46.3,0.6477737551075449,9.21034037197618,False,0,363,363.40333939029074,358.2282020875105,368.57847669307097,False,0,5,363.0,0.0,0.0,0.0,False
2026-06-16 23:10:00,27.8,27.82302462804221,27.59643727423968,28.049611981844738,False,0,5,27.8,46.43,46.57194193268253,45.07238377429903,48.07150009106603,False,0,5,46.43,0.14869175361709402,9.21034037197618,False,0,364,363.2566501909009,358.0815128881207,368.43178749368116,False,0,5,364.0,0.0,0.0,0.0,False
2026-06-16 23:15:00,27.7,27.738069751889288,27.51148239808676,27.964657105691817,False,0,5,27.7,47.05,46.68956828062135,45.19001012223785,48.18912643900485,False,0,5,47.05,0.5056035517452981,9.21034037197618,False,0,363,364.34039603405927,359.16525873127904,369.5155333368395,False,0,5,363.0,0.0,0.0,0.0,False
2026-06-16 23:20:00,27.7,27.642284981531866,27.415697627729337,27.868872335334395,False,0,5,27.7,46.05,47.22509398202238,45.72553582363888,48.72465214040588,False,0,5,46.05,4.2170172878031895,9.21034037197618,False,0,364,363.39029229765424,358.215154994874,368.56542960043447,False,0,5,364.0,0.0,0.0,0.0,False
2026-06-16 23:25:00,27.6,27.643419730280574,27.416832376478045,27.870007084083102,False,0,5,27.6,47.08,46.41247329363491,44.91291513525141,47.91203145201841,False,0,5,47.08,1.4281139492768733,9.21034037197618,False,0,364,364.36350989964427,359.18837259686404,369.5386472024245,False,0,5,364.0,0.0,0.0,0.0,False
2026-06-16 23:30:00,27.53,27.544435561922743,27.317848208120214,27.771022915725272,False,0,5,27.53,45.65,47.31724823373678,45.817690075353276,48.81680639212028,True,2,5,45.842645367106364,6.689576236494103,9.21034037197618,False,0,365,364.23432284147924,359.059185538699,369.40946014425947,False,0,5,365.0,0.0,0.19264536710636548,0.0,True
2026-06-16 23:35:00,27.5,27.477386222672546,27.250798868870017,27.703973576475075,False,0,5,27.5,48.25,46.24848176976551,44.74892361138201,47.74803992814901,True,2,5,47.6694248196274,6.322301219136713,9.21034037197618,True,1,364,365.40752879144827,360.23239148866804,370.5826660942285,False,0,5,364.0,0.0,-0.5805751803725983,0.0,True
2026-06-16 23:40:00,27.4,27.44813736558654,27.22155001178401,27.67472471938907,False,0,5,27.4,48.95,47.88527962755177,46.38572146916827,49.38483778593527,False,0,5,48.95,3.431641838730698,9.21034037197618,False,0,368,364.3295661824831,359.1544288797029,369.50470348526335,False,0,5,368.0,0.0,0.0,0.0,False
2026-06-16 23:45:00,27.3,27.35833491670572,27.13174756290319,27.584922270508248,False,0,5,27.3,47.78,49.01961246019074,47.52005430180724,50.51917061857424,False,0,5,47.78,5.475210294343167,9.21034037197618,False,0,366,368.07941239074904,362.9042750879688,373.25454969352927,False,0,5,366.0,0.0,0.0,0.0,False
2026-06-16 23:50:00,27.2,27.227328170118504,27.000740816315975,27.453915523921033,False,0,5,27.2,48.25,48.168237717615554,46.668679559232054,49.667795875999055,False,0,5,48.25,0.10611665300110691,9.21034037197618,False,0,363,366.22017762145754,361.0450403186773,371.39531492423777,False,0,5,363.0,0.0,0.0,0.0,False
2026-06-16 23:55:00,27.15,27.135877546510198,26.90929019270767,27.362464900312727,False,0,5,27.15,47.75,48.610219917356204,47.110661758972704,50.109778075739705,False,0,5,47.75,2.1855155914060727,9.21034037197618,False,0,365,363.3678768145486,358.19273951176837,368.5430141173288,False,0,5,365.0,0.0,0.0,0.0,False
2026-06-17 00:00:00,27.03,27.089119910080196,26.862532556277667,27.315707263882725,False,0,4,27.03,49.4,48.229474794614724,46.72991663623122,49.729032952998224,False,0,4,49.4,4.198717297292087,9.21034037197618,False,0,365,365.3382033526354,360.16306604985516,370.5133406554156,False,0,4,365.0,0.0,0.0,0.0,False
2026-06-17 00:05:00,26.9,26.96984403890217,26.74325668509964,27.1964313927047,False,0,4,26.9,49.45,49.6186449932131,48.1190868348296,51.1182031515966,False,0,4,49.45,0.794100433059674,9.21034037197618,False,0,366,365.20615610078636,360.03101879800613,370.3812934035666,False,0,4,366.0,0.0,0.0,0.0,False
2026-06-17 00:10:00,26.9,26.849657984186642,26.623070630384113,27.07624533798917,False,0,4,26.9,49.35,49.69785171781112,48.19829355942762,51.19740987619462,False,0,4,49.35,0.6007051659281823,9.21034037197618,False,0,367,366.3209761348651,361.14583883208485,371.4961134376453,False,0,4,367.0,0.0,0.0,0.0,False
2026-06-17 00:15:00,26.8,26.849657984186642,26.623070630384113,27.07624533798917,False,0,4,26.8,49.35,49.61147660468192,48.11191844629842,51.11103476306542,False,0,4,49.35,0.6030241019664851,9.21034037197618,False,0,366,367.1853894427599,362.0102521399797,372.36052674554014,False,0,4,366.0,0.0,0.0,0.0,False
2026-06-17 00:20:00,26.7,26.755007962577928,26.5284206087754,26.981595316380456,False,0,4,26.7,49.48,49.66260704758644,48.16304888920294,51.16216520596994,False,0,4,49.48,0.5550683273162439,9.21034037197618,False,0,367,366.23273620157954,361.0575988987993,371.40787350435977,False,0,4,367.0,0.0,0.0,0.0,False
2026-06-17 00:25:00,26.6,26.65437561949261,26.42778826569008,26.880962973295137,False,0,4,26.6,49.08,49.79779056567122,48.29823240728772,51.29734872405472,False,0,4,49.08,2.157392389772059,9.21034037197618,False,0,365,367.1147693663986,361.9396320636184,372.28990666917883,False,0,4,365.0,0.0,0.0,0.0,False
2026-06-17 00:30:00,26.5,26.548895703679396,26.322308349876867,26.775483057481924,False,0,4,26.5,50.55,49.49808185518809,47.99852369680459,50.99764001357159,False,0,4,50.55,3.3587847865684313,9.21034037197618,False,0,369,365.2040871607295,360.02894985794927,370.37922446350973,False,0,4,369.0,0.0,0.0,0.0,False
2026-06-17 00:35:00,26.43,26.429135325820898,26.20254797201837,26.655722679623427,False,0,4,26.43,50.25,50.873891678464716,49.374333520081215,52.373449836848216,False,0,4,50.25,1.168449625500907,9.21034037197618,False,0,369,369.0543890370638,363.87925173428357,374.229526339844,False,0,4,369.0,0.0,0.0,0.0,False
2026-06-17 00:40:00,26.3,26.368581734026083,26.141994380223554,26.595169087828612,False,0,4,26.3,51.25,50.58408587191457,49.08452771353107,52.08364403029807,False,0,4,51.25,1.7002270064177072,9.21034037197618,False,0,366,369.1313669058952,363.956229603115,374.30650420867545,False,0,4,366.0,0.0,0.0,0.0,False
2026-06-17 00:45:00,26.2,26.242980732208302,26.016393378405773,26.46956808601083,False,0,4,26.2,51.1,51.48118682080454,49.98162866242104,52.98074497918804,False,0,4,51.1,0.7719302372783974,9.21034037197618,False,0,369,366.200607335021,361.0254700322408,371.37574463780123,False,0,4,369.0,0.0,0.0,0.0,False
2026-06-17 00:50:00,26.1,26.141781014748634,25.915193660946105,26.368368368551163,False,0,4,26.1,51.65,51.348954800675315,49.849396642291815,52.848512959058816,False,0,4,51.65,0.43281236861393324,9.21034037197618,False,0,367,369.0719461522535,363.89680884947325,374.2470834550337,False,0,4,367.0,0.0,0.0,0.0,False
2026-06-17 00:55:00,26.0,26.048779167867405,25.822191814064876,26.275366521669934,False,0,4,26.0,52.22,51.867363769644705,50.367805611261204,53.366921928028205,False,0,4,52.22,0.5920998014211062,9.21034037197618,False,0,368,367.16945338985573,361.9943160870755,372.34459069263596,False,0,4,368.0,0.0,0.0,0.0,False
2026-06-17 01:00:00,26.0,26.0,25.77935026286921,26.22064973713079,False,0,5,26.0,51.5,51.5,49.85939810036113,53.14060189963887,False,0,5,51.5,0.0,9.21034037197618,False,0,367,,,,False,0,4,367.0,0.0,0.0,0.0,False
2026-06-17 01:05:00,25.9,25.972091517955842,25.751441780825054,26.19274125508663,False,0,5,25.9,51.9,51.68567929468962,50.045077395050754,53.32628119432849,False,0,5,51.9,0.7595823976577084,9.21034037197618,False,0,366,367.2381231853692,362.1424193494363,372.3338270213021,False,0,5,366.0,0.0,0.0,0.0,False
2026-06-17 01:10:00,25.8,25.878393503673415,25.657743766542627,26.099043240804203,False,0,5,25.8,52.02,52.04115910728883,50.40055720764995,53.6817610069277,False,0,5,52.02,0.861958106501142,9.21034037197618,False,0,365,366.28125164763304,361.18554781170013,371.37695548356595,False,0,5,365.0,0.0,0.0,0.0,False
2026-06-17 01:15:00,25.7,25.78018266285578,25.55953292572499,26.000832399986567,False,0,5,25.7,53.05,52.1638502134692,50.52324831383034,53.80445211310807,False,0,5,53.05,2.5097663084253328,9.21034037197618,False,0,367,365.3407588518061,360.24505501587316,370.436462687739,False,0,5,367.0,0.0,0.0,0.0,False
2026-06-17 01:20:00,25.6,25.67890309999419,25.458253362863402,25.89955283712498,False,0,5,25.6,53.4,53.125867539702895,51.48526564006403,54.76646943934176,False,0,5,53.4,0.9449068145950617,9.21034037197618,False,0,368,367.0672073932156,361.9715035572827,372.1629112291485,False,0,5,368.0,0.0,0.0,0.0,False
2026-06-17 01:25:00,25.5,25.583670724689792,25.363020987559004,25.80432046182058,False,0,5,25.5,53.2,53.44317750802928,51.80257560839041,55.083779407668146,False,0,5,53.2,1.2206765891514715,9.21034037197618,False,0,364,367.97690175745663,362.8811979215237,373.07260559338954,False,0,5,364.0,0.0,0.0,0.0,False
2026-06-17 01:30:00,25.4,25.483089666732837,25.26243992960205,25.703739403863626,False,0,5,25.4,52.7,53.23101479932978,51.590412899690904,54.87161669896865,False,0,5,52.7,1.8844988807158178,9.21034037197618,False,0,366,364.0275890857293,358.9318852497964,369.1232929216622,False,0,5,366.0,0.0,0.0,0.0,False
2026-06-17 01:35:00,25.3,25.378133133453378,25.15748339632259,25.598782870584166,False,0,5,25.3,53.12,52.87889552730572,51.23829362766685,54.519497426944596,False,0,5,53.12,0.8992886528463653,9.21034037197618,False,0,361,365.77651331564294,360.68080947971004,370.87221715157585,True,1,5,361.2505423397154,0.0,0.0,0.25054233971542317,True
2026-06-17 01:40:00,25.3,25.2979735987766,25.077323861645812,25.51862333590739,False,0,5,25.3,53.22,53.18932953336818,51.548727633729314,54.82993143300705,False,0,5,53.22,0.0032388941995676293,9.21034037197618,False,0,365,361.5860904567357,356.4903866208028,366.6817942926686,False,0,5,365.0,0.0,0.0,0.0,False
2026-06-17 01:45:00,25.2,25.2979735987766,25.077323861645812,25.51862333590739,False,0,5,25.2,53.05,53.279989524318566,51.6393876246797,54.92059142395743,False,0,5,53.05,1.5763085566062824,9.21034037197618,False,0,363,365.08936636097576,359.99366252504285,370.18507019690867,False,0,5,363.0,0.0,0.0,0.0,False
2026-06-17 01:50:00,25.1,25.20878841102939,24.9881386738986,25.429438148160177,False,0,5,25.1,53.17,53.097648120258256,51.45704622061939,54.73825001989712,False,0,5,53.17,1.615966792846524,9.21034037197618,False,0,364,363.3247718945875,358.2290680586546,368.4204757305204,False,0,5,364.0,0.0,0.0,0.0,False
2026-06-17 01:55:00,25.0,25.11048731368105,24.88983757655026,25.331137050811837,False,0,5,25.0,54.52,53.220760411803475,51.5801585121646,54.86136231144235,False,0,5,54.52,5.216913854447853,9.21034037197618,False,0,366,364.3405578135046,359.24485397757167,369.4362616494375,False,0,5,366.0,0.0,0.0,0.0,False
2026-06-17 02:00:00,25.0,25.009298007350164,24.788648270219376,25.229947744480953,False,0,5,25.0,53.57,54.472468523713594,52.83186662407472,56.11307042335247,False,0,5,53.57,2.0975077946791068,9.21034037197618,False,0,364,365.99343431847444,360.89773048254153,371.08913815440735,False,0,5,364.0,0.0,0.0,0.0,False
2026-06-17 02:05:00,24.9,25.022137982051177,24.80148824492039,25.242787719181965,False,0,5,24.9,53.6,53.60708295120139,51.966481051562525,55.24768485084026,False,0,5,53.6,2.074019100509495,9.21034037197618,False,0,362,364.31146376326916,359.21575992733625,369.40716759920207,False,0,5,362.0,0.0,0.0,0.0,False
2026-06-17 02:10:00,24.88,24.923927141233538,24.70327740410275,25.144576878364326,False,0,5,24.88,53.9,53.64818006552642,52.00757816588755,55.288781965165285,False,0,5,53.9,0.37191225209237644,9.21034037197618,False,0,362,362.41118659708957,357.31548276115666,367.5068904330225,False,0,5,362.0,0.0,0.0,0.0,False
2026-06-17 02:15:00,24.8,24.85626133176442,24.63561159463363,25.076911068895207,False,0,5,24.8,54.15,54.00064361843024,52.360041718791365,55.64124551806911,False,0,5,54.15,0.45339889842519615,9.21034037197618,False,0,364,362.25655288200005,357.16084904606714,367.35225671793296,False,0,5,364.0,0.0,0.0,0.0,False
2026-06-17 02:20:00,24.7,24.791471301730645,24.570821564599857,25.012121038861434,False,0,5,24.7,54.2,54.2299169031603,52.589315003521435,55.87051880279917,False,0,5,54.2,1.1766249533115587,9.21034037197618,False,0,364,364.34742514421487,359.25172130828196,369.4431289801478,False,0,5,364.0,0.0,0.0,0.0,False
2026-06-17 02:25:00,24.65,24.696238926426247,24.47558918929546,24.916888663557035,False,0,5,24.65,54.47,54.27524689863551,52.634644998996635,55.91584879827438,False,0,5,54.47,0.3470888910056305,9.21034037197618,False,0,365,364.4103833396214,359.31467950368847,369.5060871755543,False,0,5,365.0,0.0,0.0,0.0,False
2026-06-17 02:30:00,24.5,24.639597085703617,24.41894734857283,24.860246822834405,False,0,5,24.5,55.23,54.56214741068611,52.92154551104724,56.202749310324975,False,0,5,55.23,3.3599589005883823,9.21034037197618,False,0,365,365.13888973922445,360.04318590329154,370.23459357515736,False,0,5,365.0,0.0,0.0,0.0,False
2026-06-17 02:35:00,24.5,24.505774175817454,24.285124438686665,24.726423912948242,False,0,5,24.5,54.62,55.209044805424554,53.56844290578569,56.84964670506342,False,0,5,54.62,0.8922395228817142,9.21034037197618,False,0,364,365.3292403640425,360.2335365281096,370.4249441999754,False,0,5,364.0,0.0,0.0,0.0,False
2026-06-17 02:40:00,24.5,24.496748522747023,24.276098785616234,24.71739825987781,False,0,5,24.5,54.35,54.6981373971117,53.05753549747283,56.338739296750575,False,0,5,54.35,0.2999951929397481,9.21034037197618,False,0,365,364.1989754177355,359.1032715818026,369.2946792536684,False,0,5,365.0,0.0,0.0,0.0,False
2026-06-17 02:45:00,24.42,24.50423981479548,24.28359007766469,24.724889551926267,False,0,5,24.42,53.92,54.418397036263464,52.77779513662459,56.05899893590234,False,0,5,53.92,1.8163270477049425,9.21034037197618,False,0,367,365.2465370258009,360.15083318986797,370.3422408617338,False,0,5,367.0,0.0,0.0,0.0,False
2026-06-17 02:50:00,24.4,24.429588275573934,24.208938538443146,24.650238012704722,False,0,5,24.4,54.0,54.0213989239744,52.380797024335536,55.66200082361327,False,0,5,54.0,0.12575023015265666,9.21034037197618,False,0,366,367.3071331146441,362.2114292787112,372.402836950577,False,0,5,366.0,0.0,0.0,0.0,False
2026-06-17 02:55:00,24.4,24.41054180051305,24.189892063382263,24.63119153764384,False,0,5,24.4,54.95,54.093926916734716,52.45332501709585,55.73452881637358,False,0,5,54.95,1.809713951181329,9.21034037197618,False,0,367,366.4453139634248,361.34961012749187,371.5410177993577,False,0,5,367.0,0.0,0.0,0.0,False
2026-06-17 03:00:00,24.37,24.407563334999807,24.18691359786902,24.628213072130595,False,0,5,24.37,54.1,54.96909594780335,53.32849404816449,56.60969784744222,False,0,5,54.1,2.253334653513447,9.21034037197618,False,0,366,367.141871704173,362.0461678682401,372.2375755401059,False,0,5,366.0,0.0,0.0,0.0,False
2026-06-17 03:05:00,24.3,24.383939368147367,24.16328963101658,24.604589105278155,False,0,5,24.3,54.77,54.221722638071164,52.58112073843229,55.86232453771004,False,0,5,54.77,1.5033609907554593,9.21034037197618,False,0,366,366.359911171649,361.2642073357161,371.4556150075819,False,0,5,366.0,0.0,0.0,0.0,False
2026-06-17 03:10:00,24.2,24.31767964234797,24.09702990521718,24.538329379478757,False,0,5,24.2,55.7,54.83675069089137,53.1961487912525,56.477352590530245,False,0,5,55.7,3.2869327765170633,9.21034037197618,False,0,368,366.36047779951195,361.26477396357905,371.45618163544486,False,0,5,368.0,0.0,0.0,0.0,False
2026-06-17 03:15:00,24.2,24.22244726704357,24.001797529912782,24.44309700417436,False,0,5,24.2,54.45,55.67988860673003,54.039286707091165,57.3204905063689,False,0,5,54.45,4.002897760389569,9.21034037197618,False,0,366,368.1571116214541,363.06140778552117,373.252815457387,False,0,5,366.0,0.0,0.0,0.0,False
2026-06-17 03:20:00,24.2,24.216400079486384,23.995750342355596,24.437049816617172,False,0,5,24.2,55.5,54.57485813929476,52.934256239655895,56.21546003893363,False,0,5,55.5,2.1098184683140637,9.21034037197618,False,0,366,366.3210745558569,361.225370719924,371.4167783917898,False,0,5,366.0,0.0,0.0,0.0,False
2026-06-17 03:25:00,24.1,24.224817484182886,24.004167747052097,24.445467221313674,False,0,5,24.1,56.58,55.54331046866787,53.902708569029,57.183912368306736,False,0,5,56.58,4.215926925422905,9.21034037197618,False,0,367,366.37514930911914,361.27944547318623,371.47085314505205,False,0,5,367.0,0.0,0.0,0.0,False
2026-06-17 03:30:00,24.1,24.129585108878487,23.9089353717477,24.350234846009275,False,0,5,24.1,57.23,56.52243837093212,54.881836471293255,58.16304027057099,False,0,5,57.23,1.2738513627206958,9.21034037197618,False,0,371,367.3794608436778,362.2837570077449,372.4751646796107,False,0,5,371.0,0.0,0.0,0.0,False
2026-06-17 03:35:00,24.0,24.131955326017803,23.911305588887014,24.35260506314859,False,0,5,24.0,56.53,57.1564701559483,55.51586825630943,58.797072055587165,False,0,5,56.53,3.8110132617733044,9.21034037197618,False,0,370,371.01849689245086,365.92279305651795,376.11420072838376,False,0,5,370.0,0.0,0.0,0.0,False
2026-06-17 03:40:00,24.0,23.99261644284038,23.77196670570959,24.213266179971168,False,0,5,24.0,57.03,56.58127453110591,54.94067263146704,58.221876430744786,False,0,5,57.03,0.5293105852597156,9.21034037197618,False,0,370,370.2552590324729,365.15955519654,375.3509628684058,False,0,5,370.0,0.0,0.0,0.0,False
2026-06-17 03:45:00,24.0,23.99261644284038,23.77196670570959,24.213266179971168,False,0,5,24.0,56.9,57.03457448585788,55.39397258621901,58.675176385496755,False,0,5,56.9,0.04807729564224839,9.21034037197618,False,0,368,370.19363869212265,365.09793485618974,375.28934252805556,False,0,5,368.0,0.0,0.0,0.0,False
2026-06-17 03:50:00,23.9,23.99498665997969,23.774336922848903,24.21563639711048,False,0,5,23.9,56.48,56.96145834146099,55.320856441822116,58.60206024109986,False,0,5,56.48,2.0605009401196197,9.21034037197618,False,0,371,368.155414011982,363.05971017604907,373.2511178479149,False,0,5,371.0,0.0,0.0,0.0,False
2026-06-17 03:55:00,23.9,23.899754284675293,23.679104547544505,24.12040402180608,False,0,5,23.9,57.38,56.580686379469334,54.94008447983046,58.22128827910821,False,0,5,57.38,1.6043002485103557,9.21034037197618,False,0,371,371.2578729575595,366.1621691216266,376.35357679349244,False,0,5,371.0,0.0,0.0,0.0,False
2026-06-17 04:00:00,23.8,23.899754284675293,23.679104547544505,24.12040402180608,False,0,5,23.8,55.75,57.39662629802289,55.756024398384014,59.03722819766176,True,3,5,55.97515295763332,7.1552265764623275,9.21034037197618,False,0,372,370.9495557580929,365.85385192216,376.0452595940258,False,0,5,372.0,0.0,0.22515295763331977,0.0,True
2026-06-17 04:05:00,23.8,23.80648918959653,23.58583945246574,24.027138926727318,False,0,5,23.8,56.98,56.16012782693243,54.51952592729356,57.800729726571305,False,0,5,56.98,1.6662784160055533,9.21034037197618,False,0,374,372.23161795295607,367.13591411702316,377.327321788889,False,0,5,374.0,0.0,0.0,0.0,False
2026-06-17 04:10:00,23.7,23.806892126510213,23.586242389379425,24.027541863641,False,0,5,23.7,58.65,57.078728178059926,55.43812627842105,58.7193300776988,True,2,5,58.59393829946002,6.5424199896296305,9.21034037197618,False,0,374,374.1352930441264,369.0395892081935,379.2309968800593,False,0,5,374.0,0.0,-0.05606170053997772,0.0,True
2026-06-17 04:15:00,23.7,23.71165975120581,23.491010014075023,23.9323094883366,False,0,5,23.7,58.53,58.54192449429532,56.90132259465645,60.1825263939342,False,0,5,58.53,0.01990810561434563,9.21034037197618,False,0,374,374.0540597891533,368.9583559532204,379.1497636250862,False,0,5,374.0,0.0,0.0,0.0,False
2026-06-17 04:20:00,23.7,23.71165975120581,23.491010014075023,23.9323094883366,False,0,5,23.7,57.55,58.483958037791034,56.84335613815216,60.12455993742991,False,0,5,57.55,2.2618996191471963,9.21034037197618,False,0,376,373.9644597355516,368.8687558996187,379.0601635714845,False,0,5,376.0,0.0,0.0,0.0,False
2026-06-17 04:25:00,23.6,23.71165975120581,23.491010014075023,23.9323094883366,False,0,5,23.6,57.2,57.59549012647717,55.95488822683831,59.23609202611604,False,0,5,57.2,2.3415078804522764,9.21034037197618,False,0,377,375.8701799122048,370.77447607627187,380.9658837481377,False,0,5,377.0,0.0,0.0,0.0,False
2026-06-17 04:30:00,23.6,23.618797593040732,23.398147855909944,23.83944733017152,False,0,5,23.6,57.83,57.32292200198942,55.682320102350545,58.96352390162829,False,0,5,57.83,0.6469537233431167,9.21034037197618,False,0,377,377.01240363707115,371.91669980113824,382.10810747300405,False,0,5,377.0,0.0,0.0,0.0,False
2026-06-17 04:35:00,23.5,23.59674433910422,23.37609460197343,23.817394076235008,False,0,5,23.5,57.85,57.92379210088208,56.283190201243215,59.56439400052095,False,0,5,57.85,1.3475922850550255,9.21034037197618,False,0,380,376.86985953537,371.7741556994371,381.9655633713029,False,0,5,380.0,0.0,0.0,0.0,False
2026-06-17 04:40:00,23.5,23.47945870986331,23.25880897273252,23.700108446994097,False,0,5,23.5,57.83,57.971636254977355,56.33103435533849,59.61223815461622,False,0,5,57.83,0.0944349321937451,9.21034037197618,False,0,383,379.8392967938422,374.7435929579093,384.9350006297751,False,0,5,383.0,0.0,0.0,0.0,False
2026-06-17 04:45:00,23.4,23.47945870986331,23.25880897273252,23.700108446994097,False,0,5,23.4,58.73,57.95350425678727,56.3129023571484,59.594106156426136,False,0,5,58.73,2.0826602945447634,9.21034037197618,False,0,380,382.73687178853675,377.64116795260384,387.83257562446965,False,0,5,380.0,0.0,0.0,0.0,False
2026-06-17 04:50:00,23.4,23.386596551698222,23.165946814567434,23.60724628882901,False,0,5,23.4,57.38,58.81418601917943,57.173584119540564,60.4547879188183,True,2,5,57.48097703255009,4.396675261457828,9.21034037197618,False,0,383,379.71908597867946,374.62338214274655,384.81478981461237,False,0,5,383.0,0.0,0.10097703255009094,0.0,True
2026-06-17 04:55:00,23.33,23.386596551698222,23.165946814567434,23.60724628882901,False,0,5,23.33,58.63,57.68182190992101,56.041220010282146,59.32242380955988,False,0,5,58.63,2.4340724536780667,9.21034037197618,False,0,383,382.78609272972204,377.69038889378913,387.88179656565495,False,0,5,383.0,0.0,0.0,0.0,False
2026-06-17 05:00:00,23.3,23.32230410612446,23.10165436899367,23.542953843255248,False,0,4,23.3,59.23,58.76826787206767,57.1276659724288,60.408869771706534,False,0,4,59.23,0.5528963323559751,9.21034037197618,False,0,382,382.7655447431647,377.6698409072318,387.8612485790976,False,0,4,382.0,0.0,0.0,0.0,False
2026-06-17 05:05:00,23.3,23.29373439353314,23.07308465640235,23.514384130663927,False,0,4,23.3,59.15,59.31222781777002,57.671625918131156,60.95282971740889,False,0,4,59.15,0.06644383452310007,9.21034037197618,False,0,388,381.7604079889342,376.6647041530013,386.8561118248671,True,2,4,386.71715647229246,0.0,0.0,-1.2828435277075414,True
2026-06-17 05:10:00,23.3,23.297262668502164,23.076612931371375,23.517912405632952,False,0,4,23.3,59.15,59.23496328478177,57.5943613851429,60.87556518442064,False,0,4,59.15,0.01800014558662073,9.21034037197618,False,0,385,386.31689432717894,381.22119049124603,391.41259816311185,False,0,4,385.0,0.0,0.0,0.0,False
2026-06-17 05:15:00,23.3,23.340410269223486,23.119760532092698,23.561060006354275,False,0,4,23.3,58.2,59.12890251304161,57.48830061340274,60.769504412680476,False,0,4,58.2,2.578267234383879,9.21034037197618,False,0,385,383.95582371504594,378.86011987911303,389.05152755097885,False,0,4,385.0,0.0,0.0,0.0,False
2026-06-17 05:20:00,23.3,23.346308761331827,23.12565902420104,23.566958498462615,False,0,4,23.3,57.68,58.307637902623554,56.66703600298469,59.94823980226242,False,0,4,57.68,1.430391061901302,9.21034037197618,False,0,387,384.0016109604463,378.9059071245134,389.09731479637924,False,0,4,387.0,0.0,0.0,0.0,False
2026-06-17 05:25:00,23.35,23.345349854180125,23.124700117049336,23.565999591310913,False,0,4,23.35,58.85,57.789569489751706,56.14896759011283,59.43017138939058,False,0,4,58.85,2.849434178046933,9.21034037197618,False,0,388,386.13682131608215,381.04111748014924,391.23252515201506,False,0,4,388.0,0.0,0.0,0.0,False
2026-06-17 05:30:00,23.4,23.396494316801352,23.175844579670564,23.61714405393214,False,0,4,23.4,58.83,58.84555484364338,57.2049529440045,60.48615674328225,False,0,4,58.83,0.0020414451807531414,9.21034037197618,False,0,388,386.98764615719216,381.89194232125925,392.08334999312507,False,0,4,388.0,0.0,0.0,0.0,False
2026-06-17 05:35:00,23.5,23.44693312442877,23.226283387297983,23.66758286155956,False,0,4,23.5,57.08,58.82363361327094,57.183031713632076,60.46423551290981,True,1,4,57.38582547449321,5.199686517578395,9.21034037197618,True,1,386,386.89277067124056,381.79706683530765,391.98847450717346,False,0,4,386.0,0.0,0.3058254744932114,0.0,True
2026-06-17 05:40:00,23.57,23.544282464714584,23.323632727583796,23.764932201845372,False,0,4,23.57,57.85,57.511503195001836,55.87090129536297,59.1521050946407,False,0,4,57.85,0.4225186440772375,9.21034037197618,False,0,385,385.1298199771375,380.0341161412046,390.2255238130704,False,0,4,385.0,0.0,0.0,0.0,False
2026-06-17 05:45:00,23.63,23.616893085458226,23.396243348327438,23.837542822589015,False,0,4,23.63,56.65,57.916191891957475,56.2755899923186,59.55679379159635,False,0,4,56.65,3.964745614881625,9.21034037197618,False,0,384,384.0019811166275,378.9062772806946,389.0976849525604,False,0,4,384.0,0.0,0.0,0.0,False
2026-06-17 05:50:00,23.7,23.680533090340898,23.45988335321011,23.901182827471686,False,0,4,23.7,56.38,56.779768573619634,55.13916667398077,58.4203704732585,False,0,4,56.38,0.41498778671596875,9.21034037197618,False,0,384,383.1466919758513,378.0509881399184,388.2423958117842,False,0,4,384.0,0.0,0.0,0.0,False
2026-06-17 05:55:00,23.8,23.751979492472593,23.531329755341805,23.97262922960338,False,0,4,23.8,56.18,56.53846532659202,54.89786342695315,58.179067226230885,False,0,4,56.18,0.5569104883009033,9.21034037197618,False,0,386,383.12059623377235,378.02489239783944,388.21630006970526,False,0,4,386.0,0.0,0.0,0.0,False
2026-06-17 06:00:00,23.9,23.9,23.704044513940907,24.09595548605909,False,0,5,23.9,57.25,57.25,55.58206913499175,58.91793086500825,False,0,5,57.25,0.0,9.21034037197618,False,0,384,,,,False,0,4,384.0,0.0,0.0,0.0,False
2026-06-17 06:05:00,24.0,24.07621882865148,23.88026334259239,24.272174314710572,False,0,5,24.0,57.55,57.11710722442386,55.44917635941561,58.78503808943211,False,0,5,57.55,1.3296170220039998,9.21034037197618,False,0,384,383.2961652196423,378.19908941292806,388.3932410263566,False,0,5,384.0,0.0,0.0,0.0,False
2026-06-17 06:10:00,24.1,24.17652314138408,23.98056765532499,24.372478627443172,False,0,5,24.1,56.7,57.35529339244169,55.687362527433436,59.02322425744994,False,0,5,56.7,2.263188174300921,9.21034037197618,False,0,382,383.38131608745005,378.2842402807358,388.4783918941643,False,0,5,382.0,0.0,0.0,0.0,False
2026-06-17 06:15:00,24.3,24.25072525893236,24.054769772873268,24.44668074499145,False,0,5,24.3,55.65,56.61367842458638,54.94574755957813,58.281609289594634,False,0,5,55.65,2.4656506351611576,9.21034037197618,False,0,385,381.42902309193863,376.3319472852244,386.5260988986529,False,0,5,385.0,0.0,0.0,0.0,False
2026-06-17 06:20:00,24.4,24.4316854793949,24.23572999333581,24.627640965453992,False,0,5,24.4,54.9,55.57090858969649,53.902977724688235,57.23883945470474,False,0,5,54.9,1.3472299794088358,9.21034037197618,False,0,386,384.1896522449048,379.0925764381905,389.28672805161904,False,0,5,386.0,0.0,0.0,0.0,False
2026-06-17 06:25:00,24.5,24.536196966208628,24.340241480149537,24.73215245226772,False,0,5,24.5,56.3,54.758589025688565,53.09065816068031,56.42651989069682,True,1,5,56.29801350932897,5.7086900469537305,9.21034037197618,False,0,381,384.9646620029118,379.8675861961975,390.06173780962604,False,0,5,381.0,0.0,-0.001986490671029628,0.0,True
2026-06-17 06:30:00,24.6,24.688979757736295,24.493024271677204,24.884935243795386,False,0,5,24.6,56.53,55.95752289125564,54.28959202624739,57.625453756263894,False,0,5,56.53,1.9617819867793127,9.21034037197618,False,0,380,380.1722993847128,375.07522357799854,385.26937519142706,False,0,5,380.0,0.0,0.0,0.0,False
2026-06-17 06:35:00,24.72,24.801524522835727,24.605569036776636,24.99748000889482,False,0,5,24.72,56.73,56.13944882449636,54.47151795948811,57.807379689504614,False,0,5,56.73,1.8020546609409203,9.21034037197618,False,0,384,379.30142349988574,374.2043476931715,384.3984993066,False,0,5,384.0,0.0,0.0,0.0,False
2026-06-17 06:40:00,24.9,24.947879017112946,24.751923531053855,25.143834503172037,False,0,5,24.9,56.45,56.253499431257616,54.585568566249364,57.92143029626587,False,0,5,56.45,0.45441972819552645,9.21034037197618,False,0,375,383.37709432108534,378.2800185143711,388.4741701277996,True,4,5,378.2800185143711,0.0,0.0,3.280018514371079,True
2026-06-17 06:45:00,25.1,25.103604647224753,24.90764916116566,25.299560133283844,False,0,5,25.1,55.63,55.983127605659284,54.31519674065103,57.651058470667536,False,0,5,55.63,0.3079395401849372,9.21034037197618,False,0,375,377.60516026974034,372.5080844630261,382.7022360764546,False,0,5,375.0,0.0,0.0,0.0,False
2026-06-17 06:50:00,25.2,25.246444889800337,25.050489403741246,25.442400375859428,False,0,5,25.2,55.73,55.29229792367053,53.62436705866228,56.96022878867878,False,0,5,55.73,0.7543754132996754,9.21034037197618,False,0,371,374.30500976794565,369.2079339612314,379.4020855746599,False,0,5,371.0,0.0,0.0,0.0,False
2026-06-17 06:55:00,25.3,25.401966368697668,25.206010882638576,25.59792185475676,False,0,5,25.3,55.18,55.31874800475603,53.65081713974778,56.98667886976428,False,0,5,55.18,1.9194666088690722,9.21034037197618,False,0,369,370.4354714490467,365.33839564233244,375.53254725576096,False,0,5,369.0,0.0,0.0,0.0,False
2026-06-17 07:00:00,25.5,25.51220866351198,25.31625317745289,25.708164149571072,False,0,5,25.5,54.7,54.744126313241374,53.07619544823312,56.412057178249626,False,0,5,54.7,0.032926661148182296,9.21034037197618,False,0,369,368.56010219475473,363.4630263880405,373.657178001469,False,0,5,369.0,0.0,0.0,0.0,False
2026-06-17 07:05:00,25.7,25.633394163849157,25.437438677790066,25.82934964990825,False,0,5,25.7,54.3,54.36442587655138,52.69649501154313,56.03235674155963,False,0,5,54.3,0.7666914621578647,9.21034037197618,False,0,369,368.3927397827305,363.2956639760162,373.48981558944473,False,0,5,369.0,0.0,0.0,0.0,False
2026-06-17 07:10:00,25.83,25.83036406823188,25.63440858217279,26.02631955429097,False,0,5,25.83,53.2,53.96987281848608,52.30194195347783,55.63780368349433,False,0,5,53.2,1.429140725503733,9.21034037197618,False,0,370,368.51200006725236,363.4149242605381,373.6090758739666,False,0,5,370.0,0.0,0.0,0.0,False
2026-06-17 07:15:00,26.0,26.06825415272088,25.872298666661788,26.26420963877997,False,0,5,26.0,52.9,52.77581103458589,51.10788016957764,54.443741899594144,False,0,5,52.9,0.8154138944196127,9.21034037197618,False,0,365,369.67961791352565,364.5825421068114,374.7766937202399,False,0,5,365.0,0.0,0.0,0.0,False
2026-06-17 07:20:00,26.2,26.247950966520847,26.051995480461756,26.443906452579938,False,0,5,26.2,52.35,52.44678318368831,50.77885231868006,54.11471404869656,False,0,5,52.35,0.44302188844280616,9.21034037197618,False,0,366,364.8562854416524,359.75920963493814,369.95336124836666,False,0,5,366.0,0.0,0.0,0.0,False
2026-06-17 07:25:00,26.4,26.44368429039527,26.24772880433618,26.639639776454363,False,0,5,26.4,51.97,51.895848185439434,50.22791732043118,53.563779050447685,False,0,5,51.97,0.33300411449891226,9.21034037197618,False,0,364,365.7870468537168,360.68997104700253,370.88412266043105,False,0,5,364.0,0.0,0.0,0.0,False
2026-06-17 07:30:00,26.7,26.642948054279067,26.446992568219976,26.83890354033816,False,0,5,26.7,51.47,51.57969843274741,49.91176756773916,53.247629297755665,False,0,5,51.47,0.5713656007422546,9.21034037197618,False,0,364,363.85261083736196,358.7555350306477,368.9496866440762,False,0,5,364.0,0.0,0.0,0.0,False
2026-06-17 07:35:00,26.95,26.8514081964188,26.655452710359707,27.04736368247789,False,0,5,26.95,51.42,51.1455866103411,49.47765574533285,52.81351747534935,False,0,5,51.42,1.989528899978566,9.21034037197618,False,0,366,363.6625294948051,358.5654536880908,368.75960530151934,False,0,5,366.0,0.0,0.0,0.0,False
2026-06-17 07:40:00,27.2,27.099074009346616,26.903118523287525,27.295029495405707,False,0,5,27.2,50.6,51.091909403880926,49.423978538872674,52.75984026888918,False,0,5,50.6,2.1564949446242436,9.21034037197618,False,0,363,365.6828763715547,360.58580056484044,370.77995217826896,False,0,5,363.0,0.0,0.0,0.0,False
2026-06-17 07:45:00,27.4,27.35347587550596,27.15752038944687,27.549431361565052,False,0,5,27.4,50.22,50.33449101620891,48.666560151200656,52.00242188121716,False,0,5,50.22,0.3874572469395229,9.21034037197618,False,0,363,362.7719649576645,357.67488915095026,367.8690407643788,False,0,5,363.0,0.0,0.0,0.0,False
2026-06-17 07:50:00,27.6,27.5970945493581,27.40113906329901,27.793050035417192,False,0,5,27.6,49.78,49.903210078099015,48.23527921309076,51.57114094310727,False,0,5,49.78,0.03657315363764134,9.21034037197618,False,0,363,362.8870107220811,357.7899349153668,367.98408652879533,False,0,5,363.0,0.0,0.0,0.0,False
2026-06-17 07:55:00,27.8,27.776156371995775,27.580200885936684,27.972111858054866,False,0,5,27.8,49.3,49.510972953038454,47.8430420880302,51.178903818046706,False,0,5,49.3,0.18575270966828944,9.21034037197618,False,0,362,362.87149488543406,357.7744190787198,367.9685706921483,False,0,5,362.0,0.0,0.0,0.0,False
2026-06-17 08:00:00,27.9,27.99176205829306,27.795806572233968,28.18771754435215,False,0,5,27.9,49.13,48.997997380676516,47.330066515668264,50.66592824568477,False,0,5,49.13,1.461856945601521,9.21034037197618,False,0,364,361.83228282002665,356.7352070133124,366.9293586267409,False,0,5,364.0,0.0,0.0,0.0,False
2026-06-17 08:05:00,28.1,28.080807027099482,27.88485154104039,28.276762513158573,False,0,5,28.1,48.55,48.906332987755675,47.238402122747424,50.57426385276393,False,0,5,48.55,0.3420421277916824,9.21034037197618,False,0,364,363.8314690880454,358.73439328133117,368.9285448947597,False,0,5,364.0,0.0,0.0,0.0,False
2026-06-17 08:10:00,28.3,28.282784087655596,28.086828601596505,28.478739573714687,False,0,5,28.3,48.45,48.30980623694529,46.64187537193704,49.977737101953544,False,0,5,48.45,0.10902600198742515,9.21034037197618,False,0,363,363.8180033851964,358.72092757848213,368.91507919191065,False,0,5,363.0,0.0,0.0,0.0,False
2026-06-17 08:15:00,28.48,28.47578250027694,28.279827014217847,28.67173798633603,False,0,5,28.48,48.2,48.21265354659849,46.54472268159024,49.88058441160674,False,0,5,48.2,0.003270748519499149,9.21034037197618,False,0,363,362.8581455289775,357.76106972226324,367.95522133569176,False,0,5,363.0,0.0,0.0,0.0,False
2026-06-17 08:20:00,28.6,28.61943779360564,28.42348230754655,28.815393279664733,False,0,5,28.6,48.05,48.00795265952522,46.34002179451697,49.675883524533475,False,0,5,48.05,0.06684350363064574,9.21034037197618,False,0,362,362.8461210350086,357.74904522829434,367.94319684172285,False,0,5,362.0,0.0,0.0,0.0,False
2026-06-17 08:25:00,28.7,28.905450062717446,28.709494576658354,29.101405548776537,True,1,5,28.709494576658354,47.98,47.63253363876897,45.96460277376072,49.30046450377722,False,0,5,47.98,7.364599232887838,9.21034037197618,False,0,361,362.0986093627234,357.0015335560091,367.19568516943764,False,0,5,361.0,0.009494576658354958,0.0,0.0,True
2026-06-17 08:30:00,29.0,28.976694738335592,28.7807392522765,29.172650224394683,False,0,5,29.0,47.78,47.55977220678661,45.89184134177836,49.22770307179486,False,0,5,47.78,0.23278974784917694,9.21034037197618,False,0,359,361.0631038999682,355.96602809325395,366.16017970668247,False,0,5,359.0,0.0,0.0,0.0,False
2026-06-17 08:35:00,29.35,29.288697298074286,29.092741812015195,29.484652784133377,False,0,5,29.35,47.38,47.325735106350606,45.657804241342355,48.99366597135886,False,0,5,47.38,0.6767574719987852,9.21034037197618,False,0,360,359.2777463909996,354.18067058428534,364.37482219771385,False,0,5,360.0,0.0,0.0,0.0,False
2026-06-17 08:40:00,29.63,29.641484233524594,29.445528747465502,29.837439719583685,False,0,5,29.63,47.35,46.89396341980556,45.22603255479731,48.56189428481381,False,0,5,47.35,0.5024996768825498,9.21034037197618,False,0,363,360.1885529054983,355.091477098784,365.28562871221254,False,0,5,363.0,0.0,0.0,0.0,False
2026-06-17 08:45:00,30.0,29.83449276660494,29.638537280545847,30.03044825266403,True,1,5,29.983486157674903,46.98,46.971116806809356,45.303185941801104,48.63904767181761,False,0,5,46.98,3.880485647435213,9.21034037197618,False,0,365,363.0907989035392,357.99372309682497,368.1878747102535,False,0,5,365.0,-0.01651384232509656,0.0,0.0,True
2026-06-17 08:50:00,30.25,30.19167508036024,29.99571959430115,30.387630566419332,False,0,5,30.25,46.3,46.557084247728724,44.88915338272047,48.225015112736976,False,0,5,46.3,0.6912650772777187,9.21034037197618,False,0,363,365.086940808999,359.9898650022847,370.18401661571323,False,0,5,363.0,0.0,0.0,0.0,False
2026-06-17 08:55:00,30.5,30.40084160229299,30.204886116233897,30.59679708835208,False,0,5,30.5,46.15,46.01461323990786,44.34668237489961,47.68254410491611,False,0,5,46.15,1.8156919283463688,9.21034037197618,False,0,362,362.83976289036764,357.7426870836534,367.9368386970819,False,0,5,362.0,0.0,0.0,0.0,False
2026-06-17 09:00:00,30.75,30.621923230855078,30.425967744795987,30.81787871691417,False,0,5,30.75,46.0,45.976222700390075,44.30829183538182,47.64415356539833,False,0,5,46.0,2.877165162206516,9.21034037197618,False,0,365,361.8574899794819,356.76041417276764,366.95456578619616,False,0,5,365.0,0.0,0.0,0.0,False
2026-06-17 09:05:00,30.9,30.886237204995652,30.69028171893656,31.082192691054743,False,0,5,30.9,45.15,45.830361890927506,44.162431025919254,47.49829275593576,False,0,5,45.15,1.109716340300304,9.21034037197618,False,0,367,364.9135539619579,359.81647815524366,370.0106297686722,False,0,5,367.0,0.0,0.0,0.0,False
2026-06-17 09:10:00,31.0,31.060622215865372,30.86466672980628,31.256577701924463,False,0,5,31.0,44.9,44.98675638003133,43.31882551502308,46.65468724503958,False,0,5,44.9,0.681274140232522,9.21034037197618,False,0,366,366.8909125844763,361.79383677776207,371.9879883911906,False,0,5,366.0,0.0,0.0,0.0,False
2026-06-17 09:15:00,31.2,31.161472410536625,30.965516924477534,31.357427896595716,False,0,5,31.2,44.7,44.713959469023564,43.04602860401531,46.381890334031816,False,0,5,44.7,0.2573525308429101,9.21034037197618,False,0,368,365.9297032240744,360.83262741736013,371.02677903078865,False,0,5,368.0,0.0,0.0,0.0,False
2026-06-17 09:20:00,31.3,31.35211478748404,31.15615930142495,31.548070273543132,False,0,5,31.3,44.45,44.52658630956179,42.85865544455354,46.194517174570045,False,0,5,44.45,0.504638170643028,9.21034037197618,False,0,366,367.85456182632174,362.7574860196075,372.951637633036,False,0,5,366.0,0.0,0.0,0.0,False
2026-06-17 09:25:00,31.43,31.457263026147118,31.261307540088026,31.65321851220621,False,0,5,31.43,44.6,44.25702590123871,42.58909503623046,45.924956766246964,False,0,5,44.6,0.3746317239993342,9.21034037197618,False,0,367,365.79375965953153,360.6966838528173,370.8908354662458,False,0,5,367.0,0.0,0.0,0.0,False
2026-06-17 09:30:00,31.6,31.566821588265057,31.370866102205966,31.76277707432415,False,0,5,31.6,44.02,44.418292711910105,42.75036184690185,46.08622357691836,False,0,5,44.02,0.5199183102172118,9.21034037197618,False,0,365,366.85418439833046,361.7571085916162,371.9512602050447,False,0,5,365.0,0.0,0.0,0.0,False
2026-06-17 09:35:00,31.8,31.778126200526778,31.582170714467686,31.97408168658587,False,0,5,31.8,43.9,43.80829156644005,42.140360701431796,45.4762224314483,False,0,5,43.9,0.11203982116874721,9.21034037197618,False,0,367,365.0338309884812,359.93675518176696,370.1309067951955,False,0,5,367.0,0.0,0.0,0.0,False
2026-06-17 09:40:00,32.0,31.969204794558742,31.77324930849965,32.16516028061783,False,0,5,32.0,43.87,43.70699387172576,42.039063006717505,45.37492473673401,False,0,5,43.87,0.250222387812839,9.21034037197618,False,0,364,366.9303386466424,361.8332628399281,372.02741445335664,False,0,5,364.0,0.0,0.0,0.0,False
2026-06-17 09:45:00,32.2,32.193656616429024,31.997701130369933,32.389612102488115,False,0,5,32.2,43.7,43.604602233842854,41.9366713688346,45.272533098851106,False,0,5,43.7,0.031441586586345986,9.21034037197618,False,0,364,363.9902797729194,358.89320396620514,369.08735557963365,False,0,5,364.0,0.0,0.0,0.0,False
2026-06-17 09:50:00,32.5,32.411022492813345,32.21506700675425,32.606977978872436,False,0,5,32.5,43.5,43.39341887053312,41.725488005524866,45.06134973554137,False,0,5,43.5,1.4483358474503978,9.21034037197618,False,0,362,364.1938308697737,359.09675506305945,369.29090667648796,False,0,5,362.0,0.0,0.0,0.0,False
2026-06-17 09:55:00,32.7,32.67885269567524,32.48289720961615,32.87480818173433,False,0,5,32.7,42.67,43.25347216539167,41.58554130038342,44.92140303039992,False,0,5,42.67,0.8474448691827784,9.21034037197618,False,0,364,362.1864256736237,357.08934986690946,367.283501480338,False,0,5,364.0,0.0,0.0,0.0,False
2026-06-17 10:00:00,32.9,32.91124381669631,32.71528833063722,33.107199302755404,False,0,4,32.9,42.4,42.39684450050899,40.72891363550074,44.06477536551724,False,0,4,42.4,0.021945103867593605,9.21034037197618,False,0,363,364.0789309443101,358.98185513759586,369.1760067510244,False,0,4,363.0,0.0,0.0,0.0,False
2026-06-17 10:05:00,33.1,33.045898314272314,32.84994282821322,33.241853800331405,False,0,4,33.1,42.5,42.2304168741201,40.56248600911185,43.898347739128354,False,0,4,42.5,0.7460627844496281,9.21034037197618,False,0,362,362.9472762410499,357.85020043433565,368.04435204776416,False,0,4,362.0,0.0,0.0,0.0,False
2026-06-17 10:10:00,33.2,33.27774608743121,33.08179060137212,33.4737015734903,False,0,4,33.2,41.97,42.29013963544337,40.622208770435115,43.95807050045162,False,0,4,41.97,1.4044834709317884,9.21034037197618,False,0,362,362.13559451837733,357.0385187116631,367.2326703250916,False,0,4,362.0,0.0,0.0,0.0,False
2026-06-17 10:15:00,33.37,33.36425059117483,33.16829510511574,33.56020607723392,False,0,4,33.37,41.77,41.78203369069883,40.11410282569058,43.44996455570708,False,0,4,41.77,0.005833830729314057,9.21034037197618,False,0,362,362.0555390877146,356.9584632810003,367.15261489442884,False,0,4,362.0,0.0,0.0,0.0,False
2026-06-17 10:20:00,33.6,33.49587892675779,33.2999234406987,33.69183441281688,False,0,4,33.6,41.22,41.64528417042639,39.97735330541814,43.313215035434645,False,0,4,41.22,2.1457222103334823,9.21034037197618,False,0,362,362.0383847194291,356.9413089127148,367.13546052614333,False,0,4,362.0,0.0,0.0,0.0,False
2026-06-17 10:25:00,33.72,33.810198176766264,33.61424269070717,34.006153662825355,False,0,4,33.72,41.62,41.00357605999813,39.33564519498988,42.67150692500638,False,0,4,41.62,2.10657039041013,9.21034037197618,False,0,358,362.0271483018679,356.93007249515364,367.12422410858215,False,0,4,358.0,0.0,0.0,0.0,False
2026-06-17 10:30:00,34.0,33.94349941774509,33.747543931685996,34.13945490380418,False,0,4,34.0,41.22,41.35793268374773,39.690001818739475,43.02586354875598,False,0,4,41.22,0.5709612546471661,9.21034037197618,False,0,359,358.25638908911924,353.159313282405,363.3534648958335,False,0,4,359.0,0.0,0.0,0.0,False
2026-06-17 10:35:00,34.43,34.423670074163155,34.227714588104064,34.61962556022225,False,0,4,34.43,41.15,40.64276210861052,38.97483124360227,42.31069297361877,False,0,4,41.15,0.6400893119849648,9.21034037197618,False,0,362,359.6636277005789,354.56655189386464,364.76070350729316,False,0,4,362.0,0.0,0.0,0.0,False
2026-06-17 10:40:00,34.92,34.900148171308054,34.70419268524896,35.096103657367145,False,0,4,34.92,41.1,40.51151856819898,38.84358770319073,42.17944943320723,False,0,4,41.1,0.9512436508505521,9.21034037197618,False,0,362,362.6931309480216,357.5960551413073,367.79020675473583,False,0,4,362.0,0.0,0.0,0.0,False
2026-06-17 10:45:00,35.4,35.282410032083796,35.086454546024704,35.47836551814289,False,0,4,35.4,40.1,40.53947417192328,38.87154330691503,42.20740503693153,False,0,4,40.1,2.6660663668431543,9.21034037197618,False,0,364,362.6939624674981,357.59688666078387,367.7910382742124,False,0,4,364.0,0.0,0.0,0.0,False
2026-06-17 10:50:00,35.82,35.72146902980754,35.525513543748445,35.91742451586663,False,0,4,35.82,39.43,39.62258538346831,37.95465451846006,41.290516248476564,False,0,4,39.43,1.705804436503313,9.21034037197618,False,0,363,364.41020533686793,359.3131295301537,369.5072811435822,False,0,4,363.0,0.0,0.0,0.0,False
2026-06-17 10:55:00,36.2,36.13364604853554,35.93769056247645,36.32960153459463,False,0,4,36.2,38.1,39.012925376811545,37.34499451180329,40.6808562418198,False,0,4,38.1,2.526983898016769,9.21034037197618,False,0,361,363.55409991281397,358.4570241060997,368.6511757195282,False,0,4,361.0,0.0,0.0,0.0,False
2026-06-17 11:00:00,36.45,36.45,36.2446897125495,36.655310287450504,False,0,5,36.45,38.03,38.03,36.18431483746571,39.87568516253429,False,0,5,38.03,0.0,9.21034037197618,False,0,364,,,,False,0,4,364.0,0.0,0.0,0.0,False
2026-06-17 11:05:00,36.8,36.71438050890273,36.50907022145223,36.91969079635323,False,0,5,36.8,37.75,37.707518260229946,35.86183309769566,39.553203422764234,False,0,5,37.75,1.1863515925616783,9.21034037197618,False,0,363,364.1976578610578,359.2539110636883,369.1414046584273,False,0,5,363.0,0.0,0.0,0.0,False
2026-06-17 11:10:00,37.2,37.060177521513744,36.85486723406324,37.265487808964245,False,0,5,37.2,37.63,37.51549372188424,35.66980855934995,39.36117888441853,False,0,5,37.63,3.205218755599227,9.21034037197618,False,0,361,363.23048020312893,358.28673340575943,368.17422700049843,False,0,5,361.0,0.0,0.0,0.0,False
2026-06-17 11:15:00,37.6,37.456921692305094,37.25161140485459,37.662231979755596,False,0,5,37.6,37.53,37.3443103642885,35.498625201754216,39.18999552682279,False,0,5,37.53,3.4359233885585034,9.21034037197618,False,0,360,361.24127414513987,356.29752734777037,366.18502094250937,False,0,5,360.0,0.0,0.0,0.0,False
2026-06-17 11:20:00,38.1,37.9064385222753,37.7011282348248,38.1117488097258,True,1,5,38.0957962542412,37.53,37.12959198018365,35.28390681764936,38.975277142717935,False,0,5,37.53,6.33104443470144,9.21034037197618,False,0,359,360.25918471513177,355.31543791776227,365.20293151250127,False,0,5,359.0,-0.004203745758800892,0.0,0.0,True
2026-06-17 11:25:00,38.6,38.35537714852942,38.15006686107892,38.56068743597992,True,2,5,38.56068743597992,37.85,37.13784603080345,35.292160868269164,38.98353119333774,False,0,5,37.85,8.570059156602685,9.21034037197618,True,1,364,359.2764371093743,354.3326903120048,364.2201839067438,False,0,5,364.0,-0.03931256402007932,0.0,0.0,True
2026-06-17 11:30:00,39.07,38.83077085900699,38.62546057155649,39.03608114645749,True,2,5,39.03608114645749,36.1,37.39775588544795,35.55207072291366,39.24344104798224,False,0,5,36.1,10.651745336097884,9.21034037197618,True,2,363,364.3513906841186,359.4076438867491,369.2951374814881,False,0,5,363.0,-0.03391885354250945,0.0,0.0,True
2026-06-17 11:35:00,39.5,39.30204516310132,39.09673487565082,39.50735545055182,False,0,5,39.5,36.4,35.75080607991833,33.90512091738404,37.596491242452615,False,0,5,36.4,7.585144621434245,9.21034037197618,False,0,364,363.2067552964123,358.2630084990428,368.1505020937818,False,0,5,364.0,0.0,0.0,0.0,False
2026-06-17 11:40:00,39.9,39.724761492444756,39.519451204994255,39.93007177989526,False,0,5,39.9,36.6,36.05865194995112,34.21296678741683,37.90433711248541,False,0,5,36.6,5.847651025099264,9.21034037197618,False,0,367,364.1687309729785,359.224984175609,369.112477770348,False,0,5,367.0,0.0,0.0,0.0,False
2026-06-17 11:45:00,40.3,40.14055341924736,39.93524313179686,40.34586370669786,False,0,5,40.3,34.37,36.18144548079426,34.33576031825997,38.02713064332855,True,2,5,34.48742269709136,8.643560191243196,9.21034037197618,True,1,367,367.32539922354306,362.38165242617356,372.26914602091256,False,0,5,367.0,0.0,0.11742269709136366,0.0,True
2026-06-17 11:50:00,40.7,40.543893248078206,40.338582960627704,40.74920353552871,False,0,5,40.7,33.87,34.09286231882547,32.24717715629118,35.938547481359755,False,0,5,33.87,3.844481754510088,9.21034037197618,False,0,368,367.1532748596845,362.209528062315,372.097021657054,False,0,5,368.0,0.0,0.0,0.0,False
2026-06-17 11:55:00,40.9,40.86100352488064,40.655693237430135,41.06631381233114,False,0,5,40.9,32.87,33.636284674948236,31.79059951241395,35.481969837482524,False,0,5,32.87,1.282272170699712,9.21034037197618,False,0,366,368.17522689123587,363.23148009386637,373.11897368860537,False,0,5,366.0,0.0,0.0,0.0,False
2026-06-17 12:00:00,41.1,41.04693519975618,40.841624912305676,41.25224548720668,False,0,5,41.1,32.4,32.76236181039369,30.916676647859408,34.60804697292798,False,0,5,32.4,0.6317269403282756,9.21034037197618,False,0,370,366.1755567475281,361.2318099501586,371.1193035448976,False,0,5,370.0,0.0,0.0,0.0,False
2026-06-17 12:05:00,41.2,41.26505203110966,41.05974174365916,41.47036231856016,False,0,5,41.2,32.1,32.28634712885284,30.440661966318554,34.13203229138713,False,0,5,32.1,0.7909104360807456,9.21034037197618,False,0,369,369.94520978105925,365.00146298368975,374.88895657842875,False,0,5,369.0,0.0,0.0,0.0,False
2026-06-17 12:10:00,41.2,41.337416603034896,41.132106315584394,41.5427268904854,False,0,5,41.2,31.62,32.049220504694816,30.20353534216053,33.894905667229104,False,0,5,31.62,3.606338356873733,9.21034037197618,False,0,369,368.9598815003214,364.0161347029519,373.9036282976909,False,0,5,369.0,0.0,0.0,0.0,False
2026-06-17 12:15:00,41.3,41.397197148771404,41.1918868613209,41.602507436221906,False,0,5,41.3,31.9,31.52583872421945,29.680153561685167,33.371523886753735,False,0,5,31.9,1.6380365282511375,9.21034037197618,False,0,370,368.91133561935976,363.96758882199026,373.85508241672926,False,0,5,370.0,0.0,0.0,0.0,False
2026-06-17 12:20:00,41.5,41.47181695073031,41.266506663279806,41.67712723818081,False,0,5,41.5,31.72,31.744666597799135,29.89898143526485,33.59035176033342,False,0,5,31.72,0.1250480819314848,9.21034037197618,False,0,370,370.0401319731186,365.0963851757491,374.9838787704881,False,0,5,370.0,0.0,0.0,0.0,False
2026-06-17 12:25:00,41.6,41.69013974589257,41.48482945844207,41.895450033343074,False,0,5,41.6,30.95,31.53353597595983,29.687850813425545,33.37922113849412,False,0,5,30.95,2.174629922728708,9.21034037197618,False,0,368,369.9849446685134,365.0411978711439,374.9286914658829,False,0,5,368.0,0.0,0.0,0.0,False
2026-06-17 12:30:00,41.7,41.781691889131004,41.5763816016805,41.987002176581505,False,0,5,41.7,31.4,30.816289084804925,28.97060392227064,32.66197424733921,False,0,5,31.4,1.5470552598029124,9.21034037197618,False,0,370,367.89474764879765,362.95100085142815,372.83849444616715,False,0,5,370.0,0.0,0.0,0.0,False
2026-06-17 12:35:00,41.8,41.90331228798084,41.69800200053034,42.10862257543134,False,0,5,41.8,30.72,31.1959319859735,29.350246823439214,33.04161714850778,False,0,5,30.72,2.3423802773021367,9.21034037197618,False,0,373,369.92778487098434,364.98403807361484,374.87153166835384,False,0,5,373.0,0.0,0.0,0.0,False
2026-06-17 12:40:00,41.8,41.96828805192967,41.76297776447917,42.17359833938017,False,0,5,41.8,31.17,30.460050975601636,28.61436581306735,32.30573613813592,False,0,5,31.17,5.03547816802652,9.21034037197618,False,0,374,372.83652834962624,367.89278155225674,377.78027514699573,False,0,5,374.0,0.0,0.0,0.0,False
2026-06-17 12:45:00,41.8,42.03399064534203,41.82868035789153,42.23930093279253,True,3,5,41.82868035789153,31.17,30.78977734480655,28.944092182272264,32.63546250734083,False,0,5,31.17,7.324914175282048,9.21034037197618,False,0,370,373.7721368325439,368.8283900351744,378.7158836299134,False,0,5,370.0,0.028680357891531116,0.0,0.0,True
2026-06-17 12:50:00,41.8,42.02595408427632,41.82064379682582,42.23126437172682,True,3,5,41.82212674510398,30.1,30.795588220881392,28.949903058347108,32.64127338341568,False,0,5,30.1,8.136733346167864,9.21034037197618,True,1,370,369.9428965622875,364.999149764918,374.886643359657,False,0,5,370.0,0.02212674510398216,0.0,0.0,True
2026-06-17 12:55:00,41.9,41.97304222457598,41.767731937125475,42.17835251202648,False,0,5,41.9,30.52,29.81649289790858,27.970807735374297,31.662178060442866,False,0,5,30.52,1.6232195250616668,9.21034037197618,False,0,371,369.98979396560117,365.04604716823167,374.93354076297067,False,0,5,371.0,0.0,0.0,0.0,False
2026-06-17 13:00:00,41.8,42.170252875540946,41.964942588090445,42.37556316299145,True,1,5,41.97819064506774,29.28,30.061213132460328,28.215527969926043,31.906898294994612,False,0,5,29.28,7.676428576164468,9.21034037197618,True,1,370,370.98795577705863,366.04420897968913,375.93170257442813,False,0,5,370.0,0.17819064506774396,0.0,0.0,True
2026-06-17 13:05:00,41.8,41.895571515833936,41.690261228383434,42.10088180328444,False,0,5,41.8,29.65,29.35866945416694,27.512984291632655,31.204354616701224,False,0,5,29.65,1.5130880948240704,9.21034037197618,False,0,372,369.73356608499085,364.78981928762136,374.67731288236035,False,0,5,372.0,0.0,0.0,0.0,False
2026-06-17 13:10:00,41.8,41.78244610971308,41.577135822262576,41.98775639716358,False,0,5,41.8,29.58,29.617982005482876,27.77229684294859,31.46366716801716,False,0,5,29.58,0.04932126673725735,9.21034037197618,False,0,374,371.8097252651364,366.8659784677669,376.7534720625059,False,0,5,374.0,0.0,0.0,0.0,False
2026-06-17 13:15:00,41.8,41.76023865597523,41.55492836852473,41.96554894342573,False,0,5,41.8,29.33,29.52713016290699,27.681445000372705,31.372815325441273,False,0,5,29.33,0.2976250030429849,9.21034037197618,False,0,373,373.74199037294596,368.79824357557646,378.68573717031546,False,0,5,373.0,0.0,0.0,0.0,False
2026-06-17 13:20:00,41.75,41.71892450286556,41.51361421541506,41.92423479031606,False,0,5,41.75,29.3,29.418265538186795,27.57258037565251,31.26395070072108,False,0,5,29.3,0.16696660544538405,9.21034037197618,False,0,370,372.83143773546146,367.88769093809196,377.77518453283096,False,0,5,370.0,0.0,0.0,0.0,False
2026-06-17 13:25:00,41.8,41.69711621593756,41.49180592848706,41.902426503388064,False,0,5,41.8,29.0,29.386739231423576,27.54105406888929,31.23242439395786,False,0,5,29.0,1.8247259321978402,9.21034037197618,False,0,371,369.9182919374779,364.9745451401084,374.8620387348474,False,0,5,371.0,0.0,0.0,0.0,False
2026-06-17 13:30:00,41.8,41.74923954762063,41.54392926017013,41.954549835071134,False,0,5,41.8,29.1,29.052706824976948,27.207021662442664,30.898391987511232,False,0,5,29.1,0.42458194409276223,9.21034037197618,False,0,370,370.80561387043156,365.86186707306206,375.74936066780106,False,0,5,370.0,0.0,0.0,0.0,False
2026-06-17 13:35:00,41.8,41.841729705619976,41.636419418169474,42.04703999307048,False,0,5,41.8,28.68,29.0749164894743,27.229231326940017,30.920601652008585,False,0,5,28.68,0.6503097867112928,9.21034037197618,False,0,372,369.8905185062048,364.9467717088353,374.8342653035743,False,0,5,372.0,0.0,0.0,0.0,False
2026-06-17 13:40:00,41.8,42.069515459777406,41.864205172326905,42.27482574722791,True,2,5,41.870063053852036,28.7,28.300096911760612,26.454411749226328,30.145782074294896,False,0,5,28.7,6.340514054889296,9.21034037197618,True,1,371,371.830136570186,366.8863897728165,376.7738833675555,False,0,5,371.0,0.07006305385203859,0.0,0.0,True
2026-06-17 13:45:00,41.9,42.12102923978498,41.91571895233448,42.32633952723548,True,3,5,41.91571895233448,28.7,28.315308209800445,26.46962304726616,30.16099337233473,False,0,5,28.7,7.408380714105635,9.21034037197618,False,0,371,370.8413542630465,365.897607465677,375.785101060416,False,0,5,371.0,0.015718952334481173,0.0,0.0,True
2026-06-17 13:50:00,41.98,42.200261993603384,41.99495170615288,42.405572281053885,True,4,5,41.99495170615288,28.53,28.217914977415013,26.37222981488073,30.063600139949298,False,0,5,28.53,6.778677561971611,9.21034037197618,False,0,372,370.8826186197749,365.9388718224054,375.8263654171444,False,0,5,372.0,0.014951706152885436,0.0,0.0,True
2026-06-17 13:55:00,42.1,41.91202009286846,41.70670980541796,42.11733038031896,True,1,5,42.0716641268047,27.9,28.48135937842448,26.635674215890194,30.327044540958763,False,0,5,27.9,4.361649212198738,9.21034037197618,False,0,370,371.8421324957807,366.8983856984112,376.7858792931502,False,0,5,370.0,-0.028335873195302952,0.0,0.0,True
2026-06-17 14:00:00,42.1,42.10221662780753,41.89690634035703,42.30752691525803,False,0,5,42.1,28.8,27.752179520079892,25.906494357545608,29.597864682614176,False,0,5,28.8,2.156951679295177,9.21034037197618,False,0,372,369.736597310335,364.7928505129655,374.6803441077045,False,0,5,372.0,0.0,0.0,0.0,False
2026-06-17 14:05:00,42.0,42.040542000555114,41.83523171310461,42.245852288005615,False,0,5,42.0,27.48,28.714463944095247,26.868778781560962,30.56014910662953,False,0,5,27.48,3.4653743154197896,9.21034037197618,False,0,373,371.8421996104114,366.8984528130419,376.7859464077809,False,0,5,373.0,0.0,0.0,0.0,False
2026-06-17 14:10:00,41.9,41.95906190178096,41.75375161433046,42.164372189231464,False,0,5,41.9,27.98,27.450636942712677,25.604951780178393,29.29632210524696,False,0,5,27.98,0.9850016492124538,9.21034037197618,False,0,372,372.62824832868,367.6845015313105,377.5719951260495,False,0,5,372.0,0.0,0.0,0.0,False
2026-06-17 14:15:00,41.9,41.841201618626066,41.635891331175564,42.04651190607657,False,0,5,41.9,27.9,27.898286095887855,26.05260093335357,29.74397125842214,False,0,5,27.9,0.551440067956141,9.21034037197618,False,0,372,371.83414868722843,366.89040188985894,376.77789548459793,False,0,5,372.0,0.0,0.0,0.0,False
2026-06-17 14:20:00,41.8,41.8163265524581,41.6110162650076,42.0216368399086,False,0,5,41.8,27.7,27.88018934561357,26.034504183079285,29.725874508147854,False,0,5,27.7,0.11815437938332482,9.21034037197618,False,0,372,371.7728241642219,366.8290773668524,376.7165709615914,False,0,5,372.0,0.0,0.0,0.0,False
2026-06-17 14:25:00,41.8,41.77391972068907,41.56860943323857,41.979230008139574,False,0,5,41.8,27.38,27.704364850173764,25.85867968763948,29.55005001270805,False,0,5,27.38,0.28245687486589643,9.21034037197618,False,0,374,371.8430615305755,366.899314733206,376.786808327945,False,0,5,374.0,0.0,0.0,0.0,False
2026-06-17 14:30:00,41.9,41.7230159751373,41.5177056876868,41.9283262625878,False,0,5,41.9,27.83,27.473732867857837,25.628047705323553,29.31941803039212,False,0,5,27.83,5.492185007623991,9.21034037197618,False,0,371,373.8268697599753,368.8831229626058,378.7706165573448,False,0,5,371.0,0.0,0.0,0.0,False
2026-06-17 14:35:00,42.17,42.183213085517934,41.97790279806743,42.388523372968436,False,0,5,42.17,27.8,27.429892181233654,25.58420701869937,29.27557734376794,False,0,5,27.8,0.2786402204163228,9.21034037197618,False,0,371,371.0256275508633,366.0818807534938,375.9693743482328,False,0,5,371.0,0.0,0.0,0.0,False
2026-06-17 14:40:00,42.4,42.38158430113773,42.17627401368723,42.58689458858823,False,0,5,42.4,27.43,27.410935252448695,25.56525008991441,29.25662041498298,False,0,5,27.43,0.05615905174650193,9.21034037197618,False,0,371,371.01682747738016,366.07308068001066,375.96057427474966,False,0,5,371.0,0.0,0.0,0.0,False
2026-06-17 14:45:00,42.6,42.45561009892975,42.25029981147925,42.660920386380255,False,0,5,42.6,27.7,27.28469545949364,25.439010296959356,29.130380622027925,False,0,5,27.7,3.90026262653603,9.21034037197618,False,0,371,371.0667525308064,366.1230057334369,376.0104993281759,False,0,5,371.0,0.0,0.0,0.0,False
2026-06-17 14:50:00,42.7,42.778871968309645,42.57356168085914,42.984182255760146,False,0,5,42.7,26.43,27.266676996173373,25.42099183363909,29.112362158707658,False,0,5,26.43,2.633097038928617,9.21034037197618,False,0,373,371.0420912868087,366.0983444894392,375.9858380841782,False,0,5,373.0,0.0,0.0,0.0,False
2026-06-17 14:55:00,42.8,42.8114051707065,42.606094883256,43.016715458157,False,0,5,42.8,27.35,26.19140683495644,24.345721672422155,28.037091997490723,False,0,5,27.35,2.6158580614778373,9.21034037197618,False,0,371,372.8958916551908,367.9521448578213,377.8396384525603,False,0,5,371.0,0.0,0.0,0.0,False
2026-06-17 15:00:00,43.0,42.91134638163498,42.706036094184476,43.11665666908548,False,0,4,43.0,26.23,27.137836141723728,25.292150979189444,28.983521304258012,False,0,4,26.23,2.559821914463794,9.21034037197618,False,0,373,371.09301752569985,366.14927072833035,376.03676432306935,False,0,4,373.0,0.0,0.0,0.0,False
2026-06-17 15:05:00,42.83,43.03322808895212,42.82791780150162,43.23853837640262,True,2,4,42.877204193849195,26.48,26.208930423578575,24.36324526104429,28.05461558611286,False,0,4,26.48,3.8576468962169406,9.21034037197618,False,0,373,372.85268317502266,367.90893637765316,377.79642997239216,False,0,4,373.0,0.04720419384919694,0.0,0.0,True
2026-06-17 15:10:00,42.8,42.96883765749527,42.76352737004477,43.17414794494577,False,0,4,42.8,26.45,26.31741940517342,24.471734242639137,28.163104567707705,False,0,4,26.45,4.4896084031978205,9.21034037197618,False,0,372,372.8420391959521,367.8982923985826,377.7857859933216,False,0,4,372.0,0.0,0.0,0.0,False
2026-06-17 15:15:00,42.8,42.64866234910377,42.44335206165327,42.853972636554275,False,0,4,42.8,26.9,26.60662866528988,24.760943502755595,28.452313827824163,False,0,4,26.9,3.9957529352913803,9.21034037197618,False,0,371,371.71250507230553,366.76875827493603,376.65625186967503,False,0,4,371.0,0.0,0.0,0.0,False
2026-06-17 15:20:00,42.7,42.597081546469305,42.3917712590188,42.802391833919806,False,0,4,42.7,26.9,27.142435677947713,25.29675051541343,28.988120840481997,False,0,4,26.9,1.7054839105008424,9.21034037197618,False,0,372,370.7372027927551,365.7934559953856,375.6809495901246,False,0,4,372.0,0.0,0.0,0.0,False
2026-06-17 15:25:00,42.5,42.43856070980532,42.23325042235482,42.643870997255824,False,0,4,42.5,27.08,27.27187113893876,25.426185976404476,29.117556301473044,False,0,4,27.08,0.6276310469325193,9.21034037197618,False,0,374,371.73730461937737,366.79355782200787,376.68105141674687,False,0,4,374.0,0.0,0.0,0.0,False
2026-06-17 15:30:00,42.3,42.348219318493534,42.14290903104303,42.553529605944036,False,0,4,42.3,27.48,27.303356656880577,25.457671494346293,29.14904181941486,False,0,4,27.48,0.3984405790112144,9.21034037197618,False,0,374,373.6688733569003,368.7251265595308,378.6126201542698,False,0,4,374.0,0.0,0.0,0.0,False
2026-06-17 15:35:00,42.25,42.192083240668495,41.986772953217994,42.397393528119,False,0,4,42.25,27.65,27.577979269420567,25.732294106886282,29.42366443195485,False,0,4,27.65,0.5613616502162756,9.21034037197618,False,0,374,373.7354549270359,368.7917081296664,378.6792017244054,False,0,4,374.0,0.0,0.0,0.0,False
2026-06-17 15:40:00,42.3,42.05961236145441,41.85430207400391,42.264922648904914,True,2,4,42.245094022979345,27.65,27.82482087572638,25.979135713192097,29.670506038260665,False,0,4,27.65,5.415447648307333,9.21034037197618,True,1,374,373.6980889119522,368.7543421145827,378.6418357093217,False,0,4,374.0,-0.054905977020652585,0.0,0.0,True
2026-06-17 15:45:00,42.2,42.0444719159831,41.8391616285326,42.249782203433604,False,0,4,42.2,27.6,27.837851139966155,25.99216597743187,29.68353630250044,False,0,4,27.6,3.820649017528884,9.21034037197618,False,0,374,373.67542900465736,368.73168220728786,378.61917580202686,False,0,4,374.0,0.0,0.0,0.0,False
2026-06-17 15:50:00,42.1,41.9583133673817,41.7530030799312,42.1636236548322,False,0,4,42.1,28.1,27.90222800962277,26.056542847088487,29.747913172157055,False,0,4,28.1,3.387644738313761,9.21034037197618,False,0,371,373.65934386757004,368.71559707020054,378.60309066493954,False,0,4,371.0,0.0,0.0,0.0,False
2026-06-17 15:55:00,41.9,41.98185321476653,41.77654292731603,42.18716350221703,False,0,4,41.9,27.93,28.21915623838089,26.373471075846606,30.064841400915174,False,0,4,27.93,1.3263805522159433,9.21034037197618,False,0,374,370.7075106135754,365.7637638162059,375.6512574109449,False,0,4,374.0,0.0,0.0,0.0,False
2026-06-17 16:00:00,41.8,41.8,41.61121178709526,41.98878821290474,False,0,5,41.8,28.03,28.03,26.138217269618657,29.921782730381345,False,0,5,28.03,0.0,9.21034037197618,False,0,372,,,,False,0,4,372.0,0.0,0.0,0.0,False
2026-06-17 16:05:00,41.6,41.536287080222486,41.347498867317746,41.725075293127226,False,0,5,41.6,28.23,28.442481284171354,26.55069855379001,30.334264014552698,False,0,5,28.23,0.7959387439543802,9.21034037197618,False,0,373,371.5489894237777,366.6335165213244,376.464462326231,False,0,5,373.0,0.0,0.0,0.0,False
2026-06-17 16:10:00,41.3,41.327437636223,41.13864942331826,41.51622584912774,False,0,5,41.3,28.68,28.635469417167833,26.74368668678649,30.527252147549177,False,0,5,28.68,0.14063357223123965,9.21034037197618,False,0,369,372.37943743779203,367.46396453533873,377.29491034024534,False,0,5,369.0,0.0,0.0,0.0,False
2026-06-17 16:15:00,41.1,41.0366227900304,40.84783457712566,41.22541100293514,False,0,5,41.1,28.8,29.050551185085727,27.158768454704383,30.94233391546707,False,0,5,28.8,0.8118648420609522,9.21034037197618,False,0,372,368.56232590860077,363.64685300614747,373.4777988110541,False,0,5,372.0,0.0,0.0,0.0,False
2026-06-17 16:20:00,40.9,40.86821905618425,40.67943084327951,41.05700726908899,False,0,5,40.9,29.28,29.150305954412644,27.2585232240313,31.04208868479399,False,0,5,29.28,0.23755233589393926,9.21034037197618,False,0,370,371.5154371434564,366.5999642410031,376.4309100459097,False,0,5,370.0,0.0,0.0,0.0,False
2026-06-17 16:25:00,40.7,40.70704450755785,40.51825629465311,40.89583272046259,False,0,5,40.7,29.43,29.57966219805187,27.687879467670527,31.471444928433215,False,0,5,29.43,0.05539828613918313,9.21034037197618,False,0,368,369.536759110421,364.62128620796767,374.4522320128743,False,0,5,368.0,0.0,0.0,0.0,False
2026-06-17 16:30:00,40.4,40.499827767421145,40.311039554516405,40.688615980325885,False,0,5,40.4,29.8,29.720181512681194,27.82839878229985,31.611964243062538,False,0,5,29.8,1.8562154441241243,9.21034037197618,False,0,365,367.48578965953396,362.57031675708066,372.40126256198727,False,0,5,365.0,0.0,0.0,0.0,False
2026-06-17 16:35:00,40.2,40.16965940166119,39.98087118875645,40.35844761456593,False,0,5,40.2,30.12,30.076390458900736,28.184607728519392,31.96817318928208,False,0,5,30.12,0.1819090636997744,9.21034037197618,False,0,369,364.6589644651766,359.7434915627233,369.5744373676299,False,0,5,369.0,0.0,0.0,0.0,False
2026-06-17 16:40:00,39.9,39.967901666761335,39.779113453856596,40.156689879666075,False,0,5,39.9,30.42,30.37549299205179,28.483710261670446,32.26727572243313,False,0,5,30.42,0.8595535506220832,9.21034037197618,False,0,366,368.4853105156528,363.5698376131995,373.40078341810613,False,0,5,366.0,0.0,0.0,0.0,False
2026-06-17 16:45:00,39.63,39.59557673345037,39.40678852054563,39.78436494635511,False,0,5,39.63,30.72,30.944290762733026,29.052508032351682,32.83607349311437,False,0,5,30.72,0.2873019325742728,9.21034037197618,False,0,365,365.58779754494634,360.67232464249304,370.50327044739964,False,0,5,365.0,0.0,0.0,0.0,False
2026-06-17 16:50:00,39.47,39.35886405326202,39.17007584035728,39.54765226616676,False,0,5,39.47,31.0,31.210246716972822,29.31846398659148,33.10202944735416,False,0,5,31.0,2.316298762264516,9.21034037197618,False,0,364,364.7126724423399,359.7971995398866,369.6281453447932,False,0,5,364.0,0.0,0.0,0.0,False
2026-06-17 16:55:00,39.2,39.20830212103258,39.01951390812784,39.39709033393732,False,0,5,39.2,31.25,31.464419027791827,29.572636297410483,33.35620175817317,False,0,5,31.25,0.1060243985380485,9.21034037197618,False,0,365,363.60967108260473,358.69419818015143,368.52514398505804,False,0,5,365.0,0.0,0.0,0.0,False
2026-06-17 17:00:00,38.9,38.9573149628411,38.76852674993636,39.14610317574584,False,0,5,38.9,31.95,31.686931799945736,29.795149069564392,33.578714530327076,False,0,5,31.95,0.6893459454369792,9.21034037197618,False,0,365,364.58510938316516,359.66963648071186,369.50058228561846,False,0,5,365.0,0.0,0.0,0.0,False
2026-06-17 17:05:00,38.7,38.6751330401638,38.48634482725906,38.86392125306854,False,0,5,38.7,32.22,32.32656480227534,30.434782071894,34.218347532656686,False,0,5,32.22,0.127360420732838,9.21034037197618,False,0,361,364.69761690548063,359.7821440030273,369.61308980793393,False,0,5,361.0,0.0,0.0,0.0,False
2026-06-17 17:10:00,38.5,38.455316127416154,38.266527914511414,38.644104340320894,False,0,5,38.5,32.72,32.59140747648667,30.69962474610533,34.48319020686802,False,0,5,32.72,0.4289634975680156,9.21034037197618,False,0,364,360.75289895290047,355.83742605044716,365.66837185535377,False,0,5,364.0,0.0,0.0,0.0,False
2026-06-17 17:15:00,38.2,38.26202856047359,38.07324034756885,38.45081677337833,False,0,5,38.2,33.02,33.05049728144868,31.158714551067334,34.94228001183002,False,0,5,33.02,0.7330486573245887,9.21034037197618,False,0,361,363.58915205667864,358.67367915422534,368.50462495913195,False,0,5,361.0,0.0,0.0,0.0,False
2026-06-17 17:20:00,38.08,37.96392848603675,37.77514027313201,38.15271669894149,False,0,5,38.08,33.22,33.330288737222276,31.43850600684093,35.22207146760362,False,0,5,33.22,2.5082267627105317,9.21034037197618,False,0,364,360.85089782068724,355.93542491823393,365.76637072314054,False,0,5,364.0,0.0,0.0,0.0,False
2026-06-17 17:25:00,37.9,37.88155213094536,37.69276391804062,38.0703403438501,False,0,5,37.9,33.5,33.49515846240951,31.60337573202817,35.38694119279086,False,0,5,33.5,0.06442713219493168,9.21034037197618,False,0,365,363.74668079992074,358.83120789746744,368.66215370237404,False,0,5,365.0,0.0,0.0,0.0,False
2026-06-17 17:30:00,37.62,37.70888853597075,37.52010032306601,37.89767674887549,False,0,5,37.62,33.65,33.75175285313961,31.859970122758263,35.64353558352095,False,0,5,33.65,1.5411901304823277,9.21034037197618,False,0,362,364.62509341722176,359.70962051476846,369.54056631967507,False,0,5,362.0,0.0,0.0,0.0,False
2026-06-17 17:35:00,37.4,37.426859067993874,37.238070855089134,37.615647280898614,False,0,5,37.4,34.47,33.89563222304388,32.00384949266254,35.78741495342523,False,0,5,34.47,0.6941260662128944,9.21034037197618,False,0,359,361.74774192141086,356.83226901895756,366.66321482386417,False,0,5,359.0,0.0,0.0,0.0,False
2026-06-17 17:40:00,37.2,37.22475904344125,37.03597083053651,37.41354725634599,False,0,5,37.2,34.55,34.64408776562931,32.752305035247964,36.53587049601065,False,0,5,34.55,0.140967394460979,9.21034037197618,False,0,358,358.8238558985552,353.9083829961019,363.7393288010085,False,0,5,358.0,0.0,0.0,0.0,False
2026-06-17 17:45:00,37.0,37.03704544906793,36.84825723616319,37.22583366197267,False,0,5,37.0,35.43,34.71540639493362,32.82362366455228,36.60718912531497,False,0,5,35.43,1.112486573982145,9.21034037197618,False,0,359,357.8511379887095,352.9356650862562,362.7666108911628,False,0,5,359.0,0.0,0.0,0.0,False
2026-06-17 17:50:00,36.72,36.75834890201489,36.56956068911015,36.94713711491963,False,0,5,36.72,35.45,35.82202611276798,33.930243382386635,37.71380884314932,False,0,5,35.45,0.5913899056499039,9.21034037197618,False,0,356,358.7362254826129,353.8207525801596,363.6516983850662,False,0,5,356.0,0.0,0.0,0.0,False
2026-06-17 17:55:00,36.58,36.49281400226807,36.30402578936333,36.68160221517281,False,0,5,36.58,35.73,35.83663593306902,33.944853202687675,37.72841866345036,False,0,5,35.73,1.4155764159223343,9.21034037197618,False,0,359,355.9543812771404,351.0389083746871,360.8698541795937,False,0,5,359.0,0.0,0.0,0.0,False
2026-06-17 18:00:00,36.37,36.38813352925813,36.19934531635339,36.57692174216287,False,0,5,36.37,36.75,36.07599444536024,34.18421171497889,37.96777717574158,False,0,5,36.75,0.8657659838331114,9.21034037197618,False,0,358,358.82973603482264,353.91426313236934,363.74520893727595,False,0,5,358.0,0.0,0.0,0.0,False
2026-06-17 18:05:00,36.1,36.17613308709782,35.98734487419308,36.36492130000256,False,0,5,36.1,37.3,37.018835458280314,35.12705272789897,38.91061818866166,False,0,5,37.3,1.1557929324511569,9.21034037197618,False,0,357,357.7810184549609,352.86554555250757,362.6964913574142,False,0,5,357.0,0.0,0.0,0.0,False
2026-06-17 18:10:00,35.85,35.914711949592096,35.725923736687356,36.103500162496836,False,0,5,35.85,38.15,37.525779396519944,35.6339966661386,39.41756212690129,False,0,5,38.15,1.3615156490351503,9.21034037197618,False,0,359,356.82474538297544,351.90927248052213,361.74021828542874,False,0,5,359.0,0.0,0.0,0.0,False
2026-06-17 18:15:00,35.6,35.695529657183734,35.506741444278994,35.88431787008847,False,0,5,35.6,38.45,38.295498401867675,36.40371567148633,40.18728113224902,False,0,5,38.45,1.7046812459660436,9.21034037197618,False,0,359,358.78535128143915,353.86987837898585,363.70082418389245,False,0,5,359.0,0.0,0.0,0.0,False
2026-06-17 18:20:00,35.33,35.42621543722728,35.23742722432254,35.61500365013202,False,0,5,35.33,38.88,38.58791791931219,36.696135188930846,40.479700649693534,False,0,5,38.88,1.792824416071971,9.21034037197618,False,0,359,359.26051248423306,354.34503958177976,364.17598538668636,False,0,5,359.0,0.0,0.0,0.0,False
2026-06-17 18:25:00,35.2,35.17157839711404,34.9827901842093,35.36036661001878,False,0,5,35.2,39.03,39.226606653190245,37.3348239228089,41.11838938357159,False,0,5,39.03,0.20276594388404043,9.21034037197618,False,0,364,359.42570708082025,354.51023417836694,364.34117998327355,False,0,5,364.0,0.0,0.0,0.0,False
2026-06-17 18:30:00,34.9,35.03049524008567,34.84170702718093,35.21928345299041,False,0,5,34.9,40.67,39.37429024082459,37.48250751044325,41.266072971205936,False,0,5,40.67,5.694709657266602,9.21034037197618,False,0,361,364.13890970268943,359.22343680023613,369.05438260514273,False,0,5,361.0,0.0,0.0,0.0,False
2026-06-17 18:35:00,34.6,34.70575318269599,34.51696496979125,34.89454139560073,False,0,5,34.6,41.65,41.15117794838919,39.259395218007846,43.042960678770534,False,0,5,41.65,2.3661256936431765,9.21034037197618,False,0,363,361.1954523608165,356.2799794583632,366.1109252632698,False,0,5,363.0,0.0,0.0,0.0,False
2026-06-17 18:40:00,34.37,34.42825462103287,34.23946640812813,34.61704283393761,False,0,5,34.37,42.75,42.04678356772388,40.155000837342534,43.93856629810522,False,0,5,42.75,1.406392456167255,9.21034037197618,False,0,363,363.2403356104928,358.3248627080395,368.1558085129461,False,0,5,363.0,0.0,0.0,0.0,False
2026-06-17 18:45:00,34.1,34.191307670105594,34.002519457200854,34.380095883010334,False,0,5,34.1,44.55,43.31457424499427,41.422791514612925,45.20635697537561,False,0,5,44.55,3.991471983952348,9.21034037197618,False,0,362,363.20510728956583,358.2896343871125,368.12058019201913,False,0,5,362.0,0.0,0.0,0.0,False
2026-06-17 18:50:00,33.7,33.882654006766984,33.693865793862244,34.071442219671724,False,0,5,33.7,44.85,45.246586025299834,43.35480329491849,47.13836875568118,False,0,5,44.85,6.853219203562709,9.21034037197618,False,0,361,362.04562596415565,357.13015306170234,366.96109886660895,False,0,5,361.0,0.0,0.0,0.0,False
2026-06-17 18:55:00,33.4,33.529470661365075,33.340682448460335,33.718258874269814,False,0,5,33.4,46.5,45.50407838323661,43.612295652855266,47.395861113617954,False,0,5,46.5,4.5128512338155495,9.21034037197618,False,0,362,361.18777542889666,356.27230252644335,366.10324833134996,False,0,5,362.0,0.0,0.0,0.0,False
2026-06-17 19:00:00,33.1,33.172007285279385,32.983219072374645,33.360795498184125,False,0,5,33.1,48.43,47.30997360498481,45.41819087460347,49.201756335366156,False,0,5,48.43,3.013676134819826,9.21034037197618,False,0,361,362.13294465894467,357.21747175649136,367.04841756139797,False,0,5,361.0,0.0,0.0,0.0,False
2026-06-17 19:05:00,32.7,32.90946710480833,32.72067889190359,33.09825531771307,True,1,5,32.72067889190359,48.58,49.07101773784288,47.179235007461536,50.96280046822422,False,0,5,48.58,9.106564138722009,9.21034037197618,False,0,359,361.0769547485254,356.1614818460721,365.9924276509787,False,0,5,359.0,0.02067889190358585,0.0,0.0,True
2026-06-17 19:10:00,32.5,32.46179198453242,32.27300377162768,32.65058019743716,False,0,5,32.5,48.55,49.49196950769354,47.600186777312196,51.383752238074884,False,0,5,48.55,1.7978706464565664,9.21034037197618,False,0,362,359.2909467038746,354.3754738014213,364.2064196063279,False,0,5,362.0,0.0,0.0,0.0,False
2026-06-17 19:15:00,32.3,32.28693034426702,32.09814213136228,32.47571855717176,False,0,5,32.3,48.7,49.453832716821836,47.56204998644049,51.34561544720318,False,0,5,48.7,1.0588092497489054,9.21034037197618,False,0,359,362.2757400061898,357.3602671037365,367.1912129086431,False,0,5,359.0,0.0,0.0,0.0,False
2026-06-17 19:20:00,32.1,32.10989526399936,31.921107051094623,32.2986834769041,False,0,5,32.1,49.53,49.582738374361384,47.69095564398004,51.47452110474273,False,0,5,49.53,0.025659630045795377,9.21034037197618,False,0,361,359.3431666121243,354.427693709671,364.2586395145776,False,0,5,361.0,0.0,0.0,0.0,False
2026-06-17 19:25:00,31.9,31.939875943884466,31.751087730979727,32.128664156789206,False,0,5,31.9,49.85,50.33364442761722,48.44186169723588,52.22542715799857,False,0,5,49.85,0.8122988562735359,9.21034037197618,False,0,362,361.3035275936141,356.3880546911608,366.2190004960674,False,0,5,362.0,0.0,0.0,0.0,False
2026-06-17 19:30:00,31.7,31.714640018966445,31.525851806061706,31.903428231871185,False,0,5,31.7,50.27,50.77039419167492,48.87861146129357,52.66217692205626,False,0,5,50.27,0.5379451056131368,9.21034037197618,False,0,360,362.29524999613665,357.37977709368334,367.21072289858995,False,0,5,360.0,0.0,0.0,0.0,False
2026-06-17 19:35:00,31.5,31.493750974052965,31.304962761148225,31.682539186957705,False,0,5,31.5,50.75,51.29654612553861,49.40476339515727,53.188328855919956,False,0,5,50.75,0.5538621427774202,9.21034037197618,False,0,360,360.34881329135095,355.43334038889765,365.26428619380425,False,0,5,360.0,0.0,0.0,0.0,False
2026-06-17 19:40:00,31.3,31.29971192200287,31.11092370909813,31.48850013490761,False,0,5,31.3,52.97,51.73966393940813,49.84788120902679,53.631446669789476,False,0,5,52.97,2.837954812983741,9.21034037197618,False,0,361,360.3367083671553,355.421235464702,365.2521812696086,False,0,5,361.0,0.0,0.0,0.0,False
2026-06-17 19:45:00,31.1,31.120007961586992,30.931219748682253,31.308796174491732,False,0,5,31.1,51.75,53.77562512444078,51.883842394059435,55.66740785482212,True,1,5,52.107915070952316,5.416479123167252,9.21034037197618,True,1,362,361.3201640987898,356.4046911963365,366.2356370012431,False,0,5,362.0,0.0,0.3579150709523162,0.0,True
2026-06-17 19:50:00,31.0,30.92330002938868,30.73451181648394,31.11208824229342,False,0,5,31.0,53.75,52.98455099256478,51.092768262183434,54.87633372294612,False,0,5,53.75,2.432515241156324,9.21034037197618,False,0,367,362.42753303574295,357.51206013328965,367.34300593819626,False,0,5,367.0,0.0,0.0,0.0,False
2026-06-17 19:55:00,30.75,30.83611692932896,30.64732871642422,31.0249051422337,False,0,5,30.75,54.55,54.49101804393729,52.599235313555944,56.38280077431863,False,0,5,54.55,1.3822782600404084,9.21034037197618,False,0,363,367.1573373740132,362.2418644715599,372.0728102764665,False,0,5,363.0,0.0,0.0,0.0,False
2026-06-17 20:00:00,30.6,30.601898272916763,30.413110060012023,30.790686485821503,False,0,4,30.6,53.87,55.22360517850831,53.331822448126964,57.11538790888965,False,0,4,53.87,3.4440787100992676,9.21034037197618,False,0,364,363.3428644272923,358.427391524839,368.2583373297456,False,0,4,364.0,0.0,0.0,0.0,False
2026-06-17 20:05:00,30.5,30.456756521490295,30.267968308585555,30.645544734395035,False,0,4,30.5,54.12,54.59818995218603,52.70640722180469,56.48997268256738,False,0,4,54.12,0.7001891826275086,9.21034037197618,False,0,364,364.3762689875142,359.4607960850609,369.2917418899675,False,0,4,364.0,0.0,0.0,0.0,False
2026-06-17 20:10:00,30.4,30.37252193665505,30.18373372375031,30.56131014955979,False,0,4,30.4,54.45,54.821130876220806,52.92934814583946,56.71291360660215,False,0,4,54.45,0.3606404704137991,9.21034037197618,False,0,365,364.3900376812666,359.4745647788133,369.3055105837199,False,0,4,365.0,0.0,0.0,0.0,False
2026-06-17 20:15:00,30.3,30.26131910466014,30.0725308917554,30.45010731756488,False,0,4,30.3,54.57,55.13409115679415,53.242308426412805,57.02587388717549,False,0,4,54.57,0.7932079117238701,9.21034037197618,False,0,363,365.33988543809426,360.42441253564095,370.25535834054756,False,0,4,363.0,0.0,0.0,0.0,False
2026-06-17 20:20:00,30.2,30.16302906326693,29.97424085036219,30.35181727617167,False,0,4,30.2,54.67,55.24581791949734,53.354035189116,57.137600649878685,False,0,4,54.67,0.7959746857265191,9.21034037197618,False,0,362,363.3710215617126,358.4555486592593,368.2864944641659,False,0,4,362.0,0.0,0.0,0.0,False
2026-06-17 20:25:00,30.1,30.08378858424653,29.89500037134179,30.27257679715127,False,0,4,30.1,54.82,55.32747410805925,53.435691377677905,57.21925683844059,False,0,4,54.82,0.5001389365912899,9.21034037197618,False,0,361,362.4240722788909,357.5085993764376,367.3395451813442,False,0,4,361.0,0.0,0.0,0.0,False
2026-06-17 20:30:00,29.98,29.988167423001542,29.799379210096802,30.176955635906282,False,0,4,29.98,55.9,55.46545586483429,53.573673134452946,57.357238595215634,False,0,4,55.9,0.3526364571229098,9.21034037197618,False,0,359,361.40490979348607,356.48943689103277,366.3203826959394,False,0,4,359.0,0.0,0.0,0.0,False
2026-06-17 20:35:00,29.8,29.88328558322567,29.69449737032093,30.07207379613041,False,0,4,29.8,55.88,56.453235741865946,54.5614530114846,58.34501847224729,False,0,4,55.88,2.1060655221530578,9.21034037197618,False,0,360,359.38518762367,354.4697147212167,364.3006605261233,False,0,4,360.0,0.0,0.0,0.0,False
2026-06-17 20:40:00,29.7,29.71004557178056,29.521257358875822,29.8988337846853,False,0,4,29.7,55.45,56.434823260708185,54.54304053032684,58.32660599108953,False,0,4,55.45,1.874792625042139,9.21034037197618,False,0,364,360.45485793687106,355.53938503441776,365.37033083932437,False,0,4,364.0,0.0,0.0,0.0,False
2026-06-17 20:45:00,29.6,29.61380112097772,29.42501290807298,29.80258933388246,False,0,4,29.6,55.7,56.03895491581631,54.14717218543497,57.930737646197656,False,0,4,55.7,0.2692695806796258,9.21034037197618,False,0,358,364.3893878933378,359.4739149908845,369.3048607957911,True,4,4,359.4739149908845,0.0,0.0,1.4739149908845093,True
2026-06-17 20:50:00,29.5,29.504771728985073,29.315983516080333,29.693559941889813,False,0,4,29.5,56.78,56.276935153767205,54.38515242338586,58.16871788414855,False,0,4,56.78,0.4692119040798163,9.21034037197618,False,0,360,359.85315082543485,354.93767792298155,364.76862372788815,False,0,4,360.0,0.0,0.0,0.0,False
2026-06-17 20:55:00,29.5,29.41274630877487,29.22395809587013,29.60153452167961,False,0,4,29.5,56.95,57.2686271425383,55.376844412156956,59.160409872919644,False,0,4,56.95,1.514990334959488,9.21034037197618,False,0,361,360.55558799574385,355.64011509329055,365.47106089819715,False,0,4,361.0,0.0,0.0,0.0,False
2026-06-17 21:00:00,29.4,29.4,29.18284348833991,29.617156511660088,False,0,5,29.4,58.25,58.25,56.35219554582323,60.14780445417677,False,0,5,58.25,0.0,9.21034037197618,False,0,362,,,,False,0,4,362.0,0.0,0.0,0.0,False
2026-06-17 21:05:00,29.3,29.290280187377032,29.073123675716943,29.50743669903712,False,0,5,29.3,57.1,58.89097428033628,56.99316982615951,60.78877873451305,False,0,5,57.1,5.925956686954372,9.21034037197618,False,0,364,362.34550418647206,357.5444405734859,367.14656779945824,False,0,5,364.0,0.0,0.0,0.0,False
2026-06-17 21:10:00,29.2,29.200433077432596,28.983276565772506,29.417589589092685,False,0,5,29.2,57.98,57.96801883552531,56.070214381348535,59.86582328970208,False,0,5,57.98,0.0002768003116429045,9.21034037197618,False,0,362,364.6046831605981,359.8036195476119,369.40574677358427,False,0,5,362.0,0.0,0.0,0.0,False
2026-06-17 21:15:00,29.15,29.107844321019677,28.890687809359587,29.325000832679766,False,0,5,29.15,57.55,58.77818217716703,56.88037772299026,60.675986631343804,False,0,5,57.55,2.8901416403191074,9.21034037197618,False,0,362,362.5263632299791,357.7252996169929,367.3274268429653,False,0,5,362.0,0.0,0.0,0.0,False
2026-06-17 21:20:00,29.1,29.05603923341158,28.83888272175149,29.273195745071668,False,0,5,29.1,57.88,58.35956489740236,56.461760443225586,60.25736935157913,False,0,5,57.88,0.6335805129408562,9.21034037197618,False,0,361,362.5555624047278,357.75449879174164,367.356626017714,False,0,5,361.0,0.0,0.0,0.0,False
2026-06-17 21:25:00,29.0,29.013391245008197,28.796234733348108,29.230547756668287,False,0,5,29.0,60.0,58.713076683697516,56.815272229520744,60.61088113787429,True,1,5,59.893899186884695,2.5686311815704483,9.21034037197618,False,0,364,361.84332238193434,357.04225876894816,366.6443859949205,False,0,5,364.0,0.0,-0.1061008131153045,0.0,True
2026-06-17 21:30:00,28.9,28.91712868232752,28.69997217066743,29.13428519398761,False,0,5,28.9,60.65,60.46537511845773,58.56757066428096,62.3631795726345,False,0,5,60.65,0.0947707103435461,9.21034037197618,False,0,364,364.66450744748806,359.8634438345019,369.46557106047425,False,0,5,364.0,0.0,0.0,0.0,False
2026-06-17 21:35:00,28.8,28.82086611964684,28.60370960798675,29.03802263130693,False,0,5,28.8,60.87,61.12326022014069,59.22545576596392,63.021064674317465,False,0,5,60.87,0.19859000185284698,9.21034037197618,False,0,362,364.6096440451438,359.8085804321576,369.41070765813,False,0,5,362.0,0.0,0.0,0.0,False
2026-06-17 21:40:00,28.73,28.71912026402921,28.50196375236912,28.9362767756893,False,0,5,28.73,61.07,61.248304731695264,59.35050027751849,63.146109185872035,False,0,5,61.07,0.06963246007436762,9.21034037197618,False,0,365,362.55275100996096,357.7516873969748,367.35381462294714,False,0,5,365.0,0.0,0.0,0.0,False
2026-06-17 21:45:00,28.7,28.64899482368426,28.43183831202417,28.866151335344348,False,0,5,28.7,60.45,61.389136199847954,59.49133174567118,63.286940654024725,False,0,5,60.45,1.8541432434678777,9.21034037197618,False,0,364,365.3615024362203,360.5604388232341,370.1625660492065,False,0,5,364.0,0.0,0.0,0.0,False
2026-06-17 21:50:00,28.6,28.622857701348533,28.405701189688443,28.840014213008622,False,0,5,28.6,60.25,60.88286174061002,58.985057286433246,62.78066619478679,False,0,5,60.25,0.8670974840928756,9.21034037197618,False,0,362,364.4941582871372,359.69309467415104,369.2952219001234,False,0,5,362.0,0.0,0.0,0.0,False
2026-06-17 21:55:00,28.6,28.528404625337057,28.311248113676967,28.745561136997146,False,0,5,28.6,59.4,60.73074601116782,58.832941556991045,62.62855046534459,False,0,5,59.4,3.7119449563633666,9.21034037197618,False,0,363,362.432498708435,357.6314350954488,367.2335623214212,False,0,5,363.0,0.0,0.0,0.0,False
2026-06-17 22:00:00,28.6,28.52659513866786,28.309438627007772,28.74375165032795,False,0,5,28.6,60.15,59.9692542628969,58.071449808720125,61.86705871707367,False,0,5,60.15,0.8702136095944621,9.21034037197618,False,0,363,363.55561480085316,358.754551187867,368.35667841383935,False,0,5,363.0,0.0,0.0,0.0,False
2026-06-17 22:05:00,28.5,28.51469639299467,28.29753988133458,28.731852904654758,False,0,5,28.5,60.65,60.47779075623183,58.57998630205506,62.375595210408605,False,0,5,60.65,0.07759352225114224,9.21034037197618,False,0,362,363.42515958312293,358.62409597013675,368.2262231961091,False,0,5,362.0,0.0,0.0,0.0,False
2026-06-17 22:10:00,28.5,28.430332575987183,28.213176064327094,28.647489087647273,False,0,5,28.5,62.47,61.05688221255537,59.1590777583786,62.954686666732144,True,1,5,62.44729947269515,4.605531822214996,9.21034037197618,False,0,364,362.67949135893576,357.8784277459496,367.48055497192195,False,0,5,364.0,0.0,-0.02270052730484906,0.0,True
2026-06-17 22:15:00,28.4,28.42505682735962,28.20790031569953,28.64221333901971,False,0,5,28.4,61.2,62.687056595211686,60.789252141034915,64.58486104938846,False,0,5,61.2,4.326935740934131,9.21034037197618,False,0,364,364.3869799151972,359.585916302211,369.18804352818336,False,0,5,364.0,0.0,0.0,0.0,False
2026-06-17 22:20:00,28.4,28.337743819574264,28.120587307914175,28.554900331234354,False,0,5,28.4,62.37,61.57991177548727,59.6821073213105,63.47771622966404,False,0,5,62.37,1.8739929237199848,9.21034037197618,False,0,364,364.6304760980025,359.8294124850163,369.43153971098866,False,0,5,364.0,0.0,0.0,0.0,False
2026-06-17 22:25:00,28.3,28.33623656340979,28.1190800517497,28.55339307506988,False,0,5,28.3,62.75,62.7608916409569,60.86308718678013,64.65869609513368,False,0,5,62.75,0.18816112224428375,9.21034037197618,False,0,364,364.6260181004713,359.8249544874851,369.4270817134575,False,0,5,364.0,0.0,0.0,0.0,False
2026-06-17 22:30:00,28.2,28.235422867591446,28.018266355931356,28.452579379251535,False,0,5,28.2,62.87,63.03643679135726,61.13863233718049,64.93424124553404,False,0,5,62.87,0.24924637676839587,9.21034037197618,False,0,362,364.53923205446347,359.7381684414773,369.34029566744965,False,0,5,362.0,0.0,0.0,0.0,False
2026-06-17 22:35:00,28.2,28.139160304910767,27.922003793250678,28.356316816570857,False,0,5,28.2,62.72,63.14084907452447,61.243044620347696,65.03865352870125,False,0,5,62.72,0.771796238327342,9.21034037197618,False,0,359,362.4925345824495,357.6914709694633,367.29359819543566,False,0,5,359.0,0.0,0.0,0.0,False
2026-06-17 22:40:00,28.1,28.143711438048438,27.92655492638835,28.360867949708528,False,0,5,28.1,62.57,63.065427466861266,61.167623012684494,64.96323192103804,False,0,5,62.57,0.7994099772503404,9.21034037197618,False,0,361,359.6552699729115,354.85420635992534,364.4563335858977,False,0,5,361.0,0.0,0.0,0.0,False
2026-06-17 22:45:00,28.0,28.0421731267402,27.82501661508011,28.25932963840029,False,0,5,28.0,63.12,63.00125198323083,61.10344752905406,64.89905643740761,False,0,5,63.12,0.2626316952588087,9.21034037197618,False,0,361,361.69351009268445,356.89244647969826,366.49457370567063,False,0,5,361.0,0.0,0.0,0.0,False
2026-06-17 22:50:00,28.0,27.94922730689319,27.7320707952331,28.166383818553278,False,0,5,28.0,62.37,63.33875291899441,61.44094846481764,65.23655737317118,False,0,5,62.37,1.951726377598523,9.21034037197618,False,0,362,361.50800826721434,356.70694465422815,366.3090718802005,False,0,5,362.0,0.0,0.0,0.0,False
2026-06-17 22:55:00,27.9,27.947417820223993,27.730261308563904,28.164574331884083,False,0,5,27.9,62.27,62.664271406696166,60.766466952519394,64.56207586087294,False,0,5,62.27,0.6702167393634617,9.21034037197618,False,0,363,362.58636603205906,357.7853024190729,367.38742964504524,False,0,5,363.0,0.0,0.0,0.0,False
2026-06-17 23:00:00,27.9,27.851155257543315,27.633998745883225,28.068311769203405,False,0,5,27.9,63.57,62.577261170723496,60.679456716546724,64.47506562490027,False,0,5,63.57,2.3323039274921853,9.21034037197618,False,0,361,363.66047820409864,358.85941459111245,368.4615418170848,False,0,5,361.0,0.0,0.0,0.0,False
2026-06-17 23:05:00,27.8,27.85296474421251,27.63580823255242,28.0701212558726,False,0,5,27.8,63.7,63.73029898087146,61.83249452669469,65.62810343504823,False,0,5,63.7,0.4057192413265848,9.21034037197618,False,0,360,361.65052819744966,356.8494645844635,366.45159181043584,False,0,5,360.0,0.0,0.0,0.0,False
2026-06-17 23:10:00,27.8,27.753396688781635,27.536240177121545,27.970553200441724,False,0,5,27.8,63.82,63.83420269539793,61.936398241221156,65.7320071495747,False,0,5,63.82,0.3069202767295143,9.21034037197618,False,0,362,360.57748844781446,355.7764248348283,365.37855206080064,False,0,5,362.0,0.0,0.0,0.0,False
2026-06-17 23:15:00,27.8,27.748834305560493,27.531677793900403,27.965990817220582,False,0,5,27.8,64.2,64.03378618659349,62.13598173241672,65.93159064077027,False,0,5,64.2,0.4514252232925434,9.21034037197618,False,0,363,362.54677364072194,357.74571002773575,367.3478372537081,False,0,5,363.0,0.0,0.0,0.0,False
2026-06-17 23:20:00,27.7,27.753385438698167,27.536228927038078,27.970541950358257,False,0,5,27.7,63.92,64.41951882958548,62.52171437540871,66.31732328376226,False,0,5,63.92,0.956936288069417,9.21034037197618,False,0,363,363.5751733083878,358.7741096954016,368.37623692137396,False,0,5,363.0,0.0,0.0,0.0,False
2026-06-17 23:25:00,27.7,27.65712287601749,27.4399663643574,27.87427938767758,False,0,5,27.7,63.42,64.17589016886198,62.27808571468521,66.07369462303876,False,0,5,63.42,1.218407997922688,9.21034037197618,False,0,362,363.5001963563786,358.6991327433924,368.30125996936476,False,0,5,362.0,0.0,0.0,0.0,False
2026-06-17 23:30:00,27.7,27.65712287601749,27.4399663643574,27.87427938767758,False,0,5,27.7,64.6,63.74083898899859,61.84303453482182,65.63864344317537,False,0,5,64.6,1.7559070655632714,9.21034037197618,False,0,363,362.6888221234602,357.88775851047404,367.4898857364464,False,0,5,363.0,0.0,0.0,0.0,False
2026-06-17 23:35:00,27.6,27.65712287601749,27.4399663643574,27.87427938767758,False,0,5,27.6,63.35,64.76755977347618,62.86975531929941,66.66536422765296,False,0,5,63.35,4.469179275415783,9.21034037197618,False,0,365,363.4759055979646,358.6748419849784,368.27696921095077,False,0,5,365.0,0.0,0.0,0.0,False
2026-06-17 23:40:00,27.6,27.560860313336814,27.343703801676725,27.778016824996904,False,0,5,27.6,62.82,63.67993182381772,61.782127369640946,65.57773627799449,False,0,5,62.82,1.483620211082466,9.21034037197618,False,0,365,365.4637298487196,360.6626662357334,370.2647934617058,False,0,5,365.0,0.0,0.0,0.0,False
2026-06-17 23:45:00,27.6,27.560860313336814,27.343703801676725,27.778016824996904,False,0,5,27.6,62.87,63.21877757316253,61.320973118985755,65.1165820273393,False,0,5,62.87,0.39937779672276086,9.21034037197618,False,0,364,365.5230857992819,360.7220221862957,370.32414941226807,False,0,5,364.0,0.0,0.0,0.0,False
2026-06-17 23:50:00,27.6,27.560860313336814,27.343703801676725,27.778016824996904,False,0,5,27.6,63.65,63.26228269114886,61.36447823697209,65.16008714532563,False,0,5,63.65,0.5472834577663317,9.21034037197618,False,0,366,364.6144906128563,359.8134269998701,369.41555422584247,False,0,5,366.0,0.0,0.0,0.0,False
2026-06-17 23:55:00,27.5,27.560860313336814,27.343703801676725,27.778016824996904,False,0,5,27.5,62.55,63.94096253173575,62.04315807755898,65.83876698591253,False,0,5,62.55,4.404902128582702,9.21034037197618,False,0,366,366.44116171640655,361.64009810342037,371.24222532939274,False,0,5,366.0,0.0,0.0,0.0,False
2026-06-18 00:00:00,27.5,27.464597750656136,27.247441238996046,27.681754262316225,False,0,5,27.5,64.42,62.98384993603629,61.08604548185952,64.88165439021307,True,1,5,64.23188691991707,3.2218720241892393,9.21034037197618,False,0,365,366.67339140510813,361.87232779212195,371.4744550180943,False,0,5,365.0,0.0,-0.18811308008292826,0.0,True
2026-06-18 00:05:00,27.4,27.461856104187657,27.244699592527567,27.679012615847746,False,0,5,27.4,64.37,64.41407471005708,62.51627025588031,66.31187916423386,False,0,5,64.37,0.5564193606991166,9.21034037197618,False,0,368,365.5483137966321,360.7472501836459,370.3493774096183,False,0,5,368.0,0.0,0.0,0.0,False
2026-06-18 00:10:00,27.3,27.368335187975458,27.151178676315368,27.585491699635547,False,0,5,27.3,65.38,64.56743623073903,62.66963177656226,66.46524068491581,False,0,5,65.38,1.7104752181087801,9.21034037197618,False,0,371,368.62369819875335,363.82263458576716,373.42476181173953,False,0,5,371.0,0.0,0.0,0.0,False
2026-06-18 00:15:00,27.2,27.272072625294786,27.054916113634697,27.489229136954876,False,0,5,27.2,64.1,65.44623961406307,63.5484351598863,67.34404406823985,False,0,5,64.1,4.42951151233315,9.21034037197618,False,0,371,371.3392499734504,366.53818636046424,376.1403135864366,False,0,5,371.0,0.0,0.0,0.0,False
2026-06-18 00:20:00,27.2,27.175810062614108,26.95865355095402,27.392966574274197,False,0,5,27.2,63.17,64.33250859361279,62.434704139436015,66.23031304778956,False,0,5,63.17,2.506083392850464,9.21034037197618,False,0,371,371.3226055935455,366.52154198055933,376.1236692065317,False,0,5,371.0,0.0,0.0,0.0,False
2026-06-18 00:25:00,27.1,27.175810062614108,26.95865355095402,27.392966574274197,False,0,5,27.1,64.25,63.5233133990669,61.62550894489013,65.42111785324367,False,0,5,64.25,1.6190500157386665,9.21034037197618,False,0,371,371.58076728953154,366.77970367654535,376.3818309025177,False,0,5,371.0,0.0,0.0,0.0,False
2026-06-18 00:30:00,27.03,27.079547499933433,26.862390988273344,27.296704011593523,False,0,5,27.03,63.67,64.46302394757181,62.56521949339504,66.36082840174859,False,0,5,63.67,1.6482240079567205,9.21034037197618,False,0,371,371.39514767772823,366.59408406474205,376.1962112907144,False,0,5,371.0,0.0,0.0,0.0,False
2026-06-18 00:35:00,26.9,27.01216370605696,26.79500719439687,27.22932021771705,False,0,5,26.9,65.55,63.958364578930286,62.060560124753515,65.85616903310707,True,1,5,65.2472788185615,4.405989652785176,9.21034037197618,True,1,371,371.6473965203638,366.84633290737764,376.44846013335,False,0,5,371.0,0.0,-0.3027211814384998,0.0,True
2026-06-18 00:40:00,26.8,26.887022374572076,26.669865862911987,27.104178886232166,False,0,5,26.8,66.25,65.33075860090771,63.43295414673094,67.22856305508449,False,0,5,66.25,2.386731458164593,9.21034037197618,False,0,373,371.57285874171424,366.77179512872806,376.3739223547004,False,0,5,373.0,0.0,0.0,0.0,False
2026-06-18 00:45:00,26.8,26.7907598118914,26.573603300231312,27.00791632355149,False,0,5,26.8,64.27,66.20322866702537,64.30542421284859,68.10103312120215,True,2,5,64.50138342779304,5.350802512676223,9.21034037197618,False,0,369,373.205433764727,368.4043701517408,378.0064973777132,False,0,5,369.0,0.0,0.2313834277930482,0.0,True
2026-06-18 00:50:00,26.8,26.789827652092118,26.57267114043203,27.006984163752207,False,0,5,26.8,64.72,64.67046900000125,62.772664545824476,66.56827345417803,False,0,5,64.72,0.020926609766102038,9.21034037197618,False,0,370,369.46122325480593,364.66015964181975,374.2622868677921,False,0,5,370.0,0.0,0.0,0.0,False
2026-06-18 00:55:00,26.73,26.782742416795358,26.56558590513527,26.999898928455448,False,0,5,26.73,63.82,64.9051229231793,63.007318469002534,66.80292737735608,False,0,5,63.82,2.7745114679258247,9.21034037197618,False,0,369,370.34284582182977,365.5417822088436,375.14390943481595,False,0,5,369.0,0.0,0.0,0.0,False
2026-06-18 01:00:00,26.7,26.718100269387364,26.500943757727274,26.935256781047453,False,0,4,26.7,64.35,64.15521980321788,62.2574153490411,66.05302425739465,False,0,4,64.35,0.10561567260672242,9.21034037197618,False,0,367,369.5211540084745,364.72009039548834,374.3222176214607,False,0,4,367.0,0.0,0.0,0.0,False
2026-06-18 01:05:00,26.7,26.694497249210723,26.477340737550634,26.911653760870813,False,0,4,26.7,63.5,64.55003418354448,62.65222972936771,66.44783863772126,False,0,4,63.5,2.037342118467565,9.21034037197618,False,0,370,367.39758536577943,362.59652175279325,372.1986489787656,False,0,4,370.0,0.0,0.0,0.0,False
2026-06-18 01:10:00,26.7,26.694497249210723,26.477340737550634,26.911653760870813,False,0,4,26.7,64.27,63.81044717777673,61.91264272359996,65.7082516319535,False,0,4,64.27,0.40563856451740393,9.21034037197618,False,0,372,370.51327811754317,365.712214504557,375.31434173052935,False,0,4,372.0,0.0,0.0,0.0,False
2026-06-18 01:15:00,26.7,26.68556724471217,26.46841073305208,26.90272375637226,False,0,4,26.7,65.7,64.48039434084325,62.582589886666476,66.37819879502003,False,0,4,65.7,2.8555906563247424,9.21034037197618,False,0,373,372.4872465173836,367.6861829043974,377.2883101303698,False,0,4,373.0,0.0,0.0,0.0,False
2026-06-18 01:20:00,26.7,26.694497249210723,26.477340737550634,26.911653760870813,False,0,4,26.7,67.05,65.72467236917565,63.82686791499888,67.62247682335243,False,0,4,67.05,3.2972142837944562,9.21034037197618,False,0,373,373.52253950967787,368.7214758966917,378.32360312266405,False,0,4,373.0,0.0,0.0,0.0,False
2026-06-18 01:25:00,26.68,26.694497249210723,26.477340737550634,26.911653760870813,False,0,4,26.68,66.28,66.89931055480679,65.00150610063001,68.79711500898357,False,0,4,66.28,0.7731305057613118,9.21034037197618,False,0,374,373.3160758017748,368.5150121887886,378.11713941476097,False,0,4,374.0,0.0,0.0,0.0,False
2026-06-18 01:30:00,26.6,26.67524473667459,26.4580882250145,26.89240124833468,False,0,4,26.6,65.75,66.22933173781718,64.3315272836404,68.12713619199396,False,0,4,65.75,1.3506595701248396,9.21034037197618,False,0,377,374.3554162741838,369.55435266119764,379.15647988717,False,0,4,377.0,0.0,0.0,0.0,False
2026-06-18 01:35:00,26.6,26.59823468653005,26.38107817486996,26.815391198190138,False,0,4,26.6,65.33,65.76817748716198,63.870373032985206,67.66598194133876,False,0,4,65.33,0.3552348665892728,9.21034037197618,False,0,379,377.27460877804685,372.47354516506067,382.07567239103304,False,0,4,379.0,0.0,0.0,0.0,False
2026-06-18 01:40:00,26.6,26.59823468653005,26.38107817486996,26.815391198190138,False,0,4,26.6,66.55,65.40273449607673,63.50493004189996,67.30053895025351,False,0,4,66.55,2.4566863309451943,9.21034037197618,False,0,378,379.409046472869,374.60798285988284,384.2101100858552,False,0,4,378.0,0.0,0.0,0.0,False
2026-06-18 01:45:00,26.6,26.59823468653005,26.38107817486996,26.815391198190138,False,0,4,26.6,67.53,66.46425937494341,64.56645492076663,68.36206382912019,False,0,4,67.53,2.120445537252506,9.21034037197618,False,0,377,378.4011835760203,373.6001199630341,383.20224718900647,False,0,4,377.0,0.0,0.0,0.0,False
2026-06-18 01:50:00,26.6,26.59823468653005,26.38107817486996,26.815391198190138,False,0,4,26.6,66.98,67.31695968747565,65.41915523329887,69.21476414165242,False,0,4,66.98,0.20980394702039867,9.21034037197618,False,0,378,377.26130485809324,372.46024124510706,382.0623684710794,False,0,4,378.0,0.0,0.0,0.0,False
2026-06-18 01:55:00,26.6,26.592958937902484,26.375802426242394,26.810115449562574,False,0,4,26.6,65.53,66.9047432599545,65.00693880577772,68.80254771413128,False,0,4,65.53,3.492615117160587,9.21034037197618,False,0,378,378.15250261073334,373.35143899774715,382.9535662237195,False,0,4,378.0,0.0,0.0,0.0,False
2026-06-18 02:00:00,26.6,26.592958937902484,26.375802426242394,26.810115449562574,False,0,4,26.6,66.15,65.64309483835066,63.74529038417389,67.54089929252744,False,0,4,66.15,0.4969641230690209,9.21034037197618,False,0,379,378.36434195153333,373.56327833854715,383.1654055645195,False,0,4,379.0,0.0,0.0,0.0,False
2026-06-18 02:05:00,26.6,26.592958937902484,26.375802426242394,26.810115449562574,False,0,4,26.6,65.2,66.18255830138128,64.2847538472045,68.08036275555806,False,0,4,65.2,1.781095450078568,9.21034037197618,False,0,378,379.1869733474893,374.3859097345031,383.9880369604755,False,0,4,378.0,0.0,0.0,0.0,False
2026-06-18 02:10:00,26.6,26.5920267781032,26.37487026644311,26.80918328976329,False,0,4,26.6,64.57,65.34467679835133,63.44687234417456,67.24248125252811,False,0,4,64.57,1.1056664146930872,9.21034037197618,False,0,380,378.22409398761573,373.42303037462955,383.0251576006019,False,0,4,380.0,0.0,0.0,0.0,False
2026-06-18 02:15:00,26.6,26.592958937902484,26.375802426242394,26.810115449562574,False,0,4,26.6,65.73,64.80779657301295,62.90999211883618,66.70560102718973,False,0,4,65.73,1.6111227149382639,9.21034037197618,False,0,379,380.3862080159787,375.5851444029925,385.1872716289649,False,0,4,379.0,0.0,0.0,0.0,False
2026-06-18 02:20:00,26.63,26.59823468653005,26.38107817486996,26.815391198190138,False,0,4,26.63,65.0,65.75077543996746,63.852970985790684,67.64857989414423,False,0,4,65.0,1.114248272313832,9.21034037197618,False,0,379,379.19374888578454,374.39268527279836,383.9948124987707,False,0,4,379.0,0.0,0.0,0.0,False
2026-06-18 02:25:00,26.68,26.621837706706685,26.404681195046596,26.838994218366775,False,0,4,26.68,64.62,65.18194058769546,63.28413613351869,67.07974504187224,False,0,4,64.62,0.9613562149047445,9.21034037197618,False,0,380,379.21907460662675,374.41801099364056,384.02013821961293,False,0,4,380.0,0.0,0.0,0.0,False
2026-06-18 02:30:00,26.7,26.669968988047025,26.452812476386935,26.887125499707114,False,0,4,26.7,64.85,64.85130169099929,62.95349723682252,66.74910614517607,False,0,4,64.85,0.1280680893965033,9.21034037197618,False,0,379,380.2805412942006,375.4794776812144,385.0816049071868,False,0,4,379.0,0.0,0.0,0.0,False
2026-06-18 02:35:00,26.7,26.68922150058316,26.47206498892307,26.90637801224325,False,0,4,26.7,65.3,65.05142523373645,63.15362077955968,66.94922968791323,False,0,4,65.3,0.14029559363644067,9.21034037197618,False,0,381,379.3302463316053,374.5291827186191,384.13130994459146,False,0,4,381.0,0.0,0.0,0.0,False
2026-06-18 02:40:00,26.7,26.68922150058316,26.47206498892307,26.90637801224325,False,0,4,26.7,64.25,65.4429712956135,63.54516684143673,67.34077574979028,False,0,4,64.25,2.623014492166646,9.21034037197618,False,0,380,381.14334319062453,376.34227957763835,385.9444068036107,False,0,4,380.0,0.0,0.0,0.0,False
2026-06-18 02:45:00,26.7,26.694497249210723,26.477340737550634,26.911653760870813,False,0,4,26.7,65.05,64.46302394757181,62.56521949339504,66.36082840174859,False,0,4,65.05,0.6561183580738662,9.21034037197618,False,0,380,380.34936639149174,375.54830277850556,385.1504300044779,False,0,4,380.0,0.0,0.0,0.0,False
2026-06-18 02:50:00,26.6,26.68922150058316,26.47206498892307,26.90637801224325,False,0,4,26.6,65.45,65.2254457056818,63.327641251505035,67.12325015985859,False,0,4,65.45,1.1596667431863328,9.21034037197618,False,0,384,380.3608938791067,375.5598302661205,385.1619574920929,False,0,4,384.0,0.0,0.0,0.0,False
2026-06-18 02:55:00,26.6,26.592958937902484,26.375802426242394,26.810115449562574,False,0,4,26.6,66.18,65.57348664957252,63.675682195395744,67.4712911037493,False,0,4,66.18,0.7056695139806194,9.21034037197618,False,0,381,384.27540999771577,379.4743463847296,389.07647361070195,False,0,4,381.0,0.0,0.0,0.0,False
2026-06-18 03:00:00,26.6,26.592958937902484,26.375802426242394,26.810115449562574,False,0,4,26.6,65.4,66.20866137217308,64.3108569179963,68.10646582634986,False,0,4,65.4,1.2054039992457994,9.21034037197618,False,0,381,381.17097440898976,376.3699107960036,385.97203802197595,False,0,4,381.0,0.0,0.0,0.0,False
2026-06-18 03:05:00,26.5,26.592958937902484,26.375802426242394,26.810115449562574,False,0,4,26.5,65.25,65.52998153158619,63.632177077409416,67.42778598576297,False,0,4,65.25,1.4595491983365498,9.21034037197618,False,0,378,381.2879098777758,376.4868462647896,386.088973490762,False,0,4,378.0,0.0,0.0,0.0,False
2026-06-18 03:10:00,26.5,26.496696375221806,26.279539863561716,26.713852886881895,False,0,4,26.5,65.4,65.39946617762718,63.501661723450404,67.29727063180395,False,0,4,65.4,0.001557651015419652,9.21034037197618,False,0,382,378.31624316400865,373.51517955102247,383.11730677699484,False,0,4,382.0,0.0,0.0,0.0,False
2026-06-18 03:15:00,26.47,26.496696375221806,26.279539863561716,26.713852886881895,False,0,4,26.47,66.45,65.52998153158619,63.632177077409416,67.42778598576297,False,0,4,66.45,1.596050295105422,9.21034037197618,False,0,379,382.3572932684361,377.5562296554499,387.15835688142226,False,0,4,379.0,0.0,0.0,0.0,False
2026-06-18 03:20:00,26.4,26.4678176064176,26.25066109475751,26.68497411807769,False,0,4,26.4,66.28,66.4435890092993,64.54578455512252,68.34139346347608,False,0,4,66.28,0.7399343602341004,9.21034037197618,False,0,379,379.30352070536475,374.50245709237856,384.10458431835093,False,0,4,379.0,0.0,0.0,0.0,False
2026-06-18 03:25:00,26.4,26.400433812541127,26.183277300881038,26.617590324201217,False,0,4,26.4,65.48,66.29567160814575,64.39786715396897,68.19347606232253,False,0,4,65.48,1.2394085311777843,9.21034037197618,False,0,380,379.2023240243589,374.40126041137273,384.0033876373451,False,0,4,380.0,0.0,0.0,0.0,False
2026-06-18 03:30:00,26.4,26.400433812541127,26.183277300881038,26.617590324201217,False,0,4,26.4,66.15,65.59958972036432,63.70178526618755,67.4973941745411,False,0,4,66.15,0.5630639840584183,9.21034037197618,False,0,381,380.33606247153807,375.5349988585519,385.13712608452425,False,0,4,381.0,0.0,0.0,0.0,False
2026-06-18 03:35:00,26.4,26.400433812541127,26.183277300881038,26.617590324201217,False,0,4,26.4,65.83,66.18255830138128,64.2847538472045,68.08036275555806,False,0,4,65.83,0.23185700014896518,9.21034037197618,False,0,381,381.21804981805644,376.41698620507026,386.0191134310426,False,0,4,381.0,0.0,0.0,0.0,False
2026-06-18 03:40:00,26.4,26.400433812541127,26.183277300881038,26.617590324201217,False,0,4,26.4,65.58,65.90412554626869,64.00632109209191,67.80193000044547,False,0,4,65.58,0.19600918591742955,9.21034037197618,False,0,379,381.2252134672622,376.42414985427604,386.0262770802484,False,0,4,379.0,0.0,0.0,0.0,False
2026-06-18 03:45:00,26.3,26.400433812541127,26.183277300881038,26.617590324201217,False,0,4,26.3,66.25,65.686599956337,63.788795502160234,67.58440441051378,False,0,4,66.25,1.8389730331009837,9.21034037197618,False,0,382,379.4052232836145,374.6041596706283,384.20628689660066,False,0,4,382.0,0.0,0.0,0.0,False
2026-06-18 03:50:00,26.3,26.304171249860453,26.087014738200363,26.521327761520542,False,0,4,26.3,65.58,66.26956853735395,64.37176408317717,68.16737299153073,False,0,4,65.58,0.8968634757773962,9.21034037197618,False,0,382,382.1655333858849,377.3644697728987,386.96659699887107,False,0,4,382.0,0.0,0.0,0.0,False
2026-06-18 03:55:00,26.3,26.304171249860453,26.087014738200363,26.521327761520542,False,0,4,26.3,66.63,65.686599956337,63.788795502160234,67.58440441051378,False,0,4,66.63,1.6459461326915126,9.21034037197618,False,0,381,382.34155448065593,377.54049086766975,387.1426180936421,False,0,4,381.0,0.0,0.0,0.0,False
2026-06-18 04:00:00,26.3,26.304171249860453,26.087014738200363,26.521327761520542,False,0,4,26.3,66.85,66.60020743405012,64.70240297987334,68.4980118882269,False,0,4,66.85,0.11518150288316824,9.21034037197618,False,0,380,381.27331225478684,376.47224864180066,386.074375867773,False,0,4,380.0,0.0,0.0,0.0,False
2026-06-18 04:05:00,26.3,26.304171249860453,26.087014738200363,26.521327761520542,False,0,4,26.3,65.78,66.79162995319001,64.89382549901323,68.68943440736679,False,0,4,65.78,1.9209428512087192,9.21034037197618,False,0,384,380.15799461985114,375.35693100686495,384.9590582328373,False,0,4,384.0,0.0,0.0,0.0,False
2026-06-18 04:10:00,26.3,26.304171249860453,26.087014738200363,26.521327761520542,False,0,4,26.3,65.63,65.86062042828236,63.96281597410559,67.75842488245914,False,0,4,65.63,0.10461143785363872,9.21034037197618,False,0,384,384.18535269341436,379.3842890804282,388.98641630640054,False,0,4,384.0,0.0,0.0,0.0,False
2026-06-18 04:15:00,26.3,26.304171249860453,26.087014738200363,26.521327761520542,False,0,4,26.3,65.48,65.73010507432335,63.832300620146576,67.62790952850013,False,0,4,65.48,0.12231037373738814,9.21034037197618,False,0,387,384.18535269341436,379.3842890804282,388.98641630640054,False,0,4,387.0,0.0,0.0,0.0,False
2026-06-18 04:20:00,26.3,26.304171249860453,26.087014738200363,26.521327761520542,False,0,4,26.3,65.28,65.59958972036432,63.70178526618755,67.4973941745411,False,0,4,65.28,0.19693222166875327,9.21034037197618,False,0,385,387.1301412426969,382.3290776297107,391.93120485568306,False,0,4,385.0,0.0,0.0,0.0,False
2026-06-18 04:25:00,26.3,26.304171249860453,26.087014738200363,26.521327761520542,False,0,4,26.3,66.93,65.42556924841898,63.52776479424221,67.32337370259576,False,0,4,66.93,4.194123369895091,9.21034037197618,False,0,385,385.3528626297066,380.5517990167204,390.15392624269276,False,0,4,385.0,0.0,0.0,0.0,False
2026-06-18 04:30:00,26.3,26.304171249860453,26.087014738200363,26.521327761520542,False,0,4,26.3,67.45,66.86123814196816,64.96343368779138,68.75904259614494,False,0,4,67.45,0.6395490435969172,9.21034037197618,False,0,388,385.2372208639559,380.4361572509697,390.03828447694207,False,0,4,388.0,0.0,0.0,0.0,False
2026-06-18 04:35:00,26.3,26.304171249860453,26.087014738200363,26.521327761520542,False,0,4,26.3,68.1,67.31369136902609,65.41588691484931,69.21149582320287,False,0,4,68.1,1.1423949214090254,9.21034037197618,False,0,389,388.20043022548185,383.39936661249567,393.00149383846804,False,0,4,389.0,0.0,0.0,0.0,False
2026-06-18 04:40:00,26.3,26.304171249860453,26.087014738200363,26.521327761520542,False,0,4,26.3,66.68,67.87925790284848,65.9814534486717,69.77706235702526,False,0,4,66.68,2.695535296672779,9.21034037197618,False,0,388,388.97189269853936,384.1708290855532,393.77295631152555,False,0,4,388.0,0.0,0.0,0.0,False
2026-06-18 04:45:00,26.2,26.304171249860453,26.087014738200363,26.521327761520542,False,0,4,26.2,66.43,66.64371255203648,64.7459080978597,68.54151700621325,False,0,4,66.43,1.7004929067980676,9.21034037197618,False,0,392,388.16078879019835,383.35972517721217,392.96185240318454,False,0,4,392.0,0.0,0.0,0.0,False
2026-06-18 04:50:00,26.2,26.20423488091201,25.987078369251922,26.4213913925721,False,0,4,26.2,66.58,66.3817136970226,64.48390924284583,68.27951815119938,False,0,4,66.58,0.07296884092543827,9.21034037197618,False,0,393,392.0338909699561,387.2328273569699,396.83495458294226,False,0,4,393.0,0.0,0.0,0.0,False
2026-06-18 04:55:00,26.2,26.202425394242816,25.985268882582726,26.419581905902906,False,0,4,26.2,65.83,66.49032430847846,64.59251985430168,68.38812876265524,False,0,4,65.83,0.8175763607630825,9.21034037197618,False,0,393,392.90116244788146,388.1000988348953,397.70222606086764,False,0,4,393.0,0.0,0.0,0.0,False
2026-06-18 05:00:00,26.2,26.207908687179774,25.990752175519685,26.425065198839864,False,0,4,26.2,66.35,65.90412554626869,64.00632109209191,67.80193000044547,False,0,4,66.35,0.36731907173462175,9.21034037197618,False,0,391,393.1036353748156,388.3025717618294,397.9046989878018,False,0,4,391.0,0.0,0.0,0.0,False
2026-06-18 05:05:00,26.2,26.207908687179774,25.990752175519685,26.425065198839864,False,0,4,26.2,66.33,66.35657877332662,64.45877431914984,68.2543832275034,False,0,4,66.33,0.010894717993931536,9.21034037197618,False,0,394,391.08176931037025,386.28070569738406,395.88283292335643,False,0,4,394.0,0.0,0.0,0.0,False
2026-06-18 05:10:00,26.2,26.207908687179774,25.990752175519685,26.425065198839864,False,0,4,26.2,66.9,66.33917672613208,64.4413722719553,68.23698118030886,False,0,4,66.9,0.5797008794098248,9.21034037197618,False,0,394,394.0920540809629,389.2909904679767,398.8931176939491,False,0,4,394.0,0.0,0.0,0.0,False
2026-06-18 05:15:00,26.13,26.207908687179774,25.990752175519685,26.425065198839864,False,0,4,26.13,66.65,66.83513507117635,64.93733061699957,68.73293952535313,False,0,4,66.65,0.9738623341056577,9.21034037197618,False,0,395,394.04486088556297,389.2437972725768,398.84592449854915,False,0,4,395.0,0.0,0.0,0.0,False
2026-06-18 05:20:00,26.1,26.1405248933033,25.92336838164321,26.35768140496339,False,0,4,26.1,66.78,66.61760948124467,64.71980502706789,68.51541393542145,False,0,4,66.78,0.2609335937839754,9.21034037197618,False,0,396,395.0460660304498,390.24500241746364,399.847129643436,False,0,4,396.0,0.0,0.0,0.0,False
2026-06-18 05:25:00,26.1,26.1116461244991,25.89448961283901,26.32880263615919,False,0,4,26.1,66.7,66.73072278800913,64.83291833383235,68.62852724218591,False,0,4,66.7,0.022209167173688253,9.21034037197618,False,0,395,395.9921381089097,391.19107449592354,400.7932017218959,False,0,4,395.0,0.0,0.0,0.0,False
2026-06-18 05:30:00,26.1,26.1116461244991,25.89448961283901,26.32880263615919,False,0,4,26.1,67.55,66.661114599231,64.76331014505422,68.55891905340778,False,0,4,67.55,1.4558110251457739,9.21034037197618,False,0,399,395.1040104916436,390.3029468786574,399.90507410462976,False,0,4,399.0,0.0,0.0,0.0,False
2026-06-18 05:35:00,26.1,26.1116461244991,25.89448961283901,26.32880263615919,False,0,4,26.1,67.63,67.40070160499876,65.50289715082198,69.29850605917554,False,0,4,67.63,0.10837378299694042,9.21034037197618,False,0,397,398.95841760580964,394.15735399282346,403.7594812187958,False,0,4,397.0,0.0,0.0,0.0,False
2026-06-18 05:40:00,26.1,26.114484401826992,25.897327890166903,26.33164091348708,False,0,4,26.1,66.93,67.46936079995407,65.5715563457773,69.36716525413085,False,0,4,66.93,0.5968508247981094,9.21034037197618,False,0,398,396.9136611431077,392.1125975301215,401.71472475609386,False,0,4,398.0,0.0,0.0,0.0,False
2026-06-18 05:45:00,26.1,26.11561971275815,25.89846320109806,26.33277622441824,False,0,4,26.1,65.75,66.85990955061621,64.96210509643943,68.75771400479299,False,0,4,65.75,2.3842084981038787,9.21034037197618,False,0,400,397.2351345435733,392.4340709305871,402.03619815655946,False,0,4,400.0,0.0,0.0,0.0,False
2026-06-18 05:50:00,26.1,26.1195933010172,25.90243678935711,26.33674981267729,False,0,4,26.1,66.6,65.83186017478667,63.9340557206099,67.72966462896345,False,0,4,66.6,1.1033283809432801,9.21034037197618,False,0,400,399.4118229568849,394.61075934389874,404.2128865698711,False,0,4,400.0,0.0,0.0,0.0,False
2026-06-18 05:55:00,26.1,26.122431578345097,25.905275066685007,26.339588090005186,False,0,4,26.1,68.35,66.57049818673161,64.67269373255483,68.46830264090839,True,1,4,68.18973634028367,4.832063850279828,9.21034037197618,False,0,396,399.48919666514206,394.6881330521559,404.29026027812824,False,0,4,396.0,0.0,-0.16026365971632117,0.0,True
2026-06-18 06:00:00,26.1,26.12981109939762,25.91265458773753,26.34696761105771,False,0,3,26.1,68.03,67.95126414381653,66.05345968963975,69.84906859799331,False,0,3,68.03,0.13016271741747965,9.21034037197618,False,0,395,395.38129592461223,390.58023231162605,400.1823595375984,False,0,3,395.0,0.0,0.0,0.0,False
2026-06-18 06:05:00,26.1,26.13378468765667,25.916628175996582,26.35094119931676,False,0,3,26.1,69.3,67.81094858584964,65.91314413167287,69.70875304002642,False,0,3,69.3,4.123815879649306,9.21034037197618,False,0,399,394.5466492065058,389.7455855935196,399.34771281949196,False,0,3,399.0,0.0,0.0,0.0,False
2026-06-18 06:10:00,26.1,26.136622964984564,25.919466453324475,26.353779476644654,False,0,3,26.1,68.38,68.91502958887983,67.01722513470305,70.81283404305661,False,0,3,68.38,0.7876546131680762,9.21034037197618,False,0,396,398.2574072643747,393.4563436513885,403.0584708773609,False,0,3,396.0,0.0,0.0,0.0,False
2026-06-18 06:15:00,26.1,26.135487654053406,25.918331142393317,26.352644165713496,False,0,3,26.1,68.9,68.11491501546031,66.21711056128353,70.01271946963709,False,0,3,68.9,1.2347441602948277,9.21034037197618,False,0,396,395.4542000468562,390.65313643387003,400.2552636598424,False,0,3,396.0,0.0,0.0,0.0,False
2026-06-18 06:20:00,26.1,26.12981109939762,25.91265458773753,26.34696761105771,False,0,3,26.1,67.65,68.56926623016389,66.67146177598711,70.46707068434067,False,0,3,67.65,1.788907068864425,9.21034037197618,False,0,395,395.269720690326,390.4686570773398,400.07078430331217,False,0,3,395.0,0.0,0.0,0.0,False
2026-06-18 06:25:00,26.13,26.127540477535305,25.910383965875216,26.344696989195395,False,0,3,26.13,67.48,67.48239747556367,65.5845930213869,69.38020192974045,False,0,3,67.48,0.0008512174323183886,9.21034037197618,False,0,395,394.3798684143615,389.5788048013753,399.1809320273477,False,0,3,395.0,0.0,0.0,0.0,False
2026-06-18 06:30:00,26.2,26.154716279942768,25.93755976828268,26.371872791602858,False,0,3,26.2,66.85,67.33504947070381,65.43724501652703,69.23285392488059,False,0,3,66.85,0.6573138474634432,9.21034037197618,False,0,394,394.3108055440805,389.5097419310943,399.1118691570667,False,0,3,394.0,0.0,0.0,0.0,False
2026-06-18 06:35:00,26.2,26.21812648556019,26.0009699739001,26.43528299722028,False,0,3,26.2,69.28,66.78821357542787,64.8904091212511,68.68601802960465,True,1,3,68.64100666199117,6.325399246833227,9.21034037197618,True,1,392,393.6096492161968,388.8085856032106,398.41071282918296,False,0,3,392.0,0.0,-0.6389933380088308,0.0,True
2026-06-18 06:40:00,26.17,26.22116791401996,26.004011402359872,26.43832442568005,False,0,3,26.17,69.8,68.33395984567132,66.43615539149454,70.2317642998481,False,0,3,69.8,4.126146829992698,9.21034037197618,False,0,393,391.5841187961279,386.7830551831417,396.38518240911407,False,0,3,393.0,0.0,0.0,0.0,False
2026-06-18 06:45:00,26.2,26.197194893274098,25.98003838161401,26.414351404934187,False,0,3,26.2,69.28,69.35235835391798,67.4545538997412,71.25016280809476,False,0,3,69.28,0.010197018188741393,9.21034037197618,False,0,392,392.3787830884053,387.57771947541914,397.1798467013915,False,0,3,392.0,0.0,0.0,0.0,False
2026-06-18 06:50:00,26.2,26.21869414102577,26.001537629365682,26.43585065268586,False,0,3,26.2,67.88,68.90237251079938,67.0045680566226,70.80017696497616,False,0,3,67.88,2.057648324885037,9.21034037197618,False,0,394,391.31681897771637,386.5157553647302,396.11788259070255,False,0,3,394.0,0.0,0.0,0.0,False
2026-06-18 06:55:00,26.2,26.219829451956926,26.002672940296836,26.436985963617015,False,0,3,26.2,68.33,67.68384960965277,65.78604515547599,69.58165406382955,False,0,3,68.33,0.7908983849575795,9.21034037197618,False,0,396,393.4734158940498,388.67235228106364,398.274479507036,False,0,3,396.0,0.0,0.0,0.0,False
2026-06-18 07:00:00,26.2,26.215855863697875,25.998699352037786,26.433012375357965,False,0,3,26.2,69.48,68.07672426288175,66.17891980870498,69.97452871705853,False,0,3,69.48,3.627597879457199,9.21034037197618,False,0,395,395.5093170551942,390.708253442208,400.31038066818036,False,0,3,395.0,0.0,0.0,0.0,False
2026-06-18 07:05:00,26.2,26.23175021673408,26.01459370507399,26.44890672839417,False,0,3,26.2,67.9,69.07202761115978,67.174223156983,70.96983206533656,False,0,3,67.9,2.8218082259842583,9.21034037197618,False,0,396,394.2559887568249,389.4549251438387,399.05705236981106,False,0,3,396.0,0.0,0.0,0.0,False
2026-06-18 07:10:00,26.2,26.234020838596397,26.016864326936307,26.451177350256486,False,0,3,26.2,67.7,67.69650668773322,65.79870223355644,69.59431114191,False,0,3,67.7,0.16415151376931042,9.21034037197618,False,0,395,395.3818533456701,390.5807897326839,400.1829169586563,False,0,3,395.0,0.0,0.0,0.0,False
2026-06-18 07:15:00,26.2,26.234020838596397,26.016864326936307,26.451177350256486,False,0,3,26.2,70.0,67.52248621578786,65.62468176161109,69.42029066996464,True,1,3,69.411723354348,6.596379994695357,9.21034037197618,True,1,393,394.5941931816566,389.7931295686704,399.39525679464276,False,0,3,393.0,0.0,-0.5882766456520017,0.0,True
2026-06-18 07:20:00,26.3,26.226641317543873,26.009484805883783,26.443797829203962,False,0,3,26.3,69.5,69.01432812954482,67.11652367536804,70.9121325837216,False,0,3,69.5,1.320767799035943,9.21034037197618,False,0,390,392.4046431087633,387.6035794957771,397.2057067217495,False,0,3,390.0,0.0,0.0,0.0,False
2026-06-18 07:25:00,26.3,26.32290388022455,26.10574736856446,26.54006039188464,False,0,3,26.3,69.88,69.09113784723539,67.19333339305861,70.98894230141217,False,0,3,69.88,1.1734781960700413,9.21034037197618,False,0,389,389.5370546327774,384.73599101979124,394.3381182457636,False,0,3,389.0,0.0,0.0,0.0,False
2026-06-18 07:30:00,26.3,26.332747284858222,26.115590773198132,26.54990379651831,False,0,3,26.3,68.2,69.35027416970303,67.45246971552625,71.2480786238798,False,0,3,68.2,2.7384266320554524,9.21034037197618,False,0,390,388.2794546913734,383.47839107838723,393.0805183043596,False,0,3,390.0,0.0,0.0,0.0,False
2026-06-18 07:35:00,26.3,26.355153721490083,26.137997209829994,26.572310233150173,False,0,3,26.3,68.43,67.92671211121362,66.02890765703684,69.8245165653904,False,0,3,68.43,0.8127714578062148,9.21034037197618,False,0,387,389.5178258980094,384.7167622850232,394.3188895109956,False,0,3,387.0,0.0,0.0,0.0,False
2026-06-18 07:40:00,26.3,26.352518595294065,26.135362083633975,26.569675106954154,False,0,3,26.3,68.28,68.11612078895496,66.21831633477818,70.01392524313174,False,0,3,68.28,0.4138162908769443,9.21034037197618,False,0,387,386.51570400752206,381.7146403945359,391.31676762050824,False,0,3,387.0,0.0,0.0,0.0,False
2026-06-18 07:45:00,26.4,26.360535990390108,26.14337947873002,26.577692502050198,False,0,3,26.4,67.83,67.95245456846003,66.05465011428325,69.8502590226368,False,0,3,67.83,0.23343390817661938,9.21034037197618,False,0,387,386.46879195923503,381.66772834624885,391.2698555722212,False,0,3,387.0,0.0,0.0,0.0,False
2026-06-18 07:50:00,26.45,26.458228149757705,26.241071638097615,26.675384661417795,False,0,3,26.45,67.8,67.60249665293993,65.70469219876315,69.50030110711671,False,0,3,67.8,0.07689080040574726,9.21034037197618,False,0,385,386.5190909469261,381.7180273339399,391.3201545599123,False,0,3,385.0,0.0,0.0,0.0,False
2026-06-18 07:55:00,26.52,26.50978269420417,26.29262618254408,26.72693920586426,False,0,3,26.52,67.05,67.45781235885883,65.56000790468205,69.35561681303561,False,0,3,67.05,0.3106942385477409,9.21034037197618,False,0,385,384.49123540892435,379.69017179593817,389.29229902191054,False,0,3,385.0,0.0,0.0,0.0,False
2026-06-18 08:00:00,26.6,26.57412066644336,26.35696415478327,26.79127717810345,False,0,3,26.6,67.75,66.67346670497268,64.7756622507959,68.57127115914946,False,0,3,67.75,2.3434246124908094,9.21034037197618,False,0,385,384.5602044752303,379.7591408622441,389.3612680882165,False,0,3,385.0,0.0,0.0,0.0,False
2026-06-18 08:05:00,26.7,26.660481077511452,26.443324565851363,26.877637589171542,False,0,3,26.7,67.8,67.32511363421796,65.42730918004118,69.22291808839474,False,0,3,67.8,0.7032424381887146,9.21034037197618,False,0,384,384.53511130780186,379.7340476948157,389.33617492078804,False,0,3,384.0,0.0,0.0,0.0,False
2026-06-18 08:10:00,26.8,26.77377330415949,26.5566167924994,26.99092981581958,False,0,3,26.8,67.13,67.36292478926738,65.4651203350906,69.26072924344416,False,0,3,67.13,0.1787098372897541,9.21034037197618,False,0,387,383.4881503533786,378.68708674039243,388.2892139663648,False,0,3,387.0,0.0,0.0,0.0,False
2026-06-18 08:15:00,26.9,26.886036740148832,26.668880228488742,27.10319325180892,False,0,3,26.9,67.1,66.79711598163951,64.89931152746273,68.69492043581629,False,0,3,67.1,0.21231732612769066,9.21034037197618,False,0,387,386.5358317146493,381.7347681016631,391.3368953276355,False,0,3,387.0,0.0,0.0,0.0,False
2026-06-18 08:20:00,27.0,26.991949445744346,26.774792934084257,27.209105957404436,False,0,3,27.0,65.65,66.76778633185013,64.86998187767335,68.66559078602691,False,0,3,65.65,2.305035347810007,9.21034037197618,False,0,387,386.39619230171536,381.5951286887292,391.19725591470154,False,0,3,387.0,0.0,0.0,0.0,False
2026-06-18 08:25:00,27.2,27.122438185797108,26.90528167413702,27.339594697457198,False,0,3,27.2,65.23,65.43011830292501,63.53231384874824,67.32792275710179,False,0,3,65.23,0.8787384693183994,9.21034037197618,False,0,387,386.4661786412463,381.6651150282601,391.2672422542325,False,0,3,387.0,0.0,0.0,0.0,False
2026-06-18 08:30:00,27.4,27.320700194979146,27.103543683319057,27.537856706639236,False,0,3,27.4,65.83,64.97567150394977,63.077867049773,66.87347595812655,False,0,3,65.83,2.4743976821274147,9.21034037197618,False,0,387,386.5479735170324,381.7469099040462,391.3490371300186,False,0,3,387.0,0.0,0.0,0.0,False
2026-06-18 08:35:00,27.6,27.52230780778976,27.30515129612967,27.739464319449848,False,0,3,27.6,65.85,65.49469613955283,63.59689168537606,67.39250059372961,False,0,3,65.85,1.1834551480126665,9.21034037197618,False,0,386,386.4939637576211,381.6929001446349,391.2950273706073,False,0,3,386.0,0.0,0.0,0.0,False
2026-06-18 08:40:00,27.8,27.747295814961564,27.530139303301475,27.964452326621654,False,0,3,27.8,66.25,65.5237537959641,63.625949341787326,67.42155825014088,False,0,3,66.25,1.5019579764062283,9.21034037197618,False,0,386,385.59151999501586,380.7904563820297,390.39258360800204,False,0,3,386.0,0.0,0.0,0.0,False
2026-06-18 08:45:00,28.05,27.943604314585233,27.726447802925144,28.160760826245323,False,0,3,28.05,66.53,65.62030583988705,63.72250138571028,67.51811029406383,False,0,3,66.53,3.4665976992260177,9.21034037197618,False,0,386,385.50376227860227,380.7026986656161,390.30482589158845,False,0,3,386.0,0.0,0.0,0.0,False
2026-06-18 08:50:00,28.3,28.193043426744897,27.975886915084807,28.410199938404986,False,0,3,28.3,64.82,65.90669957681163,64.00889512263485,67.80450403098841,False,0,3,64.82,3.4427045088985384,9.21034037197618,False,0,383,385.3516947860456,380.5506311730594,390.15275839903177,False,0,3,383.0,0.0,0.0,0.0,False
2026-06-18 08:55:00,28.6,28.48869530645422,28.27153879479413,28.705851818114308,False,0,3,28.6,64.72,64.20670881593826,62.308904361761485,66.10451327011504,False,0,3,64.72,2.4386626901518316,9.21034037197618,False,0,381,382.5633774125783,377.7623137995921,387.3644410255645,False,0,3,381.0,0.0,0.0,0.0,False
2026-06-18 09:00:00,28.83,28.864334280729807,28.647177769069717,29.081490792389896,False,0,3,28.83,64.37,64.09065936898737,62.1928549148106,65.98846382316415,False,0,3,64.37,0.28133487785891037,9.21034037197618,False,0,377,380.6590361144492,375.857972501463,385.46009972743536,False,0,3,377.0,0.0,0.0,0.0,False
2026-06-18 09:05:00,29.25,29.169321516977888,28.9521650053178,29.386478028637978,False,0,3,29.25,64.1,63.46656905350157,61.5687645993248,65.36437350767835,False,0,3,64.1,1.839533822126504,9.21034037197618,False,0,376,376.6525118780082,371.85144826502204,381.4535754909944,False,0,3,376.0,0.0,0.0,0.0,False
2026-06-18 09:10:00,29.7,29.61319469585848,29.39603818419839,29.830351207518568,False,0,3,29.7,63.52,63.13307883843704,61.235274384260265,65.03088329261381,False,0,3,63.52,1.45983235953409,9.21034037197618,False,0,374,375.662713803182,370.8616501901958,380.46377741616817,False,0,3,374.0,0.0,0.0,0.0,False
2026-06-18 09:15:00,30.2,30.068797330644365,29.851640818984276,30.285953842304455,False,0,3,30.2,62.8,62.330514624669036,60.432710170492264,64.22831907884581,False,0,3,62.8,3.0590825573625713,9.21034037197618,False,0,375,373.6595612074518,368.85849759446563,378.460624820438,False,0,3,375.0,0.0,0.0,0.0,False
2026-06-18 09:20:00,30.6,30.52229502623439,30.3051385145743,30.739451537894478,False,0,3,30.6,60.95,61.713341065129356,59.815536610952584,63.61114551930613,False,0,3,60.95,1.7481885194452977,9.21034037197618,False,0,372,374.56331117109244,369.76224755810625,379.3643747840786,False,0,3,372.0,0.0,0.0,0.0,False
2026-06-18 09:25:00,31.0,30.69667799207386,30.47952148041377,30.91383450373395,True,2,3,30.887115759056794,59.65,59.980361795709904,58.08255734153313,61.878166249886675,False,0,3,59.65,5.151828924269422,9.21034037197618,True,2,373,371.5955929399447,366.7945293269585,376.3966565529309,False,0,3,373.0,-0.11288424094320604,0.0,0.0,True
2026-06-18 09:30:00,31.1,31.024318820941453,30.807162309281363,31.241475332601542,False,0,3,31.1,58.7,58.767515157806876,56.869710703630105,60.66531961198365,False,0,3,58.7,0.8058698879308988,9.21034037197618,False,0,374,372.680721896206,367.87965828321984,377.4817855091922,False,0,3,374.0,0.0,0.0,0.0,False
2026-06-18 09:35:00,31.3,31.245619465358672,31.028462953698583,31.46277597701876,False,0,3,31.3,58.43,57.79549718239534,55.897692728218566,59.69330163657211,False,0,3,58.43,1.2827676500864595,9.21034037197618,False,0,375,373.74805800611557,368.9469943931294,378.54912161910175,False,0,3,375.0,0.0,0.0,0.0,False
2026-06-18 09:40:00,31.53,31.664264727739212,31.447108216079123,31.8814212393993,False,0,3,31.53,57.53,57.41675364174191,55.51894918756514,59.314558095918684,False,0,3,57.53,2.536415676036642,9.21034037197618,False,0,373,374.71497220091936,369.9139085879332,379.51603581390555,False,0,3,373.0,0.0,0.0,0.0,False
2026-06-18 09:45:00,31.8,31.628365464929104,31.411208953269014,31.845521976589193,False,0,3,31.8,56.9,56.766593592651255,54.86878913847448,58.664398046828026,False,0,3,56.9,4.295511391039829,9.21034037197618,False,0,372,372.67181078669506,367.8707471737089,377.47287439968125,False,0,3,372.0,0.0,0.0,0.0,False
2026-06-18 09:50:00,32.0,31.870972732958343,31.653816221298253,32.088129244618436,False,0,3,32.0,56.15,56.11637226574459,54.218567811567816,58.01417671992136,False,0,3,56.15,2.3827315274302197,9.21034037197618,False,0,371,371.6975819699365,366.8965183569503,376.4986455829227,False,0,3,371.0,0.0,0.0,0.0,False
2026-06-18 09:55:00,32.2,32.0911461266957,31.873989615035608,32.30830263835579,False,0,3,32.2,56.2,55.51912703793339,53.621322583756616,57.41693149211016,False,0,3,56.2,2.7901052086961675,9.21034037197618,False,0,368,370.8155303756391,366.01446676265294,375.6165939886253,False,0,3,368.0,0.0,0.0,0.0,False
2026-06-18 10:00:00,32.57,32.53486486042113,32.31770834876104,32.752021372081224,False,0,3,32.57,56.1,55.37632710913628,53.478522654959505,57.27413156331305,False,0,3,56.1,1.2335123633455631,9.21034037197618,False,0,366,367.8050325837023,363.00396897071613,372.6060961966885,False,0,3,366.0,0.0,0.0,0.0,False
2026-06-18 10:05:00,33.0,32.90085772786934,32.68370121620924,33.11801423952943,False,0,3,33.0,55.5,55.36584034945104,53.46803589527427,57.26364480362781,False,0,3,55.5,1.4742643707083178,9.21034037197618,False,0,367,365.8426167986531,361.04155318566694,370.6436804116393,False,0,3,367.0,0.0,0.0,0.0,False
2026-06-18 10:10:00,33.5,33.32872209463856,33.111565582978464,33.54587860629865,False,0,3,33.5,54.3,54.76374907644962,52.86594462227285,56.66155353062639,False,0,3,54.3,4.30969015473547,9.21034037197618,False,0,366,366.7371479013929,361.93608428840673,371.5382115143791,False,0,3,366.0,0.0,0.0,0.0,False
2026-06-18 10:15:00,33.85,33.580007008164124,33.36285049650403,33.79716351982422,True,1,3,33.79716351982422,53.02,53.689895319092074,51.7920908649153,55.587699773268845,False,0,3,53.02,10.603724544158897,9.21034037197618,True,1,367,365.7333222020961,360.9322585891099,370.53438581508226,False,0,3,367.0,-0.05283648017578457,0.0,0.0,True
2026-06-18 10:20:00,34.23,34.13419080571868,33.91703429405859,34.351347317378774,False,0,3,34.23,52.65,52.28364767365577,50.385843219479,54.18145212783254,False,0,3,52.65,1.6696757183875104,9.21034037197618,False,0,367,366.76811334945523,361.96704973646905,371.5691769624414,False,0,3,367.0,0.0,0.0,0.0,False
2026-06-18 10:25:00,34.5,34.24286947879296,34.02571296713287,34.460025990453055,True,2,3,34.42717898670752,51.97,52.274711030647204,50.37690657647043,54.172515484823975,False,0,3,51.97,4.817216785628577,9.21034037197618,True,1,367,366.73659260765675,361.93552899467056,371.53765622064293,False,0,3,367.0,-0.07282101329248292,0.0,0.0,True
2026-06-18 10:30:00,34.6,34.39458577910674,34.17742926744665,34.611742290766834,False,0,3,34.6,50.7,51.78286376350309,49.885059309326316,53.68066821767986,False,0,3,50.7,7.450571309351224,9.21034037197618,False,0,372,366.6925360320658,361.8914724190796,371.493599645052,True,3,3,371.493599645052,0.0,0.0,-0.5064003549480276,True
2026-06-18 10:35:00,34.7,34.56615763857993,34.34900112691984,34.783314150240024,False,0,3,34.7,50.3,50.78636931688606,48.88856486270929,52.68417377106283,False,0,3,50.3,2.77308854255732,9.21034037197618,False,0,369,371.72347285455504,366.92240924156886,376.5245364675412,False,0,3,369.0,0.0,0.0,0.0,False
2026-06-18 10:40:00,34.7,34.688532352677235,34.47137584101714,34.90568886433733,False,0,3,34.7,50.3,50.42959762982542,48.53179317564865,52.327402084002195,False,0,3,50.3,0.04507707293038415,9.21034037197618,False,0,372,368.9477326966612,364.146669083675,373.7487963096474,False,0,3,372.0,0.0,0.0,0.0,False
2026-06-18 10:45:00,34.8,34.684558764418185,34.46740225275809,34.90171527607828,False,0,3,34.8,50.25,50.430926221177366,48.533121767000594,52.32873067535414,False,0,3,50.25,1.886718772147463,9.21034037197618,False,0,369,371.8377196613813,367.0366560483951,376.6387832743675,False,0,3,369.0,0.0,0.0,0.0,False
2026-06-18 10:50:00,34.8,34.9222333634284,34.705076851768304,35.13938987508849,False,0,3,34.8,49.7,50.165285790250195,48.26748133607342,52.06309024442697,False,0,3,49.7,2.7131726932431266,9.21034037197618,False,0,369,368.91972079121126,364.1186571782251,373.72078440419745,False,0,3,369.0,0.0,0.0,0.0,False
2026-06-18 10:55:00,35.0,35.0770456259495,34.85988911428941,35.294202137609595,False,0,3,35.0,50.57,49.451200960464305,47.553396506287534,51.34900541464108,False,0,3,50.57,2.8906355671343382,9.21034037197618,False,0,370,369.02540357049304,364.22433995750686,373.8264671834792,False,0,3,370.0,0.0,0.0,0.0,False
2026-06-18 11:00:00,35.2,34.98778234801459,34.7706258363545,35.204938859674684,False,0,2,35.2,50.05,50.391928956795745,48.49412450261897,52.28973341097252,False,0,2,50.05,6.381218001748337,9.21034037197618,False,0,371,369.77088875715486,364.9698251441687,374.57195237014105,False,0,2,371.0,0.0,0.0,0.0,False
2026-06-18 11:05:00,35.3,35.20732097913286,34.990164467472766,35.42447749079295,False,0,2,35.3,48.95,49.80129182490833,47.90348737073156,51.699096279085104,False,0,2,48.95,2.310918074749766,9.21034037197618,False,0,371,370.75698721784505,365.95592360485887,375.55805083083123,False,0,2,371.0,0.0,0.0,0.0,False
2026-06-18 11:10:00,35.4,35.46439688800969,35.247240376349595,35.68155339966978,False,0,2,35.4,48.58,48.72583449738994,46.82803004321317,50.62363895156671,False,0,2,48.58,0.6598389197011658,9.21034037197618,False,0,367,370.92324736873775,366.12218375575156,375.72431098172393,False,0,2,367.0,0.0,0.0,0.0,False
2026-06-18 11:15:00,35.5,35.38230911422617,35.165152602566074,35.59946562588626,False,0,2,35.5,48.23,48.441019297567095,46.543214843390324,50.33882375174387,False,0,2,48.23,1.9702698353165624,9.21034037197618,False,0,368,366.8642440050116,362.0631803920254,371.66530761799777,False,0,2,368.0,0.0,0.0,0.0,False
2026-06-18 11:20:00,35.6,35.626725360245395,35.4095688485853,35.84388187190549,False,0,2,35.6,48.25,47.942564257379146,46.044759803202375,49.84036871155592,False,0,2,48.25,0.25048464610488885,9.21034037197618,False,0,369,367.8884593194155,363.08739570642933,372.6895229324017,False,0,2,369.0,0.0,0.0,0.0,False
2026-06-18 11:25:00,35.6,35.615207716810986,35.39805120515089,35.83236422847108,False,0,2,35.6,47.4,48.02767313155486,46.12986867737809,49.925477585731635,False,0,2,47.4,0.7973977740404709,9.21034037197618,False,0,368,368.7620512523496,363.9609876393634,373.56311486533576,False,0,2,368.0,0.0,0.0,0.0,False
2026-06-18 11:30:00,35.7,35.63717531676426,35.420018805104164,35.85433182842435,False,0,2,35.7,47.65,47.28317690987047,45.3853724556937,49.18098136404724,False,0,2,47.65,0.8870308078631585,9.21034037197618,False,0,368,367.89612359161254,363.09505997862635,372.6971872045987,False,0,2,368.0,0.0,0.0,0.0,False
2026-06-18 11:35:00,35.8,35.712161257508704,35.49500474584861,35.9293177691688,False,0,2,35.8,47.4,47.54988259674167,45.652078142564896,49.44768705091844,False,0,2,47.4,1.0953577523438158,9.21034037197618,False,0,368,367.8126749703259,363.0116113573397,372.61373858331206,False,0,2,368.0,0.0,0.0,0.0,False
2026-06-18 11:40:00,35.8,35.813141802764406,35.59598529110431,36.0302983144245,False,0,2,35.8,46.9,47.32281907165828,45.42501461748151,49.22062352583505,False,0,2,46.9,0.3754895345848397,9.21034037197618,False,0,371,367.8967241083886,363.0956604954024,372.69778772137477,False,0,2,371.0,0.0,0.0,0.0,False
2026-06-18 11:45:00,35.85,35.868199989748035,35.65104347808794,36.08535650140813,False,0,2,35.85,46.78,46.724975674899724,44.82717122072295,48.622780129076496,False,0,2,46.78,0.04943400871954653,9.21034037197618,False,0,367,370.8075366567008,366.0064730437146,375.608600269687,False,0,2,367.0,0.0,0.0,0.0,False
2026-06-18 11:50:00,35.9,36.04224426417441,35.825087752514314,36.2594007758345,False,0,2,35.9,46.65,46.55595392720259,44.658149473025816,48.45375838137936,False,0,2,46.65,2.848627131010867,9.21034037197618,False,0,367,366.9245605611591,362.12349694817294,371.7256241741453,False,0,2,367.0,0.0,0.0,0.0,False
2026-06-18 11:55:00,36.1,36.047207317849285,35.83005080618919,36.26436382950938,False,0,2,36.1,46.23,46.460909640328374,44.5631051861516,48.358714094505146,False,0,2,46.23,0.4554169194332393,9.21034037197618,False,0,366,366.85694949978995,362.05588588680376,371.65801311277613,False,0,2,366.0,0.0,0.0,0.0,False
2026-06-18 12:00:00,36.3,36.57011811319486,36.352961601534766,36.78727462485495,True,1,2,36.364728240002535,46.03,45.76706440099288,43.86925994681611,47.66486885516965,False,0,2,46.03,5.9478602267602145,9.21034037197618,True,1,365,366.0067574448545,361.2056938318683,370.80782105784067,False,0,2,365.0,0.06472824000253752,0.0,0.0,True
2026-06-18 12:05:00,36.7,36.79194052354889,36.574784011888795,37.00909703520898,False,0,2,36.7,45.6,45.6643966080365,43.766592153859726,47.56220106221327,False,0,2,45.6,1.228675269627491,9.21034037197618,False,0,366,365.0565911646282,360.255527551642,369.85765477761436,False,0,2,366.0,0.0,0.0,0.0,False
2026-06-18 12:10:00,37.2,37.08549754203992,36.868341030379824,37.30265405370001,False,0,2,37.2,44.57,45.158864382965845,43.261059928789074,47.05666883714262,False,0,2,44.57,2.287845805593734,9.21034037197618,False,0,363,365.85110225163896,361.0500386386528,370.65216586462515,False,0,2,363.0,0.0,0.0,0.0,False
2026-06-18 12:15:00,37.6,37.568031126067744,37.35087461440765,37.78518763772784,False,0,2,37.6,44.67,43.80294855474784,41.90514410057107,45.700753008924615,False,0,2,44.67,1.6352984689115442,9.21034037197618,False,0,367,362.91594005253415,358.11487643954797,367.71700366552034,False,0,2,367.0,0.0,0.0,0.0,False
2026-06-18 12:20:00,38.0,38.031888855646486,37.81473234398639,38.24904536730658,False,0,2,38.0,43.47,43.89771476006168,41.99991030588491,45.79551921423845,False,0,2,43.47,0.5297410695402622,9.21034037197618,False,0,367,366.79713439070326,361.9960707777171,371.59819800368945,False,0,2,367.0,0.0,0.0,0.0,False
2026-06-18 12:25:00,38.4,38.42219082752638,38.205034315866286,38.63934733918647,False,0,2,38.4,43.02,42.92732570093419,41.02952124675742,44.82513015511096,False,0,2,43.02,0.07923572122346956,9.21034037197618,False,0,365,366.8911687211925,362.09010510820633,371.6922323341787,False,0,2,365.0,0.0,0.0,0.0,False
2026-06-18 12:30:00,38.8,38.84724483431389,38.6300883226538,39.064401345973984,False,0,2,38.8,43.12,42.56810578320725,40.67030132903048,44.46591023738402,False,0,2,43.12,0.79863112844846,9.21034037197618,False,0,367,365.0508132613271,360.2497496483409,369.8518768743133,False,0,2,367.0,0.0,0.0,0.0,False
2026-06-18 12:35:00,39.1,38.784475251859824,38.56731874019973,39.00163176351992,True,1,2,38.97335687304212,40.8,42.71776142417611,40.81995696999934,44.61556587835288,True,1,2,40.88010009498492,10.217757236040061,9.21034037197618,True,2,368,366.6072943617527,361.8062307487665,371.40835797473886,False,0,2,368.0,-0.12664312695788027,0.0801000949849211,0.0,True
2026-06-18 12:40:00,39.2,38.949676466318,38.73251995465791,39.166832977978096,True,1,2,39.166832977978096,40.02,40.765744313780935,38.867939859604164,42.66354876795771,False,0,2,40.02,9.329766595455974,9.21034037197618,True,1,370,367.65408916680985,362.85302555382367,372.45515277979604,False,0,2,370.0,-0.03316702202190669,0.0,0.0,True
2026-06-18 12:45:00,39.2,39.13899320591809,38.921836694258,39.356149717578184,False,0,2,39.2,41.45,40.079195897704636,38.181391443527865,41.97700035188141,False,0,2,41.45,4.300462454348013,9.21034037197618,False,0,371,369.8974667617763,365.0964031487901,374.69853037476247,False,0,2,371.0,0.0,0.0,0.0,False
2026-06-18 12:50:00,39.3,39.233025255249814,39.01586874358972,39.45018176690991,False,0,2,39.3,40.8,41.447981272747555,39.55017681857078,43.345785726924326,False,0,2,40.8,1.2767132237636374,9.21034037197618,False,0,373,370.7841288826567,365.98306526967053,375.5851924956429,False,0,2,373.0,0.0,0.0,0.0,False
2026-06-18 12:55:00,39.4,39.25951238677185,39.04235587511176,39.476668898431946,False,0,2,39.4,39.85,41.015339946007636,39.117535491830864,42.91314440018441,False,0,2,39.85,4.795948821652978,9.21034037197618,False,0,373,372.7277872724294,367.9267236594432,377.5288508854156,False,0,2,373.0,0.0,0.0,0.0,False
2026-06-18 13:00:00,39.5,39.53835246505951,39.32119595339942,39.755508976719604,False,0,2,39.5,39.58,39.994909624163896,38.097105169987124,41.89271407834067,False,0,2,39.58,0.5816501910335306,9.21034037197618,False,0,370,372.83246524171346,368.0314016287273,377.63352885469965,False,0,2,370.0,0.0,0.0,0.0,False
2026-06-18 13:05:00,39.7,39.76722428417189,39.550067772511795,39.98438079583198,False,0,2,39.7,38.95,39.55682268161766,37.65901822744089,41.45462713579443,False,0,2,38.95,1.4614505233612856,9.21034037197618,False,0,371,369.9126701705281,365.1116065575419,374.7137337835143,False,0,2,371.0,0.0,0.0,0.0,False
2026-06-18 13:10:00,40.0,39.937417584656835,39.72026107299674,40.15457409631693,False,0,2,40.0,39.3,39.084336342038725,37.18653188786195,40.982140796215496,False,0,2,39.3,0.6875322059085662,9.21034037197618,False,0,371,370.9999315997048,366.1988679867186,375.80099521269096,False,0,2,371.0,0.0,0.0,0.0,False
2026-06-18 13:15:00,40.2,40.21750243977464,40.00034592811455,40.434658951434734,False,0,2,40.2,39.35,39.125726779294,37.22792232511723,41.02353123347077,False,0,2,39.35,0.12428082136378397,9.21034037197618,False,0,372,370.9175775846334,366.11651397164724,375.7186411976196,False,0,2,372.0,0.0,0.0,0.0,False
2026-06-18 13:20:00,40.3,40.425980034280904,40.20882352262081,40.643136545941,False,0,2,40.3,37.65,39.09264377312995,37.19483931895318,40.99044822730672,False,0,2,37.65,6.725291596220404,9.21034037197618,False,0,373,371.8051939448802,367.00413033189403,376.6062575578664,False,0,2,373.0,0.0,0.0,0.0,False
2026-06-18 13:25:00,40.5,40.51410215872465,40.296945647064554,40.73125867038474,False,0,2,40.5,37.88,37.684402939529264,35.78659848535249,39.582207393706035,False,0,2,37.88,0.090424462147675,9.21034037197618,False,0,371,372.9980297512375,368.1969661382513,377.79909336422367,False,0,2,371.0,0.0,0.0,0.0,False
2026-06-18 13:30:00,40.6,40.704777102544774,40.48762059088468,40.92193361420487,False,0,2,40.6,38.38,37.66527218040187,35.7674677262251,39.56307663457864,False,0,2,38.38,2.265607547704085,9.21034037197618,False,0,372,371.0120825978127,366.2110189848265,375.8131462107989,False,0,2,372.0,0.0,0.0,0.0,False
2026-06-18 13:35:00,40.7,40.810963177850105,40.59380666619001,41.0281196895102,False,0,2,40.7,37.73,38.05493923861703,36.15713478444026,39.9527436927938,False,0,2,37.73,2.0649254977752296,9.21034037197618,False,0,370,371.9032928484529,367.1022292354667,376.7043564614391,False,0,2,370.0,0.0,0.0,0.0,False
2026-06-18 13:40:00,40.6,40.90285134624351,40.685694834583416,41.1200078579036,True,2,2,40.685694834583416,37.43,37.426259413463626,35.528454959286854,39.3240638676404,False,0,2,37.43,7.921816558242634,9.21034037197618,True,1,371,370.0267946300246,365.2257310170384,374.8278582430108,False,0,2,371.0,0.08569483458341409,0.0,0.0,True
2026-06-18 13:45:00,40.7,40.87147462835249,40.654318116692394,41.08863114001258,False,0,2,40.7,37.85,37.341065705227685,35.44326125105091,39.238870159404456,False,0,2,37.85,4.375363010467205,9.21034037197618,False,0,374,371.14361278341283,366.34254917042665,375.944676396399,False,0,2,374.0,0.0,0.0,0.0,False
2026-06-18 13:50:00,40.7,40.910839217633644,40.69368270597355,41.12799572929374,True,1,2,40.71395670183394,37.0,37.725364073288354,35.82755961911158,39.623168527465126,False,0,2,37.0,6.957391517849543,9.21034037197618,False,0,371,373.9690781651198,369.1680145521336,378.770141778106,False,0,2,371.0,0.013956701833940599,0.0,0.0,True
2026-06-18 13:55:00,40.8,40.925936568009405,40.70878005634931,41.1430930796695,False,0,2,40.8,36.93,36.7878581118655,34.89005365768873,38.685662566042275,False,0,2,36.93,2.233285876662243,9.21034037197618,False,0,370,370.9866690374336,366.18560542444743,375.7877326504198,False,0,2,370.0,0.0,0.0,0.0,False
2026-06-18 14:00:00,40.9,41.006571089454255,40.78941457779416,41.22372760111435,False,0,2,40.9,36.93,36.523161890796615,34.625357436619844,38.42096634497339,False,0,2,36.93,1.7802306439053988,9.21034037197618,False,0,372,369.99686021851426,365.1957966055281,374.79792383150044,False,0,2,372.0,0.0,0.0,0.0,False
2026-06-18 14:05:00,41.0,41.10299610839478,40.885839596734684,41.32015262005487,False,0,2,41.0,35.23,36.314148472616594,34.41634401843982,38.211952926793366,False,0,2,35.23,4.061548171427825,9.21034037197618,False,0,369,371.7023210303026,366.9012574173164,376.50338464328877,False,0,2,369.0,0.0,0.0,0.0,False
2026-06-18 14:10:00,41.1,41.177046841617845,40.95989032995775,41.39420335327794,False,0,2,41.1,35.88,35.191306600577825,33.29350214640105,37.089111054754596,False,0,2,35.88,1.5524945217654103,9.21034037197618,False,0,371,369.069051485176,364.2679878721898,373.87011509816216,False,0,2,371.0,0.0,0.0,0.0,False
2026-06-18 14:15:00,41.3,41.27437313100257,41.057216619342476,41.49152964266266,False,0,2,41.3,37.75,35.680963674996875,33.7831592208201,37.578768129173646,True,2,2,37.578768129173646,7.698371677567907,9.21034037197618,True,1,371,371.08751392551494,366.28645031252876,375.8885775385011,False,0,2,371.0,0.0,-0.17123187082635383,0.0,True
2026-06-18 14:20:00,41.4,41.47318763843092,41.25603112677083,41.690344150091015,False,0,2,41.4,36.63,37.32421474659266,35.42641029241589,39.22201920076943,False,0,2,36.63,1.8249189934848324,9.21034037197618,False,0,372,370.94253966771237,366.1414760547262,375.74360328069855,False,0,2,372.0,0.0,0.0,0.0,False
2026-06-18 14:25:00,41.5,41.565955078358314,41.34879856669822,41.78311159001841,False,0,2,41.5,35.58,36.271849057128065,34.374044602951294,38.16965351130484,False,0,2,35.58,1.658792737551619,9.21034037197618,False,0,371,371.9114719866202,367.110408373634,376.7125355996064,False,0,2,371.0,0.0,0.0,0.0,False
2026-06-18 14:30:00,41.5,41.664341047756814,41.44718453609672,41.88149755941691,False,0,2,41.5,35.58,35.13765868619845,33.23985423202168,37.03546314037522,False,0,2,35.58,3.9647484337855063,9.21034037197618,False,0,374,370.9909891254032,366.189925512417,375.7920527383894,False,0,2,374.0,0.0,0.0,0.0,False
2026-06-18 14:35:00,41.5,41.657275591286144,41.44011907962605,41.87443210294624,False,0,2,41.5,34.4,35.29531808684851,33.39751363267174,37.19312254102528,False,0,2,34.4,5.46960199463631,9.21034037197618,False,0,373,373.9112198552705,369.1101562422843,378.71228346825666,False,0,2,373.0,0.0,0.0,0.0,False
2026-06-18 14:40:00,41.6,41.646282593130756,41.42912608147066,41.86343910479085,False,0,2,41.6,34.57,34.139485600983726,32.241681146806954,36.0372900551605,False,0,2,34.57,0.584078099992168,9.21034037197618,False,0,374,372.93475904254166,368.1336954295555,377.73582265552784,False,0,2,374.0,0.0,0.0,0.0,False
2026-06-18 14:45:00,41.6,41.73402043441471,41.51686392275462,41.9511769460748,False,0,2,41.6,34.85,34.23363784719341,32.335833393016635,36.13144230137018,False,0,2,34.85,2.9892346555584037,9.21034037197618,False,0,373,373.9192634806415,369.11819986765533,378.7203270936277,False,0,2,373.0,0.0,0.0,0.0,False
2026-06-18 14:50:00,41.63,41.732063877134244,41.51490736547415,41.94922038879434,False,0,2,41.63,33.67,34.6332177196859,32.73541326550913,36.531022173862674,False,0,2,33.67,3.5297985456555274,9.21034037197618,False,0,373,372.8649008029981,368.0638371900119,377.66596441598426,False,0,2,373.0,0.0,0.0,0.0,False
2026-06-18 14:55:00,41.6,41.760901951066415,41.54374543940632,41.97805846272651,False,0,2,41.6,33.35,33.409147375846906,31.51134292167013,35.30695183002368,False,0,2,33.35,3.7177171307157306,9.21034037197618,False,0,371,372.90887783064966,368.1078142176635,377.70994144363584,False,0,2,371.0,0.0,0.0,0.0,False
2026-06-18 15:00:00,41.7,41.725982123272715,41.50882561161262,41.94313863493281,False,0,2,41.7,33.97,33.1211385483259,31.223334094149127,35.018943002502674,False,0,2,33.97,1.3646677421966271,9.21034037197618,False,0,372,370.95493747507635,366.15387386209017,375.75600108806253,False,0,2,372.0,0.0,0.0,0.0,False
2026-06-18 15:05:00,41.85,41.81559417356828,41.598437661908186,42.03275068522837,False,0,2,41.85,33.75,33.68601751540396,31.788213061227186,35.58382196958073,False,0,2,33.75,0.1831010244217312,9.21034037197618,False,0,372,371.84568344463565,367.04461983164947,376.64674705762184,False,0,2,372.0,0.0,0.0,0.0,False
2026-06-18 15:10:00,42.0,41.95405787204978,41.73690136038969,42.171214383709874,False,0,2,42.0,33.67,33.651874799385006,31.75407034520823,35.54967925356178,False,0,2,33.67,0.3033599794298408,9.21034037197618,False,0,371,371.9517629632766,367.15069935029044,376.7528265762628,False,0,2,371.0,0.0,0.0,0.0,False
2026-06-18 15:15:00,42.1,42.08765197963423,41.87049546797414,42.304808491294324,False,0,2,42.1,33.27,33.38487891398873,31.487074459811954,35.2826833681655,False,0,2,33.27,0.04158227807687405,9.21034037197618,False,0,372,370.813929393665,366.0128657806788,375.61499300665116,False,0,2,372.0,0.0,0.0,0.0,False
2026-06-18 15:20:00,42.28,42.18542424699282,41.968267735332724,42.40258075865291,False,0,2,42.28,34.62,33.10454456903528,31.20674011485851,35.002349023212055,False,0,2,34.62,6.015613937432713,9.21034037197618,False,0,372,372.0045172410635,367.20345362807734,376.8055808540497,False,0,2,372.0,0.0,0.0,0.0,False
2026-06-18 15:25:00,42.4,42.340050970900315,42.12289445924022,42.55720748256041,False,0,2,42.4,32.77,34.194695979869216,32.296891525692445,36.09250043404599,False,0,2,32.77,4.00832266852662,9.21034037197618,False,0,371,371.60540083364793,366.80433722066175,376.4064644466341,False,0,2,371.0,0.0,0.0,0.0,False
2026-06-18 15:30:00,42.4,42.46780695072656,42.25065043906647,42.684963462386655,False,0,2,42.4,32.5,32.45613474420909,30.558330290032313,34.35393919838586,False,0,2,32.5,0.6473686080503532,9.21034037197618,False,0,372,370.94050500918144,366.13944139619525,375.7415686221676,False,0,2,372.0,0.0,0.0,0.0,False
2026-06-18 15:35:00,42.3,42.45231043989257,42.23515392823248,42.669466951552664,False,0,2,42.3,32.4,32.346842538584106,30.44903808440733,34.24464699276088,False,0,2,32.4,3.2762028652696316,9.21034037197618,False,0,372,372.0185581579483,367.2174945449621,376.8196217709345,False,0,2,372.0,0.0,0.0,0.0,False
2026-06-18 15:40:00,42.3,42.36551219930751,42.14835568764742,42.5826687109676,False,0,2,42.3,31.77,32.15082715173056,30.253022697553785,34.04863160590733,False,0,2,31.77,0.9617843452199797,9.21034037197618,False,0,374,371.9501132268095,367.1490496138233,376.7511768397957,False,0,2,374.0,0.0,0.0,0.0,False
2026-06-18 15:45:00,42.4,42.337655723711116,42.12049921205102,42.55481223537121,False,0,2,42.4,31.85,31.869478878141432,29.971674423964657,33.76728333231821,False,0,2,31.85,0.5492055192945205,9.21034037197618,False,0,373,373.9169032926558,369.1158396796696,378.71796690564196,False,0,2,373.0,0.0,0.0,0.0,False
2026-06-18 15:50:00,42.5,42.40434961789662,42.18719310623653,42.621506129556714,False,0,2,42.5,31.52,31.69499490690316,29.797190452726383,33.59279936107993,False,0,2,31.52,1.3025651927375936,9.21034037197618,False,0,372,372.74125163496143,367.94018802197525,377.5423152479476,False,0,2,372.0,0.0,0.0,0.0,False
2026-06-18 15:55:00,42.6,42.52534735518017,42.30819084352008,42.742503866840266,False,0,2,42.6,31.3,31.37403808024402,29.476233626067245,33.27184253442079,False,0,2,31.3,0.7842405226586476,9.21034037197618,False,0,370,371.85173495532155,367.05067134233536,376.65279856830773,False,0,2,370.0,0.0,0.0,0.0,False
2026-06-18 16:00:00,42.8,42.599016546333296,42.3818600346732,42.81617305799339,False,0,1,42.8,32.95,31.25898833452794,29.361183880351163,33.15679278870471,False,0,1,32.95,12.178135841274184,9.21034037197618,True,1,372,369.94485387160285,365.14379025861666,374.74591748458903,False,0,1,372.0,0.0,0.0,0.0,True
2026-06-18 16:05:00,43.1,42.79589679499572,42.57874028333563,43.01305330665581,True,1,1,43.01305330665581,32.15,32.86191176976399,30.964107315587217,34.759716223940764,False,0,1,32.15,13.378458244457299,9.21034037197618,True,1,373,371.79655043658704,366.99548682360086,376.5976140495732,False,0,1,373.0,-0.08694669334418847,0.0,0.0,True
2026-06-18 16:10:00,43.2,43.06687514222182,42.849718630561725,43.28403165388191,False,0,1,43.2,30.72,32.157171149473854,30.25936669529708,34.054975603650625,False,0,1,30.72,5.7356787047884445,9.21034037197618,False,0,373,372.6518938424491,367.85083022946293,377.4529574554353,False,0,1,373.0,0.0,0.0,0.0,False
2026-06-18 16:15:00,43.4,43.163572427814145,42.94641591615405,43.38072893947424,True,1,1,43.38072893947424,31.92,30.893905151286603,28.996100697109828,32.791709605463375,False,0,1,31.92,10.700549679340078,9.21034037197618,True,1,375,372.9678699077028,368.1668062947166,377.76893352068896,False,0,1,375.0,-0.01927106052576022,0.0,0.0,True
2026-06-18 16:20:00,43.5,43.347689241464266,43.13053272980417,43.56484575312436,False,0,1,43.5,31.02,31.963349103224033,30.065544649047258,33.861153557400804,False,0,1,31.02,4.482521250873717,9.21034037197618,False,0,374,374.7697182860532,369.968654673067,379.5707818990394,False,0,1,374.0,0.0,0.0,0.0,False
2026-06-18 16:25:00,43.6,43.44102433685725,43.22386782519715,43.65818084851734,False,0,1,43.6,30.87,31.041289403793986,29.14348494961721,32.93909385797076,False,0,1,30.87,3.5577163617897063,9.21034037197618,False,0,376,373.8696044545244,369.0685408415382,378.6706680675106,False,0,1,376.0,0.0,0.0,0.0,False
2026-06-18 16:30:00,43.5,43.51817548224957,43.301018970589475,43.73533199390966,False,0,1,43.5,30.75,30.70456947586665,28.806765021689873,32.60237393004342,False,0,1,30.75,0.0480899291817564,9.21034037197618,False,0,374,375.7795190744335,370.9784554614473,380.5805826874197,False,0,1,374.0,0.0,0.0,0.0,False
2026-06-18 16:35:00,43.5,43.41646793669287,43.199311425032775,43.63362444835296,False,0,1,43.5,31.27,30.59469941538574,28.696894961208965,32.49250386956251,False,0,1,31.27,2.0255178263093327,9.21034037197618,False,0,378,373.8778305892559,369.0767669762697,378.6788942022421,False,0,1,378.0,0.0,0.0,0.0,False
2026-06-18 16:40:00,43.45,43.415989471187096,43.198832959527,43.63314598284719,False,0,1,43.45,30.47,31.187259010706995,29.28945455653022,33.08506346488377,False,0,1,30.47,1.0418785983085685,9.21034037197618,False,0,375,377.7038538859352,372.902790272949,382.5049174989214,False,0,1,375.0,0.0,0.0,0.0,False
2026-06-18 16:45:00,43.5,43.349366956973135,43.13221044531304,43.56652346863323,False,0,1,43.5,30.4,30.452459479172358,28.554655024995583,32.35026393334913,False,0,1,30.4,3.204472093888655,9.21034037197618,False,0,372,374.73492846027085,369.93386484728467,379.53599207325703,False,0,1,372.0,0.0,0.0,0.0,False
2026-06-18 16:50:00,43.4,43.403518381257015,43.18636186959692,43.62067489291711,False,0,1,43.4,30.47,30.317003099863168,28.419198645686393,32.21480755403994,False,0,1,30.47,0.043558812904668405,9.21034037197618,False,0,374,371.93287627096043,367.13181265797425,376.7339398839466,False,0,1,374.0,0.0,0.0,0.0,False
2026-06-18 16:55:00,43.3,43.287313265525626,43.07015675386553,43.50446977718572,False,0,1,43.3,29.78,30.270665168903264,28.37286071472649,32.168469623080036,False,0,1,29.78,0.4505264411468633,9.21034037197618,False,0,376,373.69427308304887,368.8932094700627,378.49533669603505,False,0,1,376.0,0.0,0.0,0.0,False
2026-06-18 17:00:00,43.0,43.17721637963957,42.960059867979474,43.39437289129966,False,0,1,43.0,30.1,29.860568136974187,27.962763682797412,31.758372591150962,False,0,1,30.1,4.431630172778087,9.21034037197618,False,0,374,375.9093873512702,371.108323738284,380.7104509642564,False,0,1,374.0,0.0,0.0,0.0,False
2026-06-18 17:05:00,43.0,42.8545769079722,42.63742039631211,43.071733419632295,False,0,1,43.0,30.02,30.283106695874455,28.38530224169768,32.18091115005123,False,0,1,30.02,3.009377795475843,9.21034037197618,False,0,374,373.79691635339043,368.99585274040425,378.5979799663766,False,0,1,374.0,0.0,0.0,0.0,False
2026-06-18 17:10:00,42.97,42.869108771475,42.651952259814905,43.08626528313509,False,0,1,42.97,30.92,30.36030124090951,28.462496786732736,32.258105695086286,False,0,1,30.92,2.2150689918782733,9.21034037197618,False,0,374,373.9505721195909,369.1495085066047,378.7516357325771,False,0,1,374.0,0.0,0.0,0.0,False
2026-06-18 17:15:00,42.8,42.812571844881745,42.59541533322165,43.02972835654184,False,0,1,42.8,30.9,31.031449686267393,29.13364523209062,32.929254140444165,False,0,1,30.9,0.060043043633819626,9.21034037197618,False,0,374,373.85298392431747,369.0519203113313,378.65404753730365,False,0,1,374.0,0.0,0.0,0.0,False
2026-06-18 17:20:00,42.7,42.63070457743869,42.4135480657786,42.847861089098785,False,0,1,42.7,30.47,31.251608756515754,29.35380430233898,33.14941321069253,False,0,1,30.47,1.6418956882182567,9.21034037197618,False,0,371,373.8737015290304,369.07263791604424,378.6747651420166,False,0,1,371.0,0.0,0.0,0.0,False
2026-06-18 17:25:00,42.5,42.532086012119755,42.31492950045966,42.74924252377985,False,0,1,42.5,30.82,30.76209698018281,28.864292526006036,32.65990143435958,False,0,1,30.82,0.14648485911321754,9.21034037197618,False,0,373,371.05307500059115,366.25201138760497,375.85413861357733,False,0,1,373.0,0.0,0.0,0.0,False
2026-06-18 17:30:00,42.3,42.31303423071665,42.09587771905656,42.530190742376746,False,0,1,42.3,31.82,30.930519917371758,29.032715463194982,32.82832437154853,False,0,1,31.82,1.4585771852403546,9.21034037197618,False,0,373,373.0096473115737,368.2085836985875,377.8107109245599,False,0,1,373.0,0.0,0.0,0.0,False
2026-06-18 17:35:00,42.17,42.085840764171955,41.86868425251186,42.30299727583205,False,0,1,42.17,32.1,32.069716075312044,30.17191162113527,33.967520529488816,False,0,1,32.1,1.016830503378267,9.21034037197618,False,0,373,372.87521977463206,368.0741561616459,377.67628338761824,False,0,1,373.0,0.0,0.0,0.0,False
2026-06-18 17:40:00,42.0,41.95773774393288,41.74058123227279,42.174894255592974,False,0,1,42.0,32.15,32.219489534064415,30.32168507988764,34.11729398824119,False,0,1,32.15,0.25323702004107845,9.21034037197618,False,0,372,372.8703281618437,368.0692645488575,377.6713917748299,False,0,1,372.0,0.0,0.0,0.0,False
2026-06-18 17:45:00,41.8,41.81976918416613,41.602612672506034,42.03692569582622,False,0,1,41.8,32.42,32.40587003985166,30.50806558567489,34.303674494028435,False,0,1,32.42,0.05500786100330262,9.21034037197618,False,0,370,371.9984890088729,367.19742539588674,376.7995526218591,False,0,1,370.0,0.0,0.0,0.0,False
2026-06-18 17:50:00,41.68,41.602956897763846,41.38580038610375,41.82011340942394,False,0,1,41.68,32.9,32.58077092907169,30.682966474894915,34.47857538324846,False,0,1,32.9,1.1140209410632171,9.21034037197618,False,0,370,369.9172776388049,365.1162140258187,374.71834125179106,False,0,1,370.0,0.0,0.0,0.0,False
2026-06-18 17:55:00,41.33,41.49925708621366,41.28210057455357,41.71641359787375,False,0,1,41.33,33.3,33.00236593227137,31.104561478094592,34.90017038644814,False,0,1,33.3,4.071764097530474,9.21034037197618,False,0,371,369.9928718558747,365.1918082428885,374.79393546886087,False,0,1,371.0,0.0,0.0,0.0,False
2026-06-18 18:00:00,41.3,41.13359523239616,40.91643872073607,41.350751744056254,False,0,1,41.3,33.52,33.4928044910687,31.59500003689193,35.390608945245475,False,0,1,33.52,3.95222850238567,9.21034037197618,False,0,369,370.8453353329784,366.0442717199922,375.64639894596456,False,0,1,369.0,0.0,0.0,0.0,False
2026-06-18 18:05:00,41.1,41.07289145582503,40.85573494416494,41.29004796748512,False,0,1,41.1,33.72,33.641887918395284,31.74408346421851,35.539692372572055,False,0,1,33.72,0.1227564328003102,9.21034037197618,False,0,366,368.9558098936614,364.1547462806752,373.7568735066476,False,0,1,366.0,0.0,0.0,0.0,False
2026-06-18 18:10:00,40.8,40.85289168951365,40.635735177853554,41.07004820117374,False,0,1,40.8,34.0,33.97675623273153,32.07895177855476,35.8745606869083,False,0,1,34.0,0.39462265677776326,9.21034037197618,False,0,369,366.0794538611524,361.2783902481662,370.88051747413857,False,0,1,369.0,0.0,0.0,0.0,False
2026-06-18 18:15:00,40.5,40.56684564794009,40.34968913628,40.784002159600185,False,0,1,40.5,34.27,34.25357389724769,32.35576944307092,36.15137835142446,False,0,1,34.27,0.632043746133958,9.21034037197618,False,0,367,369.0645878556527,364.2635242426665,373.8656514686389,False,0,1,367.0,0.0,0.0,0.0,False
2026-06-18 18:20:00,40.1,40.267465767770894,40.0503092561108,40.48462227943099,False,0,1,40.1,34.7,34.42383171566967,32.5260272614929,36.32163616984644,False,0,1,34.7,3.9766404718164137,9.21034037197618,False,0,367,367.0913098139049,362.2902462009187,371.8923734268911,False,0,1,367.0,0.0,0.0,0.0,False
2026-06-18 18:25:00,39.9,39.86968258789055,39.65252607623046,40.086839099550645,False,0,1,39.9,35.2,35.07133123556635,33.173526781389576,36.96913568974312,False,0,1,35.2,0.17425396153489153,9.21034037197618,False,0,365,366.9942164851369,362.19315287215073,371.7952800981231,False,0,1,365.0,0.0,0.0,0.0,False
2026-06-18 18:30:00,39.65,39.66496332804222,39.447806816382126,39.88211983970231,False,0,1,39.65,35.5,35.552525732136225,33.65472127795945,37.450330186312996,False,0,1,35.5,0.03953804934523516,9.21034037197618,False,0,363,365.00644309399235,360.20537948100616,369.80750670697853,False,0,1,363.0,0.0,0.0,0.0,False
2026-06-18 18:35:00,39.3,39.41930454242278,39.202148030762686,39.63646105408287,False,0,1,39.3,36.05,35.837738767732176,33.939934313555405,37.73554322190895,False,0,1,36.05,2.0240051800863244,9.21034037197618,False,0,362,363.137803185012,358.3367395720258,367.9388667979982,False,0,1,362.0,0.0,0.0,0.0,False
2026-06-18 18:40:00,39.0,39.069730303360316,38.85257379170022,39.28688681502041,False,0,1,39.0,36.55,36.3851023198498,34.48729786567303,38.28290677402657,False,0,1,36.55,0.7040410549450329,9.21034037197618,False,0,361,362.11880938558755,357.31774577260137,366.91987299857374,False,0,1,361.0,0.0,0.0,0.0,False
2026-06-18 18:45:00,38.7,38.76584987433853,38.548693362678435,38.98300638599862,False,0,1,38.7,37.2,36.95435163048684,35.05654717631007,38.85215608466361,False,0,1,37.2,0.6756176845838607,9.21034037197618,False,0,365,361.14818515302414,356.34712154003796,365.9492487660103,False,0,1,365.0,0.0,0.0,0.0,False
2026-06-18 18:50:00,38.4,38.46781284940988,38.25065633774979,38.684969361069975,False,0,1,38.4,37.73,37.58758662598977,35.689782171813,39.48539108016654,False,0,1,37.73,0.6597308375244634,9.21034037197618,False,0,361,365.0667729083298,360.26570929534364,369.867836521316,False,0,1,361.0,0.0,0.0,0.0,False
2026-06-18 18:55:00,38.2,38.16895790127406,37.95180138961397,38.386114412934155,False,0,1,38.2,38.13,38.135373787045026,36.237569332868254,40.0331782412218,False,0,1,38.13,0.13647717826743644,9.21034037197618,False,0,359,361.0168825603268,356.2158189473406,365.817946173313,False,0,1,359.0,0.0,0.0,0.0,False
2026-06-18 19:00:00,37.9,37.97166333442391,37.754506822763815,38.188819846084,False,0,1,37.9,38.75,38.606264839360584,36.70846038518381,40.504069293537356,False,0,1,38.75,0.7346637626341077,9.21034037197618,False,0,363,359.1724969248904,354.37143331190424,363.9735605378766,False,0,1,363.0,0.0,0.0,0.0,False
2026-06-18 19:05:00,37.6,37.66835056086769,37.451194049207594,37.88550707252778,False,0,1,37.6,39.53,39.27973663440027,37.3819321802235,41.177541088577044,False,0,1,39.53,0.7245302738248023,9.21034037197618,False,0,361,363.1197392770193,358.3186756640331,367.92080289000546,False,0,1,361.0,0.0,0.0,0.0,False
2026-06-18 19:10:00,37.3,37.37693213980716,37.15977562814707,37.59408865146725,False,0,1,37.3,40.05,40.09208334672387,38.194278892547096,41.98988780090064,False,0,1,40.05,0.8551929204311851,9.21034037197618,False,0,362,361.1973609874342,356.396297374448,365.9984246004204,False,0,1,362.0,0.0,0.0,0.0,False
2026-06-18 19:15:00,37.1,37.08323870370679,36.8660821920467,37.30039521536688,False,0,1,37.1,40.92,40.53458090384424,38.636776449667465,42.43238535802101,False,0,1,40.92,0.3375799741839834,9.21034037197618,False,0,359,362.14935380608705,357.34829019310087,366.95041741907323,False,0,1,359.0,0.0,0.0,0.0,False
2026-06-18 19:20:00,36.8,36.88746460557628,36.670308093916184,37.10462111723637,False,0,1,36.8,41.4,41.171464931534096,39.273660477357325,43.06926938571087,False,0,1,41.4,1.1190516519004126,9.21034037197618,False,0,361,359.1494820658585,354.3484184528723,363.95054567884466,False,0,1,361.0,0.0,0.0,0.0,False
2026-06-18 19:25:00,36.53,36.59641343696721,36.37925692530712,36.813569948627304,False,0,1,36.53,42.22,41.69037019583362,39.79256574165685,43.588174650010394,False,0,1,42.22,1.0336557553558197,9.21034037197618,False,0,359,361.2046384036136,356.40357479062743,366.0057020165998,False,0,1,359.0,0.0,0.0,0.0,False
2026-06-18 19:30:00,36.3,36.31820624697026,36.10104973531017,36.535362758630356,False,0,1,36.3,42.17,42.57141199551208,40.67360754133531,44.46921644968885,False,0,1,42.17,0.3709625361283101,9.21034037197618,False,0,364,359.1250085671592,354.32394495417304,363.9260721801454,True,1,1,363.9260721801454,0.0,0.0,-0.07392781985458896,True
2026-06-18 19:35:00,36.0,36.09705839220186,35.879901880541766,36.31421490386195,False,0,1,36.0,43.55,42.60319176557701,40.70538731140024,44.50099621975378,False,0,1,43.55,2.7060398370052257,9.21034037197618,False,0,363,364.2235821832493,359.4225185702631,369.02464579623546,False,0,1,363.0,0.0,0.0,0.0,False
2026-06-18 19:40:00,35.6,35.79958902273879,35.5824325110787,36.016745534398886,False,0,1,35.6,44.27,43.87141168491591,41.97360723073914,45.769216139092684,False,0,1,44.27,5.697158651419826,9.21034037197618,False,0,365,363.83656971672104,359.03550610373486,368.6376333297072,False,0,1,365.0,0.0,0.0,0.0,False
2026-06-18 19:45:00,35.4,35.40114899743307,35.183992485772976,35.61830550909316,False,0,1,35.4,44.2,44.63151411839916,42.73370966422239,46.52931857257593,False,0,1,44.2,0.3483569902346602,9.21034037197618,False,0,367,365.61573050965393,360.81466689666775,370.4167941226401,False,0,1,367.0,0.0,0.0,0.0,False
2026-06-18 19:50:00,35.2,35.20862387207171,34.99146736041162,35.425780383731805,False,0,1,35.2,44.62,44.57060695321829,42.67280249904152,46.46841140739506,False,0,1,44.62,0.013714902214448583,9.21034037197618,False,0,365,367.63247968180946,362.8314160688233,372.43354329479564,False,0,1,365.0,0.0,0.0,0.0,False
2026-06-18 19:55:00,34.9,35.00750625524913,34.79034974358904,35.224662766909226,False,0,1,34.9,45.73,45.143445176718245,43.245640722541474,47.04124963089502,False,0,1,45.73,2.0763393951790268,9.21034037197618,False,0,367,365.78895179362837,360.9878881806422,370.59001540661455,False,0,1,367.0,0.0,0.0,0.0,False
2026-06-18 20:00:00,34.65,34.71344281857953,34.49628630691944,34.93059933023962,False,0,1,34.65,46.53,46.17559866634355,44.277794212166775,48.07340312052032,False,0,1,46.53,0.732143073683376,9.21034037197618,False,0,370,367.69759937617926,362.89653576319307,372.49866298916544,False,0,1,370.0,0.0,0.0,0.0,False
2026-06-18 20:05:00,34.4,34.47278641187784,34.25562990021775,34.689942923537934,False,0,1,34.4,46.23,46.871680554124964,44.97387609994819,48.769485008301736,False,0,1,46.23,1.6725291930854627,9.21034037197618,False,0,371,370.53493318737486,365.7338695743887,375.33599680036104,False,0,1,371.0,0.0,0.0,0.0,False
2026-06-18 20:10:00,34.2,34.232130005176145,34.01497349351605,34.44928651683624,False,0,1,34.2,46.93,46.61064984620694,44.71284539203017,48.50845430038371,False,0,1,46.93,0.30289309934307784,9.21034037197618,False,0,372,371.5943415340625,366.7932779210763,376.3954051470487,False,0,1,372.0,0.0,0.0,0.0,False
2026-06-18 20:15:00,33.93,34.03432913118723,33.817172619527135,34.25148564284732,False,0,1,33.93,48.58,47.28606136834426,45.388256914167485,49.18386582252103,False,0,1,48.58,4.220445314120596,9.21034037197618,False,0,374,372.7115881395809,367.9105245265947,377.5126517525671,False,0,1,374.0,0.0,0.0,0.0,False
2026-06-18 20:20:00,33.7,33.76914446332184,33.551987951661744,33.98630097498193,False,0,1,33.7,47.78,48.78807013222201,46.89026567804524,50.68587458639878,False,0,1,47.78,2.799409114246025,9.21034037197618,False,0,370,374.4064789947194,369.6054153817332,379.2075426077056,False,0,1,370.0,0.0,0.0,0.0,False
2026-06-18 20:25:00,33.5,33.54774056915628,33.33058405749619,33.764897080816375,False,0,1,33.5,47.8,48.091988244440586,46.194183790263814,49.98979269861736,False,0,1,47.8,0.5283510380670957,9.21034037197618,False,0,374,370.54144998506297,365.7403863720768,375.34251359804915,False,0,1,374.0,0.0,0.0,0.0,False
2026-06-18 20:30:00,33.3,33.34466394653979,33.127507434879696,33.56182045819988,False,0,1,33.3,49.48,48.24207003229226,46.34426557811549,50.13987448646903,False,0,1,49.48,2.9543044632334508,9.21034037197618,False,0,375,374.64453806451604,369.84347445152986,379.4456016775022,False,0,1,375.0,0.0,0.0,0.0,False
2026-06-18 20:35:00,33.05,33.15409782697234,32.93694131531225,33.37125433863243,False,0,1,33.05,49.53,49.778557488390824,47.88075303421405,51.676361942567596,False,0,1,49.53,1.7401410531652066,9.21034037197618,False,0,375,375.4872605026912,370.686196889705,380.28832411567737,False,0,1,375.0,0.0,0.0,0.0,False
2026-06-18 20:40:00,32.95,32.908165671643076,32.69100915998298,33.12532218330317,False,0,1,32.95,50.22,49.888402476705735,47.990598022528964,51.78620693088251,False,0,1,50.22,0.4988973708798973,9.21034037197618,False,0,373,375.47406278510056,370.6729991721144,380.27512639808674,False,0,1,373.0,0.0,0.0,0.0,False
2026-06-18 20:45:00,32.8,32.80662736033484,32.58947084867475,33.02378387199494,False,0,1,32.8,50.17,50.55511297524579,48.65730852106902,52.45291742942256,False,0,1,50.17,0.29063518458859106,9.21034037197618,False,0,374,373.4579604644627,368.6568968514765,378.2590240774489,False,0,1,374.0,0.0,0.0,0.0,False
2026-06-18 20:50:00,32.5,32.66223351631382,32.445077004653726,32.87939002797391,False,0,1,32.5,52.02,50.511607857259456,48.613803403082684,52.40941231143623,False,0,1,52.02,7.173099427801951,9.21034037197618,False,0,375,374.7143981242354,369.9133345112492,379.5154617372216,False,0,1,375.0,0.0,0.0,0.0,False
2026-06-18 20:55:00,32.4,32.3734458282718,32.156289316611705,32.59060233993189,False,0,1,32.4,50.8,52.121297222753995,50.22349276857722,54.01910167693077,False,0,1,50.8,3.234310315498643,9.21034037197618,False,0,375,375.27859749962806,370.4775338866419,380.07966111261425,False,0,1,375.0,0.0,0.0,0.0,False
2026-06-18 21:00:00,32.2,,,,False,0,0,32.2,51.75,,,,False,0,0,51.75,,9.21034037197618,False,0,377,,,,False,0,0,377.0,0.0,0.0,0.0,False
2026-06-18 21:05:00,32.0,,,,False,0,0,32.0,51.77,,,,False,0,0,51.77,,9.21034037197618,False,0,382,,,,False,0,0,382.0,0.0,0.0,0.0,False
2026-06-18 21:10:00,31.9,,,,False,0,0,31.9,53.92,,,,False,0,0,53.92,,9.21034037197618,False,0,380,,,,False,0,0,380.0,0.0,0.0,0.0,False
2026-06-18 21:15:00,31.7,,,,False,0,0,31.7,53.62,,,,False,0,0,53.62,,9.21034037197618,False,0,378,,,,False,0,0,378.0,0.0,0.0,0.0,False
2026-06-18 21:20:00,31.6,,,,False,0,0,31.6,53.32,,,,False,0,0,53.32,,9.21034037197618,False,0,380,,,,False,0,0,380.0,0.0,0.0,0.0,False
2026-06-18 21:25:00,31.4,,,,False,0,0,31.4,54.35,,,,False,0,0,54.35,,9.21034037197618,False,0,378,,,,False,0,0,378.0,0.0,0.0,0.0,False
2026-06-18 21:30:00,31.3,,,,False,0,0,31.3,55.2,,,,False,0,0,55.2,,9.21034037197618,False,0,381,,,,False,0,0,381.0,0.0,0.0,0.0,False
2026-06-18 21:35:00,31.1,,,,False,0,0,31.1,55.93,,,,False,0,0,55.93,,9.21034037197618,False,0,383,,,,False,0,0,383.0,0.0,0.0,0.0,False
2026-06-18 21:40:00,30.8,,,,False,0,0,30.8,58.0,,,,False,0,0,58.0,,9.21034037197618,False,0,387,,,,False,0,0,387.0,0.0,0.0,0.0,False
2026-06-18 21:45:00,30.77,,,,False,0,0,30.77,58.15,,,,False,0,0,58.15,,9.21034037197618,False,0,392,,,,False,0,0,392.0,0.0,0.0,0.0,False
2026-06-18 21:50:00,30.6,,,,False,0,0,30.6,59.0,,,,False,0,0,59.0,,9.21034037197618,False,0,397,,,,False,0,0,397.0,0.0,0.0,0.0,False
2026-06-18 21:55:00,30.6,,,,False,0,0,30.6,59.43,,,,False,0,0,59.43,,9.21034037197618,False,0,399,,,,False,0,0,399.0,0.0,0.0,0.0,False
2026-06-18 22:00:00,30.4,,,,False,0,0,30.4,59.18,,,,False,0,0,59.18,,9.21034037197618,False,0,400,,,,False,0,0,400.0,0.0,0.0,0.0,False
2026-06-18 22:05:00,30.4,,,,False,0,0,30.4,59.85,,,,False,0,0,59.85,,9.21034037197618,False,0,403,,,,False,0,0,403.0,0.0,0.0,0.0,False
2026-06-18 22:10:00,30.3,,,,False,0,0,30.3,58.6,,,,False,0,0,58.6,,9.21034037197618,False,0,408,,,,False,0,0,408.0,0.0,0.0,0.0,False
2026-06-18 22:15:00,30.23,,,,False,0,0,30.23,60.57,,,,False,0,0,60.57,,9.21034037197618,False,0,409,,,,False,0,0,409.0,0.0,0.0,0.0,False
2026-06-18 22:20:00,30.17,,,,False,0,0,30.17,59.43,,,,False,0,0,59.43,,9.21034037197618,False,0,409,,,,False,0,0,409.0,0.0,0.0,0.0,False
2026-06-18 22:25:00,30.1,,,,False,0,0,30.1,60.2,,,,False,0,0,60.2,,9.21034037197618,False,0,409,,,,False,0,0,409.0,0.0,0.0,0.0,False
2026-06-18 22:30:00,29.98,,,,False,0,0,29.98,60.95,,,,False,0,0,60.95,,9.21034037197618,False,0,409,,,,False,0,0,409.0,0.0,0.0,0.0,False
2026-06-18 22:35:00,29.8,,,,False,0,0,29.8,61.9,,,,False,0,0,61.9,,9.21034037197618,False,0,407,,,,False,0,0,407.0,0.0,0.0,0.0,False
2026-06-18 22:40:00,29.7,,,,False,0,0,29.7,60.77,,,,False,0,0,60.77,,9.21034037197618,False,0,412,,,,False,0,0,412.0,0.0,0.0,0.0,False
2026-06-18 22:45:00,29.7,,,,False,0,0,29.7,60.87,,,,False,0,0,60.87,,9.21034037197618,False,0,416,,,,False,0,0,416.0,0.0,0.0,0.0,False
2026-06-18 22:50:00,29.52,,,,False,0,0,29.52,61.27,,,,False,0,0,61.27,,9.21034037197618,False,0,414,,,,False,0,0,414.0,0.0,0.0,0.0,False
2026-06-18 22:55:00,29.4,,,,False,0,0,29.4,63.27,,,,False,0,0,63.27,,9.21034037197618,False,0,416,,,,False,0,0,416.0,0.0,0.0,0.0,False
2026-06-18 23:00:00,29.3,,,,False,0,0,29.3,62.37,,,,False,0,0,62.37,,9.21034037197618,False,0,418,,,,False,0,0,418.0,0.0,0.0,0.0,False
2026-06-18 23:05:00,29.2,,,,False,0,0,29.2,62.67,,,,False,0,0,62.67,,9.21034037197618,False,0,417,,,,False,0,0,417.0,0.0,0.0,0.0,False
2026-06-18 23:10:00,29.05,,,,False,0,0,29.05,63.17,,,,False,0,0,63.17,,9.21034037197618,False,0,415,,,,False,0,0,415.0,0.0,0.0,0.0,False
2026-06-18 23:15:00,28.9,,,,False,0,0,28.9,62.5,,,,False,0,0,62.5,,9.21034037197618,False,0,412,,,,False,0,0,412.0,0.0,0.0,0.0,False
2026-06-18 23:20:00,28.83,,,,False,0,0,28.83,61.32,,,,False,0,0,61.32,,9.21034037197618,False,0,412,,,,False,0,0,412.0,0.0,0.0,0.0,False
2026-06-18 23:25:00,28.8,,,,False,0,0,28.8,61.7,,,,False,0,0,61.7,,9.21034037197618,False,0,409,,,,False,0,0,409.0,0.0,0.0,0.0,False
2026-06-18 23:30:00,28.62,,,,False,0,0,28.62,64.22,,,,False,0,0,64.22,,9.21034037197618,False,0,410,,,,False,0,0,410.0,0.0,0.0,0.0,False
2026-06-18 23:35:00,28.6,,,,False,0,0,28.6,63.65,,,,False,0,0,63.65,,9.21034037197618,False,0,409,,,,False,0,0,409.0,0.0,0.0,0.0,False
2026-06-18 23:40:00,28.6,,,,False,0,0,28.6,63.2,,,,False,0,0,63.2,,9.21034037197618,False,0,408,,,,False,0,0,408.0,0.0,0.0,0.0,False
2026-06-18 23:45:00,28.5,,,,False,0,0,28.5,62.9,,,,False,0,0,62.9,,9.21034037197618,False,0,408,,,,False,0,0,408.0,0.0,0.0,0.0,False
2026-06-18 23:50:00,28.32,,,,False,0,0,28.32,65.03,,,,False,0,0,65.03,,9.21034037197618,False,0,406,,,,False,0,0,406.0,0.0,0.0,0.0,False
2026-06-18 23:55:00,28.3,,,,False,0,0,28.3,63.07,,,,False,0,0,63.07,,9.21034037197618,False,0,408,,,,False,0,0,408.0,0.0,0.0,0.0,False
