reg_date,Tin,RHin,VPD,dTcond,CO2,u_heat,x_vent,curtain,u_co2,ACH,Q_heat,Q_ventloss,model
2025-03-17 00:30:00,13.3,0.45399999999999996,0.8339162084804209,11.54370824887092,371.0,1.0,0.1,0.0,0.0,0.6968655503247584,23333.40915167523,974.1050934003082,tiny_ttm
2025-03-17 00:35:00,13.908835053642566,0.42329464305327635,0.9164235035543778,12.575665685366443,373.84553433049274,1.0,0.2,0.0,0.0,1.286391124952264,23333.40915167523,1871.025884118194,tiny_ttm
2025-03-17 00:40:00,14.472404710496813,0.38542158552445793,1.0129268897483887,13.931649589275384,378.79325891500673,1.0,0.2,0.0,0.0,1.2558703463398155,23333.40915167523,1896.2515178892945,tiny_ttm
2025-03-17 00:45:00,15.023982660588103,0.3533569997972927,1.1043784061091828,15.188958435657925,383.1057859315022,1.0,0.2,0.0,0.0,1.332634728910519,23333.40915167523,2083.6435397925597,tiny_ttm
2025-03-17 00:50:00,15.557730179502622,0.32425307447863944,1.1943351888272322,16.429630871134343,387.2029951784638,1.0,0.2,0.0,0.0,1.3483575542563258,23333.40915167523,2178.6541207836076,tiny_ttm
2025-03-17 00:55:00,16.077449477052596,0.2986908876115812,1.281412227956564,17.61410524675698,390.88816927913876,1.0,0.2,0.0,0.0,1.5018863193977323,23333.40915167523,2501.7954564656147,tiny_ttm
2025-03-17 01:00:00,16.574814489949922,0.2742344248549263,1.368789453455217,18.838139372168673,394.53172430349576,1.0,0.2,0.0,0.0,1.2558703463398155,23333.40915167523,2155.1844115411313,tiny_ttm
2025-03-17 01:05:00,17.075505503302164,0.25460039551616687,1.4512024968150723,19.910556031729087,397.197128655133,1.0,0.2,0.0,0.0,1.4870883661310907,23333.40915167523,2622.701155606847,tiny_ttm
2025-03-17 01:10:00,17.548741222019913,0.23571880067773382,1.5331481586818145,21.014463269050726,400.022952379411,1.0,0.2,0.0,0.0,1.224424695648202,23333.40915167523,2098.3388633714994,tiny_ttm
2025-03-17 01:15:00,18.05208473791429,0.2212432762523704,1.6124957253373182,21.939734816000023,402.06131825047675,0.0,0.1,0.0,0.0,0.7509705669559168,0.0,1258.3384518295636,tiny_ttm
2025-03-17 01:20:00,17.67279806447398,0.2225719201351134,1.5717700825349283,21.797988422881733,403.18393675080017,1.0,0.2,0.0,0.0,1.5638527487017941,23333.40915167523,2695.601545413677,tiny_ttm
2025-03-17 01:25:00,18.15117100812717,0.2083641732382112,1.6493988891173261,22.75122700413192,405.3754239786839,0.0,0.1,0.0,0.0,0.8050755835870751,0.0,1356.5447991595581,tiny_ttm
2025-03-17 01:30:00,17.76607572726457,0.2097658664480349,1.6070789954062303,22.59734748551097,406.3565814016068,1.0,0.2,0.0,0.0,1.4093991114812223,23333.40915167523,2443.672444856725,tiny_ttm
2025-03-17 01:35:00,18.252138522698363,0.19794908770560574,1.6817245355320143,23.444487721547713,407.9589999057853,0.0,0.1,0.0,0.0,0.7199873523038859,0.0,1220.726375838681,tiny_ttm
2025-03-17 01:40:00,17.870478438273658,0.20021281513616898,1.637234025727399,23.228538162567418,408.681447220529,1.0,0.2,0.0,0.0,1.224424695648202,23333.40915167523,2136.976699154596,tiny_ttm
2025-03-17 01:45:00,18.366073894462804,0.19013765806466248,1.710281999017003,23.992951405821284,409.83634018237746,0.0,0.1,0.0,0.0,0.766230956262141,0.0,1307.4710378352415,tiny_ttm
2025-03-17 01:50:00,17.97877377791758,0.19255064674077194,1.6642189711629731,23.75888453387452,410.4853160808091,1.0,0.2,0.0,0.0,1.378878332868774,23333.40915167523,2419.7773686700225,tiny_ttm
2025-03-17 01:55:00,18.461574512409832,0.1830972257889746,1.73550630056562,24.50348760763815,411.57861537249806,0.0,0.1,0.0,0.0,0.6894665736914376,0.0,1183.3134255827551,tiny_ttm
2025-03-17 02:00:00,18.07735137627045,0.18606653367777323,1.6880109082622077,24.22387821481944,412.0624706395699,0.0,0.0,0.0,0.0,0.21555000895956952,0.0,362.48367512600385,tiny_ttm
2025-03-17 02:05:00,17.733020587573723,0.18963250082927208,1.644595427944472,23.91451113469673,412.205048516633,1.0,0.1,0.0,0.0,0.7740923689350443,23333.40915167523,1380.8864418621567,tiny_ttm
2025-03-17 02:10:00,18.250031071255066,0.18166436310345427,1.7156431258219245,24.567239092502156,412.7078828882574,0.0,0.0,0.0,0.0,0.21555000895956952,0.0,387.3749616152146,tiny_ttm
2025-03-17 02:15:00,17.882055531369126,0.18530597903065676,1.6689651961121026,24.24191552263317,412.8388675473216,1.0,0.1,0.0,0.0,0.6737437483456309,23333.40915167523,1245.3142234207774,tiny_ttm
2025-03-17 02:20:00,18.391541788878484,0.17766211544847346,1.7394028791592993,24.883104432432756,413.2409315657439,0.0,0.0,0.0,0.0,0.21555000895956952,0.0,376.1572538384243,tiny_ttm
2025-03-17 02:25:00,18.034222183124772,0.18126831709117652,1.69336574377766,24.556121676613454,413.3623413375407,0.0,0.0,0.0,0.0,0.21555000895956952,0.0,361.5682153399864,tiny_ttm
2025-03-17 02:30:00,17.690761008735585,0.18481638079428495,1.6499696663857406,24.2416867633878,413.48157028622103,1.0,0.1,0.0,0.0,0.7588319796288201,23333.40915167523,1350.5906303695242,tiny_ttm
2025-03-17 02:35:00,18.20973430319682,0.17733682966737316,1.7203593871772629,24.873240604904506,413.89376969653586,0.0,0.0,0.0,0.0,0.21555000895956952,0.0,386.51962285338817,tiny_ttm
2025-03-17 02:40:00,17.842571267406022,0.1809557418445835,1.673712274283553,24.54343950711264,414.00345286292094,1.0,0.0,0.0,0.0,0.21555000895956952,23333.40915167523,398.2632207236091,tiny_ttm
2025-03-17 02:45:00,18.38468082548829,0.17440196232204538,1.7455478614206392,25.122333037392146,414.11116584534795,0.0,0.0,0.0,0.0,0.21555000895956952,0.0,390.23303583842767,tiny_ttm
2025-03-17 02:50:00,18.013990341402195,0.1780102610513289,1.6979434556346797,24.787856108999044,414.21694403324767,1.0,0.1,0.0,0.0,0.7588319796288201,23333.40915167523,1411.9738928654433,tiny_ttm
2025-03-17 02:55:00,18.514627543992283,0.17083795541357105,1.767414357894463,25.414387409116244,414.5826413505439,0.0,0.0,0.0,0.0,0.21555000895956952,0.0,392.99128347625185,tiny_ttm
2025-03-17 03:00:00,18.141316943057554,0.17437779373197332,1.719146374121732,25.07867215712878,414.6799506593295,0.0,0.0,0.0,0.0,0.21555000895956952,0.0,385.0673967089896,tiny_ttm
2025-03-17 03:05:00,17.775533407111798,0.1779444104284779,1.6727896867543404,24.748608768627452,414.7755120495834,1.0,0.1,0.0,0.0,0.7199873523038859,23333.40915167523,1323.018867046671,tiny_ttm
2025-03-17 03:10:00,18.284164012271404,0.1707257036732355,1.7423033864709254,25.379387146281815,415.08897582013043,0.0,0.0,0.0,0.0,0.21555000895956952,0.0,388.09946705108985,tiny_ttm
2025-03-17 03:15:00,17.91550024959015,0.17425969104259612,1.6951580711041414,25.04528335675896,415.1771900956281,1.0,0.1,0.0,0.0,0.6275001443873759,23333.40915167523,1162.1056808512246,tiny_ttm
2025-03-17 03:20:00,18.427470828351655,0.16745570634858484,1.7649612398448749,25.65651116383063,415.4293829215736,0.0,0.0,0.0,0.0,0.21555000895956952,0.0,369.91530681918596,tiny_ttm
2025-03-17 03:25:00,18.076080578007925,0.17095820399976647,1.7192066786509308,25.322553077604137,415.5114826342574,0.0,0.1,0.0,0.0,0.8513191875453302,0.0,1427.9220928993095,tiny_ttm
2025-03-17 03:30:00,17.689603895592107,0.17424959057287298,1.6712354556458209,25.003886736901343,415.82991271401465,1.0,0.2,0.0,0.0,1.1781810916899471,23333.40915167523,2035.7220741089156,tiny_ttm
2025-03-17 03:35:00,18.19255314720346,0.16768003035936188,1.7386774900148623,25.594491584427214,416.23933921326835,0.0,0.1,0.0,0.0,0.7509705669559168,0.0,1268.7041521760373,tiny_ttm
2025-03-17 03:40:00,17.810142058390976,0.17108746945981154,1.6904231003559125,25.262706858613296,416.47468467686343,1.0,0.2,0.0,0.0,1.1171395344650505,23333.40915167523,1943.9084822304787,tiny_ttm
2025-03-17 03:45:00,18.31419608811841,0.1648436221381906,1.7579702237401877,25.83765534032282,416.8028737701077,0.0,0.1,0.0,0.0,0.7972141709141718,0.0,1356.1090563466225,tiny_ttm
2025-03-17 03:50:00,17.92596913541681,0.16830999444550854,1.7084970751271007,25.49549561157989,417.01527329816366,1.0,0.2,0.0,0.0,1.316911903564712,23333.40915167523,2304.75624685594,tiny_ttm
2025-03-17 03:55:00,18.41414738266823,0.16198695412930583,1.7750720683033938,26.082005094814562,417.3428251417083,0.0,0.1,0.0,0.0,0.7740923689350443,0.0,1324.5006505779077,tiny_ttm
2025-03-17 04:00:00,18.02524334292959,0.16532366985492292,1.7253696409684696,25.744825031943506,417.5142333734358,1.0,0.2,0.0,0.0,1.3021139502980705,23333.40915167523,2291.659838252739,tiny_ttm
2025-03-17 04:05:00,18.511973856075603,0.15900030289912342,1.792349228776946,26.340319405194517,417.7839626569053,0.0,0.1,0.0,0.0,0.6894665736914376,0.0,1186.7288232009873,tiny_ttm
2025-03-17 04:10:00,18.126641736673065,0.1624177477753018,1.742443304848081,25.99226279763876,417.91128629641497,0.0,0.0,0.0,0.0,0.21555000895956952,0.0,363.5299117814053,tiny_ttm
2025-03-17 04:15:00,17.781317105998234,0.16584191708178495,1.6980353297382922,25.65794050754149,417.9488048178751,1.0,0.1,0.0,0.0,0.7278487649767893,23333.40915167523,1266.3103301625529,tiny_ttm
2025-03-17 04:20:00,18.311429783203526,0.15995154413545043,1.7679610739120684,26.224597519026467,418.07321814121144,0.0,0.0,0.0,0.0,0.21555000895956952,0.0,388.6782100092252,tiny_ttm
2025-03-17 04:25:00,17.942216260538853,0.16337806508017177,1.7203859087334124,25.880996824089575,418.10782796178853,1.0,0.1,0.0,0.0,0.812474560220396,23333.40915167523,1505.7523596928709,tiny_ttm
2025-03-17 04:30:00,18.44071344233032,0.15717371230849786,1.788241924720712,26.474699484820633,418.2359397655058,0.0,0.0,0.0,0.0,0.21555000895956952,0.0,391.4223835558993,tiny_ttm
2025-03-17 04:35:00,18.068893172089172,0.16058756157437595,1.7399265541192108,26.12652426902509,418.267626698785,0.0,0.0,0.0,0.0,0.21555000895956952,0.0,383.53013053177773,tiny_ttm
2025-03-17 04:40:00,17.704569917285877,0.16401410378004055,1.693547674757213,25.785459088588738,418.29874445550155,1.0,0.1,0.0,0.0,0.6894665736914376,23333.40915167523,1262.2722149097115,tiny_ttm
2025-03-17 04:45:00,18.216869411331434,0.1580757757443427,1.761426954875699,26.357457215288733,418.3964910247715,0.0,0.0,0.0,0.0,0.21555000895956952,0.0,386.6710725812804,tiny_ttm
2025-03-17 04:50:00,17.849562510291435,0.16156309353598144,1.7140952483773289,26.00638446527557,418.42529405593626,1.0,0.1,0.0,0.0,0.7047269629976618,23333.40915167523,1300.1790738141217,tiny_ttm
2025-03-17 04:55:00,18.357613503321762,0.1559647248056327,1.781503794247344,26.557329163328333,418.51777220073416,0.0,0.0,0.0,0.0,0.21555000895956952,0.0,389.65850515163885,tiny_ttm
2025-03-17 05:00:00,17.98746877789485,0.15947783720550884,1.7333321945726314,26.19955725260009,418.54439671868516,1.0,0.1,0.0,0.0,0.6816051610185342,23333.40915167523,1266.8697362714283,tiny_ttm
2025-03-17 05:05:00,18.49409267792117,0.15402351379113388,1.8009379154406253,26.744671103824295,418.6270756110968,0.0,0.0,0.0,0.0,0.21555000895956952,0.0,392.5554106317065,tiny_ttm
2025-03-17 05:10:00,18.12119612167489,0.1575268834158642,1.7520184991536867,26.38327511651692,418.65173676645753,0.0,0.0,0.0,0.0,0.21555000895956952,0.0,384.64031237251123,tiny_ttm
2025-03-17 05:15:00,17.755818282030816,0.1610471334552002,1.7050549803931285,26.029200205482148,418.6759549457967,1.0,0.1,0.0,0.0,0.766230956262141,23333.40915167523,1406.2639807204582,tiny_ttm
2025-03-17 05:20:00,18.261695524987438,0.15552458829441945,1.7717415531812835,26.5746046984138,418.7604986381314,0.0,0.0,0.0,0.0,0.21555000895956952,0.0,387.62255118364857,tiny_ttm
2025-03-17 05:25:00,17.893484794616455,0.15902613965026427,1.7240410800533281,26.217553433194066,418.78276318226943,1.0,0.1,0.0,0.0,0.7819537816079476,23333.40915167523,1445.6116353336247,tiny_ttm
2025-03-17 05:30:00,18.395198942417622,0.15345829521110715,1.791009130156383,26.77209978662797,418.8620817599975,0.0,0.0,0.0,0.0,0.21555000895956952,0.0,390.4562932743113,tiny_ttm
2025-03-17 05:35:00,18.024296381445712,0.1569585720389839,1.7425575027996798,26.410518433798504,418.8825216172332,1.0,0.1,0.0,0.0,0.6816051610185342,23333.40915167523,1269.3370425535352,tiny_ttm
2025-03-17 05:40:00,18.530111054349042,0.15171155791547897,1.8099375165453397,26.945317412158534,418.9459948699849,0.0,0.0,0.0,0.0,0.21555000895956952,0.0,393.31993629918134,tiny_ttm
2025-03-17 05:45:00,18.156488259256363,0.1552027199230714,1.7607503438874688,26.580351262951478,418.9649274379197,0.0,0.0,0.0,0.0,0.21555000895956952,0.0,385.38942290210787,tiny_ttm
2025-03-17 05:50:00,17.79039882392626,0.15871165954570982,1.7135296802702336,26.22276804958026,418.9835199295889,1.0,0.1,0.0,0.0,0.7357101776496926,23333.40915167523,1352.9049568424427,tiny_ttm
2025-03-17 05:55:00,18.297614023920296,0.15344750094666876,1.7801061579526647,26.753636735290918,419.04583949068723,0.0,0.0,0.0,0.0,0.21555000895956952,0.0,388.38495685249745,tiny_ttm
2025-03-17 06:00:00,17.928679068533746,0.15700109915846328,1.732023598610467,26.388301512229425,419.06297859954816,1.0,0.1,0.0,0.0,0.7047269629976618,23333.40915167523,1305.6588790681444,tiny_ttm
2025-03-17 06:05:00,18.43498449702013,0.1519512117431587,1.7986768227855605,26.906170725761985,419.1180072866985,0.0,0.0,0.0,0.0,0.21555000895956952,0.0,391.30078102486976,tiny_ttm
2025-03-17 06:10:00,18.063279739554563,0.1554436659468767,1.7499713491751487,26.542148301996512,419.1338500814697,0.0,0.0,0.0,0.0,0.21555000895956952,0.0,383.41097987367016,tiny_ttm
2025-03-17 06:15:00,17.69906966844172,0.15889959119773436,1.703318170102175,26.189841556810748,419.14940830002797,1.0,0.1,0.0,0.0,0.7588319796288201,23333.40915167523,1388.4921514276016,tiny_ttm
2025-03-17 06:20:00,18.206721215835124,0.15341009107519032,1.7700603463366065,26.738721474322837,419.20319631532345,0.0,0.0,0.0,0.0,0.21555000895956952,0.0,386.4556670937227,tiny_ttm
2025-03-17 06:25:00,17.839618932951776,0.1569101642912757,1.7225291005670231,26.378238862052108,419.2175089021044,1.0,0.1,0.0,0.0,0.7357101776496926,23333.40915167523,1356.4635040729102,tiny_ttm
2025-03-17 06:30:00,18.345742255973605,0.15173489597131334,1.7890994843446006,26.90657270177869,419.26548279082454,0.0,0.0,0.0,0.0,0.21555000895956952,0.0,389.4065261841587,tiny_ttm
2025-03-17 06:35:00,17.975836890613262,0.15522633474644293,1.7408258835533654,26.54278168925763,419.27867655674277,1.0,0.1,0.0,0.0,0.6432229697331826,23333.40915167523,1195.2051842246049,tiny_ttm
2025-03-17 06:40:00,18.48906127013851,0.1506018258044438,1.8076523603075643,27.03091455730994,300.0,1.0,0.2,0.0,0.0,1.1171395344650505,23333.40915167523,2128.520207707034,tiny_ttm
2025-03-17 06:45:00,18.958514040473528,0.14692291435006025,1.8695555142855589,27.441375375296495,300.0,0.0,0.3,0.0,0.0,1.5443500591990806,0.0,2869.344805258317,tiny_ttm
2025-03-17 06:50:00,18.48719104170689,0.15230427059990742,1.8038179777242007,26.88691033102349,300.0,1.0,0.2,1.0,0.0,1.1014167091192437,23333.40915167523,2097.917958382057,tiny_ttm
2025-03-17 06:55:00,18.95268646571838,0.14817572772627782,1.8661311264938898,27.331666025294133,311.01416709119246,1.0,0.1,1.0,0.0,0.6968655503247584,23333.40915167523,1361.2685017588929,tiny_ttm
2025-03-17 07:00:00,19.43697777884712,0.1439064265539584,1.932922867246014,27.804053230581093,317.34320646015897,1.0,0.0,1.0,0.0,0.21555000895956952,23333.40915167523,432.1060760457216,tiny_ttm
2025-03-17 07:05:00,19.946939304164154,0.13946192104658683,2.005421362370167,28.31054833146831,319.1871791907651,1.0,0.1,1.0,0.0,0.6432229697331826,23333.40915167523,1319.6071957962604,tiny_ttm
2025-03-17 07:10:00,20.413480980189387,0.1356050473698567,2.0733485815180357,28.766936457893777,324.5909393564397,1.0,0.2,1.0,0.0,1.1014167091192437,23333.40915167523,2306.1105696874884,tiny_ttm
2025-03-17 07:15:00,20.833508006325278,0.13208353048733626,2.1363635084183796,29.19256109890359,333.3480338226221,1.0,0.3,1.0,0.0,1.6372997031551733,23333.40915167523,3488.472412086968,tiny_ttm
2025-03-17 07:20:00,21.200253205067984,0.12906549096561712,2.19262575675777,29.566867080718332,345.1709703642915,1.0,0.4,1.0,0.0,2.1112162678870416,23333.40915167523,4565.746531954881,tiny_ttm
2025-03-17 07:25:00,21.518550440245818,0.12607163042449468,2.2434788089417115,29.935970258530826,358.3359924207173,1.0,0.5,1.0,0.0,2.506518705889876,23333.40915167523,5490.283246281804,tiny_ttm
2025-03-17 07:30:00,21.7950434258619,0.1234764712818753,2.2884841126052082,30.262344070919774,371.21615812718454,1.0,0.6,1.0,0.0,3.242174069025467,23333.40915167523,7168.843982603225,tiny_ttm
2025-03-17 07:35:00,22.001218750992617,0.12144540512606088,2.3228161351519994,30.51974293069189,384.3966337194746,1.0,0.5,1.0,0.0,2.3909096959942384,23333.40915167523,5352.035204240243,tiny_ttm
2025-03-17 07:40:00,22.273564628331158,0.11911298501676444,2.3679234430560934,30.82798028235443,391.4903365236531,0.0,0.6,0.0,0.0,2.964712445275937,0.0,6460.6330669194695,tiny_ttm
2025-03-17 07:45:00,21.68335287995155,0.1283878446058037,2.2601912762140937,29.738668845788744,300.0,0.0,0.5,0.0,0.0,2.6614347791500306,0.0,5657.297284520161,tiny_ttm
2025-03-17 07:50:00,21.15081523314085,0.13730074790136398,2.1653168143168995,28.762671379512412,300.0,1.0,0.6,1.0,0.0,3.1506117331881223,23333.40915167523,6771.2954712583305,tiny_ttm
2025-03-17 07:55:00,21.38507694589859,0.13192842864835838,2.210312274546464,29.325450297489645,331.5061173318812,1.0,0.7,1.0,0.0,3.6397886872262144,23333.40915167523,7890.758013165845,tiny_ttm
2025-03-17 08:00:00,21.57130862615049,0.12755709135695842,2.2469043027196705,29.79757419138901,358.34770341722646,1.0,0.8,1.0,0.0,3.88109992404806,23333.40915167523,8099.590518860116,tiny_ttm
2025-03-17 08:05:00,21.76548969708318,0.1260314389272195,2.27769998120074,29.993894737706064,378.28759704929234,0.0,0.7,1.0,0.0,2.992378231810644,0.0,6051.61278118759,tiny_ttm
2025-03-17 08:10:00,21.122807975613103,0.13107686073253103,2.1771937359837477,29.35232919548822,388.68920426481,0.0,0.6,1.0,0.0,2.6872508215264066,0.0,5272.78570314476,tiny_ttm
2025-03-17 08:15:00,20.52386765100089,0.1359876174118447,2.0865885772803385,28.754141329641325,395.70086772831286,1.0,0.5,1.0,0.0,2.8926527989413056,23333.40915167523,5764.5338622228655,tiny_ttm
2025-03-17 08:20:00,20.8290461661205,0.13216292698035884,2.1355819591349814,29.183923071800507,401.55828047644127,0.0,0.4,1.0,0.0,2.3257865902533448,0.0,4503.426339949897,tiny_ttm
2025-03-17 08:25:00,20.266691331696435,0.13654288878776444,2.052414710351642,28.6479022086478,405.1325724738668,0.0,0.3,1.0,0.0,1.4985688912804083,0.0,2828.7144662672313,tiny_ttm
2025-03-17 08:30:00,19.782194641465612,0.14054848254780578,1.9825466229900923,28.177103654904705,406.98922783920256,0.0,0.2,0.9,0.0,1.224424695648202,0.0,2138.264580720231,tiny_ttm
2025-03-17 08:35:00,19.376539823475966,0.14579233375486433,1.9214295813601303,27.6251072522214,300.0,1.0,0.1,0.0,0.0,0.766230956262141,23333.40915167523,1395.939430762841,tiny_ttm
2025-03-17 08:40:00,20.12762127552687,0.152309626495588,1.9976927088903702,27.214080977298973,300.0,0.0,0.2,1.0,0.0,1.3021139502980705,0.0,2314.3812714868004,tiny_ttm
2025-03-17 08:45:00,19.685602218420524,0.15507887141357699,1.9373857966319026,26.8930838985842,313.0211395029807,1.0,0.3,1.0,0.0,1.9147613269047035,23333.40915167523,3485.7680556001224,tiny_ttm
2025-03-17 08:50:00,20.114142359335904,0.1493928610414574,2.002896194841915,27.461152085145898,330.0910549093162,1.0,0.4,1.0,0.0,2.5422066567779784,23333.40915167523,4723.2926355340815,tiny_ttm
2025-03-17 08:55:00,20.487063806034804,0.1442216227921811,2.0620189001021574,27.991362008263824,349.1383148021014,0.0,0.3,1.0,0.0,1.4056192473243156,0.0,2546.840315241961,tiny_ttm
2025-03-17 09:00:00,20.028847233889255,0.14756898496572582,1.996626979519309,27.602225065888625,357.4386938531016,1.0,0.2,0.0,0.0,1.240147520994009,23333.40915167523,2342.0829222100347,tiny_ttm
2025-03-17 09:05:00,20.791560914465208,0.15574320697306096,2.072770432764431,27.05717987978815,300.0,1.0,0.1,0.0,0.0,0.6584833590394067,23333.40915167523,1296.4218163702508,tiny_ttm
2025-03-17 09:10:00,21.590046413156458,0.16386011070463014,2.1558775951587426,26.54871530411767,300.0,1.0,0.0,0.0,0.0,0.21555000895956952,23333.40915167523,442.3255113705984,tiny_ttm
2025-03-17 09:15:00,22.418690264052483,0.1726239072758494,2.243787169514554,26.017842043762688,300.0,0.0,0.1,1.0,0.0,0.766230956262141,0.0,1462.0100816821491,tiny_ttm
2025-03-17 09:20:00,21.985612468338328,0.17403710662029295,2.1816922909237957,25.827091765179567,307.66230956262143,1.0,0.0,0.0,0.0,0.21555000895956952,23333.40915167523,429.956262380099,tiny_ttm
2025-03-17 09:25:00,22.847699314076863,0.1829825944215846,2.274105606322043,25.317971928343646,300.0,1.0,0.0,0.0,0.0,0.21555000895956952,23333.40915167523,448.4930770577616,tiny_ttm
2025-03-17 09:30:00,23.70339826802712,0.19189180642083514,2.368525414573433,24.831350082049457,300.0,1.0,0.0,0.0,0.0,0.21555000895956952,23333.40915167523,466.9419361412928,tiny_ttm
2025-03-17 09:35:00,24.555037003908573,0.2007899141964746,2.465169243784833,24.3636865134237,300.0,1.0,0.0,0.0,0.0,0.21555000895956952,23333.40915167523,485.2411014431961,tiny_ttm
2025-03-17 09:40:00,25.39976555513429,0.20957532081277194,2.563902643940724,23.919444125432463,300.0,1.0,0.0,0.0,0.0,0.21555000895956952,23333.40915167523,503.3618354220665,tiny_ttm
2025-03-17 09:45:00,26.23625733541925,0.21817356415423092,2.664743872060276,23.50106005602621,300.0,1.0,0.0,0.0,0.0,0.21555000895956952,23333.40915167523,521.339491608732,tiny_ttm
2025-03-17 09:50:00,27.066144339249774,0.2265978839038528,2.7678993333434265,23.105745745341896,300.0,1.0,0.1,0.0,0.0,0.7893527582412685,23333.40915167523,1970.174063376406,tiny_ttm
2025-03-17 09:55:00,27.83518530716768,0.22929246603302028,2.8851044559102124,23.065548017205074,300.0,1.0,0.2,0.0,0.0,1.4093991114812223,23333.40915167523,3617.2422469339363,tiny_ttm
2025-03-17 10:00:00,28.537450588194453,0.22533380799871097,3.0207815895825454,23.432526897719775,300.0,1.0,0.3,0.0,0.0,1.9147613269047035,23333.40915167523,4850.8114240669765,tiny_ttm
2025-03-17 10:05:00,29.207726759867395,0.21728374070367973,3.172831048363994,24.06850319024163,300.0,0.0,0.2,1.0,0.0,1.2558703463398155,0.0,3104.5848892574927,tiny_ttm
2025-03-17 10:10:00,28.59759641824661,0.2102304014298103,3.0904342815296646,24.433803652448496,312.55870346339816,1.0,0.3,0.0,0.0,1.8675928508672834,23333.40915167523,4746.312784777561,tiny_ttm
2025-03-17 10:15:00,29.287627793941958,0.20611907247930442,3.232953728086569,24.83691997195127,300.0,0.0,0.2,1.0,0.0,1.378878332868774,0.0,3417.7978666359527,tiny_ttm
2025-03-17 10:20:00,28.663480570289376,0.19841379726762548,3.148671895838988,25.265981999404026,313.7887833286877,0.0,0.1,1.0,0.0,0.6506219463665034,0.0,1577.4414505731133,tiny_ttm
2025-03-17 10:25:00,28.12450874002881,0.19825295914236948,3.0522937504866574,25.17995068350864,319.5473957050747,0.0,0.0,1.0,0.0,0.21555000895956952,0.0,512.0665609097996,tiny_ttm
2025-03-17 10:30:00,27.638086054311994,0.20184887172408258,2.9536787141604277,24.839510498951977,321.3517756847233,0.0,0.0,1.0,0.0,0.21555000895956952,0.0,501.7417582575397,tiny_ttm
2025-03-17 10:35:00,27.161471113562328,0.2054096027648079,2.8596632263387445,24.508957424533424,323.12374448764024,0.0,0.0,1.0,0.0,0.21555000895956952,0.0,491.62513469359726,tiny_ttm
2025-03-17 10:40:00,26.694466164130226,0.20891118555162327,2.7700779013622503,24.189509266925363,324.8638842996118,0.0,0.0,1.0,0.0,0.21555000895956952,0.0,481.7124927011508,tiny_ttm
2025-03-17 10:45:00,26.236877439674714,0.21239209293429348,2.684547416714556,23.878172501810248,326.5727668489116,0.0,0.0,1.0,0.0,0.21555000895956952,0.0,457.77830666342453,tiny_ttm
2025-03-17 10:50:00,25.80202429676593,0.21571245446952814,2.6054004059939544,23.586037608708374,328.2509535941437,0.0,0.0,1.0,0.0,0.21555000895956952,0.0,462.7695313021113,tiny_ttm
2025-03-17 10:55:00,25.362429885672295,0.21914755308350126,2.527243077736352,23.290109858829425,329.8989959087116,0.0,0.0,1.0,0.0,0.21555000895956952,0.0,453.4387050991975,tiny_ttm
2025-03-17 11:00:00,24.93169902062532,0.2225572059468784,2.452544048958317,23.00174533465378,331.51743526197356,0.0,0.0,1.0,0.0,0.21555000895956952,0.0,444.29601642855374,tiny_ttm
2025-03-17 11:05:00,24.50965298586671,0.22590810272994644,2.3812232562726443,22.722731483561184,333.1068033971442,0.0,0.0,1.0,0.0,0.21555000895956952,0.0,435.3376718714326,tiny_ttm
2025-03-17 11:10:00,24.0961166690856,0.22916487541791333,2.313207760985142,22.454865689682602,334.6676225060001,0.0,0.0,1.0,0.0,0.21555000895956952,0.0,405.3339653398175,tiny_ttm
2025-03-17 11:15:00,23.711081497715426,0.23223741135357465,2.251314706934347,22.206401728158152,336.20040540044783,0.0,0.0,1.0,0.0,0.21555000895956952,0.0,397.1612129676337,tiny_ttm
2025-03-17 11:20:00,23.333809793952888,0.2352762205679698,2.1920159275884026,21.96441042806906,337.70565568100966,0.0,0.0,1.0,0.0,0.21555000895956952,0.0,389.15324787470246,tiny_ttm
2025-03-17 11:25:00,22.964145022931103,0.23833619329749586,2.1350277996212443,21.72548118342752,339.183867902283,0.0,0.0,1.0,0.0,0.21555000895956952,0.0,381.306747453637,tiny_ttm
2025-03-17 11:30:00,22.601933805997113,0.2413048075712801,2.08054661147861,21.496008102469485,340.63552773542807,0.0,0.0,1.0,0.0,0.21555000895956952,0.0,373.61845609081274,tiny_ttm
2025-03-17 11:35:00,22.247025857073115,0.2442368408473215,2.028299544761359,21.272555688566886,342.0611121277364,0.0,0.0,1.0,0.0,0.21555000895956952,0.0,366.08518381557195,tiny_ttm
2025-03-17 11:40:00,21.899273920300832,0.24701220794252957,1.978492905142697,21.0616596602765,343.4610894593335,0.0,0.0,1.0,0.0,0.21555000895956952,0.0,358.7038049766638,tiny_ttm
2025-03-17 11:45:00,21.558533708943184,0.2498074636792328,1.9305497953083504,20.8531219689114,344.8359196970665,0.0,0.0,1.0,0.0,0.21555000895956952,0.0,330.24526778936644,tiny_ttm
2025-03-17 11:50:00,21.244826854471057,0.2523403107580691,1.887426076527095,20.665422451661776,346.18605454562777,0.0,0.0,1.0,0.0,0.21555000895956952,0.0,344.81251865418164,tiny_ttm
2025-03-17 11:55:00,20.91728226516113,0.25499357316944093,1.843291871520698,20.471000600585324,347.5119375959637,0.0,0.0,1.0,0.0,0.21555000895956952,0.0,337.86006075338105,tiny_ttm
2025-03-17 12:00:00,20.596341960338034,0.25766872524315515,1.8007544550603756,20.278452491975507,348.814004471018,0.0,0.0,1.0,0.0,0.21555000895956952,0.0,331.04778532348104,tiny_ttm
2025-03-17 12:05:00,20.28187277775453,0.26029087471378354,1.759918596724685,20.091699031121294,350.092682968857,0.0,0.0,1.0,0.0,0.21555000895956952,0.0,303.1468767080608,tiny_ttm
2025-03-17 12:10:00,19.993907249068165,0.26265106582953623,1.7233422537912872,19.924505565094762,351.34839320322385,0.0,0.0,1.0,0.0,0.21555000895956952,0.0,297.0345235188608,tiny_ttm
2025-03-17 12:15:00,19.711747971914917,0.26496950991711427,1.6881453014687378,19.761868885557945,352.58154774156833,0.0,0.0,1.0,0.0,0.21555000895956952,0.0,291.0454137617398,tiny_ttm
2025-03-17 12:20:00,19.43527787479314,0.2673204566665158,1.6540988261901957,19.59985688625185,353.7925517405971,0.0,0.0,1.0,0.0,0.21555000895956952,0.0,285.1770624782733,tiny_ttm
2025-03-17 12:25:00,19.164382246714922,0.2697062388050672,1.6211479753144573,19.43834457042744,354.9818030793891,0.0,0.0,1.0,0.0,0.21555000895956952,0.0,279.4270348142758,tiny_ttm
2025-03-17 12:30:00,18.89894868961103,0.2720522288206198,1.589408711762622,19.281085913808123,356.1496924901202,0.0,0.0,1.0,0.0,0.21555000895956952,0.0,273.79294500954876,tiny_ttm
2025-03-17 12:35:00,18.6388670716955,0.2742801231782077,1.5589966735570377,19.131876832422886,357.29660368643897,0.0,0.0,1.0,0.0,0.21555000895956952,0.0,268.27245540799754,tiny_ttm
2025-03-17 12:40:00,18.38402948177057,0.27653288201821746,1.5295517458805181,18.983438622760627,358.4229134895376,0.0,0.0,1.0,0.0,0.21555000895956952,0.0,262.86327548770845,tiny_ttm
2025-03-17 12:45:00,18.134330184452903,0.27871882848115453,1.5012240427173482,18.840250220668352,359.52899195195715,0.0,0.0,1.0,0.0,0.21555000895956952,0.0,257.5631609105816,tiny_ttm
2025-03-17 12:50:00,17.88966557630266,0.280823286045595,1.4739961657100884,18.702894277690028,360.6152024791696,0.0,0.0,1.0,0.0,0.21555000895956952,0.0,252.36991259112636,tiny_ttm
2025-03-17 12:55:00,17.649934142837086,0.2828867907068154,1.4477398752148334,18.56927541167413,361.6819019489761,0.0,0.0,1.0,0.0,0.21555000895956952,0.0,247.28137578403255,tiny_ttm
2025-03-17 13:00:00,17.415036416410842,0.2848250250219643,1.4225824767166024,18.443337969933264,362.72944082875966,0.0,0.0,1.0,0.0,0.21555000895956952,0.0,242.29543919013886,tiny_ttm
2025-03-17 13:05:00,17.18487493494562,0.28672164622228313,1.3983142918967957,18.32093525098743,363.75816329063304,0.0,0.0,1.0,0.0,0.21555000895956952,0.0,237.41003408042795,tiny_ttm
2025-03-17 13:10:00,16.95935420149186,0.28848998473434967,1.375066485540711,18.206073078013723,364.76840732451694,0.0,0.0,1.0,0.0,0.21555000895956952,0.0,232.62313343768417,tiny_ttm
2025-03-17 13:15:00,16.73838064460586,0.29021634813148145,1.352633032955901,18.094551427927627,365.7605048491879,0.0,0.0,1.0,0.0,0.21555000895956952,0.0,227.93275111545813,tiny_ttm
2025-03-17 13:20:00,16.521862579525777,0.2919457668580536,1.3308966174392332,17.984206845737834,366.73478182133124,1.0,0.0,0.1,0.0,0.21555000895956952,23333.40915167523,250.16189783793607,tiny_ttm
2025-03-17 13:25:00,17.548007466249633,0.28862841160175573,1.4269454077939185,18.280888303897534,300.0,0.0,0.0,1.0,0.0,0.21555000895956952,0.0,245.1178812520796,tiny_ttm
2025-03-17 13:30:00,17.31516488831599,0.2903619853746542,1.402688748787588,18.16702733255714,302.1555000895957,0.0,0.0,1.0,0.0,0.21555000895956952,0.0,240.17556721780383,tiny_ttm
2025-03-17 13:35:00,17.08701711736591,0.29205094220405753,1.3792960024799983,18.056624173475395,304.27228200722266,0.0,0.0,1.0,0.0,0.21555000895956952,0.0,235.33290510565072,tiny_ttm
2025-03-17 13:40:00,16.86346949196415,0.2936082393684902,1.3568992656470305,17.953642807666508,306.3510412280738,0.0,0.1,0.0,0.0,0.766230956262141,0.0,846.8526077718672,tiny_ttm
2025-03-17 13:45:00,16.997198740558247,0.30259968839200324,1.3510347505061318,17.560062942291268,300.0,0.0,0.2,1.0,0.0,1.425121936827029,0.0,1535.912378844549,tiny_ttm
2025-03-17 13:50:00,16.72379130678844,0.28834210481931116,1.3549488570176458,18.180519115762873,314.2512193682703,0.0,0.3,1.0,0.0,1.9605424948233758,0.0,2056.0311081798436,tiny_ttm
2025-03-17 13:55:00,16.434877607055856,0.27063196046624943,1.3633920230292502,18.996085906447135,331.5283008852921,0.0,0.4,1.0,0.0,2.1112162678870416,0.0,2153.0982464924587,tiny_ttm
2025-03-17 14:00:00,16.147640237075397,0.2531317519617438,1.3707828509781828,19.848272684194708,347.093541753507,0.0,0.2,1.0,0.0,1.7183063859223657,0.0,1538.6311210656243,tiny_ttm
2025-03-17 14:05:00,15.909797766039748,0.24321742298124807,1.3680431685205177,20.342393129998165,357.53317781850126,0.0,0.2,1.0,0.0,1.6258191780058557,0.0,1418.4860940738977,tiny_ttm
2025-03-17 14:10:00,15.681340264779296,0.23545572572151977,1.3620213616799834,20.734843239810626,365.9964909428148,0.0,0.2,1.0,0.0,1.5333319700893457,0.0,1303.971399983517,tiny_ttm
2025-03-17 14:15:00,15.461859567224039,0.2286833530627594,1.354893588866879,21.083237031685226,372.89693318734743,0.0,0.3,1.0,0.0,1.7760305150299383,0.0,1470.7575188186247,tiny_ttm
2025-03-17 14:20:00,15.239950298420371,0.22160649173120417,1.3479832737469755,21.458112768678475,379.86830685491117,0.0,0.4,1.0,0.0,2.5422066567779784,0.0,2043.7647330426296,tiny_ttm
2025-03-17 14:25:00,14.999336890548278,0.21223343516298013,1.3432654894935991,21.97975635031857,388.3702283100125,0.0,0.2,1.0,0.0,1.4870883661310907,0.0,1165.5096917007158,tiny_ttm
2025-03-17 14:30:00,14.7985354632139,0.2090053221441253,1.3314324120677843,22.14424840487549,392.2899171019761,0.0,0.3,1.0,0.0,1.8911770888859933,0.0,1442.6818225182178,tiny_ttm
2025-03-17 14:35:00,14.590533480176319,0.20411331036271527,1.3218041980444084,22.414072074301643,396.65697326096563,0.0,0.4,1.0,0.0,2.481165099553082,0.0,1837.9321837948764,tiny_ttm
2025-03-17 14:40:00,14.370683405595926,0.19838453863131508,1.3125315445465424,22.741351166141516,401.4834651995345,0.0,0.5,1.0,0.0,2.737736725681151,0.0,1967.2292877091545,tiny_ttm
2025-03-17 14:45:00,14.149855057138588,0.1921455014351813,1.303965982190745,23.11053749165876,405.7079149791668,1.0,0.4,0.0,0.0,2.3886778916365716,23333.40915167523,1980.064833536467,tiny_ttm
2025-03-17 14:50:00,15.24813496876733,0.19099536998464567,1.4017310706988089,23.38047313904833,300.0,0.0,0.5,1.0,0.0,3.0082618088369433,0.0,2416.3297681395784,tiny_ttm
2025-03-17 14:55:00,14.992350333145078,0.18085293263574573,1.3961460400713563,24.03119038657323,330.08261808836943,0.0,0.4,1.0,0.0,2.7271810726109984,0.0,2125.0168875390227,tiny_ttm
2025-03-17 15:00:00,14.753224329155259,0.17628345486750693,1.3824652896582212,24.312171959535384,350.5176999257139,1.0,0.5,0.0,0.0,2.968954745472426,23333.40915167523,2635.339782720539,tiny_ttm
2025-03-17 15:05:00,15.832161027451667,0.17926060398850777,1.476312188508887,24.296835778276687,300.0,0.0,0.2,1.0,0.0,1.4870883661310907,0.0,1359.703219257857,tiny_ttm
2025-03-17 15:10:00,15.597902703284737,0.1776956457183962,1.4571115624193867,24.3658432442166,314.8708836613109,0.0,0.3,1.0,0.0,1.6137154651364634,0.0,1358.7058241831628,tiny_ttm
2025-03-17 15:15:00,15.377846794696628,0.17680478052937107,1.4382493645241217,24.38943302431276,329.00825706730035,0.0,0.4,1.0,0.0,2.5422066567779784,0.0,2077.967366031033,tiny_ttm
2025-03-17 15:20:00,15.133206694344484,0.17363967960770485,1.4212638056843263,24.57359385961827,348.28490828357866,0.0,0.5,1.0,0.0,3.278786891992735,0.0,2594.111128693821,tiny_ttm
2025-03-17 15:25:00,14.872439375311648,0.17041207218647447,1.4030623767773083,24.76234290934787,367.8797835067336,1.0,0.4,1.0,0.0,2.2961906837200616,23333.40915167523,1973.509315409295,tiny_ttm
2025-03-17 15:30:00,15.551950301977525,0.15904016985499667,1.4857868450761877,25.76181641143755,377.85294646884284,0.0,0.5,1.0,0.0,3.2394798286282183,0.0,2695.3956792878666,tiny_ttm
2025-03-17 15:35:00,15.279062974350722,0.1571013204206626,1.4633627124985287,25.86301804271721,389.2308239480343,0.0,0.6,1.0,0.0,3.6139726448498375,0.0,2906.665401674785,tiny_ttm
2025-03-17 15:40:00,15.002839711300798,0.15598039943460112,1.439510313113239,25.89897213947117,398.4974039943987,0.0,0.7,1.0,0.0,3.7466114123697833,0.0,2911.254798539237,tiny_ttm
2025-03-17 15:45:00,14.731709069844232,0.15209520542325672,1.4210873002527016,26.160645084573282,405.2108932935789,1.0,0.6,0.8,0.0,3.2893425450628873,23333.40915167523,2798.000248258375,tiny_ttm
2025-03-17 15:50:00,15.463940166985804,0.1467142239237521,1.4990804774324598,26.754810508948033,300.0,1.0,0.5,0.5,0.0,2.8926527989413056,23333.40915167523,2697.729653960528,tiny_ttm
2025-03-17 15:55:00,16.27974527180034,0.14569257655550963,1.5812375428635772,27.00616754714741,300.0,0.0,0.6,1.0,0.0,3.059049397350777,0.0,2763.878390296827,tiny_ttm
2025-03-17 16:00:00,15.990138419866053,0.14430904534300254,1.5548018844994989,27.06701450391764,330.59049397350776,1.0,0.7,0.0,0.0,4.287199142641785,23333.40915167523,4268.640922950879,tiny_ttm
2025-03-17 16:05:00,16.907176602056435,0.14743558984434804,1.642226807789775,26.983089738151676,300.0,1.0,0.6,0.0,0.0,3.7970973165245274,23333.40915167523,4105.637451698178,tiny_ttm
2025-03-17 16:10:00,17.758774543244357,0.14635745479763074,1.7352328253854077,27.24750989972941,300.0,0.0,0.7,0.0,0.0,4.610904370349569,0.0,4902.160631835379,tiny_ttm
2025-03-17 16:15:00,17.578774533553652,0.1476732969125988,1.7130101762379724,27.09785384442211,300.0,0.0,0.6,1.0,0.0,3.5196356927749974,0.0,3618.4841706799657,tiny_ttm
2025-03-17 16:20:00,17.229700105785305,0.14106275098617124,1.6886467968601346,27.60456134177648,335.19635692774995,1.0,0.7,0.0,0.0,3.8566711897904304,23333.40915167523,4297.269856902993,tiny_ttm
2025-03-17 16:25:00,18.08699755425857,0.1424553733180838,1.7795340486554025,27.656424057921708,300.0,0.0,0.8,0.0,0.0,4.2510487557141,0.0,4689.070177501949,tiny_ttm
2025-03-17 16:30:00,17.975506841411026,0.1466930241209371,1.7583739883090912,27.262307586347436,300.0,1.0,0.8,0.2,0.0,4.498914472930347,23333.40915167523,5281.738334342499,tiny_ttm
2025-03-17 16:35:00,18.681620223763435,0.1389965952557696,1.854566628628582,28.0902772405151,300.0,1.0,0.7,0.0,0.0,3.6397886872262144,23333.40915167523,4551.454975444592,tiny_ttm
2025-03-17 16:40:00,19.442510568633242,0.136775430873857,1.9496940591957697,28.4533526512121,300.0,0.0,0.8,1.0,0.0,4.1289656412643065,0.0,4980.564496063475,tiny_ttm
2025-03-17 16:45:00,19.002486818235866,0.12985171413744034,1.912207016395677,29.018012243344508,341.28965641264307,1.0,0.7,0.0,0.0,3.8016413010801067,23333.40915167523,4860.212267076288,tiny_ttm
2025-03-17 16:50:00,19.720905849717006,0.12885172678451395,2.001904178081196,29.269552715001886,300.0,1.0,0.6,0.0,0.0,3.5668041688124172,23333.40915167523,4808.162223392028,tiny_ttm
2025-03-17 16:55:00,20.413242757012533,0.12816790598952552,2.091156664219674,29.486081761181882,300.0,1.0,0.5,0.0,0.0,2.8926527989413056,23333.40915167523,4100.7795251207945,tiny_ttm
2025-03-17 17:00:00,21.106005526931916,0.12738068109733391,2.18420160742354,29.714360012545846,300.0,1.0,0.4,0.0,0.0,2.3572322409449584,23333.40915167523,3504.1434907694907,tiny_ttm
2025-03-17 17:05:00,21.79154187907438,0.12643518268725476,2.280271839531297,29.958609334423386,300.0,1.0,0.3,0.0,0.0,1.8675928508672834,23333.40915167523,2903.9422570484476,tiny_ttm
2025-03-17 17:10:00,22.471759713531476,0.1261797687182481,2.37739161155304,30.133006949706935,300.0,0.0,0.4,1.0,0.0,2.1112162678870416,0.0,3192.391896080528,tiny_ttm
2025-03-17 17:15:00,22.04587378209713,0.12332991956503976,2.3241495486131933,30.332738194864454,321.1121626788704,0.0,0.5,1.0,0.0,3.04756887220146,0.0,4464.648982873358,tiny_ttm
2025-03-17 17:20:00,21.576985739029084,0.11936861412655585,2.26878053116683,30.64527448693122,346.22612058380344,1.0,0.4,1.0,0.0,2.048324966503815,23333.40915167523,3104.5573326878603,tiny_ttm
2025-03-17 17:25:00,22.081160579180068,0.11208444501609376,2.359028206198779,31.5579319057245,358.81886050747323,1.0,0.3,0.0,0.0,1.5207658211803707,23333.40915167523,2402.3362516878087,tiny_ttm
2025-03-17 17:30:00,22.71829335421465,0.11203461669350534,2.4522829047996204,31.709338590085252,300.0,0.0,0.4,1.0,0.0,2.233299382336835,0.0,3429.132479802537,tiny_ttm
2025-03-17 17:35:00,22.27816711987915,0.11168187575324366,2.388567623796652,31.648591428347746,322.3329938233683,0.0,0.5,1.0,0.0,2.430216759358755,0.0,3861.362173943608,tiny_ttm
2025-03-17 17:40:00,21.80991243708283,0.11048274137037638,2.3245178497109746,31.677787127631603,342.11232676060547,1.0,0.4,0.0,0.0,1.987283409278918,23333.40915167523,3268.2687616910275,tiny_ttm
2025-03-17 17:45:00,22.364091316399154,0.10787357348013452,2.4113720051037033,32.107509287041594,300.0,0.0,0.5,0.0,0.0,2.430216759358755,0.0,3898.750807025117,tiny_ttm
2025-03-17 17:50:00,21.96299598338928,0.11077912054774015,2.345545350122601,31.679084006624283,300.0,1.0,0.4,1.0,0.0,2.079770617195428,23333.40915167523,3433.606524044119,tiny_ttm
2025-03-17 17:55:00,22.427407312488604,0.10455633724621494,2.4296680859957114,32.51635181902978,320.7977061719543,0.0,0.5,0.0,0.0,2.8926527989413056,0.0,4642.895228366519,tiny_ttm
2025-03-17 18:00:00,21.970794174889168,0.1056138359570356,2.360291953168335,32.282801320364975,300.0,1.0,0.4,1.0,0.0,1.9262418520540214,23333.40915167523,3183.4496347749464,tiny_ttm
2025-03-17 18:05:00,22.44451642203057,0.10050896982155845,2.4431879532453054,33.016675586089384,319.2624185205402,0.0,0.3,0.0,0.0,1.451400415242988,0.0,2342.767334318882,tiny_ttm
2025-03-17 18:10:00,22.061121045300293,0.10267992729751498,2.3811058188162635,32.657770722090575,300.0,1.0,0.2,1.0,0.0,1.0551731051609887,23333.40915167523,1758.9419810535853,tiny_ttm
2025-03-17 18:15:00,22.586766828717998,0.09910853666277329,2.4682148075051207,33.226589096203455,310.55173105160986,0.0,0.3,0.0,0.0,1.4056192473243156,0.0,2424.7796463483933,tiny_ttm
2025-03-17 18:20:00,22.164791038619157,0.10130244730131806,2.39986399529645,32.851613404221084,300.0,1.0,0.4,1.0,0.0,1.987283409278918,23333.40915167523,3515.5931060282387,tiny_ttm
2025-03-17 18:25:00,22.60243444256501,0.09705676612122224,2.4761888082245798,33.492321229150164,319.87283409278916,0.0,0.2,0.0,0.0,1.1319374877316921,0.0,1955.9450970700393,tiny_ttm
2025-03-17 18:30:00,22.193652900704016,0.09893232558921043,2.4104237618206246,33.15480139776525,300.0,0.0,0.1,0.0,0.0,0.6432229697331826,0.0,1087.5396593056366,tiny_ttm
2025-03-17 18:35:00,21.823544325280327,0.10124997537494207,2.350600200696597,32.7771921469769,300.0,0.0,0.0,0.0,0.0,0.21555000895956952,0.0,357.1757589601305,tiny_ttm
2025-03-17 18:40:00,21.487995841425363,0.10353997853261454,2.2970220919219044,32.41839519398397,300.0,0.0,0.0,0.0,0.0,0.21555000895956952,0.0,371.2000100903554,tiny_ttm
2025-03-17 18:45:00,21.135385224701132,0.10564857369667953,2.24263752744763,32.083858866548695,302.1555000895957,0.0,0.0,0.0,0.0,0.21555000895956952,0.0,363.7155009634747,tiny_ttm
2025-03-17 18:50:00,20.789884298998906,0.1077619076430592,2.190345399978643,31.75613021994201,304.27228200722266,0.0,0.0,0.0,0.0,0.21555000895956952,0.0,356.38190206112955,tiny_ttm
2025-03-17 18:55:00,20.451349711554954,0.10987913384462145,2.1400489150970654,31.43507057886461,306.3510412280738,0.0,0.0,0.0,0.0,0.21555000895956952,0.0,349.1961705791116,tiny_ttm
2025-03-17 19:00:00,20.119641000028604,0.11199941401377561,2.0916564634260864,31.120544098137955,308.39246073486834,0.0,0.0,0.0,0.0,0.21555000895956952,0.0,342.15532506530093,tiny_ttm
2025-03-17 19:05:00,19.794620534222616,0.11412191907272146,2.0450813096637193,30.812417704801625,310.39721124224786,0.0,0.0,0.0,0.0,0.21555000895956952,0.0,335.2564441826233,tiny_ttm
2025-03-17 19:10:00,19.476153458978647,0.11624583007703695,2.000241302013716,30.5105610413979,312.3659514171418,0.0,0.0,0.0,0.0,0.21555000895956952,0.0,328.49666549695024,tiny_ttm
2025-03-17 19:15:00,19.164107638224124,0.1184361443533838,1.9569125247795305,30.207904009092935,314.29932809517425,0.0,0.0,0.0,0.0,0.21555000895956952,0.0,321.873184289438,tiny_ttm
2025-03-17 19:20:00,18.858353600147282,0.12062759001377703,1.9151698956471508,29.91137622662028,316.19797649318406,0.0,0.0,0.0,0.0,0.21555000895956952,0.0,315.38325239281426,tiny_ttm
2025-03-17 19:25:00,18.558764483477663,0.12295602200511975,1.874651254216194,29.606960951016966,318.06252041792703,0.0,0.0,0.0,0.0,0.21555000895956952,0.0,330.25016620713274,tiny_ttm
2025-03-17 19:30:00,18.24505297589653,0.12522324958610861,1.8333992682128246,29.310624279494036,319.8935724710297,0.0,0.0,0.0,0.0,0.21555000895956952,0.0,323.5913291491017,tiny_ttm
2025-03-17 19:35:00,17.93766683625148,0.12752375867419888,1.7936014825663786,29.017079701279243,321.6917342502614,1.0,0.1,0.0,0.0,0.6122397550811517,23333.40915167523,954.6597428091779,tiny_ttm
2025-03-17 19:40:00,18.51533012951795,0.12269334866706208,1.8701200851134718,29.62419398080559,326.7074199623508,0.0,0.0,0.0,0.0,0.21555000895956952,0.0,329.3282290809858,tiny_ttm
2025-03-17 19:45:00,18.202494389204585,0.12502491192836654,1.8289230809146617,29.321211765594917,328.3831880009322,0.0,0.0,0.0,0.0,0.21555000895956952,0.0,322.6879810494836,tiny_ttm
2025-03-17 19:50:00,17.895966358724042,0.12742445855644655,1.789105561485158,29.01786232834298,330.0288550548694,1.0,0.1,0.0,0.0,0.6122397550811517,23333.40915167523,952.1495971581478,tiny_ttm
2025-03-17 19:55:00,18.474534716553006,0.12279161317016846,1.865138968424921,29.60530067260965,334.61918103366753,0.0,0.0,0.0,0.0,0.21555000895956952,0.0,328.46230608777716,tiny_ttm
2025-03-17 20:00:00,18.162521534516504,0.12518841978179454,1.8239979129887198,29.296252251678638,336.1528340580982,0.0,0.0,0.0,0.0,0.21555000895956952,0.0,343.06550682534476,tiny_ttm
2025-03-17 20:05:00,17.836636468109717,0.12771843224424753,1.781836566356456,28.97638015974411,337.6589388389325,1.0,0.1,0.0,0.0,0.6122397550811517,23333.40915167523,1008.7729051904092,tiny_ttm
2025-03-17 20:10:00,18.39478858057451,0.12315225234362902,1.855079223149869,29.551318139057145,341.859978098797,0.0,0.0,0.0,0.0,0.21555000895956952,0.0,347.9956046262693,tiny_ttm
2025-03-17 20:15:00,18.064220311638522,0.1257386012669112,1.8116291029734333,29.22029066976264,343.26356830053913,0.0,0.0,0.0,0.0,0.21555000895956952,0.0,340.9789661345147,tiny_ttm
2025-03-17 20:20:00,17.740317293668735,0.12839460853753432,1.7696876784952162,28.889867606889595,344.6419465122345,1.0,0.1,0.0,0.0,0.6122397550811517,23333.40915167523,1002.9750061933352,tiny_ttm
2025-03-17 20:25:00,18.300559911486086,0.12413193159450185,1.8420904547634152,29.431939596608913,348.48671286312964,0.0,0.0,0.0,0.0,0.21555000895956952,0.0,345.9955079180137,tiny_ttm
2025-03-17 20:30:00,17.971891576048577,0.12684410424319148,1.7988668006924993,29.091149580692985,349.7712703367197,1.0,0.1,0.0,0.0,0.6122397550811517,23333.40915167523,1016.9145390781496,tiny_ttm
2025-03-17 20:35:00,18.52710812008945,0.1226637472499637,1.871562989193281,29.629776593893304,353.3543386907786,0.0,0.0,0.0,0.0,0.21555000895956952,0.0,350.8042177371411,tiny_ttm
2025-03-17 20:40:00,18.19387189109354,0.12543042701912027,1.8270861932288478,29.278916945123157,354.5514614318052,0.0,0.0,0.0,0.0,0.21555000895956952,0.0,343.73094915408586,tiny_ttm
2025-03-17 20:45:00,17.867354707166406,0.12818834080811126,1.7843235574904177,28.937105286466625,355.7270808547023,1.0,0.1,0.0,0.0,0.6584833590394067,23333.40915167523,1151.4968821096895,tiny_ttm
2025-03-17 20:50:00,18.400106261935477,0.12431861699790654,1.8532292267683645,29.43477571292336,359.25396816254096,0.0,0.0,0.0,0.0,0.21555000895956952,0.0,369.3344668291773,tiny_ttm
2025-03-17 20:55:00,18.049267763589395,0.12725372028957674,1.8067908359733897,29.067505943836338,360.3451188047762,0.0,0.0,0.0,0.0,0.21555000895956952,0.0,361.8875726677743,tiny_ttm
2025-03-17 21:00:00,17.705503225026593,0.1302628807560761,1.7620248368244997,28.702037031444398,361.4166696527856,1.0,0.1,0.0,0.0,0.6122397550811517,23333.40915167523,1061.074035549517,tiny_ttm
2025-03-17 21:05:00,18.244797507609274,0.12652869996426538,1.8306338941361384,29.180967015612204,364.4055899714203,0.0,0.0,0.0,0.0,0.21555000895956952,0.0,366.0378848940167,tiny_ttm
2025-03-17 21:10:00,17.897090501067183,0.12958941226541867,1.7847928447460046,28.807596775000235,365.40420460306717,1.0,0.1,0.0,0.0,0.6275001443873759,23333.40915167523,1099.2786654638144,tiny_ttm
2025-03-17 21:15:00,18.431224951267676,0.12575315182389443,1.853805068367853,29.298074663173868,368.25911039427706,0.0,0.0,0.0,0.0,0.21555000895956952,0.0,369.99499179149166,tiny_ttm
2025-03-17 21:20:00,18.079759006509978,0.12869346254466968,1.8072699103509726,28.933365753818414,369.1885061624512,0.0,0.0,0.0,0.0,0.21555000895956952,0.0,362.5347794593597,tiny_ttm
2025-03-17 21:25:00,17.735379672743175,0.1316490861836678,1.7625314734788053,28.575993453813723,370.10120765844556,1.0,0.1,0.0,0.0,0.6275001443873759,23333.40915167523,1089.302515182301,tiny_ttm
2025-03-17 21:30:00,18.273033470646755,0.12748730075609158,1.8318675307679926,29.09261683941797,372.71049927503566,0.0,0.0,0.0,0.0,0.21555000895956952,0.0,366.63722113925957,tiny_ttm
2025-03-17 21:35:00,17.924757142129135,0.13043620129087308,1.7861630219658782,28.731988767782397,373.5599369671156,1.0,0.1,0.0,0.0,0.6122397550811517,23333.40915167523,1074.2719483581689,tiny_ttm
2025-03-17 21:40:00,18.45929275137463,0.12726727209504846,1.8538517646425485,29.154267065007403,375.92930803521614,0.0,0.0,0.0,0.0,0.21555000895956952,0.0,370.5907586121948,tiny_ttm
2025-03-17 21:45:00,18.10726087531208,0.1304970964783387,1.8066478038825713,28.764927920711663,376.7209278725381,0.0,0.0,0.0,0.0,0.21555000895956952,0.0,384.344522984328,tiny_ttm
2025-03-17 21:50:00,17.742164012165187,0.13366997367924954,1.759181361019036,28.38661735394861,377.4983282379411,1.0,0.1,0.0,0.0,0.6122397550811517,23333.40915167523,1123.4754688356775,tiny_ttm
2025-03-17 21:55:00,18.258958673702764,0.12995051485982734,1.825083489002832,28.84983504347526,379.6667626637863,0.0,0.0,0.0,0.0,0.21555000895956952,0.0,387.5644588079585,tiny_ttm
2025-03-17 22:00:00,17.890803126488738,0.13322570756697766,1.7766335028229858,28.459640699270114,380.39124846955207,1.0,0.1,0.0,0.0,0.6122397550811517,23333.40915167523,1132.422748303802,tiny_ttm
2025-03-17 22:05:00,18.404371733962872,0.12977619889327882,1.842171622794956,28.897671136368825,382.4120861642247,0.0,0.0,0.0,0.0,0.21555000895956952,0.0,390.6509948481811,tiny_ttm
2025-03-17 22:10:00,18.03328422191291,0.1331007722758614,1.7928839686820326,28.50143574842757,383.0872590945641,1.0,0.1,0.0,0.0,0.6122397550811517,23333.40915167523,1140.9993479793736,tiny_ttm
2025-03-17 22:15:00,18.54376042858159,0.12947956540754627,1.8589604464903187,28.956151910493915,384.97054638217395,0.0,0.0,0.0,0.0,0.21555000895956952,0.0,393.60965776862764,tiny_ttm
2025-03-17 22:20:00,18.169862421034054,0.13290479490415993,1.8087426849781818,28.548747705144333,385.5997629689382,0.0,0.0,0.0,0.0,0.21555000895956952,0.0,385.6733027149718,tiny_ttm
2025-03-17 22:25:00,17.803503322360285,0.13637554250730954,1.7604759444235918,28.147924379875636,386.2176772522929,1.0,0.1,0.0,0.0,0.6122397550811517,23333.40915167523,1127.167767146221,tiny_ttm
2025-03-17 22:30:00,18.318966679336448,0.13269232238130957,1.8261937276161098,28.600341297495476,387.94125066938693,0.0,0.0,0.0,0.0,0.21555000895956952,0.0,388.83818808481254,tiny_ttm
2025-03-17 22:35:00,17.949601190167567,0.1361402801536384,1.7772216374935663,28.200115565598512,388.51710597817413,1.0,0.1,0.0,0.0,0.6122397550811517,23333.40915167523,1135.9620771696475,tiny_ttm
2025-03-17 22:40:00,18.461893648136122,0.13258633852020146,1.8428532992071365,28.640600696820364,390.12336258860483,0.0,0.0,0.0,0.0,0.21555000895956952,0.0,391.8719543746551,tiny_ttm
2025-03-17 22:45:00,18.089646321215678,0.1359772640533287,1.7932755192292937,28.24444310716389,390.66002171041384,0.0,0.0,0.0,0.0,0.21555000895956952,0.0,383.97063665008994,tiny_ttm
2025-03-17 22:50:00,17.72490462048074,0.1394473217359419,1.7455505840738395,27.85137444074389,391.18704109234665,1.0,0.1,0.0,0.0,0.6122397550811517,23333.40915167523,1122.4365457934261,tiny_ttm
2025-03-17 22:55:00,18.242073878778594,0.13585668046676155,1.8107746520495962,28.287482883013165,392.6570776677454,0.0,0.0,0.0,0.0,0.21555000895956952,0.0,387.2060623339967,tiny_ttm
2025-03-17 23:00:00,17.8742587798358,0.13926891317791631,1.762410771419636,27.898360609347357,393.14822493055357,1.0,0.1,0.0,0.0,0.6122397550811517,23333.40915167523,1131.4268671469813,tiny_ttm
2025-03-17 23:05:00,18.388186464777462,0.1354804754304604,1.8282406077118603,28.353023987821643,394.5182019465546,0.0,0.0,0.0,0.0,0.21555000895956952,0.0,390.3074464999645,tiny_ttm
2025-03-17 23:10:00,18.017425296454995,0.13894104940133592,1.7790309188099949,27.95769569445436,394.9759187631151,1.0,0.1,0.0,0.0,0.6122397550811517,23333.40915167523,1140.0447255115132,tiny_ttm
2025-03-17 23:15:00,18.528245704252345,0.13528909394234762,1.8447615759069,28.400213950305698,396.2526468770819,0.0,0.0,0.0,0.0,0.21555000895956952,0.0,393.2803423982567,tiny_ttm
2025-03-17 23:20:00,18.15466052023037,0.138692978623461,1.794954379875134,28.008672512894112,396.6792087252828,0.0,0.0,0.0,0.0,0.21555000895956952,0.0,385.3506273333621,tiny_ttm
2025-03-17 23:25:00,17.78860793761861,0.14233639339940868,1.7466856835634796,27.60587841067711,397.09810845596695,1.0,0.1,0.0,0.0,0.6122397550811517,23333.40915167523,1126.2711446745686,tiny_ttm
2025-03-17 23:30:00,18.30439458309586,0.1389130229922259,1.8114391153570824,28.01967976001702,398.26656249511814,0.0,0.0,0.0,0.0,0.21555000895956952,0.0,388.5288809280296,tiny_ttm
2025-03-17 23:35:00,17.935322911233946,0.1425706429079822,1.7624088251943222,27.615134602671937,398.6569493825264,1.0,0.1,0.0,0.0,0.6122397550811517,23333.40915167523,1135.1026011661452,tiny_ttm
2025-03-17 23:40:00,18.447925264077632,0.13952667651805795,1.8265091524108619,27.993650530336005,399.7458713894203,0.0,0.0,0.0,0.0,0.21555000895956952,0.0,391.5754616061027,tiny_ttm
2025-03-17 23:45:00,18.07595958181002,0.14337742659898917,1.7763881861684037,27.572492355555372,400.1096861897102,0.0,0.0,0.0,0.0,0.21555000895956952,0.0,383.6801220678843,tiny_ttm
2025-03-17 23:50:00,17.711493846924256,0.14715416025668024,1.728456719930695,27.169199418654856,400.46696596637827,1.0,0.1,0.0,0.0,0.6122397550811517,23333.40915167523,1121.6292889725032,tiny_ttm
2025-03-17 23:55:00,18.22895417181466,0.14350979207725365,1.793260759908262,27.592055487447166,401.4635409641063,0.0,0.0,0.0,0.0,0.21555000895956952,0.0,386.9275835762503,tiny_ttm
2025-03-18 00:00:00,17.86140360564084,0.14722858346197673,1.7447005509663813,27.193036463164177,401.79650212337845,1.0,0.1,0.0,0.0,0.6122397550811517,23333.40915167523,1130.653054435185,tiny_ttm
2025-03-18 00:05:00,18.375610298481178,0.14338711829333092,1.8100924905987956,27.63287725918743,402.72524421351204,0.0,0.0,0.0,0.0,0.21555000895956952,0.0,390.04050493053546,tiny_ttm
2025-03-18 00:10:00,18.00510270351234,0.14708370874985402,1.7608427338439572,27.234536724369526,403.0355420272247,1.0,0.1,0.0,0.0,0.6122397550811517,23333.40915167523,1139.302971341814,tiny_ttm
2025-03-18 00:15:00,18.516190560098092,0.14306800296339306,1.8267866624358855,27.689926715425937,403.90106832675275,0.0,0.0,0.0,0.0,0.21555000895956952,0.0,393.02446003916447,tiny_ttm
2025-03-18 00:20:00,18.14284844405563,0.14672407915440208,1.7768990410844583,27.2934623976211,404.19024539895344,0.0,0.0,0.0,0.0,0.21555000895956952,0.0,385.0999043325672,tiny_ttm
2025-03-18 00:25:00,17.777034028441538,0.15051498294454912,1.7287688427717651,26.895873221559178,404.47422812777876,1.0,0.1,0.0,0.0,0.6122397550811517,23333.40915167523,1125.5744572621252,tiny_ttm
2025-03-18 00:30:00,18.293071873321452,0.14687468396874756,1.7934162257354225,27.310811494465753,405.26635269182,0.0,0.0,0.0,0.0,0.21555000895956952,0.0,388.28854521314145,tiny_ttm
2025-03-18 00:35:00,17.924228501358094,0.15087576914990203,1.7441202869050625,26.894831116890792,405.53100584259374,1.0,0.1,0.0,0.0,0.6584833590394067,23333.40915167523,1219.9076632877302,tiny_ttm
2025-03-18 00:40:00,18.433851885092565,0.14735108932167731,1.8083051536064665,27.29806735090706,406.3249718321513,0.0,0.0,0.0,0.0,0.21555000895956952,0.0,391.2767402163773,tiny_ttm
2025-03-18 00:45:00,18.06216996449143,0.15123418138914946,1.7585710028174204,26.892158865152467,406.57060953582646,0.0,0.0,0.0,0.0,0.21555000895956952,0.0,383.38742380021455,tiny_ttm
2025-03-18 00:50:00,17.697982269783125,0.15510330968171152,1.7108887923648688,26.49813218194927,406.811834972066,1.0,0.1,0.0,0.0,0.6122397550811517,23333.40915167523,1120.8159643150807,tiny_ttm
2025-03-18 00:55:00,18.215735849100792,0.15111356039383306,1.7758665541455816,26.93298125237171,407.48469488262197,0.0,0.0,0.0,0.0,0.21555000895956952,0.0,386.64701160166516,tiny_ttm
2025-03-18 01:00:00,17.8484518040862,0.15513888474311138,1.7271081018231231,26.524861801545434,407.7095010601372,1.0,0.1,0.0,0.0,0.6122397550811517,23333.40915167523,1129.8734252732886,tiny_ttm
2025-03-18 01:05:00,18.36293960201939,0.15154424025259705,1.791432219532329,26.926055653088184,408.3365620652011,0.0,0.0,0.0,0.0,0.21555000895956952,0.0,389.7715568648386,tiny_ttm
2025-03-18 01:10:00,17.992687486416756,0.15540695700854626,1.7422988381105349,26.53125411704535,408.54606657781324,1.0,0.1,0.0,0.0,0.6122397550811517,23333.40915167523,1138.5556416936447,tiny_ttm
2025-03-18 01:15:00,18.504044802099745,0.15154993304932077,1.8073298885195426,26.953739004595555,409.13044602723954,0.0,0.0,0.0,0.0,0.21555000895956952,0.0,392.76665431160006,tiny_ttm
2025-03-18 01:20:00,18.130947581084545,0.15556747748869176,1.757169262850348,26.54530749482202,409.3256903985908,0.0,0.0,0.0,0.0,0.21555000895956952,0.0,384.84729674419583,tiny_ttm
2025-03-18 01:25:00,17.76537312267709,0.15961768768427434,1.7089884307412282,26.14511766591659,409.51742769277587,1.0,0.1,0.0,0.0,0.6122397550811517,23333.40915167523,1124.8725331205505,tiny_ttm
2025-03-18 01:30:00,18.28166405512817,0.15583403257597783,1.7733126132572496,26.553102316686854,410.05224831794214,0.0,0.0,0.0,0.0,0.21555000895956952,0.0,388.0464029878772,tiny_ttm
2025-03-18 01:35:00,17.91305069910518,0.159987685115058,1.724191251105301,26.144205484954114,410.2309348149584,1.0,0.1,0.0,0.0,0.6122397550811517,23333.40915167523,1133.7619331515632,tiny_ttm
2025-03-18 01:40:00,18.426136446651313,0.15568502412752444,1.7897649605771306,26.593825829269377,410.72935232131357,0.0,0.0,0.0,0.0,0.21555000895956952,0.0,391.11297240368947,tiny_ttm
2025-03-18 01:45:00,18.05461009250455,0.15962072674452096,1.740367736986567,26.201157425541624,410.8958763371637,0.0,0.0,0.0,0.0,0.21555000895956952,0.0,383.2269580394002,tiny_ttm
2025-03-18 01:50:00,17.6905748275628,0.1637292303052289,1.6926311803181093,25.805055777172775,411.0594091652548,1.0,0.1,0.0,0.0,0.6432229697331826,23333.40915167523,1176.9302729680367,tiny_ttm
2025-03-18 01:55:00,18.206360058339268,0.16018485007838018,1.7558557916965158,26.185445243812232,411.5386419475793,0.0,0.0,0.0,0.0,0.21555000895956952,0.0,386.44800116863206,tiny_ttm
2025-03-18 02:00:00,17.839265057477743,0.16441663919402144,1.7071544806706092,25.779865586081616,411.6906290979134,1.0,0.1,0.0,0.0,0.6122397550811517,23333.40915167523,1129.320432276238,tiny_ttm
2025-03-18 02:05:00,18.35395224398615,0.16066214673962637,1.7711823164708145,26.175928223234227,412.1145730317444,0.0,0.0,0.0,0.0,0.21555000895956952,0.0,389.58079130068387,tiny_ttm
2025-03-18 02:10:00,17.983881340564004,0.16510393931675688,1.7213416480709882,25.754004284774997,412.2562150195492,1.0,0.1,0.0,0.0,0.6122397550811517,23333.40915167523,1138.0255588258867,tiny_ttm
2025-03-18 02:15:00,18.49542978428715,0.16139064708042533,1.785404072284388,26.145214848697957,412.65130277120187,0.0,0.0,0.0,0.0,0.21555000895956952,0.0,392.58379203693113,tiny_ttm
2025-03-18 02:20:00,18.122506267953238,0.16552214117986058,1.7355342744988884,25.74801080223535,412.78330375066093,0.0,0.0,0.0,0.0,0.21555000895956952,0.0,384.6681215232083,tiny_ttm
2025-03-18 02:25:00,17.757102011818027,0.16975606631546503,1.6874917443291877,25.353355578016497,412.9129336624279,1.0,0.1,0.0,0.0,0.6122397550811517,23333.40915167523,1124.3746564969938,tiny_ttm
2025-03-18 02:30:00,18.273572459943146,0.16574416587983243,1.7516052849179196,25.759665367203706,413.2745156423245,0.0,0.0,0.0,0.0,0.21555000895956952,0.0,387.8746508762251,tiny_ttm
2025-03-18 02:35:00,17.905122254826317,0.1701619439926972,1.702458301066919,25.3505431939104,413.3953221601207,1.0,0.1,0.0,0.0,0.620101167754055,23333.40915167523,1147.8024539526539,tiny_ttm
2025-03-18 02:40:00,18.417833304834502,0.1660882382702601,1.7667928391095424,25.760530476257102,413.73661953021644,0.0,0.0,0.0,0.0,0.21555000895956952,0.0,390.9367300055251,tiny_ttm
2025-03-18 02:45:00,18.046474367010532,0.17018417424736465,1.7176130785102268,25.37555102629044,413.84912550658134,0.0,0.0,0.0,0.0,0.21555000895956952,0.0,383.0542692182879,tiny_ttm
2025-03-18 02:50:00,17.682603142774756,0.17425294556878082,1.6704913951220637,25.002332604335013,413.9596105942618,1.0,0.1,0.0,0.0,0.6122397550811517,23333.40915167523,1119.8902231469779,tiny_ttm
2025-03-18 02:55:00,18.200690509705485,0.16930450958278617,1.7361707148457846,25.471619483460124,414.2677911384588,0.0,0.0,0.0,0.0,0.21555000895956952,0.0,386.3276593908119,tiny_ttm
2025-03-18 03:00:00,17.833709824003822,0.17344741849972745,1.6881134890279719,25.090370286755128,414.37075594441404,1.0,0.1,0.0,0.0,0.6353615570602792,23333.40915167523,1171.5209634191426,tiny_ttm
2025-03-18 03:05:00,18.34691583022509,0.16809746534942777,1.754717856195915,25.59177054046973,414.66880638343315,0.0,0.0,0.0,0.0,0.21555000895956952,0.0,389.43143645849443,tiny_ttm
2025-03-18 03:10:00,17.976986802076606,0.1720985145194691,1.7061807419379935,25.21805043737652,414.7645679527512,1.0,0.1,0.0,0.0,0.6432229697331826,23333.40915167523,1195.0409902783613,tiny_ttm
2025-03-18 03:15:00,18.48652129459929,0.16697933681293012,1.7725164382060827,25.704572961007948,415.0451971318568,0.0,0.0,0.0,0.0,0.21555000895956952,0.0,392.3947005314202,tiny_ttm
2025-03-18 03:20:00,18.113777400222713,0.17113153807635434,1.7229229747035733,25.316567026990096,415.13419778207526,0.0,0.0,0.0,0.0,0.21555000895956952,0.0,384.48284267141594,tiny_ttm
2025-03-18 03:25:00,17.748549144325704,0.17531198957266567,1.675296299614753,24.93636643572063,415.2215997580477,1.0,0.1,0.0,0.0,0.6122397550811517,23333.40915167523,1123.8598196315031,tiny_ttm
2025-03-18 03:30:00,18.26520522335325,0.17010861997364235,1.741527168204279,25.42261899187657,415.46539364086544,0.0,0.0,0.0,0.0,0.21555000895956952,0.0,387.69704800310217,tiny_ttm
2025-03-18 03:35:00,17.896923726902696,0.1742276452332272,1.6932435613902863,25.044193645686423,415.54684651097705,1.0,0.1,0.0,0.0,0.6122397550811517,23333.40915167523,1132.7911757037205,tiny_ttm
2025-03-18 03:40:00,18.41035949324732,0.1689216033688478,1.759965299298111,25.5406292715874,415.7740463110986,0.0,0.0,0.0,0.0,0.21555000895956952,0.0,369.55210180581645,tiny_ttm
2025-03-18 03:45:00,18.059314258906497,0.17311298710481476,1.7129325281908103,25.15753735865381,415.8499550073907,0.0,0.0,0.0,0.0,0.21555000895956952,0.0,362.100819468431,tiny_ttm
2025-03-18 03:50:00,17.71534715276867,0.17738924785993773,1.6675843503478651,24.77792397944725,415.92450019366896,1.0,0.1,0.0,0.0,0.6122397550811517,23333.40915167523,1061.6665873349148,tiny_ttm
2025-03-18 03:55:00,18.254427783357812,0.1727932928019764,1.734719885758293,25.218033275280433,416.1324321106074,0.0,0.0,0.0,0.0,0.21555000895956952,0.0,366.2422970226245,tiny_ttm
2025-03-18 04:00:00,17.90652660147958,0.17706175440720712,1.6884521507566537,24.83721436256886,416.2019033017083,1.0,0.1,0.0,0.0,0.6122397550811517,23333.40915167523,1133.3692173782,tiny_ttm
2025-03-18 04:05:00,18.419753947633527,0.17225842548557213,1.7539312792454915,25.289237202669817,416.3956821177363,0.0,0.0,0.0,0.0,0.21555000895956952,0.0,390.9774975487497,tiny_ttm
2025-03-18 04:10:00,18.048356283871602,0.17651888320109707,1.7047026585803928,24.903282690532343,416.4604246803876,0.0,0.0,0.0,0.0,0.21555000895956952,0.0,383.09421476517355,tiny_ttm
2025-03-18 04:15:00,17.68444711452931,0.18083487409389973,1.6573687319387225,24.523148952644018,416.52400430470885,1.0,0.1,0.0,0.0,0.6122397550811517,23333.40915167523,1120.0012203814165,tiny_ttm
2025-03-18 04:20:00,18.202494460012126,0.17579704748937544,1.7227962606651674,24.98503504050451,416.7013495341379,0.0,0.0,0.0,0.0,0.21555000895956952,0.0,386.3659500204586,tiny_ttm
2025-03-18 04:25:00,17.83547740124428,0.180106399692998,1.6746998371671897,24.603169212643262,416.7606015455938,1.0,0.1,0.0,0.0,0.6737437483456309,23333.40915167523,1242.2295649024977,tiny_ttm
2025-03-18 04:30:00,18.34598571557875,0.17568419721363274,1.7386138895258525,25.02006737367706,416.9424785836818,0.0,0.0,0.0,0.0,0.21555000895956952,0.0,389.4116938550973,tiny_ttm
2025-03-18 04:35:00,17.976075441340207,0.18073560959239673,1.6882842236528166,24.583703210984634,416.99739931440524,1.0,0.1,0.0,0.0,0.6122397550811517,23333.40915167523,1137.5556854539068,tiny_ttm
2025-03-18 04:40:00,18.487793303813085,0.17805336071190417,1.749092278589648,24.872310587000776,417.1505919401015,0.0,0.0,0.0,0.0,0.21555000895956952,0.0,392.4217001851986,tiny_ttm
2025-03-18 04:45:00,18.11502376190334,0.18344239283127908,1.6974659787640203,24.415781020215817,417.2017744345049,0.0,0.0,0.0,0.0,0.21555000895956952,0.0,384.50929793093337,tiny_ttm
2025-03-18 04:50:00,17.749770375604605,0.1889787581612673,1.6476599685362772,23.962514821570274,417.25203756331433,1.0,0.1,0.0,0.0,0.6122397550811517,23333.40915167523,1123.9333312209474,tiny_ttm
2025-03-18 04:55:00,18.266399949104667,0.18652387724542296,1.7072077185953978,24.225996645416167,417.3922385507484,0.0,0.0,0.0,0.0,0.21555000895956952,0.0,387.7224072389461,tiny_ttm
2025-03-18 05:00:00,17.89809436338809,0.19216995705433984,1.656574930942671,23.77043543870623,417.4390804677276,1.0,0.1,0.0,0.0,0.6122397550811517,23333.40915167523,1132.8616417572762,tiny_ttm
2025-03-18 05:05:00,18.411504722311474,0.18952788427084094,1.716450804403228,24.04315490227052,417.569738529996,0.0,0.0,0.0,0.0,0.21555000895956952,0.0,390.8023995815184,tiny_ttm
2025-03-18 05:10:00,18.040273387753576,0.19523021128379775,1.6651218639020788,23.58881434405549,417.61339210346546,0.0,0.0,0.0,0.0,0.21555000895956952,0.0,382.92264729982315,tiny_ttm
2025-03-18 05:15:00,17.676527193918076,0.20099215057788186,1.6157788853960493,23.14390416100107,417.65626154958886,1.0,0.1,0.0,0.0,0.6122397550811517,23333.40915167523,1119.5244835319234,tiny_ttm
2025-03-18 05:20:00,18.194746432863703,0.19789466613084788,1.6757912568216877,23.438054610255755,417.77583903749337,0.0,0.0,0.0,0.0,0.21555000895956952,0.0,407.4274796362308,tiny_ttm
2025-03-18 05:25:00,17.80772258868342,0.2035782365725104,1.6239164020986667,22.99869539700028,417.815790530443,1.0,0.1,0.0,0.0,0.6432229697331826,23333.40915167523,1247.570990172206,tiny_ttm
2025-03-18 05:30:00,18.29912686172436,0.1998304556873155,1.6827330979125559,23.328249650201776,417.93286833890363,0.0,0.0,0.0,0.0,0.21555000895956952,0.0,409.6430574873263,tiny_ttm
2025-03-18 05:35:00,17.90999839402242,0.2055698391378126,1.6303171760726587,22.888157400641376,417.9699991929095,1.0,0.1,0.0,0.0,0.6894665736914376,23333.40915167523,1343.9601348099693,tiny_ttm
2025-03-18 05:40:00,18.39577373302146,0.20181280242747937,1.6887674349429587,23.214973634529954,418.08663400133076,0.0,0.0,0.0,0.0,0.21555000895956952,0.0,411.6944829294403,tiny_ttm
2025-03-18 05:45:00,18.004696573588255,0.20755932421619583,1.6359492617090632,22.777378193981185,418.1210028395104,1.0,0.1,0.0,0.0,0.6432229697331826,23333.40915167523,1260.0262660528856,tiny_ttm
2025-03-18 05:50:00,18.491802029079633,0.20338758080916217,1.695607053925451,23.12899308911757,418.22172068398464,0.0,0.0,0.0,0.0,0.21555000895956952,0.0,413.7327785002407,tiny_ttm
2025-03-18 05:55:00,18.098788650253248,0.20918827171590054,1.642269422178075,22.69016301825306,418.2536630275263,0.0,0.0,0.0,0.0,0.21555000895956952,0.0,405.39068078310703,tiny_ttm
2025-03-18 06:00:00,17.713699603702867,0.21499711207652716,1.591181038288857,22.26330997574692,418.2850316066982,1.0,0.1,0.0,0.0,0.620101167754055,23333.40915167523,1197.0979147754713,tiny_ttm
2025-03-18 06:05:00,18.20883664952425,0.2102626285935875,1.6514116550692397,22.641085105522734,418.3736527653105,0.0,0.0,0.0,0.0,0.21555000895956952,0.0,407.72655842227334,tiny_ttm
2025-03-18 06:10:00,17.821528704179286,0.21607253543395896,1.599830479604636,22.215291098338607,418.4028660287279,1.0,0.1,0.0,0.0,0.6584833590394067,23333.40915167523,1277.989345474921,tiny_ttm
2025-03-18 06:15:00,18.311515956642186,0.2113458964833899,1.6598057911905058,22.590410601364987,418.4905065405812,0.0,0.0,0.0,0.0,0.21555000895956952,0.0,409.9060282817048,tiny_ttm
2025-03-18 06:20:00,17.922137687508496,0.21715771617558743,1.6077641800286275,22.165672543035967,418.517620817973,1.0,0.1,0.0,0.0,0.6432229697331826,23333.40915167523,1254.8058116714512,tiny_ttm
2025-03-18 06:25:00,18.411044932147426,0.21223683725109654,1.6683087855129561,22.551436771184477,418.59707917961754,0.0,0.0,0.0,0.0,0.21555000895956952,0.0,412.0186292364873,tiny_ttm
2025-03-18 06:30:00,18.01965985938952,0.21800051907932685,1.6159134035226121,22.13049172966427,418.62227914590113,1.0,0.1,0.0,0.0,0.6584833590394067,23333.40915167523,1290.8142515120758,tiny_ttm
2025-03-18 06:35:00,18.505311294964756,0.21301579342664326,1.6765310682760513,22.518691144986054,418.6978796672199,0.0,0.0,0.0,0.0,0.21555000895956952,0.0,414.01952603142394,tiny_ttm
2025-03-18 06:40:00,18.112025528689376,0.21882986889052497,1.6235964084010028,22.0953835426036,418.7212690046697,0.0,0.0,0.0,0.0,0.21555000895956952,0.0,405.6716466212516,tiny_ttm
2025-03-18 06:45:00,17.726669586840575,0.22469719398800347,1.57280409679686,21.680603431376788,418.74423821112805,1.0,0.1,0.0,0.0,0.6584833590394067,23333.40915167523,1272.0917009951816,tiny_ttm
2025-03-18 06:50:00,18.222397486382352,0.21944438072570624,1.633601702107184,22.076371498455565,300.0,1.0,0.2,0.0,0.0,1.1014167091192437,23333.40915167523,2177.7844280200325,tiny_ttm
2025-03-18 06:55:00,18.67420379299258,0.21572373556430924,1.6885160840013753,22.37904371140559,300.0,0.0,0.1,0.0,0.0,0.6122397550811517,0.0,1184.5975049397691,tiny_ttm
2025-03-18 07:00:00,18.252326808775422,0.22293097987189237,1.629362247515465,21.871459211646005,300.0,1.0,0.0,1.0,0.0,0.21555000895956952,23333.40915167523,428.18667655733395,tiny_ttm
2025-03-18 07:05:00,18.76601145325523,0.21623460340475065,1.6971296886347087,22.362876856816488,302.1555000895957,1.0,0.0,1.0,0.0,0.21555000895956952,23333.40915167523,439.0901412506687,tiny_ttm
2025-03-18 07:10:00,19.269338669649272,0.2098948138892845,1.7654230447785866,22.844369074477196,304.27228200722266,1.0,0.0,1.0,0.0,0.21555000895956952,23333.40915167523,449.7737592877708,tiny_ttm
2025-03-18 07:15:00,19.76251729487277,0.20388769770634804,1.8341989304512576,23.316135705736304,306.3510412280738,1.0,0.1,1.0,0.0,0.6122397550811517,23333.40915167523,1305.2845776684157,tiny_ttm
2025-03-18 07:20:00,20.21375839720722,0.19915851901670822,1.89736357566621,23.70781194585269,312.14940878505314,1.0,0.2,1.0,0.0,1.0089295012027337,23333.40915167523,2192.4673169266653,tiny_ttm
2025-03-18 07:25:00,20.62251690261215,0.19555190496527958,1.9545874692142466,24.02388943989428,321.2172123849628,1.0,0.3,1.0,0.0,1.4056192473243156,23333.40915167523,3106.193270768367,tiny_ttm
2025-03-18 07:30:00,20.98845511533272,0.19288767577904337,2.005706227300988,24.272384277911293,332.7881280163,1.0,0.4,1.0,0.0,1.802308993445898,23333.40915167523,3864.953622965507,tiny_ttm
2025-03-18 07:35:00,21.33776734156362,0.1929611601908257,2.0489627403705213,24.32988572917181,345.8866897839229,1.0,0.5,1.0,0.0,2.3539148128276346,23333.40915167523,5117.487023964568,tiny_ttm
2025-03-18 07:40:00,21.632162989790604,0.19405392936610663,2.0833839637366793,24.306859334185475,360.4247246793657,1.0,0.6,1.0,0.0,2.595688485689062,23333.40915167523,5712.422645790178,tiny_ttm
2025-03-18 07:45:00,21.897861257099752,0.19438581183709383,2.1165875917037686,24.3314236578517,373.3112960278262,0.0,0.5,1.0,0.0,2.3539148128276346,0.0,5032.8614983049865,tiny_ttm
2025-03-18 07:50:00,21.274441874799564,0.2044892464850888,2.0118724597671,23.53892734830245,382.4697320171449,0.0,0.4,1.0,0.0,1.802308993445898,0.0,3752.033760128835,tiny_ttm
2025-03-18 07:55:00,20.714355524373058,0.2132715818274193,1.9223747418887478,22.87570475548039,388.10649364313946,1.0,0.5,1.0,0.0,2.3909096959942384,23333.40915167523,5051.667069811909,tiny_ttm
2025-03-18 08:00:00,21.023522579059833,0.21056435080165053,1.966008868827411,23.100733578179373,394.4610347754621,1.0,0.5,1.0,0.0,2.19899873956748,23333.40915167523,4716.019628945339,tiny_ttm
2025-03-18 08:05:00,21.33951584549206,0.20592496867031265,2.0162653424553256,23.4558430374536,399.14104747034685,1.0,0.6,1.0,0.0,3.1506117331881223,23333.40915167523,6829.159025923047,tiny_ttm
2025-03-18 08:10:00,21.567821381453136,0.20268923410421544,2.052969855734255,23.70930448923897,404.6175858521751,1.0,0.7,1.0,0.0,3.7466114123697833,23333.40915167523,8185.477854228606,tiny_ttm
2025-03-18 08:15:00,21.738988081120183,0.19805318009454126,2.086620341296665,24.051424552176737,409.420246551845,0.0,0.6,1.0,0.0,3.103443257150702,0.0,6567.532141430178,tiny_ttm
2025-03-18 08:20:00,21.056798242121044,0.20500067067563169,1.9839141060518253,23.467494416401646,412.1563852602611,0.0,0.5,1.0,0.0,2.6614347791500306,0.0,5465.078230479713,tiny_ttm
2025-03-18 08:25:00,20.432170005246757,0.21147895278874823,1.8935386049797827,22.941510142062295,413.89599101547736,1.0,0.4,1.0,0.0,2.233299382336835,23333.40915167523,4659.942215505915,tiny_ttm
2025-03-18 08:30:00,20.761920502289538,0.20576620965439749,1.9464038889129143,23.36629373239529,415.0319976400534,1.0,0.3,0.5,0.0,1.7760305150299383,23333.40915167523,3778.7016789558634,tiny_ttm
2025-03-18 08:35:00,21.170256571024666,0.20223271761834247,2.004731474789516,23.670199309965454,300.0,0.0,0.2,1.0,0.0,1.2096267423815605,0.0,2511.7851737477285,tiny_ttm
2025-03-18 08:40:00,20.661652413343184,0.2075915393542161,1.9299810285831973,23.23027611759085,312.0962674238156,1.0,0.1,1.0,0.0,0.7047269629976618,23333.40915167523,1494.9512601664705,tiny_ttm
2025-03-18 08:45:00,21.107659701007726,0.20129183878387244,1.9994019443145672,23.721951950510903,318.43315657002614,1.0,0.0,1.0,0.0,0.21555000895956952,23333.40915167523,467.5679524086363,tiny_ttm
2025-03-18 08:50:00,21.583935251770285,0.1953974219515799,2.0737877141695575,24.205544561007155,320.25755107096995,0.0,0.0,1.0,0.0,0.21555000895956952,0.0,458.1403755979903,tiny_ttm
2025-03-18 08:55:00,21.148738172043494,0.20052476935820746,2.0063731051051974,23.780465876060628,322.04917488432847,0.0,0.0,1.0,0.0,0.21555000895956952,0.0,427.67689794697947,tiny_ttm
2025-03-18 09:00:00,20.742478983884848,0.2056113338177442,1.944455626274893,23.37305137618238,323.8086166536018,1.0,0.0,1.0,0.0,0.21555000895956952,23333.40915167523,438.5906413109989,tiny_ttm
2025-03-18 09:05:00,21.246280685669493,0.19922258595154163,2.021699055753889,23.885169534586158,325.53645444878094,1.0,0.0,1.0,0.0,0.21555000895956952,23333.40915167523,449.2843307698567,tiny_ttm
2025-03-18 09:10:00,21.739924229230418,0.19317746074456385,2.0994267139136706,24.386984588448076,327.2332559562741,1.0,0.0,1.0,0.0,0.21555000895956952,23333.40915167523,480.98839242841774,tiny_ttm
2025-03-18 09:15:00,22.20345142464963,0.18765985338418156,2.1743671468596446,24.86018932192295,328.89957866542204,0.0,0.0,0.0,0.0,0.21555000895956952,0.0,473.46549273029797,tiny_ttm
2025-03-18 09:20:00,21.856178308189605,0.1974916500206659,2.1030727859996223,24.110463414023087,300.0,1.0,0.0,1.0,0.0,0.21555000895956952,23333.40915167523,483.45600024774683,tiny_ttm
2025-03-18 09:25:00,22.317361471573918,0.19186920355579085,2.178139907393504,24.58232736320428,302.1555000895957,0.0,0.0,0.0,0.0,0.21555000895956952,0.0,477.10594516194647,tiny_ttm
2025-03-18 09:30:00,22.02422936722194,0.20434902160353172,2.106578815875091,23.678684096498145,300.0,1.0,0.0,0.0,0.0,0.21555000895956952,23333.40915167523,491.59588806327383,tiny_ttm
2025-03-18 09:35:00,22.69311607721349,0.2075913775745972,2.1850475761364567,23.580884121379196,300.0,1.0,0.0,0.0,0.0,0.21555000895956952,23333.40915167523,506.38115275773896,tiny_ttm
2025-03-18 09:40:00,23.375635471884742,0.21181218635012733,2.2649805370163056,23.423057672663493,300.0,1.0,0.0,0.0,0.0,0.21555000895956952,23333.40915167523,520.5031101154552,tiny_ttm
2025-03-18 09:45:00,24.0275351832893,0.2151138522530131,2.3457027920670708,23.321454436984137,300.0,0.0,0.1,1.0,0.0,0.7972141709141718,0.0,1881.9215109909687,tiny_ttm
2025-03-18 09:50:00,23.48877862089018,0.21893522722595185,2.2598723021123663,22.98693186995724,307.97214170914174,0.0,0.2,1.0,0.0,1.240147520994009,0.0,2856.8406477381377,tiny_ttm
2025-03-18 09:55:00,22.92168844484538,0.22166078245885792,2.1761730679618077,22.721283456920006,319.54973093761475,0.0,0.3,1.0,0.0,1.9605424948233758,0.0,4394.686836620505,tiny_ttm
2025-03-18 10:00:00,22.304146605092704,0.22290859174911856,2.092797757568389,22.5412992310255,335.9611493637188,0.0,0.4,0.0,0.0,2.5422066567779784,0.0,5570.8879841672715,tiny_ttm
2025-03-18 10:05:00,21.804569305058003,0.2316704996744472,2.00717099150561,21.930341414020504,300.0,1.0,0.3,0.2,0.0,1.8218116829486108,23333.40915167523,4078.8035990559456,tiny_ttm
2025-03-18 10:10:00,22.27733569733202,0.2283925252279074,2.07464351889785,22.203144089004425,300.0,0.0,0.4,1.0,0.0,2.3257865902533448,0.0,5059.463754473639,tiny_ttm
2025-03-18 10:15:00,21.645546990879406,0.22979281981993008,1.992627691462614,22.016096650534646,323.25786590253347,1.0,0.3,1.0,0.0,1.8218116829486108,23333.40915167523,4023.616833687797,tiny_ttm
2025-03-18 10:20:00,21.975920326795254,0.22028582479265754,2.05831481814386,22.64863185188087,337.94502841354563,0.0,0.4,1.0,0.0,2.2961906837200616,0.0,4854.078174561936,tiny_ttm
2025-03-18 10:25:00,21.364527167741358,0.2239860187499446,1.9734269830974813,22.3197495742229,353.64618352268985,0.0,0.5,0.0,0.0,3.2001727652637015,0.0,6744.93180341039,tiny_ttm
2025-03-18 10:30:00,20.971914396670158,0.23949561735831026,1.887964255821828,21.34137385592977,300.0,0.0,0.6,1.0,0.0,3.4280733569376522,0.0,6989.42571388819,tiny_ttm
2025-03-18 10:35:00,20.287350145396925,0.24076181522724657,1.806993414499937,21.161138929462457,334.28073356937654,1.0,0.5,1.0,0.0,3.04756887220146,23333.40915167523,5999.471939764812,tiny_ttm
2025-03-18 10:40:00,20.588150657114607,0.23340601180852363,1.8586728341406769,21.631937057348537,356.0503475795358,1.0,0.4,0.0,0.0,2.481165099553082,23333.40915167523,5047.181631343497,tiny_ttm
2025-03-18 10:45:00,21.240778317707477,0.2384021323865247,1.9221351068809294,21.44678063022072,300.0,1.0,0.3,0.0,0.0,1.8675928508672834,23333.40915167523,3937.2348182857777,tiny_ttm
2025-03-18 10:50:00,21.97698426902675,0.24380834986750477,1.9963487680207475,21.25440196416952,300.0,0.0,0.4,1.0,0.0,2.603248214002875,0.0,5326.574442150863,tiny_ttm
2025-03-18 10:55:00,21.359464930323583,0.24308857098192388,1.9242518810598779,21.19809928409368,326.0324821400288,0.0,0.5,1.0,0.0,3.04756887220146,0.0,6041.381558123468,tiny_ttm
2025-03-18 11:00:00,20.724984686281463,0.2431235520621691,1.850641761508341,21.096501200049406,349.89685567570234,0.0,0.6,1.0,0.0,3.7055349806871822,0.0,7098.012494633664,tiny_ttm
2025-03-18 11:05:00,20.059863249019244,0.24508043346764782,1.7716253840492766,20.882958561041377,371.54432680485627,0.0,0.5,1.0,0.0,3.1238708187325805,0.0,5795.572466371659,tiny_ttm
2025-03-18 11:10:00,19.46023445633005,0.2509004613831459,1.6937944952594362,20.470362263368532,384.1584320962189,1.0,0.4,0.0,0.0,2.510761006086365,23333.40915167523,4814.024209024639,tiny_ttm
2025-03-18 11:15:00,20.078175215457932,0.252760215770644,1.7555904819911192,20.463961601286304,300.0,1.0,0.3,0.0,0.0,2.099273306698141,23333.40915167523,4142.760391499865,tiny_ttm
2025-03-18 11:20:00,20.636078971379884,0.24970465924150678,1.8245347781193004,20.716362457477818,300.0,1.0,0.2,0.0,0.0,1.378878332868774,23333.40915167523,2802.1903907407495,tiny_ttm
2025-03-18 11:25:00,21.221139737649537,0.24672475657386506,1.8988425508113074,20.97208771004022,300.0,1.0,0.3,0.0,0.0,1.6830808710738459,23333.40915167523,3506.92568739204,tiny_ttm
2025-03-18 11:30:00,21.73268347281558,0.24198845806672756,1.9715439462913853,21.31936405723229,300.0,1.0,0.2,0.0,0.0,1.1939039170357537,23333.40915167523,2554.992209849245,tiny_ttm
2025-03-18 11:35:00,22.293847599831693,0.23941925388177093,2.0470502041441954,21.55569394327657,300.0,0.0,0.3,1.0,0.0,1.6830808710738459,0.0,3673.4645391781482,tiny_ttm
2025-03-18 11:40:00,21.717248760988323,0.2412237366887986,1.9716732975654312,21.360559543124072,316.83080871073844,1.0,0.2,0.0,0.0,1.1633831384233055,23333.40915167523,2603.0202177601236,tiny_ttm
2025-03-18 11:45:00,22.26325775984917,0.23819860209398927,2.0465245330757353,21.6214628480264,300.0,0.0,0.3,1.0,0.0,1.4985688912804083,0.0,3268.667058983628,tiny_ttm
2025-03-18 11:50:00,21.703406848620975,0.24066035400281383,1.9714695704797045,21.390589908507415,314.9856889128041,1.0,0.2,0.0,0.0,1.0708959305067955,23333.40915167523,2391.919184879971,tiny_ttm
2025-03-18 11:55:00,22.224560030837694,0.23697879558014698,2.0449815392038073,21.686174687650855,300.0,0.0,0.3,1.0,0.0,1.6830808710738459,0.0,3662.047693047594,tiny_ttm
2025-03-18 12:00:00,21.649753216975625,0.23947821668094865,1.9680761499854258,21.449890939726796,316.83080871073844,1.0,0.2,0.0,0.0,1.1014167091192437,23333.40915167523,2460.5775082173873,tiny_ttm
2025-03-18 12:05:00,22.228969370092972,0.23835218606708322,2.041848408669492,21.607085519006286,300.0,0.0,0.3,1.0,0.0,1.5443500591990806,0.0,3211.446459708715,tiny_ttm
2025-03-18 12:10:00,21.69135229479795,0.24299306762458833,1.96396628881315,21.255717942344255,315.4435005919908,0.0,0.4,0.3,0.0,1.9558377585873048,0.0,4012.086623726848,tiny_ttm
2025-03-18 12:15:00,21.411335123428422,0.25956123856017715,1.8883632480318138,20.300295171247797,300.0,0.0,0.5,1.0,0.0,2.6614347791500306,0.0,5297.554830294004,tiny_ttm
2025-03-18 12:20:00,20.80585388531247,0.26002057280777285,1.8183528108111513,20.18467670818531,326.6143477915003,1.0,0.4,0.0,0.0,1.987283409278918,23333.40915167523,4068.4767422905506,tiny_ttm
2025-03-18 12:25:00,21.370700754438968,0.25603739501435857,1.8926348713861154,20.483555124585305,300.0,1.0,0.3,0.0,0.0,1.7524462770112283,23333.40915167523,3684.283321117483,tiny_ttm
2025-03-18 12:30:00,21.919063833460047,0.2512436117831779,1.9697509079509146,20.829433605414447,300.0,1.0,0.2,0.0,0.0,1.1633831384233055,23333.40915167523,2505.0659239953643,tiny_ttm
2025-03-18 12:35:00,22.425468765399728,0.24498061952671682,2.048404100762996,21.258429106327466,300.0,0.0,0.3,1.0,0.0,1.8218116829486108,0.0,3819.260977655309,tiny_ttm
2025-03-18 12:40:00,21.859783230219904,0.24625764035501313,1.9757099799568878,21.09782115244156,318.2181168294861,0.0,0.2,1.0,0.0,1.1014167091192437,0.0,2254.516651520261,tiny_ttm
2025-03-18 12:45:00,21.36740619778958,0.24992109713172508,1.9078096828833142,20.81730021035038,327.5601390636217,1.0,0.1,0.0,0.0,0.6968655503247584,23333.40915167523,1464.2226480727115,tiny_ttm
2025-03-18 12:50:00,21.907016534284587,0.24446141610672542,1.9861329215345938,21.20643284834009,300.0,1.0,0.0,0.0,0.0,0.21555000895956952,23333.40915167523,465.03979483384586,tiny_ttm
2025-03-18 12:55:00,22.467230098819897,0.2400014907454737,2.0671495862626847,21.5496708073265,300.0,0.0,0.1,0.0,0.0,0.6584833590394067,0.0,1394.9445073152283,tiny_ttm
2025-03-18 13:00:00,22.078808839081233,0.24814166657366618,1.9972630839449241,21.02643155794964,300.0,1.0,0.0,1.0,0.0,0.21555000895956952,23333.40915167523,466.9555643262431,tiny_ttm
2025-03-18 13:05:00,22.555666110031122,0.24021462655346454,2.077694972888677,21.551436872882277,302.1555000895957,0.0,0.0,0.0,0.0,0.21555000895956952,0.0,460.0014110329645,tiny_ttm
2025-03-18 13:10:00,22.234647542270448,0.25073231151970327,2.0093534340168158,20.906449440305828,300.0,1.0,0.1,1.0,0.0,0.7588319796288201,23333.40915167523,1652.1189393616548,tiny_ttm
2025-03-18 13:15:00,22.6635498540139,0.24135902797242584,2.0881873431707216,21.502662459442366,307.5883197962882,0.0,0.0,0.0,0.0,0.21555000895956952,0.0,462.65654212519104,tiny_ttm
2025-03-18 13:20:00,22.357214063958605,0.25273597326736236,2.01897225387889,20.814657507208437,300.0,0.0,0.0,1.0,0.0,0.21555000895956952,0.0,453.3279941240631,tiny_ttm
2025-03-18 13:25:00,21.926588365571543,0.2585989421652062,1.9512964889064937,20.42974716873028,302.1555000895957,0.0,0.0,0.0,0.0,0.21555000895956952,0.0,448.3793057570829,tiny_ttm
2025-03-18 13:30:00,21.698146341810386,0.27266607500810836,1.887766521439938,19.657023216597825,300.0,0.0,0.1,1.0,0.0,0.6737437483456309,0.0,1370.744451413769,tiny_ttm
2025-03-18 13:35:00,21.243970064679363,0.2773178895807447,1.8242757166677115,19.354815487020527,306.7374374834563,0.0,0.2,1.0,0.0,1.1781810916899471,0.0,2339.7371883844035,tiny_ttm
2025-03-18 13:40:00,20.7600922411745,0.28026295138064283,1.7636386280817136,19.138079609097247,317.8577549462348,1.0,0.3,1.0,0.0,1.5679342972177908,23333.40915167523,3023.145923591633,tiny_ttm
2025-03-18 13:45:00,21.185149543232136,0.2688870326122874,1.8389130890156429,19.77639430233454,331.2037823807867,1.0,0.0,1.0,0.0,0.21555000895956952,23333.40915167523,426.76077264738217,tiny_ttm
2025-03-18 13:50:00,21.700188683518547,0.25993094707279174,1.9210597175404303,20.324084948423575,332.7987845060698,0.0,0.0,0.0,0.0,0.21555000895956952,0.0,434.6213832413295,tiny_ttm
2025-03-18 13:55:00,22.06305125616737,0.2962309400436498,1.867723364234318,18.542970785280648,300.0,0.0,0.1,0.0,0.0,0.7125883756705651,0.0,1351.2076873229544,tiny_ttm
2025-03-18 14:00:00,21.86762830999969,0.30878659820746196,1.8126764754002456,17.927969159099096,300.0,1.0,0.0,1.0,0.0,0.21555000895956952,23333.40915167523,420.0210703939889,tiny_ttm
2025-03-18 14:05:00,22.3890696337546,0.2975845489671359,1.9014772201814059,18.523260194584218,302.1555000895957,1.0,0.1,0.0,0.0,0.7278487649767893,23333.40915167523,1501.3601117422165,tiny_ttm
2025-03-18 14:10:00,23.524739895623867,0.308127362553833,2.0061524489507576,18.18064531657915,300.0,1.0,0.2,0.0,0.0,1.1476603130774987,23333.40915167523,2433.72155170082,tiny_ttm
2025-03-18 14:15:00,24.100437618041923,0.29570751218061575,2.1140670031382047,18.850256864450948,300.0,0.0,0.3,1.0,0.0,1.5901312271177532,0.0,3286.027612439287,tiny_ttm
2025-03-18 14:20:00,23.56232316300126,0.2885072020519011,2.06771832327139,19.127533246671288,315.9013122711775,0.0,0.4,1.0,0.0,1.987283409278918,0.0,3801.359469902948,tiny_ttm
2025-03-18 14:25:00,23.033255227077706,0.2801967992354873,2.026139422644747,19.467353101699253,333.1407785254438,0.0,0.3,1.0,0.0,1.8911770888859933,0.0,3674.5818990396997,tiny_ttm
2025-03-18 14:30:00,22.50346389685901,0.27300209010638915,1.9817453858205807,19.75747220483511,346.82962599304005,0.0,0.4,0.5,0.0,2.3886778916365716,0.0,4574.069196678358,tiny_ttm
2025-03-18 14:35:00,22.05368927910381,0.26804007789226864,1.9414311064693264,19.948533853365873,300.0,0.0,0.5,1.0,0.0,3.1238708187325805,0.0,5793.695134431623,tiny_ttm
2025-03-18 14:40:00,21.45425472128808,0.25734031733026186,1.8990102578368149,20.425932665842573,331.2387081873258,1.0,0.4,0.0,0.0,2.233299382336835,23333.40915167523,4272.360653440914,tiny_ttm
2025-03-18 14:45:00,22.035088449958366,0.2486344641269257,1.990644720630278,20.99213198192602,300.0,0.0,0.5,1.0,0.0,2.506518705889876,0.0,4411.097892142812,tiny_ttm
2025-03-18 14:50:00,21.510949035296058,0.24745107976758626,1.9309850277940568,20.976655768914924,325.06518705889874,0.0,0.4,1.0,0.0,2.4497194488614684,0.0,4186.799665888563,tiny_ttm
2025-03-18 14:55:00,21.005905793582677,0.24517035893156314,1.8777933793700874,21.025457284306075,344.4454918618855,0.0,0.3,1.0,0.0,1.9605424948233758,0.0,3260.476666703525,tiny_ttm
2025-03-18 15:00:00,20.54774328187681,0.2461377697450637,1.8232575918804934,20.90002114584935,356.78947718523983,1.0,0.2,1.0,0.0,1.2558703463398155,23333.40915167523,2151.850320200077,tiny_ttm
2025-03-18 15:05:00,21.0490895294589,0.23552243339923803,1.9068445955118187,21.582665135461905,363.4048289502143,1.0,0.1,0.0,0.0,0.7431091542830134,23333.40915167523,1330.7320974210706,tiny_ttm
2025-03-18 15:10:00,21.818533550431408,0.236560973726527,1.9960958509244524,21.645484634400592,300.0,1.0,0.0,0.0,0.0,0.21555000895956952,23333.40915167523,408.6611200462398,tiny_ttm
2025-03-18 15:15:00,22.86467006465228,0.24836827084430185,2.0942604408797294,21.136115846631956,300.0,0.0,0.0,1.0,0.0,0.21555000895956952,0.0,379.1952930679167,tiny_ttm
2025-03-18 15:20:00,22.504464562192688,0.2527981632972402,2.0369436232635736,20.83389622289866,302.1555000895957,1.0,0.0,0.0,0.0,0.21555000895956952,23333.40915167523,416.52020656769605,tiny_ttm
2025-03-18 15:25:00,23.227462282860003,0.2513841109267299,2.132115519622767,21.023880517833128,300.0,0.0,0.0,1.0,0.0,0.21555000895956952,0.0,408.1219059134818,tiny_ttm
2025-03-18 15:30:00,22.83977878870333,0.25587439327335176,2.070223676070244,20.716477367685226,302.1555000895957,1.0,0.0,0.0,0.0,0.21555000895956952,23333.40915167523,427.1624785529966,tiny_ttm
2025-03-18 15:35:00,23.71873228603102,0.2606635612802809,2.168958476162815,20.589803784423687,300.0,0.0,0.1,1.0,0.0,0.812474560220396,0.0,1573.909298946239,tiny_ttm
2025-03-18 15:40:00,23.27542080824409,0.2611594639662967,2.1103753394495417,20.495944196838387,308.124745602204,1.0,0.0,0.0,0.0,0.21555000895956952,23333.40915167523,433.7895563123685,tiny_ttm
2025-03-18 15:45:00,24.024652348622734,0.2609489107673844,2.2083385396772863,20.620720082407285,300.0,0.0,0.1,1.0,0.0,0.7509705669559168,0.0,1477.6955675551735,tiny_ttm
2025-03-18 15:50:00,23.57924735018166,0.2615778032229842,2.148167866582313,20.519321658923378,307.5097056695592,0.0,0.0,1.0,0.0,0.21555000895956952,0.0,415.58889193769573,tiny_ttm
2025-03-18 15:55:00,23.184470810562978,0.26610204990833713,2.084778368177296,20.218383829989452,309.53031266545844,0.0,0.0,1.0,0.0,0.21555000895956952,0.0,407.2093693887044,tiny_ttm
2025-03-18 16:00:00,22.79765415384714,0.27050893486696387,2.024337715535207,19.929737488679244,311.5146245066852,0.0,0.0,1.0,0.0,0.21555000895956952,0.0,398.998803227892,tiny_ttm
2025-03-18 16:05:00,22.418636884843917,0.27500674545030923,1.966125564231883,19.642208568060614,313.4632931449824,0.0,0.0,1.0,0.0,0.21555000895956952,0.0,390.9537867860909,tiny_ttm
2025-03-18 16:10:00,22.047261744429022,0.2794890424588411,1.9103159453984062,19.361192657733277,315.37695882140923,0.0,0.0,1.0,0.0,0.21555000895956952,0.0,383.0709820828345,tiny_ttm
2025-03-18 16:15:00,21.68337464429531,0.28395416013737546,1.8567922701793664,19.086543706115872,317.25625027669446,1.0,0.0,0.0,0.0,0.21555000895956952,23333.40915167523,378.08806244754595,tiny_ttm
2025-03-18 16:20:00,22.45335243208251,0.28059935372906314,1.955077360389052,19.363707145290128,300.0,0.0,0.0,1.0,0.0,0.21555000895956952,0.0,370.46466945931707,tiny_ttm
2025-03-18 16:25:00,22.10144033073103,0.2849367024625953,1.902139587850423,19.097272352587666,302.1555000895957,1.0,0.0,0.0,0.0,0.21555000895956952,23333.40915167523,383.8974836925285,tiny_ttm
2025-03-18 16:30:00,22.72152772372948,0.27618119725900825,1.999353264966633,19.626232847206634,300.0,0.0,0.0,1.0,0.0,0.21555000895956952,0.0,397.38294444772913,tiny_ttm
2025-03-18 16:35:00,22.34404539261829,0.2809062042545169,1.941306829100411,19.332619605487892,302.1555000895957,1.0,0.0,0.8,0.0,0.21555000895956952,23333.40915167523,409.35843768957415,tiny_ttm
2025-03-18 16:40:00,22.896859736305593,0.2713856976095712,2.0340872543222464,19.898773585734407,300.0,0.0,0.0,1.0,0.0,0.21555000895956952,0.0,401.10453984537025,tiny_ttm
2025-03-18 16:45:00,22.51584218425505,0.276218697055755,1.9744603764677615,19.594453340279202,302.1555000895957,0.0,0.0,1.0,0.0,0.21555000895956952,0.0,393.01706541729783,tiny_ttm
2025-03-18 16:50:00,22.14250709251783,0.28109947148423353,1.9171350883178913,19.29405592505268,304.27228200722266,0.0,0.0,0.3,0.0,0.21555000895956952,0.0,387.08216083531255,tiny_ttm
2025-03-18 16:55:00,21.868539222044422,0.28966456939144614,1.862926678880755,18.832525292111104,300.0,0.0,0.0,1.0,0.0,0.21555000895956952,0.0,379.2774197607651,tiny_ttm
2025-03-18 17:00:00,21.508255705729688,0.2945503884057296,1.8098334270817822,18.54671716480526,302.1555000895957,0.0,0.0,1.0,0.0,0.21555000895956952,0.0,371.6300457503812,tiny_ttm
2025-03-18 17:05:00,21.1552365891801,0.2994237769529543,1.75887599668519,18.26717551959267,304.27228200722266,1.0,0.0,1.0,0.0,0.21555000895956952,23333.40915167523,383.6738622970394,tiny_ttm
2025-03-18 17:10:00,21.71120488253328,0.28791763959266814,1.849656620085002,18.895632441624294,306.3510412280738,1.0,0.0,1.0,0.0,0.21555000895956952,23333.40915167523,395.4748392628367,tiny_ttm
2025-03-18 17:15:00,22.255963182209886,0.27721013726134863,1.9408614823075112,19.50637988624457,308.39246073486834,0.0,0.0,0.0,0.0,0.21555000895956952,0.0,411.44198817271194,tiny_ttm
2025-03-18 17:20:00,21.993040876373417,0.28746641586403543,1.8829333400878963,18.957382055915346,300.0,0.0,0.0,0.0,0.0,0.21555000895956952,0.0,405.71830097706606,tiny_ttm
2025-03-18 17:25:00,21.72882325154305,0.29751717607149336,1.8266862548447427,18.43573206018754,300.0,1.0,0.0,1.0,0.0,0.21555000895956952,23333.40915167523,417.0747957283897,tiny_ttm
2025-03-18 17:30:00,22.253063302934372,0.2866345491953618,1.9152168371149707,19.03494566603157,302.1555000895957,0.0,0.0,1.0,0.0,0.21555000895956952,0.0,408.665312887963,tiny_ttm
2025-03-18 17:35:00,21.86486361518073,0.29185599990225836,1.8567629917673698,18.725733846718377,304.27228200722266,0.0,0.0,1.0,0.0,0.21555000895956952,0.0,400.4253905253397,tiny_ttm
2025-03-18 17:40:00,21.484491201206897,0.29707209536522156,1.8007436547321032,18.423312260741362,306.3510412280738,1.0,0.0,1.0,0.0,0.21555000895956952,23333.40915167523,411.88860627748994,tiny_ttm
2025-03-18 17:45:00,22.013657721916697,0.2861629478370268,1.8887496946184876,19.02433519700972,308.39246073486834,1.0,0.0,1.0,0.0,0.21555000895956952,23333.40915167523,423.12068910779703,tiny_ttm
2025-03-18 17:50:00,22.53215465333169,0.2758875428340564,1.9773207919508025,19.61371405815974,310.39721124224786,0.0,0.0,0.4,0.0,0.21555000895956952,0.0,415.6753518565085,tiny_ttm
2025-03-18 17:55:00,22.188461985064812,0.28324265918630814,1.9167741261161324,19.19366536104702,300.0,1.0,0.0,1.0,0.0,0.21555000895956952,23333.40915167523,426.83108250180237,tiny_ttm
2025-03-18 18:00:00,22.703434336556892,0.2731406741026091,2.005551097232642,19.779594024986324,302.1555000895957,0.0,0.1,0.0,0.0,0.766230956262141,0.0,1487.737741429901,tiny_ttm
2025-03-18 18:05:00,22.319710969988932,0.27790741014378767,1.946520768846475,19.480256842646273,300.0,0.0,0.0,0.0,0.0,0.21555000895956952,0.0,411.08028382775996,tiny_ttm
2025-03-18 18:10:00,21.976343831331064,0.2850906673688236,1.887289612517138,19.071929316862157,300.0,1.0,0.1,1.0,0.0,0.7509705669559168,23333.40915167523,1468.4032611139917,tiny_ttm
2025-03-18 18:15:00,22.45612566648696,0.2721212536634548,1.9784510618294306,19.795963383798245,307.5097056695592,0.0,0.0,0.0,0.0,0.21555000895956952,0.0,413.59475087477585,tiny_ttm
2025-03-18 18:20:00,22.092417000280996,0.2785680404744487,1.9180265097855447,19.414077883989016,300.0,1.0,0.0,1.0,0.0,0.21555000895956952,23333.40915167523,424.79243269629245,tiny_ttm
2025-03-18 18:25:00,22.609325907661184,0.2687240502131093,2.006255159638564,19.995010023322145,302.1555000895957,0.0,0.0,0.0,0.0,0.21555000895956952,0.0,416.560775166459,tiny_ttm
2025-03-18 18:30:00,22.229335016019846,0.2746667066373067,1.9445386066082735,19.632043337101145,300.0,0.0,0.0,0.0,0.0,0.21555000895956952,0.0,408.35219143801015,tiny_ttm
2025-03-18 18:35:00,21.850409260328334,0.2804449265930986,1.8850197447691133,19.284981692336856,300.0,0.0,0.0,0.0,0.0,0.21555000895956952,0.0,421.45571706661553,tiny_ttm
2025-03-18 18:40:00,21.455295988087965,0.28615691565423174,1.8254414092876097,18.94578452876238,300.0,0.0,0.0,0.0,0.0,0.21555000895956952,0.0,412.957901670023,tiny_ttm
2025-03-18 18:45:00,21.06301868089294,0.29171470976887887,1.768195093228805,18.62099272764348,302.1555000895957,0.0,0.0,0.0,0.0,0.21555000895956952,0.0,404.6314278013545,tiny_ttm
2025-03-18 18:50:00,20.678650864555028,0.29722435834590194,1.7134649959549526,18.305629871601507,304.27228200722266,0.0,0.0,0.0,0.0,0.21555000895956952,0.0,396.47284069984863,tiny_ttm
2025-03-18 18:55:00,20.30203305993926,0.30278730348878324,1.6608776264492784,17.994608741705648,306.3510412280738,0.0,0.0,0.0,0.0,0.21555000895956952,0.0,388.4787552631159,tiny_ttm
2025-03-18 19:00:00,19.933009003489893,0.30834961753854273,1.610450945933437,17.690268122730473,308.39246073486834,0.0,0.0,0.0,0.0,0.21555000895956952,0.0,380.6458546426167,tiny_ttm
2025-03-18 19:05:00,19.571425582394664,0.3139091077494433,1.5620800578560035,17.392464111688952,310.39721124224786,0.0,0.0,0.0,0.0,0.21555000895956952,0.0,372.97088886745814,tiny_ttm
2025-03-18 19:10:00,19.217132771056306,0.3194067100813181,1.5157926331915261,17.103547771001843,312.3659514171418,0.0,0.0,0.0,0.0,0.21555000895956952,0.0,365.4506734959396,tiny_ttm
2025-03-18 19:15:00,18.86998356884502,0.32489577247982016,1.471366036457082,16.820864434087856,314.29932809517425,0.0,0.0,0.0,0.0,0.21555000895956952,0.0,358.0820882942871,tiny_ttm
2025-03-18 19:20:00,18.529833939106016,0.3304336609533464,1.428585077098243,16.541767145354964,316.19797649318406,0.0,0.0,0.0,0.0,0.21555000895956952,0.0,350.8620759420279,tiny_ttm
2025-03-18 19:25:00,18.19654274939687,0.3359603959639787,1.3874951473929837,16.268661827262502,318.06252041792703,0.0,0.0,0.0,0.0,0.21555000895956952,0.0,343.7876407634695,tiny_ttm
2025-03-18 19:30:00,17.86997171292985,0.3414535607277341,1.3480589244279462,16.0022546212222,319.8935724710297,1.0,0.0,0.0,0.0,0.21555000895956952,23333.40915167523,356.3928439711576,tiny_ttm
2025-03-18 19:35:00,18.451854813490105,0.3278257955580385,1.4271617805925283,16.64260623550078,321.6917342502614,0.0,0.0,0.0,0.0,0.21555000895956952,0.0,349.2068918673098,tiny_ttm
2025-03-18 19:40:00,18.120135917588915,0.33333919513009125,1.3863045091476063,16.36851702855739,323.45759654719103,0.0,0.0,0.0,0.0,0.21555000895956952,0.0,342.1658301800692,tiny_ttm
2025-03-18 19:45:00,17.795105472755726,0.3388404112459059,1.347044027622772,16.10028658776945,325.19173954129366,1.0,0.0,0.0,0.0,0.21555000895956952,23333.40915167523,354.8037339690707,tiny_ttm
2025-03-18 19:50:00,18.378498101986903,0.32527536439982785,1.426006006980355,16.742226936039117,326.89473299056993,0.0,0.0,0.0,0.0,0.21555000895956952,0.0,347.64982310442264,tiny_ttm
2025-03-18 19:55:00,18.04825829811653,0.33065400230007197,1.385616320171352,16.472273624834592,328.5671364187421,0.0,0.0,0.0,0.0,0.21555000895956952,0.0,340.6401566085889,tiny_ttm
2025-03-18 20:00:00,17.7246771223683,0.33601859175365295,1.3468048502898304,16.208121308881164,330.20949929908704,1.0,0.1,0.0,0.0,0.6663447717123101,23333.40915167523,1090.3642130501871,tiny_ttm
2025-03-18 20:05:00,18.281954350521094,0.3202352429591567,1.4279862227277411,16.947201375381137,335.1954518567107,0.0,0.0,0.0,0.0,0.21555000895956952,0.0,345.60058648272934,tiny_ttm
2025-03-18 20:10:00,17.9536611591759,0.3255934946654464,1.3878132265755445,16.674873916334523,336.7187536160522,1.0,0.1,0.0,0.0,0.7047269629976618,23333.40915167523,1168.8643349558777,tiny_ttm
2025-03-18 20:15:00,18.50354180519974,0.3104718627273468,1.4687553266240623,17.40580357216649,341.6096319359538,0.0,0.0,0.0,0.0,0.21555000895956952,0.0,350.303999392845,tiny_ttm
2025-03-18 20:20:00,18.170780744021943,0.31582014591536745,1.4272673382029772,17.12555605205696,343.0177189808329,0.0,0.0,0.0,0.0,0.21555000895956952,0.0,343.24081671674435,tiny_ttm
2025-03-18 20:25:00,17.84472914709995,0.3211597232482697,1.3873946902963183,16.851246372891016,344.40051326111706,1.0,0.0,0.0,0.0,0.21555000895956952,23333.40915167523,355.8570455425824,tiny_ttm
2025-03-18 20:30:00,18.427121213741035,0.30848711511778415,1.465948069344091,17.48461765616943,345.7584690981091,0.0,0.0,0.0,0.0,0.21555000895956952,0.0,348.68189674724704,tiny_ttm
2025-03-18 20:35:00,18.09590102163303,0.3139471489317012,1.4244594451068766,17.198237813289413,347.09203265236533,0.0,0.0,0.0,0.0,0.21555000895956952,0.0,341.65142054131263,tiny_ttm
2025-03-18 20:40:00,17.77135922522398,0.31940199279660403,1.3845755113109948,16.917856179642847,348.40164207028255,1.0,0.0,0.0,0.0,0.21555000895956952,23333.40915167523,354.29969637646604,tiny_ttm
2025-03-18 20:45:00,18.355230650256743,0.30692865184219653,1.4626459550079196,17.545216070468143,349.68772762805264,0.0,0.0,0.0,0.0,0.21555000895956952,0.0,347.1559484263104,tiny_ttm
2025-03-18 20:50:00,18.025459988223922,0.3124419961367147,1.4212789069410143,17.255556258889253,350.9507118730311,1.0,0.0,0.0,0.0,0.21555000895956952,23333.40915167523,359.69323641643547,tiny_ttm
2025-03-18 20:55:00,18.604207977297303,0.3004448328576177,1.4995340443590397,17.873794920985205,352.19100976256607,0.0,0.0,0.0,0.0,0.21555000895956952,0.0,352.4407384701645,tiny_ttm
2025-03-18 21:00:00,18.26941718319022,0.3059524101936447,1.4568439068012207,17.577882715024653,353.4090288003343,0.0,0.0,0.0,0.0,0.21555000895956952,0.0,345.33447270491723,tiny_ttm
2025-03-18 21:05:00,17.941376778862168,0.3115207876346084,1.4156781476262263,17.28538264753308,354.60516917022716,1.0,0.0,0.0,0.0,0.21555000895956952,23333.40915167523,357.9084871263208,tiny_ttm
2025-03-18 21:10:00,18.521820138438724,0.2996170310907524,1.493585702810953,17.900806763684617,355.77982386783276,0.0,0.0,0.0,0.0,0.21555000895956952,0.0,350.6919750959656,tiny_ttm
2025-03-18 21:15:00,18.188690531064182,0.30517927707883213,1.451096064978774,17.602105943084144,356.9333788295556,0.0,0.0,0.0,0.0,0.21555000895956952,0.0,343.6209696622894,tiny_ttm
2025-03-18 21:20:00,17.86227781894571,0.3107423669619377,1.4102423239882707,17.309577591810754,358.0662130594172,1.0,0.1,0.0,0.0,0.6663447717123101,23333.40915167523,1099.3770742704767,tiny_ttm
2025-03-18 21:25:00,18.416539650735437,0.29787259961143975,1.4874632457101566,17.96715971859663,361.5053176527673,0.0,0.0,0.0,0.0,0.21555000895956952,0.0,348.45729260563667,tiny_ttm
2025-03-18 21:30:00,18.085532814777054,0.30342609523210706,1.445362569476165,17.667856060603512,362.5560284281034,0.0,0.0,0.0,0.0,0.21555000895956952,0.0,341.4313450950205,tiny_ttm
2025-03-18 21:35:00,17.76120007261567,0.3089810325553334,1.4048761089438062,17.374719860583973,363.58786581035304,1.0,0.1,0.0,0.0,0.7199873523038859,23333.40915167523,1180.4887205424966,tiny_ttm
2025-03-18 21:40:00,18.314392726097097,0.29640571222457546,1.4810556383982099,18.021335187479146,366.972534404771,0.0,0.0,0.0,0.0,0.21555000895956952,0.0,346.289123090944,tiny_ttm
2025-03-18 21:45:00,17.985445479494736,0.3020133107359967,1.4392111695823082,17.71878003213831,367.92504029511724,1.0,0.1,0.0,0.0,0.6584833590394067,23333.40915167523,1094.4114481395113,tiny_ttm
2025-03-18 21:50:00,18.53749635606238,0.2900523966857261,1.5154693316314565,18.350277223515477,370.7825814941433,0.0,0.0,0.0,0.0,0.21555000895956952,0.0,351.02471832125246,tiny_ttm
2025-03-18 21:55:00,18.20405066897154,0.295649289141374,1.4724180678063559,18.04149302529356,371.666649410802,0.0,0.0,0.0,0.0,0.21555000895956952,0.0,343.94700378294567,tiny_ttm
2025-03-18 22:00:00,17.87732825025492,0.301190015443291,1.4311417386221017,17.74185369207829,372.53483725684765,1.0,0.1,0.0,0.0,0.6737437483456309,23333.40915167523,1112.550218770071,tiny_ttm
2025-03-18 22:05:00,18.430803933588376,0.2891417847396753,1.507306316838033,18.37875797877415,375.19978364538156,0.0,0.0,0.0,0.0,0.21555000895956952,0.0,348.7600661187913,tiny_ttm
2025-03-18 22:10:00,18.099509486767115,0.2946725393395705,1.464811583567145,18.072744393179544,376.0045075651006,0.0,0.0,0.0,0.0,0.21555000895956952,0.0,341.72801378311857,tiny_ttm
2025-03-18 22:15:00,17.77489493284326,0.3002078969386584,1.4239401245626047,17.77299667149606,376.7947766308109,1.0,0.1,0.0,0.0,0.6584833590394067,23333.40915167523,1080.7826426444262,tiny_ttm
2025-03-18 22:20:00,18.331553406913223,0.28831167770533894,1.4997066404382884,18.404495922084013,379.1656033484935,0.0,0.0,0.0,0.0,0.21555000895956952,0.0,367.87936467186177,tiny_ttm
2025-03-18 22:25:00,17.98209714039672,0.2938779348161203,1.4556793514990813,18.093793445962802,379.89909122883444,1.0,0.1,0.0,0.0,0.6584833590394067,23333.40915167523,1158.9240882100721,tiny_ttm
2025-03-18 22:30:00,18.51233772116373,0.28184993049461354,1.530565418649166,18.7408803198122,382.0995729878486,0.0,0.0,0.0,0.0,0.21555000895956952,0.0,371.7166905657188,tiny_ttm
2025-03-18 22:35:00,18.159236298900396,0.2873980467242795,1.4854814352008563,18.424107872191456,382.780359436352,0.0,0.0,0.0,0.0,0.21555000895956952,0.0,364.2217636057873,tiny_ttm
2025-03-18 22:40:00,17.813254463775547,0.29301174671706975,1.4420623054010027,18.111180069725535,383.44891725776586,1.0,0.1,0.0,0.0,0.7047269629976618,23333.40915167523,1228.4018579664398,tiny_ttm
2025-03-18 22:45:00,18.344169729756906,0.28120138225645946,1.515888641883588,18.748701341974453,385.59546171903344,0.0,0.0,0.0,0.0,0.21555000895956952,0.0,368.1471586037305,tiny_ttm
2025-03-18 22:50:00,17.994459080209953,0.28685521658310237,1.4712999983912738,18.42709010974622,386.2134532635928,1.0,0.1,0.0,0.0,0.6737437483456309,23333.40915167523,1186.532732052958,tiny_ttm
2025-03-18 22:55:00,18.523421731649712,0.2757407586372262,1.5446574052290791,19.042625344648,388.11040948374625,0.0,0.0,0.0,0.0,0.21555000895956952,0.0,371.9519596520994,tiny_ttm
2025-03-18 23:00:00,18.170096822383716,0.28137772339707257,1.4990532866006954,18.7155379484919,388.6832262772042,0.0,0.0,0.0,0.0,0.21555000895956952,0.0,364.4522889594728,tiny_ttm
2025-03-18 23:05:00,17.823896006426637,0.287027632226265,1.455242991670393,18.395146749042567,389.245753848582,1.0,0.1,0.0,0.0,0.7047269629976618,23333.40915167523,1229.1389170932002,tiny_ttm
2025-03-18 23:10:00,18.35457648591125,0.2761141537288037,1.5276136884513696,18.99993899092523,391.05186605604626,0.0,0.0,0.0,0.0,0.21555000895956952,0.0,389.59404145301676,tiny_ttm
2025-03-18 23:15:00,17.98449299589358,0.28183937169973006,1.4807200627379484,18.66695357390125,391.5718469336281,1.0,0.1,0.0,0.0,0.7431091542830134,23333.40915167523,1380.6462795651737,tiny_ttm
2025-03-18 23:20:00,18.486885603335725,0.27057818191999483,1.5521123578669362,19.295610357998953,393.3322819988764,0.0,0.0,0.0,0.0,0.21555000895956952,0.0,392.40243334470927,tiny_ttm
2025-03-18 23:25:00,18.114134363398836,0.27627908918314376,1.5043923163840165,18.957395473224107,393.8113009033825,0.0,0.0,0.0,0.0,0.21555000895956952,0.0,384.4904195679215,tiny_ttm
2025-03-18 23:30:00,17.748898910050112,0.28194289312723286,1.4587151818518413,18.628763823861792,394.2817154304588,1.0,0.1,0.0,0.0,0.812474560220396,23333.40915167523,1490.3221600650065,tiny_ttm
2025-03-18 23:35:00,18.25174220289395,0.2704515897504645,1.5296646770163709,19.26786132070477,396.0230030925639,0.0,0.0,0.0,0.0,0.21555000895956952,0.0,387.411282076826,tiny_ttm
2025-03-18 23:40:00,17.883732161445455,0.27609126227757047,1.4831408400054706,18.933738872876322,396.45368991741566,1.0,0.1,0.0,0.0,0.7047269629976618,23333.40915167523,1302.545746961713,tiny_ttm
2025-03-18 23:45:00,18.391029262586922,0.26529440804959337,1.5539937913607167,19.55034628389696,397.8364998836074,0.0,0.0,0.0,0.0,0.21555000895956952,0.0,390.3677876954409,tiny_ttm
2025-03-18 23:50:00,18.020210774906772,0.2708588744961385,1.5067397777847114,19.213808999005796,398.2346117709961,1.0,0.1,0.0,0.0,0.6584833590394067,23333.40915167523,1226.1205359588057,tiny_ttm
2025-03-18 23:55:00,18.527733723895746,0.2603842862228402,1.5778347432418318,19.824637526532147,399.428957266982,0.0,0.0,0.0,0.0,0.21555000895956952,0.0,393.2694751087594,tiny_ttm
2025-03-19 00:00:00,18.15415886293828,0.26587438696413135,1.5298615243202973,19.485854837756523,399.79846463743286,0.0,0.0,0.0,0.0,0.21555000895956952,0.0,385.3399791611202,tiny_ttm
2025-03-19 00:05:00,17.788116395246995,0.27132697759576757,1.4839423364980093,19.156753178392123,400.16133473146607,1.0,0.1,0.0,0.0,0.8281973855662027,23333.40915167523,1522.262950687156,tiny_ttm
2025-03-19 00:10:00,18.288991604770303,0.2602166704088754,1.5547538594912078,19.79782107549302,401.53052895717633,0.0,0.0,0.0,0.0,0.21555000895956952,0.0,388.2019374771211,tiny_ttm
2025-03-19 00:15:00,17.92023050329827,0.2656455240868746,1.5080012791842854,19.463222638132013,401.8622868445729,1.0,0.1,0.0,0.0,0.7199873523038859,23333.40915167523,1333.2573404735854,tiny_ttm
2025-03-19 00:20:00,18.425660049883376,0.25521882137113683,1.578727727634421,20.081251456075748,402.95053051720816,0.0,0.0,0.0,0.0,0.21555000895956952,0.0,391.1028604110593,tiny_ttm
2025-03-19 00:25:00,18.05414330132891,0.26062599437186124,1.5311478477988976,19.741571989819562,403.2567816255225,0.0,0.0,0.0,0.0,0.21555000895956952,0.0,383.217049934968,tiny_ttm
2025-03-19 00:30:00,17.690117448301812,0.26604996684010507,1.485488844172326,19.408876122461656,403.557531698075,1.0,0.1,0.0,0.0,0.7047269629976618,23333.40915167523,1289.1355210126617,tiny_ttm
2025-03-19 00:35:00,18.20168630981756,0.25570970243364327,1.555679324094767,20.021472351769884,404.52315259395846,0.0,0.0,0.0,0.0,0.21555000895956952,0.0,386.3487962331924,tiny_ttm
2025-03-19 00:40:00,17.834685545789323,0.2611135790168649,1.5091608017903764,19.68368160792298,404.801155477045,1.0,0.1,0.0,0.0,0.6816051610185342,23333.40915167523,1256.6338536174308,tiny_ttm
2025-03-19 00:45:00,18.34466661064412,0.25118228337255877,1.5792457177755135,20.284728052238485,405.664456382742,0.0,0.0,0.0,0.0,0.21555000895956952,0.0,389.3836945480593,tiny_ttm
2025-03-19 00:50:00,17.974782933530186,0.2565666625939839,1.5318922383348053,19.9421124786553,405.92195859567033,1.0,0.1,0.0,0.0,0.7509705669559168,23333.40915167523,1394.4942576741025,tiny_ttm
2025-03-19 00:55:00,18.47684232049358,0.246890267947413,1.6015092732015144,20.5378369198382,406.8029748235902,0.0,0.0,0.0,0.0,0.21555000895956952,0.0,392.18925473201125,tiny_ttm
2025-03-19 01:00:00,18.104293583358558,0.25225504800356185,1.553370284609644,20.190588749520654,407.04002639817475,0.0,0.0,0.0,0.0,0.21555000895956952,0.0,384.28153927749986,tiny_ttm
2025-03-19 01:05:00,17.739256549745892,0.2576398306102142,1.5071704045402212,19.850438735723024,407.2728199336739,1.0,0.1,0.0,0.0,0.6584833590394067,23333.40915167523,1207.9345442877502,tiny_ttm
2025-03-19 01:10:00,18.252927780022684,0.24823046423501102,1.5763736063730942,20.430327599279277,407.9712062904384,0.0,0.0,0.0,0.0,0.21555000895956952,0.0,387.4364471241041,tiny_ttm
2025-03-19 01:15:00,17.884893833771926,0.2536516633388713,1.5292267764459,20.08283851675141,408.18727350642746,1.0,0.1,0.0,0.0,0.7125883756705651,23333.40915167523,1317.1182283572837,tiny_ttm
2025-03-19 01:20:00,18.391619146428724,0.2444902748598621,1.598056210204198,20.656454885706108,408.8887411384521,0.0,0.0,0.0,0.0,0.21555000895956952,0.0,390.3803085634702,tiny_ttm
2025-03-19 01:25:00,18.020788764915388,0.24994729346403582,1.5500090077220674,20.30184751233452,409.08832713404865,1.0,0.1,0.0,0.0,0.766230956262141,23333.40915167523,1426.213293061186,tiny_ttm
2025-03-19 01:30:00,18.520756606614945,0.24121014447164546,1.618032215745146,20.858584465735706,409.7850655952568,0.0,0.0,0.0,0.0,0.21555000895956952,0.0,393.121378893017,tiny_ttm
2025-03-19 01:35:00,18.14732242533568,0.2466509549180934,1.569247815004466,20.500135699313656,409.9685513621288,0.0,0.0,0.0,0.0,0.21555000895956952,0.0,385.1948690107017,tiny_ttm
2025-03-19 01:40:00,17.781417800796984,0.25217082338203245,1.5223114680922802,20.146082846518837,410.1487412657763,1.0,0.1,0.0,0.0,0.6816051610185342,23333.40915167523,1253.0651217646575,tiny_ttm
2025-03-19 01:45:00,18.29256933833727,0.24353003953611058,1.5901799053116037,20.69409745272602,410.70829699875765,0.0,0.0,0.0,0.0,0.21555000895956952,0.0,388.2778784110166,tiny_ttm
2025-03-19 01:50:00,17.923736098991295,0.24903485465471062,1.54245153270619,20.336276915746122,410.87519922085494,1.0,0.1,0.0,0.0,0.7047269629976618,23333.40915167523,1305.3165169751649,tiny_ttm
2025-03-19 01:55:00,18.430150585209297,0.24060719555148913,1.610153312261371,20.878103995620673,411.4110736492754,0.0,0.0,0.0,0.0,0.21555000895956952,0.0,391.198176465192,tiny_ttm
2025-03-19 02:00:00,18.05854329395085,0.24609728938039457,1.5616666943982072,20.51670732488534,411.56535224526306,0.0,0.0,0.0,0.0,0.21555000895956952,0.0,383.3104441306478,tiny_ttm
2025-03-19 02:05:00,17.694428723833123,0.2515600107957207,1.5152276680333765,20.165525163372777,411.7168596118551,1.0,0.1,0.0,0.0,0.6275001443873759,23333.40915167523,1148.4674923219034,tiny_ttm
2025-03-19 02:10:00,18.211210529984005,0.24299803905626405,1.583194872253839,20.71088273662095,412.14999892765024,0.0,0.0,0.0,0.0,0.21555000895956952,0.0,386.5509572271647,tiny_ttm
2025-03-19 02:15:00,17.844017729019278,0.24850004206843948,1.5358257230663823,20.353004195182628,412.2910045777734,1.0,0.1,0.0,0.0,0.6737437483456309,23333.40915167523,1242.795152115841,tiny_ttm
2025-03-19 02:20:00,18.354338644240308,0.23998504681137647,1.6038328947153433,20.901054646042542,412.72382853375257,0.0,0.0,0.0,0.0,0.21555000895956952,0.0,389.5889930282885,tiny_ttm
2025-03-19 02:25:00,17.984259949826377,0.24541867367604417,1.555790294299036,20.54238744636897,412.85452676914764,1.0,0.1,0.0,0.0,0.6584833590394067,23333.40915167523,1223.7934614857124,tiny_ttm
2025-03-19 02:30:00,18.492569631191408,0.2372653611888342,1.6235755079497163,21.076059534066914,413.24662470372914,0.0,0.0,0.0,0.0,0.21555000895956952,0.0,392.52308245833643,tiny_ttm
2025-03-19 02:35:00,18.119703784149973,0.24273794061421947,1.5746648130074459,20.71104891320289,413.36793221253066,0.0,0.0,0.0,0.0,0.21555000895956952,0.0,384.6086360323903,tiny_ttm
2025-03-19 02:40:00,17.75435603452078,0.24823865439580897,1.5277096141060356,20.353419247841213,413.48706073511477,1.0,0.1,0.0,0.0,0.6584833590394067,23333.40915167523,1208.9119245147108,tiny_ttm
2025-03-19 02:45:00,18.26769683417442,0.24010064735923647,1.5948982036165447,20.880996612991744,413.8444492454782,0.0,0.0,0.0,0.0,0.21555000895956952,0.0,387.74993490737324,tiny_ttm
2025-03-19 02:50:00,17.89936509935257,0.24564164649369954,1.547047023684768,20.517072101794724,413.9550183305022,1.0,0.1,0.0,0.0,0.6584833590394067,23333.40915167523,1218.2982707913984,tiny_ttm
2025-03-19 02:55:00,18.409532583070636,0.23750423496846956,1.6146449569174666,21.049420900463105,414.2867283167574,0.0,0.0,0.0,0.0,0.21555000895956952,0.0,390.76053897537827,tiny_ttm
2025-03-19 03:00:00,18.03834101277391,0.2429782132221012,1.5661378595087956,20.68509837154932,414.3893529636333,0.0,0.0,0.0,0.0,0.21555000895956952,0.0,382.8816307294594,tiny_ttm
2025-03-19 03:05:00,17.674633781432426,0.24842592089241453,1.5196754339702707,20.33107393101445,414.4901342152131,1.0,0.1,0.0,0.0,0.6584833590394067,23333.40915167523,1203.7515528213066,tiny_ttm
2025-03-19 03:10:00,18.189719188545183,0.23966410810103603,1.5880235571015338,20.89321866529916,414.79248045936504,0.0,0.0,0.0,0.0,0.21555000895956952,0.0,386.09478224683636,tiny_ttm
2025-03-19 03:15:00,17.822959717690306,0.2449883451601042,1.5409582488696165,20.54104806210959,414.8860205330018,1.0,0.1,0.0,0.0,0.6584833590394067,23333.40915167523,1213.3525981155808,tiny_ttm
2025-03-19 03:20:00,18.334799223881408,0.2364608514525964,1.6092969318870796,21.096738942302895,415.1666430644591,0.0,0.0,0.0,0.0,0.21555000895956952,0.0,389.17424950363585,tiny_ttm
2025-03-19 03:25:00,17.965114502975116,0.24182316163872686,1.5613225369272867,20.737689482529277,415.25346224202247,1.0,0.1,0.0,0.0,0.6663447717123101,23333.40915167523,1237.1131153916704,tiny_ttm
2025-03-19 03:30:00,18.473294547049655,0.23334881222686324,1.6299432917219294,21.29653446428295,415.5170314602527,0.0,0.0,0.0,0.0,0.21555000895956952,0.0,392.1139497313624,tiny_ttm
2025-03-19 03:35:00,18.100817343702342,0.2385367238653562,1.5815233936802322,20.942540378692005,415.59755678599504,0.0,0.0,0.0,0.0,0.21555000895956952,0.0,384.2077526522533,tiny_ttm
2025-03-19 03:40:00,17.735850401540986,0.2437468363375532,1.535047080845787,20.595746527500715,415.6766356755136,1.0,0.1,0.0,0.0,0.6737437483456309,23333.40915167523,1235.6317201100667,tiny_ttm
2025-03-19 03:45:00,18.248544815977358,0.2350321663804666,1.60360779804542,21.164360771189628,415.91937231596717,0.0,0.0,0.0,0.0,0.21555000895956952,0.0,387.3434143768069,tiny_ttm
2025-03-19 03:50:00,17.880599243469888,0.24022651060564212,1.5563134994381262,20.813341785378782,415.9926705937883,1.0,0.1,0.0,0.0,0.6584833590394067,23333.40915167523,1217.0835686505525,tiny_ttm
2025-03-19 03:55:00,18.391177391097735,0.23176321766102098,1.624931520807443,21.374814006165646,416.2125672378033,0.0,0.0,0.0,0.0,0.21555000895956952,0.0,390.370931869605,tiny_ttm
2025-03-19 04:00:00,18.020355916701092,0.23694213156462143,1.5768417023372643,21.019772912990856,416.2805990016221,1.0,0.1,0.0,0.0,0.6737437483456309,23333.40915167523,1254.47323131895,tiny_ttm
2025-03-19 04:05:00,18.526807469889658,0.22870131793575837,1.6453291284968785,21.57476623809562,416.489425932476,0.0,0.0,0.0,0.0,0.21555000895956952,0.0,393.2498144512705,tiny_ttm
2025-03-19 04:10:00,18.15325128500001,0.2338651116056594,1.59647540818165,21.215898717246397,416.552484621785,0.0,0.0,0.0,0.0,0.21555000895956952,0.0,385.32071492164425,tiny_ttm
2025-03-19 04:15:00,17.78722711681082,0.23905291035756612,1.5495816741569914,20.86431327172102,416.6144106193402,1.0,0.1,0.0,0.0,0.6894665736914376,23333.40915167523,1267.8736212347494,tiny_ttm
2025-03-19 04:20:00,18.297707828225782,0.23071982257263535,1.6176296689771403,21.420238581225266,416.8089315118577,0.0,0.0,0.0,0.0,0.21555000895956952,0.0,388.38694794166844,tiny_ttm
2025-03-19 04:25:00,17.92877098146218,0.23583940618599172,1.5700516730225211,21.067748151237616,416.86625108195847,1.0,0.1,0.0,0.0,0.6584833590394067,23333.40915167523,1220.2016951902278,tiny_ttm
2025-03-19 04:30:00,18.43829495951799,0.22757154615977437,1.6386290542677375,21.626719504520647,417.03821120811995,0.0,0.0,0.0,0.0,0.21555000895956952,0.0,391.3710488659507,tiny_ttm
2025-03-19 04:35:00,18.066523453167438,0.23267602825383032,1.590265395848247,21.270278911705475,417.0914123415055,0.0,0.0,0.0,0.0,0.21555000895956952,0.0,383.4798309036422,tiny_ttm
2025-03-19 04:40:00,17.702247979027977,0.2378034123615546,1.5438387095765183,20.921074135860238,417.1436578494928,1.0,0.1,0.0,0.0,0.6737437483456309,23333.40915167523,1233.406383915553,tiny_ttm
2025-03-19 04:45:00,18.21567972631085,0.22961382589600982,1.61163867991182,21.471314835308032,417.30402807174613,0.0,0.0,0.0,0.0,0.21555000895956952,0.0,386.6458203399344,tiny_ttm
2025-03-19 04:50:00,17.84839681290057,0.23472725714003934,1.5644040838829443,21.118220140208535,417.3524544695203,1.0,0.1,0.0,0.0,0.6353615570602792,23333.40915167523,1172.4383453758862,tiny_ttm
2025-03-19 04:55:00,18.361282734506016,0.22658590558744698,1.63281938069051,21.67225182495574,417.49263352373976,0.0,0.0,0.0,0.0,0.21555000895956952,0.0,389.73638821296674,tiny_ttm
2025-03-19 05:00:00,17.991064026337888,0.23163164870822905,1.5848942231812002,21.318343972630885,417.5376720959417,1.0,0.1,0.0,0.0,0.6737437483456309,23333.40915167523,1252.533362138217,tiny_ttm
2025-03-19 05:05:00,18.498158327021596,0.2236962921585582,1.6530374629913138,21.865998922245026,417.675920265253,0.0,0.0,0.0,0.0,0.21555000895956952,0.0,392.64170805542415,tiny_ttm
2025-03-19 05:10:00,18.1251797950561,0.2287807411786052,1.6042393892667417,21.505289820007576,417.7176665492236,0.0,0.0,0.0,0.0,0.21555000895956952,0.0,384.7248697805018,tiny_ttm
2025-03-19 05:15:00,17.759721632569974,0.2339435740850762,1.557285975841775,21.14881005270341,417.75866296553727,1.0,0.1,0.0,0.0,0.6432229697331826,23333.40915167523,1181.3026398724683,tiny_ttm
2025-03-19 05:20:00,18.273997783358013,0.22589859616584984,1.6253482892305102,21.69863832437626,417.8788029208273,0.0,0.0,0.0,0.0,0.21555000895956952,0.0,387.8836787864168,tiny_ttm
2025-03-19 05:25:00,17.905539002441362,0.23099369688730317,1.5776999926368347,21.341472327912903,417.9169049249457,1.0,0.1,0.0,0.0,0.6122397550811517,23333.40915167523,1133.30976919972,tiny_ttm
2025-03-19 05:30:00,18.418787783383216,0.2231395340754816,1.6460178093163322,21.886265343352946,418.02318439315917,0.0,0.0,0.0,0.0,0.21555000895956952,0.0,390.9569897568497,tiny_ttm
2025-03-19 05:35:00,18.04740960039972,0.22827385982751996,1.5974687246789234,21.522343025606716,418.058692944973,0.0,0.0,0.0,0.0,0.21555000895956952,0.0,383.0741204720652,tiny_ttm
2025-03-19 05:40:00,17.683519519044747,0.2334705810683247,1.550783322924127,21.163702180301936,418.09356367439835,1.0,0.1,0.0,0.0,0.6122397550811517,23333.40915167523,1119.9453840958497,tiny_ttm
2025-03-19 05:45:00,18.201586997002085,0.22578604705651778,1.618214202337246,21.69351419079107,418.19083001682037,0.0,0.0,0.0,0.0,0.21555000895956952,0.0,407.57267737645304,tiny_ttm
2025-03-19 05:50:00,17.814425226465833,0.2310431854407074,1.5685768182617705,21.324015926304536,418.22332723399404,1.0,0.1,0.0,0.0,0.6122397550811517,23333.40915167523,1188.0198573759317,tiny_ttm
2025-03-19 05:55:00,18.307947597508353,0.2231594530817494,1.6345770311370056,21.866917646241834,418.31397304225396,0.0,0.0,0.0,0.0,0.21555000895956952,0.0,409.8302863294253,tiny_ttm
2025-03-19 06:00:00,17.918641277231824,0.22840079543266958,1.5843251346936857,21.494145409747826,418.3442583027413,1.0,0.1,0.0,0.0,0.6584833590394067,23333.40915167523,1284.2753817275416,tiny_ttm
2025-03-19 06:05:00,18.40650335996158,0.2206851148200345,1.6499474938736303,22.031719458346025,418.435114832284,0.0,0.0,0.0,0.0,0.21555000895956952,0.0,411.9222298745193,tiny_ttm
2025-03-19 06:10:00,18.01520985896432,0.22591114641724142,1.5991195672273089,21.65583921543945,418.4632240832775,1.0,0.1,0.0,0.0,0.6584833590394067,23333.40915167523,1290.5262057614823,tiny_ttm
2025-03-19 06:15:00,18.50095867643274,0.21836842352743038,1.66467439420387,22.187923216133857,418.5475525305887,0.0,0.0,0.0,0.0,0.21555000895956952,0.0,413.9271373976632,tiny_ttm
2025-03-19 06:20:00,18.107760672043796,0.22357975976349026,1.6132918698347645,21.809089396355702,418.5736421193424,0.0,0.0,0.0,0.0,0.21555000895956952,0.0,405.58112082034063,tiny_ttm
2025-03-19 06:25:00,17.722490722537724,0.2288227089253178,1.564023066236084,21.437938988350027,418.5992630738387,1.0,0.1,0.0,0.0,0.6584833590394067,23333.40915167523,1271.5786787258437,tiny_ttm
2025-03-19 06:30:00,18.21464527954627,0.22114263413812052,1.6292545199497797,21.97253230170498,418.67612657019447,0.0,0.0,0.0,0.0,0.21555000895956952,0.0,407.8498523401321,tiny_ttm
2025-03-19 06:35:00,17.82722021474217,0.22637085753689073,1.5793796358745391,21.59826128658912,418.6999066476658,1.0,0.1,0.0,0.0,0.6584833590394067,23333.40915167523,1278.6002803927352,tiny_ttm
2025-03-19 06:40:00,18.32074770763887,0.2191540032558085,1.6443246035768242,22.11025404875205,300.0,1.0,0.2,0.0,0.0,1.1014167091192437,23333.40915167523,2188.738610368423,tiny_ttm
2025-03-19 06:45:00,18.773164375654,0.21236357394576275,1.7062744341350542,22.604589366835686,300.0,0.0,0.3,0.0,0.0,1.4056192473243156,0.0,2725.2603648460113,tiny_ttm
2025-03-19 06:50:00,18.291866276945658,0.21836079450606063,1.643015857397422,22.153700358788463,300.0,1.0,0.2,1.0,0.0,1.0551731051609887,23333.40915167523,2093.5206987959746,tiny_ttm
2025-03-19 06:55:00,18.741833474930132,0.2114055888414836,1.705007599847038,22.659410521931775,310.55173105160986,1.0,0.1,1.0,0.0,0.6584833590394067,23333.40915167523,1337.5600989886786,tiny_ttm
2025-03-19 07:00:00,19.211681174062385,0.20480687044190785,1.7704240198564427,23.161078686849343,316.5575530331252,1.0,0.0,1.0,0.0,0.21555000895956952,23333.40915167523,448.5499219116811,tiny_ttm
2025-03-19 07:05:00,19.706022347885618,0.19841731012576874,1.8403419602812146,23.668252144402924,318.41563806400103,1.0,0.1,1.0,0.0,0.6122397550811517,23333.40915167523,1301.8838841058139,tiny_ttm
2025-03-19 07:10:00,20.158489613024663,0.19241428106919278,1.906816841329752,24.156571175063767,323.59847013664864,1.0,0.2,1.0,0.0,1.0089295012027337,23333.40915167523,2186.9934719177254,tiny_ttm
2025-03-19 07:15:00,20.56853283392647,0.1868124289058144,1.9692608594978411,24.62285383984957,331.7036657566663,1.0,0.3,1.0,0.0,1.4056192473243156,23333.40915167523,3098.756243236466,tiny_ttm
2025-03-19 07:20:00,20.93580908470236,0.18164825129691783,2.027069291697162,25.062202067781072,342.04625133005055,1.0,0.4,1.0,0.0,1.802308993445898,23333.40915167523,4032.032228213309,tiny_ttm
2025-03-19 07:25:00,21.260180584855043,0.1773074529124323,2.078798117698082,25.443321894755712,353.7543131884398,1.0,0.5,1.0,0.0,2.430216759358755,23333.40915167523,5301.374623948213,tiny_ttm
2025-03-19 07:30:00,21.54588119559753,0.17508252587984932,2.121205283836222,25.664477788389085,367.1702613821636,1.0,0.6,1.0,0.0,2.964712445275937,23333.40915167523,6490.392318188511,tiny_ttm
2025-03-19 07:35:00,21.78323169059223,0.17330721643770514,2.1568269618921434,25.844597803064737,380.2223433455781,1.0,0.5,1.0,0.0,2.275300686098601,23333.40915167523,5047.061799490293,tiny_ttm
2025-03-19 07:40:00,22.07159726174405,0.17070956704859755,2.201988935726291,26.09999201376735,387.7645208020115,0.0,0.6,0.0,0.0,3.1506117331881223,0.0,6798.25181088845,tiny_ttm
2025-03-19 07:45:00,21.470210344613317,0.18199379241494573,2.0937178967407837,25.135674120614386,300.0,1.0,0.7,1.0,0.0,3.3711133482287527,23333.40915167523,7343.761659626393,tiny_ttm
2025-03-19 07:50:00,21.676000707024333,0.17623158969707947,2.135167527563171,25.602100867656933,333.71113348228755,1.0,0.8,1.0,0.0,3.6369336951484734,23333.40915167523,7987.434103842077,tiny_ttm
2025-03-19 07:55:00,21.852737200888274,0.1723709594166135,2.16844931957014,25.929695629570773,359.8633739951573,0.0,0.7,0.0,0.0,3.4229061846619984,0.0,7317.792746013868,tiny_ttm
2025-03-19 08:00:00,21.272525228874294,0.1849051073322506,2.0611592311263593,24.88785912099228,300.0,1.0,0.8,1.0,0.0,3.88109992404806,23333.40915167523,8363.69122335534,tiny_ttm
2025-03-19 08:05:00,21.44258324217264,0.17792225174937523,2.1005841933099973,25.43149524842731,338.8109992404806,1.0,0.9,1.0,0.0,4.272702873734234,23333.40915167523,9264.093186446455,tiny_ttm
2025-03-19 08:10:00,21.574173170944565,0.17275188718676932,2.1308820894117053,25.84751786300808,367.7190389788814,0.0,0.8,1.0,0.0,3.943991225431287,0.0,8255.107891652471,tiny_ttm
2025-03-19 08:15:00,20.826713939351013,0.17770956010090494,2.0232101249238266,25.332315066923506,384.9020099392486,0.0,0.7,1.0,0.0,3.532965962082645,0.0,7150.403531414407,tiny_ttm
2025-03-19 08:20:00,20.138403428879435,0.1834416519486351,1.9256094781274675,24.785437372784767,395.23534362442774,0.0,0.6,1.0,0.0,3.336511021100307,0.0,6534.773806624695,tiny_ttm
2025-03-19 08:25:00,19.48820924922233,0.1888674962664394,1.8372494461674358,24.282512628476574,402.12097270199934,1.0,0.5,0.0,0.0,2.853345735576789,23333.40915167523,5736.20404957526,tiny_ttm
2025-03-19 08:30:00,20.003414412087125,0.19240255150057758,1.888639213617878,24.129651886119557,300.0,1.0,0.4,0.0,0.0,1.987283409278918,23333.40915167523,4109.355386760145,tiny_ttm
2025-03-19 08:35:00,20.575378496622243,0.1945820450827275,1.9512685338983364,24.081852238034585,300.0,1.0,0.3,0.0,0.0,1.7982274449299007,23333.40915167523,3649.3317709429834,tiny_ttm
2025-03-19 08:40:00,21.193084594074293,0.19772803308891004,2.018876232666724,23.976898739788894,300.0,1.0,0.4,1.0,0.0,2.2037034758035516,23333.40915167523,4547.234237090863,tiny_ttm
2025-03-19 08:45:00,21.531851180817775,0.18861214360336864,2.0846252858986944,24.670105327727878,322.03703475803553,1.0,0.5,1.0,0.0,2.6614347791500306,23333.40915167523,5570.060363644913,tiny_ttm
2025-03-19 08:50:00,21.82466444025442,0.18037180485230062,2.1438106941630504,25.32070501505752,343.76387165500466,1.0,0.6,1.0,0.0,3.059049397350777,23333.40915167523,6479.681705443308,tiny_ttm
2025-03-19 08:55:00,22.076627558259883,0.1726792243349419,2.197432197616547,25.948517676059605,363.19804519418085,0.0,0.7,1.0,0.0,3.316083459518429,0.0,6797.905803135808,tiny_ttm
2025-03-19 09:00:00,21.397814044272682,0.17582737257917186,2.1001727914446113,25.58029628158518,378.8947137608384,1.0,0.6,0.0,0.0,3.0118809213133573,23333.40915167523,6343.141555548683,tiny_ttm
2025-03-19 09:05:00,21.955621428119585,0.18151756423212037,2.157984300401295,25.260480300516747,300.0,1.0,0.5,0.0,0.0,2.506518705889876,23333.40915167523,5183.900853337165,tiny_ttm
2025-03-19 09:10:00,22.578782395309386,0.18716512264174437,2.2258834001019285,24.964253362847504,300.0,0.0,0.6,1.0,0.0,3.5196356927749974,0.0,7039.000416646596,tiny_ttm
2025-03-19 09:15:00,21.89973146497456,0.18431823260821978,2.1432825963220603,25.045446261366077,335.19635692774995,0.0,0.7,1.0,0.0,3.7466114123697833,0.0,7239.0789778335875,tiny_ttm
2025-03-19 09:20:00,21.22554240814601,0.18278270291493862,2.060582708084033,25.032939051320927,361.6735483398354,1.0,0.6,0.0,0.0,3.1506117331881223,23333.40915167523,6286.290654326724,tiny_ttm
2025-03-19 09:25:00,21.85333676807905,0.1890747160671779,2.1247619737863825,24.695646861635076,300.0,1.0,0.5,0.0,0.0,2.968954745472426,23333.40915167523,6113.1442847599355,tiny_ttm
2025-03-19 09:30:00,22.487784938042328,0.1931106585583809,2.197430923090435,24.52600719627636,300.0,1.0,0.4,0.0,0.0,2.172257825111938,23333.40915167523,4624.483199879492,tiny_ttm
2025-03-19 09:35:00,23.182917458421382,0.19711838225933864,2.280525789006994,24.37210319007744,300.0,1.0,0.3,0.0,0.0,1.7760305150299383,23333.40915167523,3907.6727432694456,tiny_ttm
2025-03-19 09:40:00,23.892819703478963,0.20026312483592773,2.3708322600221154,24.28230387959441,300.0,1.0,0.4,0.0,0.0,2.1112162678870416,23333.40915167523,4787.340044532468,tiny_ttm
2025-03-19 09:45:00,24.562929742569988,0.20128295395668472,2.4648108412406993,24.33132606960565,300.0,0.0,0.3,1.0,0.0,1.9147613269047035,0.0,4225.6601906523,tiny_ttm
2025-03-19 09:50:00,23.959065845669453,0.19658055147445935,2.3912436107606343,24.548089981525266,319.14761326904704,1.0,0.2,0.0,0.0,1.2558703463398155,23333.40915167523,2869.374761958018,tiny_ttm
2025-03-19 09:55:00,24.734028826709242,0.20296691348553486,2.4848768477841183,24.246756773948,300.0,1.0,0.3,0.0,0.0,1.8911770888859933,23333.40915167523,4271.481788626123,tiny_ttm
2025-03-19 10:00:00,25.473996012464895,0.20594121662374743,2.58706597975335,24.175597946448484,300.0,1.0,0.4,0.0,0.0,2.4182737981698548,23333.40915167523,5626.038840467113,tiny_ttm
2025-03-19 10:05:00,26.148944514538872,0.2034697407846637,2.7009042710033984,24.4625962709242,300.0,1.0,0.5,0.0,0.0,2.5851328326189096,23333.40915167523,6181.985469893547,tiny_ttm
2025-03-19 10:10:00,26.79463540775025,0.20089457402884603,2.8146724920545636,24.75523571471194,300.0,0.0,0.4,1.0,0.0,2.1112162678870416,0.0,4909.706630168068,tiny_ttm
2025-03-19 10:15:00,26.13964847339995,0.19251727205533686,2.736539800557232,25.229578036641637,321.1121626788704,0.0,0.3,1.0,0.0,1.6372997031551733,0.0,3709.796235999824,tiny_ttm
2025-03-19 10:20:00,25.545289241761015,0.18831739623140956,2.655694756733885,25.425073936275357,334.60458156983225,1.0,0.4,0.0,0.0,2.1112162678870416,23333.40915167523,4729.006220509476,tiny_ttm
2025-03-19 10:25:00,26.288000040313015,0.19308076261767868,2.7586771762384794,25.216121567131342,300.0,0.0,0.3,1.0,0.0,1.5901312271177532,0.0,3470.9698862308687,tiny_ttm
2025-03-19 10:30:00,25.719599743942656,0.18919135390422281,2.6803881340445654,25.39339326887201,315.9013122711775,1.0,0.4,0.7,0.0,2.3257865902533448,23333.40915167523,5176.596030550087,tiny_ttm
2025-03-19 10:35:00,26.146665747530168,0.17918143712067225,2.7828874851651424,26.22078498950729,300.0,0.0,0.3,1.0,0.0,1.7760305150299383,0.0,3849.3164423465428,tiny_ttm
2025-03-19 10:40:00,25.565877285676045,0.17563615052989143,2.7004813291766645,26.384061471558333,317.76030515029936,0.0,0.2,1.0,0.0,1.1014167091192437,0.0,2330.831001865912,tiny_ttm
2025-03-19 10:45:00,25.05683351746016,0.17545234873737214,2.620603112713118,26.30132134474195,327.1443475038588,0.0,0.1,1.0,0.0,0.7199873523038859,0.0,1489.938886856747,tiny_ttm
2025-03-19 10:50:00,24.59100414521061,0.17667497417440056,2.545016107907505,26.118511846081795,332.715588786121,1.0,0.2,0.0,0.0,1.3483575542563258,23333.40915167523,2913.9818884682254,tiny_ttm
2025-03-19 10:55:00,25.503824834776275,0.18874742698954614,2.6477664902849734,25.386071196958344,300.0,0.0,0.1,1.0,0.0,0.766230956262141,0.0,1618.997382195689,tiny_ttm
2025-03-19 11:00:00,25.024244135345274,0.18917161003382726,2.572004231252741,25.267183688052906,307.66230956262143,0.0,0.0,1.0,0.0,0.21555000895956952,0.0,446.2603780300407,tiny_ttm
2025-03-19 11:05:00,24.60033211260999,0.19265628254526218,2.49700683100032,24.939671277326134,309.6801754109776,1.0,0.0,0.1,0.0,0.21555000895956952,23333.40915167523,467.84568397155215,tiny_ttm
2025-03-19 11:10:00,25.596755933856105,0.2073357331837612,2.6013977540715887,24.103284335195777,300.0,0.0,0.1,0.0,0.0,0.8281973855662027,0.0,1769.6867630924392,tiny_ttm
2025-03-19 11:15:00,25.261626540053868,0.21253342768153946,2.5334292468421182,23.700459955719637,300.0,0.0,0.0,1.0,0.0,0.21555000895956952,0.0,451.29905437821174,tiny_ttm
2025-03-19 11:20:00,24.83292817376711,0.21600629909145164,2.458689288742152,23.4014095211824,302.1555000895957,0.0,0.0,1.0,0.0,0.21555000895956952,0.0,442.199507504212,tiny_ttm
2025-03-19 11:25:00,24.41287365647802,0.21952229560652,2.3870102977143137,23.105701128051678,304.27228200722266,0.0,0.0,1.0,0.0,0.21555000895956952,0.0,433.2834348753028,tiny_ttm
2025-03-19 11:30:00,24.00128870218186,0.2229043764635135,2.3187648514428134,22.82429318676838,306.3510412280738,0.0,0.0,1.0,0.0,0.21555000895956952,0.0,403.32114794263265,tiny_ttm
2025-03-19 11:35:00,23.61816554795738,0.22609548823872455,2.2566719488966385,22.56342619554705,308.39246073486834,0.0,0.1,1.0,0.0,0.7357101776496926,0.0,1346.0681570762333,tiny_ttm
2025-03-19 11:40:00,23.2051484574012,0.22529394806094627,2.203451493394523,22.544211969545124,315.23502761318457,0.0,0.0,1.0,0.0,0.21555000895956952,0.0,386.4222837402592,tiny_ttm
2025-03-19 11:45:00,22.838077886060237,0.22852243124697602,2.146098206334741,22.28720560065665,317.1168685079035,0.0,0.0,1.0,0.0,0.21555000895956952,0.0,389.2438423514899,tiny_ttm
2025-03-19 11:50:00,22.468327057459078,0.2318426558916252,2.089480312739951,22.02782171376558,318.964906834146,0.0,0.0,1.0,0.0,0.21555000895956952,0.0,370.78252069517526,tiny_ttm
2025-03-19 11:55:00,22.116113022602057,0.23507903523437082,2.0365849116245682,21.779777045760362,320.7797497705736,0.0,0.0,1.0,0.0,0.21555000895956952,0.0,363.30642941070744,tiny_ttm
2025-03-19 12:00:00,21.771000682483304,0.23823003471099916,1.9859608850832822,21.54111779160986,322.5619935894005,1.0,0.1,0.0,0.0,0.766230956262141,23333.40915167523,1376.1432560157991,tiny_ttm
2025-03-19 12:05:00,22.870548833406357,0.2472234176512405,2.0981969902259556,21.20143170084627,300.0,0.0,0.0,1.0,0.0,0.21555000895956952,0.0,379.3200757497413,tiny_ttm
2025-03-19 12:10:00,22.51022479727974,0.2503853625746907,2.0442359204699154,20.968355542111006,302.1555000895957,0.0,0.0,1.0,0.0,0.21555000895956952,0.0,371.67184166626976,tiny_ttm
2025-03-19 12:15:00,22.157165977919597,0.2534531148335285,1.9926387598867965,20.74448723316012,304.27228200722266,0.0,0.0,1.0,0.0,0.21555000895956952,0.0,364.1778189950995,tiny_ttm
2025-03-19 12:20:00,21.811225886695222,0.25648305380620334,1.9431404653046624,20.526457558245895,306.3510412280738,0.0,0.0,1.0,0.0,0.21555000895956952,0.0,356.8348983701435,tiny_ttm
2025-03-19 12:25:00,21.472260988627475,0.25947437823100333,1.8956412825851108,20.314126551420706,308.39246073486834,0.0,0.0,1.0,0.0,0.21555000895956952,0.0,349.6400331194912,tiny_ttm
2025-03-19 12:30:00,21.14013064283429,0.26242634696784006,1.8500468521034859,20.107357284239118,310.39721124224786,0.0,0.0,1.0,0.0,0.21555000895956952,0.0,338.98181984478396,tiny_ttm
2025-03-19 12:35:00,20.818124755699007,0.2652789846157533,1.8067945663784455,19.909618699505245,312.3659514171418,0.0,0.0,1.0,0.0,0.21555000895956952,0.0,335.7553445328015,tiny_ttm
2025-03-19 12:40:00,20.49918376462697,0.2680206926696209,1.7650406567056256,19.720208070981393,314.29932809517425,0.0,0.0,1.0,0.0,0.21555000895956952,0.0,328.985506514901,tiny_ttm
2025-03-19 12:45:00,20.186673583613462,0.27085099297099313,1.724619511106146,19.529193363516093,316.19797649318406,0.0,0.0,1.0,0.0,0.21555000895956952,0.0,322.35216880156713,tiny_ttm
2025-03-19 12:50:00,19.8804645481777,0.27363961702070927,1.6857743622451378,19.343223504072807,318.06252041792703,0.0,0.0,1.0,0.0,0.21555000895956952,0.0,294.6265899799318,tiny_ttm
2025-03-19 12:55:00,19.60059261721818,0.2763018172417581,1.6506908588986702,19.169278642415435,319.8935724710297,0.0,0.0,1.0,0.0,0.21555000895956952,0.0,288.68603140831493,tiny_ttm
2025-03-19 13:00:00,19.32636374650835,0.2789997723004866,1.616741901672924,18.99607899234718,321.6917342502614,0.0,0.0,1.0,0.0,0.21555000895956952,0.0,304.0912415283695,tiny_ttm
2025-03-19 13:05:00,19.037501146020663,0.2819278006972481,1.5814601667051615,18.811273710808475,323.45759654719103,0.0,0.0,1.0,0.0,0.21555000895956952,0.0,297.9598471028425,tiny_ttm
2025-03-19 13:10:00,18.754462884732856,0.28491344213742903,1.5472984288836606,18.626454381633156,325.19173954129366,0.0,0.0,1.0,0.0,0.21555000895956952,0.0,291.952080038013,tiny_ttm
2025-03-19 13:15:00,18.477131526441493,0.28786157707654464,1.5144100532068712,18.446184912788624,326.89473299056993,0.0,0.0,1.0,0.0,0.21555000895956952,0.0,264.8394584782954,tiny_ttm
2025-03-19 13:20:00,18.225555011763568,0.290475217780241,1.4852376845682076,18.287152521832574,328.5671364187421,0.0,0.0,1.0,0.0,0.21555000895956952,0.0,280.72548726184124,tiny_ttm
2025-03-19 13:25:00,17.958888027650307,0.29312171272352006,1.4551128867879963,18.125980392710964,330.20949929908704,0.0,0.0,1.0,0.0,0.21555000895956952,0.0,275.0652167487886,tiny_ttm
2025-03-19 13:30:00,17.697597852325245,0.2958809101522565,1.425784107765797,17.961820220155833,331.82236123496756,0.0,0.0,1.0,0.0,0.21555000895956952,0.0,248.29308516476314,tiny_ttm
2025-03-19 13:35:00,17.461739082097846,0.2982050597468233,1.400091016743208,17.822636997577032,333.4062521371206,0.0,0.0,1.0,0.0,0.21555000895956952,0.0,243.28674946556768,tiny_ttm
2025-03-19 13:40:00,17.230635934366234,0.30074505951315106,1.3747971894910544,17.67539336658355,334.9616923977611,0.0,0.0,1.0,0.0,0.21555000895956952,0.0,238.3813565578979,tiny_ttm
2025-03-19 13:45:00,17.00419252147145,0.3031460210579703,1.3505748020155628,17.53632247733128,336.4891930615585,0.0,0.0,1.0,0.0,0.21555000895956952,0.0,233.57487113134442,tiny_ttm
2025-03-19 13:50:00,16.782314889138256,0.30543529608682973,1.3273275535924518,17.403995349995586,337.98925599354203,0.0,0.0,1.0,0.0,0.21555000895956952,0.0,228.86529891347996,tiny_ttm
2025-03-19 13:55:00,16.56491097749231,0.30768516129772033,1.3048796112307186,17.275041307215517,339.46237404398977,0.0,0.0,1.0,0.0,0.21555000895956952,0.0,224.25068584241006,tiny_ttm
2025-03-19 14:00:00,16.351890582863344,0.3098053907243558,1.2833666490454436,17.15335679926234,340.9090312103565,0.0,0.0,1.0,0.0,0.21555000895956952,0.0,219.72911725600778,tiny_ttm
2025-03-19 14:05:00,16.1431653203585,0.31188567028327285,1.2625869067406454,17.03485609398993,342.3297027962922,0.0,0.0,1.0,0.0,0.21555000895956952,0.0,215.29871709749557,tiny_ttm
2025-03-19 14:10:00,15.938648587190295,0.3138334716467089,1.2426790430789767,16.923486667672513,343.72485556780487,0.0,0.0,1.0,0.0,0.21555000895956952,0.0,210.9576471370457,tiny_ttm
2025-03-19 14:15:00,15.738255526744043,0.3156471331451323,1.2236120892155475,16.819170963310572,345.09494790661756,0.0,0.0,1.0,0.0,0.21555000895956952,0.0,206.70410620907492,tiny_ttm
2025-03-19 14:20:00,15.541902993369728,0.3174202432233281,1.2051884498317018,16.71775733365319,346.4404299607714,0.0,0.0,1.0,0.0,0.21555000895956952,0.0,202.5363294649176,tiny_ttm
2025-03-19 14:25:00,15.349509517883824,0.3191531978910001,1.187382775208425,16.61917137444136,347.76174379252285,0.0,0.0,1.0,0.0,0.21555000895956952,0.0,177.2265984845627,tiny_ttm
2025-03-19 14:30:00,15.181158282719883,0.32068788606420584,1.171962240993146,16.532607503982636,349.05932352358496,0.0,0.0,1.0,0.0,0.21555000895956952,0.0,173.65317699257284,tiny_ttm
2025-03-19 14:35:00,15.016201515017835,0.32197676979544815,1.1573917419133355,16.457281644793,350.33359547775905,0.0,0.0,1.0,0.0,0.21555000895956952,0.0,191.37779558612453,tiny_ttm
2025-03-19 14:40:00,14.834407763146652,0.32340220838140504,1.141512210334596,16.374448636053934,351.5849783210049,0.0,0.0,1.0,0.0,0.21555000895956952,0.0,187.51904338027734,tiny_ttm
2025-03-19 14:45:00,14.656279520322084,0.32488890712910656,1.1259907843654022,16.28992799624466,352.8138831989946,0.0,0.1,0.0,0.0,0.7509705669559168,0.0,600.7769912211978,tiny_ttm
2025-03-19 14:50:00,14.960206128843623,0.3358923043299494,1.1295581295223915,15.874692212520161,300.0,1.0,0.2,0.0,0.0,1.286391124952264,23333.40915167523,1161.33021505458,tiny_ttm
2025-03-19 14:55:00,15.982901314975317,0.3165018353619787,1.2413512884412565,16.813734478236853,300.0,0.0,0.3,0.0,0.0,1.7760305150299383,0.0,1736.7945254410663,tiny_ttm
2025-03-19 15:00:00,16.23042828956487,0.31891071483266525,1.2566714203201133,16.741828373508405,300.0,0.0,0.2,1.0,0.0,1.5481299233559875,0.0,1399.7444101552037,tiny_ttm
2025-03-19 15:05:00,15.996535023351866,0.306830064536503,1.2600137346477904,17.238242813215397,315.48129923355987,0.0,0.1,1.0,0.0,0.8281973855662027,0.0,813.2932180611413,tiny_ttm
2025-03-19 15:10:00,15.771184952391113,0.30240500341079934,1.2499200141749665,17.405664674852073,322.69480879335504,0.0,0.0,1.0,0.0,0.21555000895956952,0.0,186.17707668476808,tiny_ttm
2025-03-19 15:15:00,15.594331471665855,0.3039102996112237,1.233178781924286,17.314956602147834,324.44265336305546,0.0,0.1,1.0,0.0,0.7972141709141718,0.0,673.1384282963513,tiny_ttm
2025-03-19 15:20:00,15.401625376576522,0.30087589942404175,1.2233434632478795,17.425104776253505,330.7909592692163,0.0,0.2,0.0,0.0,1.425121936827029,0.0,1235.761100128025,tiny_ttm
2025-03-19 15:25:00,15.628125097077222,0.30682030608223854,1.2306851188015768,17.190267393960454,300.0,1.0,0.1,1.0,0.0,0.6894665736914376,23333.40915167523,714.9581350746353,tiny_ttm
2025-03-19 15:30:00,16.318138058798436,0.2865655143075679,1.3237302662452515,18.208179962311625,306.89466573691436,1.0,0.0,1.0,0.0,0.21555000895956952,23333.40915167523,217.3236938766155,tiny_ttm
2025-03-19 15:35:00,17.032125839986836,0.2720890920016468,1.4132654220604828,19.00971661063904,308.92632038806295,1.0,0.0,1.0,0.0,0.21555000895956952,23333.40915167523,232.47879077764054,tiny_ttm
2025-03-19 15:40:00,17.731717479150657,0.25884089670010396,1.5040173757595423,19.78652031334199,310.9214814410234,0.0,0.0,1.0,0.0,0.21555000895956952,0.0,227.7913188377613,tiny_ttm
2025-03-19 15:45:00,17.515333763535303,0.2607401655755706,1.4798322354547997,19.655645973349134,312.8808044120804,0.0,0.0,1.0,0.0,0.21555000895956952,0.0,223.19836043657372,tiny_ttm
2025-03-19 15:50:00,17.303312994715228,0.26260658411008214,1.456459158772879,19.528068033390095,314.8049330428069,1.0,0.1,0.0,0.0,0.7972141709141718,23333.40915167523,907.9660518830558,tiny_ttm
2025-03-19 15:55:00,18.332573363665183,0.2597799498717086,1.5599299549566101,19.827105064328425,300.0,0.0,0.0,1.0,0.0,0.21555000895956952,0.0,240.5450793267884,tiny_ttm
2025-03-19 16:00:00,18.104074585470777,0.26174410010112664,1.5336365652377821,19.69096887646128,302.1555000895957,1.0,0.1,0.0,0.0,0.8281973855662027,23333.40915167523,1005.3699922580528,tiny_ttm
2025-03-19 16:05:00,19.07886150010775,0.2569871983395935,1.6406144083387753,20.085881411891343,300.0,1.0,0.2,0.0,0.0,1.316911903564712,23333.40915167523,1719.4714468760417,tiny_ttm
2025-03-19 16:10:00,19.991885470333987,0.24860138917232882,1.7559595714973062,20.677660276974407,300.0,1.0,0.3,0.0,0.0,2.099273306698141,23333.40915167523,2918.412641028061,tiny_ttm
2025-03-19 16:15:00,20.832849519340154,0.23572157929066379,1.8811838035550035,21.536512793058375,300.0,0.0,0.4,1.0,0.0,2.666139515386102,0.0,3596.454447195224,tiny_ttm
2025-03-19 16:20:00,20.422259481728535,0.22050661284747092,1.8707155907764808,22.376190918541045,326.661395153861,0.0,0.3,1.0,0.0,1.9147613269047035,0.0,2513.7651983879864,tiny_ttm
2025-03-19 16:25:00,20.06303228879204,0.21331673526418707,1.8465296129542876,22.762609226009364,341.5548243927466,0.0,0.4,1.0,0.0,2.172257825111938,0.0,2772.6383741844907,tiny_ttm
2025-03-19 16:30:00,19.700353160312535,0.20606693657978836,1.822138267649907,23.16359945854661,355.7550866056746,1.0,0.3,0.0,0.0,1.6372997031551733,23333.40915167523,2226.519555555639,tiny_ttm
2025-03-19 16:35:00,20.531073996820304,0.203226645302859,1.9250614551949463,23.49292999088351,300.0,1.0,0.2,0.0,0.0,1.4093991114812223,23333.40915167523,2031.4917122663028,tiny_ttm
2025-03-19 16:40:00,21.342174419283438,0.20018574300248232,2.0311688037397118,23.837203664601592,300.0,1.0,0.1,0.0,0.0,0.6584833590394067,23333.40915167523,1003.662276065079,tiny_ttm
2025-03-19 16:45:00,22.166198472576344,0.19998167377019455,2.1365359953558407,23.99609287663533,300.0,1.0,0.2,0.0,0.0,1.378878332868774,23333.40915167523,2205.4698217247883,tiny_ttm
2025-03-19 16:50:00,22.915090423415826,0.19524866854149447,2.2491209065116853,24.45368802585006,300.0,0.0,0.1,1.0,0.0,0.904961768136906,0.0,1414.394756092019,tiny_ttm
2025-03-19 16:55:00,22.551573732867407,0.19421767313552044,2.2029301854231544,24.460221705829372,309.04961768136906,1.0,0.2,0.0,0.0,1.4556427154394773,23333.40915167523,2378.8064281029397,tiny_ttm
2025-03-19 17:00:00,23.26066304008578,0.18911145111578676,2.3141063309246412,24.949049603655332,300.0,0.0,0.1,1.0,0.0,0.7893527582412685,0.0,1261.0729843280174,tiny_ttm
2025-03-19 17:05:00,22.896555453570457,0.1891011646726713,2.26376095081997,24.88343506160694,307.8935275824127,0.0,0.1,1.0,0.0,0.812474560220396,0.0,1268.8308805385714,tiny_ttm
2025-03-19 17:10:00,22.539173174242265,0.18893053966049206,2.215716431421827,24.83055306796548,315.4838323220243,0.0,0.2,1.0,0.0,1.378878332868774,0.0,2100.2267732260398,tiny_ttm
2025-03-19 17:15:00,22.15563653436482,0.18583039550798347,2.172930996653056,24.982968745642175,327.4934222424943,0.0,0.2,1.0,0.0,1.5943735273142425,0.0,2366.484649040929,tiny_ttm
2025-03-19 17:20:00,21.768879771477557,0.18234617704113196,2.1313760253515825,25.165083857622633,339.784258799078,1.0,0.1,1.0,0.0,0.7972141709141718,23333.40915167523,1229.008687542728,tiny_ttm
2025-03-19 17:25:00,22.339594566641026,0.17255249513606552,2.2332204073710926,26.008301969225535,345.11335260039124,1.0,0.0,0.0,0.0,0.21555000895956952,23333.40915167523,347.7072857110421,tiny_ttm
2025-03-19 17:30:00,23.05091089475897,0.170978993586941,2.3360638045975604,26.26638383627956,300.0,0.0,0.1,1.0,0.0,0.7357101776496926,0.0,1160.4591221326539,tiny_ttm
2025-03-19 17:35:00,22.69484463777711,0.17156611302206082,2.2846257708875157,26.152469295221124,307.3571017764969,0.0,0.2,1.0,0.0,1.3483575542563258,0.0,2074.5658213814063,tiny_ttm
2025-03-19 17:40:00,22.309326460724833,0.1701017503645037,2.2357167968779668,26.192878165445794,320.01401033924583,0.0,0.3,0.0,0.0,1.8675928508672834,0.0,2812.6228683120685,tiny_ttm
2025-03-19 17:45:00,21.985223992552,0.1719840271692676,2.187063489431279,25.98473868384817,300.0,1.0,0.2,1.0,0.0,1.3483575542563258,23333.40915167523,2102.9794775878167,tiny_ttm
2025-03-19 17:50:00,22.519005967792527,0.1622215340742526,2.285881264284984,26.862914387092914,313.48357554256324,0.0,0.3,0.0,0.0,1.6372997031551733,0.0,2657.6479142484095,tiny_ttm
2025-03-19 17:55:00,22.151140687473625,0.1628134539543015,2.2337492839627173,26.742702534920515,300.0,1.0,0.2,1.0,0.0,1.6563399566183041,23333.40915167523,2769.4246318228165,tiny_ttm
2025-03-19 18:00:00,22.636961445099786,0.1526960352935563,2.3284779228900634,27.685308762513486,316.563399566183,0.0,0.3,0.0,0.0,1.5443500591990806,0.0,2523.3811825931584,tiny_ttm
2025-03-19 18:05:00,22.25814712409519,0.15386271180450312,2.2723803084561847,27.5089902892853,300.0,0.0,0.4,0.0,0.0,2.4497194488614684,0.0,3894.8385942862074,tiny_ttm
2025-03-19 18:10:00,21.820020899324337,0.15385544523835112,2.21253945548591,27.421724265718563,300.0,1.0,0.3,1.0,0.0,1.8675928508672834,23333.40915167523,3059.657975060263,tiny_ttm
2025-03-19 18:15:00,22.301389216959528,0.14561255548396146,2.3005792251138812,28.23977901666671,318.6759285086728,0.0,0.4,0.0,0.0,1.8633505506707946,0.0,2975.0476901799984,tiny_ttm
2025-03-19 18:20:00,21.886685716892483,0.14768536670843355,2.2377575016426716,27.970271061146267,300.0,1.0,0.3,1.0,0.0,1.451400415242988,23333.40915167523,2391.026256951289,tiny_ttm
2025-03-19 18:25:00,22.39196584860647,0.1417627745286405,2.323704243205025,28.608090126139032,314.5140041524299,0.0,0.2,0.0,0.0,1.1319374877316921,0.0,1821.675968830422,tiny_ttm
2025-03-19 18:30:00,22.013365790554406,0.1446513501789627,2.2631365997357467,28.266857737969872,300.0,0.0,0.2,0.0,0.0,1.1319374877316921,0.0,1796.9811153386252,tiny_ttm
2025-03-19 18:35:00,21.636286722226913,0.14760024972445918,2.204022950093608,27.926671676443686,300.0,0.0,0.1,0.0,0.0,0.7047269629976618,0.0,1152.5292408026548,tiny_ttm
2025-03-19 18:40:00,21.272901771803763,0.1501717709030094,2.1490402431171223,27.62798155556674,300.0,0.0,0.0,0.0,0.0,0.21555000895956952,0.0,345.40843654504135,tiny_ttm
2025-03-19 18:45:00,20.944791107684296,0.15300278004302947,2.099182872352583,27.318871606705244,302.1555000895957,0.0,0.0,0.0,0.0,0.21555000895956952,0.0,338.44396314647196,tiny_ttm
2025-03-19 18:50:00,20.62329614182311,0.15580314549443816,2.051264478936,27.018752102831947,304.27228200722266,0.0,0.0,0.0,0.0,0.21555000895956952,0.0,331.61991448739224,tiny_ttm
2025-03-19 18:55:00,20.308283481836995,0.15863623371700827,2.005043437217653,26.722065397769757,306.3510412280738,0.0,0.0,0.0,0.0,0.21555000895956952,0.0,324.93345918252265,tiny_ttm
2025-03-19 19:00:00,19.99962242493455,0.16146879893938224,1.9605203392410366,26.431423438062854,308.39246073486834,0.0,0.0,0.0,0.0,0.21555000895956952,0.0,318.38182293583037,tiny_ttm
2025-03-19 19:05:00,19.697184903685937,0.16436808233412964,1.9174634218357747,26.141299420222232,310.39721124224786,0.0,0.0,0.0,0.0,0.21555000895956952,0.0,311.96228738943825,tiny_ttm
2025-03-19 19:10:00,19.400845432886044,0.1673356174876183,1.8758042798610757,25.851656368230643,312.3659514171418,0.0,0.0,0.0,0.0,0.21555000895956952,0.0,305.67218899574345,tiny_ttm
2025-03-19 19:15:00,19.110481057489075,0.17030207038682227,1.8356347779085822,25.56787110640089,314.29932809517425,0.0,0.0,0.0,0.0,0.21555000895956952,0.0,320.73490706828227,tiny_ttm
2025-03-19 19:20:00,18.805808292639725,0.17334684763607633,1.7944538906762926,25.28000244361003,316.19797649318406,0.0,0.0,0.0,0.0,0.21555000895956952,0.0,314.2679262654599,tiny_ttm
2025-03-19 19:25:00,18.50727864747583,0.1764585491726661,1.7546259988844355,24.992941850768204,318.06252041792703,0.0,0.0,0.0,0.0,0.21555000895956952,0.0,307.93133925446494,tiny_ttm
2025-03-19 19:30:00,18.214768258220168,0.17963862769870473,1.7160880152943048,24.7066491174023,319.8935724710297,0.0,0.0,0.0,0.0,0.21555000895956952,0.0,301.72251690410553,tiny_ttm
2025-03-19 19:35:00,17.928155758561974,0.18281738916073367,1.6789262354641914,24.426145158293995,321.6917342502614,1.0,0.1,0.0,0.0,0.6506219463665034,23333.40915167523,949.7962044233492,tiny_ttm
2025-03-19 19:40:00,18.52565280729274,0.1758432477466953,1.7579585006093577,25.041764175266078,327.02186051742893,0.0,0.0,0.0,0.0,0.21555000895956952,0.0,308.32134897148944,tiny_ttm
2025-03-19 19:45:00,18.232771939688185,0.17895352037644785,1.7194630442810799,24.759630649699044,328.69198041730493,0.0,0.0,0.0,0.0,0.21555000895956952,0.0,302.10466285171384,tiny_ttm
2025-03-19 19:50:00,17.945796431639362,0.1820614232096547,1.682345241996239,24.483217115903095,330.3321007872325,1.0,0.1,0.0,0.0,0.6737437483456309,23333.40915167523,984.6336179608392,tiny_ttm
2025-03-19 19:55:00,18.541655423895843,0.1747277726672587,1.7621025255380025,25.12743220953357,335.36653299738987,0.0,0.0,0.0,0.0,0.21555000895956952,0.0,308.6610203379746,tiny_ttm
2025-03-19 20:00:00,18.248451895389444,0.17776821959472663,1.7236405879975534,24.848862048333338,336.8867617116142,0.0,0.0,0.0,0.0,0.21555000895956952,0.0,302.43748542139537,tiny_ttm
2025-03-19 20:05:00,17.96116023225343,0.18080540577818904,1.6865576349676599,24.575955154504214,338.37968331642423,1.0,0.1,0.0,0.0,0.6122397550811517,23333.40915167523,895.8792695252658,tiny_ttm
2025-03-19 20:10:00,18.560017563927236,0.17359918633619473,1.766541803566434,25.215011406665674,342.54395020775746,0.0,0.0,0.0,0.0,0.21555000895956952,0.0,330.276764079167,tiny_ttm
2025-03-19 20:15:00,18.24628079047378,0.1766586830068355,1.725731370116816,24.929744398649785,343.9352545599817,0.0,0.0,0.0,0.0,0.21555000895956952,0.0,323.6173907280039,tiny_ttm
2025-03-19 20:20:00,17.938869894392415,0.17971550112280188,1.6864354239208672,24.650345924308805,345.30156760674026,1.0,0.1,0.0,0.0,0.6506219463665034,23333.40915167523,1014.4400558049637,tiny_ttm
2025-03-19 20:25:00,18.514279774764837,0.17242332778205027,1.7639966140923327,25.29460498233637,349.3516042295927,0.0,0.0,0.0,0.0,0.21555000895956952,0.0,329.3059342623863,tiny_ttm
2025-03-19 20:30:00,18.201465212763765,0.17548009776206103,1.7233474164350029,25.008240363648405,350.6206260913669,0.0,0.0,0.0,0.0,0.21555000895956952,0.0,322.6661357615111,tiny_ttm
2025-03-19 20:35:00,17.89495793357701,0.17853459153181903,1.6842038350384452,24.727754615461787,351.8668531470015,1.0,0.1,0.0,0.0,0.6506219463665034,23333.40915167523,1011.6315086913982,tiny_ttm
2025-03-19 20:40:00,18.471327423434538,0.17116383368486338,1.7619349049267656,25.38153093480675,355.56092986513255,0.0,0.0,0.0,0.0,0.21555000895956952,0.0,328.39422811882446,tiny_ttm
2025-03-19 20:45:00,18.159378910077898,0.174217945742575,1.7214307243747933,25.093921471052038,356.71841671054233,0.0,0.0,0.0,0.0,0.21555000895956952,0.0,321.77281235708455,tiny_ttm
2025-03-19 20:50:00,17.853720217389007,0.1772702117031192,1.6824239742781852,24.812204217902828,357.8551121976272,1.0,0.1,0.0,0.0,0.6432229697331826,23333.40915167523,997.5471588976023,tiny_ttm
2025-03-19 20:55:00,18.431417788466014,0.17002663116952976,1.7599462132158898,25.460289346240668,361.18619713812535,0.0,0.0,0.0,0.0,0.21555000895956952,0.0,327.54710663976243,tiny_ttm
2025-03-19 21:00:00,18.120273973436564,0.17307844290591232,1.7195776566710177,25.171539884425712,362.24264011594397,0.0,0.0,0.0,0.0,0.21555000895956952,0.0,320.94277139598927,tiny_ttm
2025-03-19 21:05:00,17.815403753935286,0.17606207546572816,1.680835043100894,24.893595717061046,363.28010673598476,1.0,0.1,0.0,0.0,0.6275001443873759,23333.40915167523,970.8567159650912,tiny_ttm
2025-03-19 21:10:00,18.394842402673344,0.16885061442302407,1.758404651439163,25.543117682669163,366.24608517038524,0.0,0.0,0.0,0.0,0.21555000895956952,0.0,326.77075789755054,tiny_ttm
2025-03-19 21:15:00,18.0844360574751,0.17190023839175086,1.7181549765276898,25.25313335510658,367.2116399056465,0.0,0.0,0.0,0.0,0.21555000895956952,0.0,320.1820761804174,tiny_ttm
2025-03-19 21:20:00,17.780288438194216,0.17494880214960606,1.6793882941701743,24.96906884148416,368.15985086325475,1.0,0.1,0.0,0.0,0.6432229697331826,23333.40915167523,992.9038397876087,tiny_ttm
2025-03-19 21:25:00,18.359588605782896,0.16811813186966548,1.756069068541402,25.59259298233289,370.9385820865171,0.0,0.0,0.0,0.0,0.21555000895956952,0.0,326.0224611870459,tiny_ttm
2025-03-19 21:30:00,18.04989308320699,0.17129776278154843,1.7156766971191515,25.291993495924643,371.8198478424188,0.0,0.0,0.0,0.0,0.21555000895956952,0.0,319.4488673831864,tiny_ttm
2025-03-19 21:35:00,17.746441954225546,0.17454625082274683,1.6766292562367777,24.992521622074875,372.6852838615222,1.0,0.1,0.0,0.0,0.6737437483456309,23333.40915167523,1037.6567432934382,tiny_ttm
2025-03-19 21:40:00,18.32473250355266,0.16829161521066616,1.7518696181724818,25.57264517699988,375.3417833784428,0.0,0.0,0.0,0.0,0.21555000895956952,0.0,325.2826059390863,tiny_ttm
2025-03-19 21:45:00,18.015739784878093,0.17160304914921115,1.7113667252953004,25.262569664647067,376.14395662785074,1.0,0.1,0.0,0.0,0.6816051610185342,23333.40915167523,1067.7754454071558,tiny_ttm
2025-03-19 21:50:00,18.58766263111487,0.16559909944290524,1.7867321024771234,25.831130553033987,378.63499875320986,0.0,0.0,0.0,0.0,0.21555000895956952,0.0,330.86355797550874,tiny_ttm
2025-03-19 21:55:00,18.2733684499242,0.16897076828983132,1.7448083708678856,25.51087771921343,379.3780176189897,0.0,0.0,0.0,0.0,0.21555000895956952,0.0,324.19235309376006,tiny_ttm
2025-03-19 22:00:00,17.965411385122813,0.17234927794565894,1.7044227514711592,25.197071408135706,380.10769000783824,1.0,0.1,0.0,0.0,0.6663447717123101,23333.40915167523,1040.632221212016,tiny_ttm
2025-03-19 22:05:00,18.539327243745056,0.16667844182163433,1.779029934983155,25.737958870559012,382.3228593574052,0.0,0.0,0.0,0.0,0.21555000895956952,0.0,351.0635807233508,tiny_ttm
2025-03-19 22:10:00,18.205844640449477,0.1701737532212134,1.7349152136807082,25.406451754285023,382.9996350243287,0.0,0.0,0.0,0.0,0.21555000895956952,0.0,343.9850826020825,tiny_ttm
2025-03-19 22:15:00,17.879086049869883,0.1737406991960875,1.6923412948734364,25.077030903754896,383.66425410782983,1.0,0.1,0.0,0.0,0.6584833590394067,23333.40915167523,1087.526868631272,tiny_ttm
2025-03-19 22:20:00,18.43346445039831,0.16808253033944737,1.7642949023636065,25.60938184728333,385.65812777518636,0.0,0.0,0.0,0.0,0.21555000895956952,0.0,348.81653821974845,tiny_ttm
2025-03-19 22:25:00,18.102116359552795,0.17170391954475792,1.7204723852102983,25.271225633597307,386.27499368066526,0.0,0.0,0.0,0.0,0.21555000895956952,0.0,341.7833472365985,tiny_ttm
2025-03-19 22:30:00,17.777449243229622,0.17533730123254831,1.6782973623697408,24.939875782402897,386.88077913185646,1.0,0.1,0.0,0.0,0.6122397550811517,23333.40915167523,1005.2101509022465,tiny_ttm
2025-03-19 22:35:00,18.336885951530427,0.16969469436952717,1.7502477078336165,25.46767184096432,388.57052110458903,0.0,0.0,0.0,0.0,0.21555000895956952,0.0,346.76656405007543,tiny_ttm
2025-03-19 22:40:00,18.007485173822268,0.17338254009974777,1.7068045285797286,25.127715051816956,389.1350731427141,1.0,0.1,0.0,0.0,0.6122397550811517,23333.40915167523,1019.0570832396011,tiny_ttm
2025-03-19 22:45:00,18.561929196637806,0.16800512140979632,1.778712701371948,25.639785941384684,390.7098010810226,0.0,0.0,0.0,0.0,0.21555000895956952,0.0,372.7693186863618,tiny_ttm
2025-03-19 22:50:00,18.207827861010486,0.17176499675400086,1.7318039877394924,25.286514119351853,391.2359263009737,0.0,0.0,0.0,0.0,0.21555000895956952,0.0,365.2531675762095,tiny_ttm
2025-03-19 22:55:00,17.860866273783763,0.17556995839777303,1.6866593707787445,24.93824334348281,391.7526009962686,1.0,0.1,0.0,0.0,0.6432229697331826,23333.40915167523,1124.4652281913352,tiny_ttm
2025-03-19 23:00:00,18.3947593054139,0.16983027368456005,1.7563229068833843,25.46830047647167,393.2667156524701,0.0,0.0,0.0,0.0,0.21555000895956952,0.0,369.2209723880327,tiny_ttm
2025-03-19 23:05:00,18.044028617800034,0.1736267192507805,1.7102245322724308,25.116353456705863,393.7469122925225,0.0,0.0,0.0,0.0,0.21555000895956952,0.0,361.7763666160626,tiny_ttm
2025-03-19 23:10:00,17.700369716180692,0.1774393795948656,1.6659096043982133,24.77150017010592,394.21848340006943,1.0,0.1,0.0,0.0,0.6353615570602792,23333.40915167523,1100.7300223297098,tiny_ttm
2025-03-19 23:15:00,18.238275457354895,0.17158309231938196,1.7354977658862425,25.305949097527176,395.5835321109284,0.0,0.0,0.0,0.0,0.21555000895956952,0.0,365.89944792604234,tiny_ttm
2025-03-19 23:20:00,17.890699954970476,0.17538719184184162,1.6902038316858692,24.957263118545534,396.0221129336159,1.0,0.1,0.0,0.0,0.6122397550811517,23333.40915167523,1072.2218878959986,tiny_ttm
2025-03-19 23:25:00,18.42597473928118,0.16963042729368333,1.7601858882029886,25.489440852512853,397.24546424235643,0.0,0.0,0.0,0.0,0.21555000895956952,0.0,369.8835508487996,tiny_ttm
2025-03-19 23:30:00,18.07461465459477,0.17348278067354975,1.7138135203921046,25.13280375814609,397.65419260789236,0.0,0.0,0.0,0.0,0.21555000895956952,0.0,362.42558550139285,tiny_ttm
2025-03-19 23:35:00,17.730339046441692,0.17735288704765306,1.6692341666107897,24.783347787564924,398.05557918985716,1.0,0.1,0.0,0.0,0.6432229697331826,23333.40915167523,1116.2115868423464,tiny_ttm
2025-03-19 23:40:00,18.26708074225388,0.1718364122631239,1.7381059180732337,25.292284220456608,399.2318421500717,0.0,0.0,0.0,0.0,0.21555000895956952,0.0,366.51086859094386,tiny_ttm
2025-03-19 23:45:00,17.918924438652144,0.1757561848465082,1.692450497498986,24.935320632544773,399.6048902009572,1.0,0.1,0.0,0.0,0.7278487649767893,23333.40915167523,1276.1531534468,tiny_ttm
2025-03-19 23:50:00,18.445988698261772,0.17041895851931274,1.7607210860895868,25.433217503614905,400.8419364908571,0.0,0.0,0.0,0.0,0.21555000895956952,0.0,370.30836692509035,tiny_ttm
2025-03-19 23:55:00,18.09422507194125,0.1743310520039321,1.7141654530885142,25.07335033223954,401.1860632209441,0.0,0.0,0.0,0.0,0.21555000895956952,0.0,362.8418360073339,tiny_ttm
2025-03-20 00:00:00,17.749554058767636,0.17832012569254344,1.6692911561024788,24.716509767735925,401.52400857438494,1.0,0.1,0.0,0.0,0.6584833590394067,23333.40915167523,1143.871719649868,tiny_ttm
2025-03-20 00:05:00,18.284883512202686,0.17290483529036335,1.7378034741408308,25.2153910666173,402.5378529823451,0.0,0.0,0.0,0.0,0.21555000895956952,0.0,366.88874999282405,tiny_ttm
2025-03-20 00:10:00,17.93636825119108,0.17688580219526806,1.6919867629556051,24.85561787093203,402.8515168111875,1.0,0.1,0.0,0.0,0.6737437483456309,23333.40915167523,1182.6856396495768,tiny_ttm
2025-03-20 00:15:00,18.46660558085678,0.17155126681808736,1.7605904510778776,25.351352547924797,403.8143237563602,0.0,0.0,0.0,0.0,0.21555000895956952,0.0,370.74598065148257,tiny_ttm
2025-03-20 00:20:00,18.114426256147905,0.1755811020095623,1.7137437632087904,24.98458253167398,404.1050589779713,0.0,0.0,0.0,0.0,0.21555000895956952,0.0,363.2706261242428,tiny_ttm
2025-03-20 00:25:00,17.769347926316268,0.17969033164291148,1.6685867238578784,24.621007010469505,404.39057186794713,1.0,0.1,0.0,0.0,0.6122397550811517,23333.40915167523,1064.917145000198,tiny_ttm
2025-03-20 00:30:00,18.30725652748553,0.17456689707069262,1.7367470241435379,25.09561185781707,405.18696457265753,0.0,0.0,0.0,0.0,0.21555000895956952,0.0,388.58962852860986,tiny_ttm
2025-03-20 00:35:00,17.938127150213266,0.17870790778674292,1.688428061780896,24.723135119303986,405.453043732581,1.0,0.1,0.0,0.0,0.6275001443873759,23333.40915167523,1163.5015636338471,tiny_ttm
2025-03-20 00:40:00,18.449605294846762,0.17318844045328868,1.7552407611677652,25.22504783351713,406.21372849576454,0.0,0.0,0.0,0.0,0.21555000895956952,0.0,391.61112192099,tiny_ttm
2025-03-20 00:45:00,18.077605738103713,0.17737383636495474,1.7060659003131369,24.84606743754289,406.4613644079526,0.0,0.0,0.0,0.0,0.21555000895956952,0.0,383.71506336352337,tiny_ttm
2025-03-20 00:50:00,17.71310681175386,0.18163922011884143,1.6587346796942977,24.470850918826102,406.7045521598831,1.0,0.1,0.0,0.0,0.620101167754055,23333.40915167523,1136.0961035775094,tiny_ttm
2025-03-20 00:55:00,18.229991216611985,0.17624012413070342,1.7248444841422215,24.9574988428856,407.39159572083895,0.0,0.0,0.0,0.0,0.21555000895956952,0.0,386.9495958778726,tiny_ttm
2025-03-20 01:00:00,17.862419740494634,0.18049752795726567,1.67674224993466,24.579973841841095,407.6180741921172,1.0,0.1,0.0,0.0,0.6584833590394067,23333.40915167523,1215.906820767503,tiny_ttm
2025-03-20 01:05:00,18.37339572053771,0.17535677533722985,1.7422961084159048,25.04938390980739,408.29751520022984,0.0,0.0,0.0,0.0,0.21555000895956952,0.0,389.9934983231223,tiny_ttm
2025-03-20 01:10:00,18.002932778123775,0.1797138122532038,1.6932469754216923,24.662245722076214,408.50772109218315,1.0,0.1,0.0,0.0,0.6122397550811517,23333.40915167523,1139.1723534424486,tiny_ttm
2025-03-20 01:15:00,18.514067730634775,0.1746647017026175,1.75919571991076,25.126967942109758,409.09405692750363,0.0,0.0,0.0,0.0,0.21555000895956952,0.0,392.979400883996,tiny_ttm
2025-03-20 01:20:00,18.140768417221786,0.17901516737613357,1.7094313424199625,24.738194633708645,409.28995493808605,0.0,0.0,0.0,0.0,0.21555000895956952,0.0,385.05575370554783,tiny_ttm
2025-03-20 01:25:00,17.77499594120737,0.18339541780643134,1.6616412548586494,24.357242020144295,409.4823341305071,1.0,0.1,0.0,0.0,0.6353615570602792,23333.40915167523,1167.853563854365,tiny_ttm
2025-03-20 01:30:00,18.28948154331792,0.17815967883347997,1.727260716062523,24.827874467276935,410.03921084413054,0.0,0.0,0.0,0.0,0.21555000895956952,0.0,388.2123369074199,tiny_ttm
2025-03-20 01:35:00,17.920710563210566,0.18258615051657656,1.6786148934727068,24.44123838976773,410.21813152677987,1.0,0.1,0.0,0.0,0.6584833590394067,23333.40915167523,1219.6799493467363,tiny_ttm
2025-03-20 01:40:00,18.43041093198867,0.17756415688572405,1.7438529746804734,24.89747339352495,410.75489799427385,0.0,0.0,0.0,0.0,0.21555000895956952,0.0,391.2037025831077,tiny_ttm
2025-03-20 01:45:00,18.05879839135578,0.18193148458572,1.6946096860262172,24.513144233324784,410.9209631459544,0.0,0.0,0.0,0.0,0.21555000895956952,0.0,383.31585882539855,tiny_ttm
2025-03-20 01:50:00,17.694678677706793,0.18632743916288483,1.6473179107675717,24.136547052458575,411.0840453522239,1.0,0.1,0.0,0.0,0.6353615570602792,23333.40915167523,1162.8367691343276,tiny_ttm
2025-03-20 01:55:00,18.210914694460676,0.18087527818955573,1.713086682151215,24.616724519629418,411.5561165878647,0.0,0.0,0.0,0.0,0.21555000895956952,0.0,386.54467782555463,tiny_ttm
2025-03-20 02:00:00,17.843727858430256,0.1852633786858875,1.6650308682985917,24.23797111820128,411.7077898499597,1.0,0.1,0.0,0.0,0.6275001443873759,23333.40915167523,1157.6779491544949,tiny_ttm
2025-03-20 02:05:00,18.35726043525084,0.17983741499958864,1.7310774272893465,24.71848666646595,412.14140343882974,0.0,0.0,0.0,0.0,0.21555000895956952,0.0,389.65101093259415,tiny_ttm
2025-03-20 02:10:00,17.987122828738606,0.1842177772235896,1.6822766769568185,24.337616601158494,412.2825634854272,1.0,0.1,0.0,0.0,0.6353615570602792,23333.40915167523,1181.1034805343206,tiny_ttm
2025-03-20 02:15:00,18.496985389749447,0.1788424509751883,1.7484194204093346,24.816456287428846,412.6911770254616,0.0,0.0,0.0,0.0,0.21555000895956952,0.0,392.6168113016049,tiny_ttm
2025-03-20 02:20:00,18.124030507728673,0.183268076475797,1.69878918948079,24.429799978724446,412.82246176359877,0.0,0.0,0.0,0.0,0.21555000895956952,0.0,384.7004750201528,tiny_ttm
2025-03-20 02:25:00,17.758595518333223,0.18772336532851439,1.6511280892013636,24.050922113027983,412.95138829952907,1.0,0.1,0.0,0.0,0.6122397550811517,23333.40915167523,1124.464557599,tiny_ttm
2025-03-20 02:30:00,18.275033551486118,0.1822495692334976,1.7171079024357667,24.52992832165026,413.3110083246256,0.0,0.0,0.0,0.0,0.21555000895956952,0.0,387.9056639894721,tiny_ttm
2025-03-20 02:35:00,17.906553886367426,0.18669697638481364,1.6686860822334146,24.148963719748785,413.4311593425887,1.0,0.1,0.0,0.0,0.6122397550811517,23333.40915167523,1133.3708597824752,tiny_ttm
2025-03-20 02:40:00,18.419780640331872,0.18125913417568662,1.734862257157912,24.62742172639341,413.7663014588604,0.0,0.0,0.0,0.0,0.21555000895956952,0.0,390.97806412767534,tiny_ttm
2025-03-20 02:45:00,18.048382438364833,0.18569885595016913,1.6857018074728403,24.24442541529439,413.8782742735599,0.0,0.0,0.0,0.0,0.21555000895956952,0.0,383.0947699201632,tiny_ttm
2025-03-20 02:50:00,17.684472741669257,0.1901672711377047,1.6384896872269998,23.86913484550564,413.98823577649176,1.0,0.1,0.0,0.0,0.6663447717123101,23333.40915167523,1218.731048220634,tiny_ttm
2025-03-20 02:55:00,18.198802799278717,0.18476340131148442,1.7036594114209604,24.33751020551997,414.32206141475024,0.0,0.0,0.0,0.0,0.21555000895956952,0.0,386.2875908697637,tiny_ttm
2025-03-20 03:00:00,17.83186017549929,0.18933215168250037,1.6554784425090565,23.952855138084832,414.4240513908271,1.0,0.1,0.0,0.0,0.6737437483456309,23333.40915167523,1241.9900124306205,tiny_ttm
2025-03-20 03:05:00,18.342447862068127,0.18428115430031863,1.7200998998650343,24.397686740261328,414.73711476720433,0.0,0.0,0.0,0.0,0.21555000895956952,0.0,389.33659941484535,tiny_ttm
2025-03-20 03:10:00,17.972608921601594,0.18884423440017767,1.6712101605277179,24.011728898831574,414.83164934712784,1.0,0.1,0.0,0.0,0.6584833590394067,23333.40915167523,1223.0392976993026,tiny_ttm
2025-03-20 03:15:00,18.4811735690515,0.18358909485965413,1.7365921016164716,24.472042136157445,415.1152554220109,0.0,0.0,0.0,0.0,0.21555000895956952,0.0,392.28118976693355,tiny_ttm
2025-03-20 03:20:00,18.108537500913023,0.1880928100143044,1.687111082780222,24.088174724491985,415.2029976501401,0.0,0.0,0.0,0.0,0.21555000895956952,0.0,384.37162062548987,tiny_ttm
2025-03-20 03:25:00,17.743414897152707,0.19263503489192904,1.6395753228971577,23.711408254082368,415.28916380843106,1.0,0.1,0.0,0.0,0.6122397550811517,23333.40915167523,1123.5507654197345,tiny_ttm
2025-03-20 03:30:00,18.26018240956056,0.18706362281253333,1.7054095358613737,24.187133341720095,415.5295105747772,0.0,0.0,0.0,0.0,0.21555000895956952,0.0,387.59043381200587,tiny_ttm
2025-03-20 03:35:00,17.892002188149476,0.1915890026472861,1.657130870084905,23.808915220259685,415.60981174441554,1.0,0.1,0.0,0.0,0.6122397550811517,23333.40915167523,1132.49492540084,tiny_ttm
2025-03-20 03:40:00,18.40554477126414,0.18575887235819225,1.7237889612988435,24.304844922093054,415.83379905961215,0.0,0.0,0.0,0.0,0.21555000895956952,0.0,390.67589372521735,tiny_ttm
2025-03-20 03:45:00,18.03443360725257,0.19016911628644612,1.6749786651812122,23.931498118007955,415.9086344471145,0.0,0.0,0.0,0.0,0.21555000895956952,0.0,382.7986921822354,tiny_ttm
2025-03-20 03:50:00,17.6708051609636,0.19460484819138044,1.6281081407974844,23.565674519505244,415.98212560391295,1.0,0.1,0.0,0.0,0.6122397550811517,23333.40915167523,1119.1800477607433,tiny_ttm
2025-03-20 03:55:00,18.18914859055546,0.1887481120073002,1.6943050741082875,24.05721844305757,416.18711747359686,0.0,0.0,0.0,0.0,0.21555000895956952,0.0,386.08267074009404,tiny_ttm
2025-03-20 04:00:00,17.82240062467296,0.1932830327265071,1.6464294272297784,23.681527468824072,416.2556063788242,1.0,0.1,0.0,0.0,0.6122397550811517,23333.40915167523,1128.305283645526,tiny_ttm
2025-03-20 04:05:00,18.33745383577876,0.18748489184279074,1.7128077343325243,24.171664228156995,416.4466452649539,0.0,0.0,0.0,0.0,0.21555000895956952,0.0,389.23059626698245,tiny_ttm
2025-03-20 04:10:00,17.967715589909012,0.19201117454540903,1.6641731624030254,23.793610638770495,416.5104724020352,1.0,0.1,0.0,0.0,0.6122397550811517,23333.40915167523,1137.0524671226667,tiny_ttm
2025-03-20 04:15:00,18.47961489407577,0.1862698551247636,1.730720858304919,24.282340377264617,416.68850802886243,0.0,0.0,0.0,0.0,0.21555000895956952,0.0,392.24810534880095,tiny_ttm
2025-03-20 04:20:00,18.107010253514783,0.19084050556833707,1.6812401678839741,23.898383687229668,416.74799070586647,0.0,0.0,0.0,0.0,0.21555000895956952,0.0,384.33920328877633,tiny_ttm
2025-03-20 04:25:00,17.741918443657433,0.19544094094241604,1.6337231312509886,23.522152238724473,416.8064049252404,1.0,0.1,0.0,0.0,0.6122397550811517,23333.40915167523,1123.4606869252937,tiny_ttm
2025-03-20 04:30:00,18.25871843499858,0.18979029718475338,1.6995332867147024,23.997679058037313,416.96934208077363,0.0,0.0,0.0,0.0,0.21555000895956952,0.0,387.55935950382866,tiny_ttm
2025-03-20 04:35:00,17.8905677317197,0.19443644295850862,1.6511449595947585,23.61576446038853,417.0237802759105,1.0,0.1,0.0,0.0,0.6122397550811517,23333.40915167523,1132.4085787980598,tiny_ttm
2025-03-20 04:40:00,18.404141448187215,0.18881734493088495,1.7171629850574266,24.091013705222345,417.17562694548917,0.0,0.0,0.0,0.0,0.21555000895956952,0.0,390.64610680480416,tiny_ttm
2025-03-20 04:45:00,18.033058579391408,0.19350868638898389,1.6679272428499816,23.70355902588511,417.2263597485896,1.0,0.1,0.0,0.0,0.6122397550811517,23333.40915167523,1140.985765506759,tiny_ttm
2025-03-20 04:50:00,18.543539683391295,0.18806330920964365,1.7338333181416201,24.168469298301993,417.3678708176068,0.0,0.0,0.0,0.0,0.21555000895956952,0.0,393.6049722336123,tiny_ttm
2025-03-20 04:55:00,18.16964612673101,0.19280017609440842,1.6837792891081589,23.77580763395779,417.41515044001073,0.0,0.0,0.0,0.0,0.21555000895956952,0.0,385.66871165444087,tiny_ttm
2025-03-20 05:00:00,17.80329138920121,0.1975168162285601,1.6358192204167583,23.394614575096995,417.46158080216196,1.0,0.1,0.0,0.0,0.6122397550811517,23333.40915167523,1127.1550099038798,tiny_ttm
2025-03-20 05:05:00,18.318759345961436,0.19197273334358808,1.701351407631954,23.858663919614223,417.59109089782675,0.0,0.0,0.0,0.0,0.21555000895956952,0.0,388.8337872288429,tiny_ttm
2025-03-20 05:10:00,17.94939803725725,0.1966821136254488,1.6526475928042972,23.47571698518539,417.6343609293731,1.0,0.1,0.0,0.0,0.6122397550811517,23333.40915167523,1135.9498484513078,tiny_ttm
2025-03-20 05:15:00,18.4616949044439,0.19100805691121975,1.7187127380699843,23.950184771583913,417.75505578647403,0.0,0.0,0.0,0.0,0.21555000895956952,0.0,391.8677358431991,tiny_ttm
2025-03-20 05:20:00,18.0894515847943,0.19565673206168954,1.669390611136151,23.568866650876753,417.7953805985856,0.0,0.0,0.0,0.0,0.21555000895956952,0.0,383.9665031769215,tiny_ttm
2025-03-20 05:25:00,17.72471381053157,0.20044303230583774,1.621806993657969,23.188142490687007,417.83498107622955,1.0,0.1,0.0,0.0,0.6122397550811517,23333.40915167523,1122.4250600553125,tiny_ttm
2025-03-20 05:30:00,18.241887210156655,0.19468855698273996,1.68747525174669,23.66081551767816,417.9454402975325,0.0,0.0,0.0,0.0,0.21555000895956952,0.0,387.2021001078516,tiny_ttm
2025-03-20 05:35:00,17.874075875014952,0.19946671068068164,1.6391324452569007,23.278166147724576,417.9823453277221,1.0,0.1,0.0,0.0,0.6122397550811517,23333.40915167523,1131.4158572553006,tiny_ttm
2025-03-20 05:40:00,18.388007529711434,0.19388693251432892,1.7047065709558202,23.740806959480864,418.0852860279216,0.0,0.0,0.0,0.0,0.21555000895956952,0.0,390.3036484261934,tiny_ttm
2025-03-20 05:45:00,18.017249969258305,0.19871101323520737,1.6555221559175726,23.35295238038613,418.1196790790746,1.0,0.1,0.0,0.0,0.6122397550811517,23333.40915167523,1140.034171752267,tiny_ttm
2025-03-20 05:50:00,18.528074182346195,0.19328807800950204,1.7210089097256978,23.806260461509808,418.21561301408303,0.0,0.0,0.0,0.0,0.21555000895956952,0.0,393.2767016761367,tiny_ttm
2025-03-20 05:55:00,18.154492456721947,0.1982110363790064,1.6709017657608505,23.41002173805652,418.24766506664986,0.0,0.0,0.0,0.0,0.21555000895956952,0.0,385.3470600191548,tiny_ttm
2025-03-20 06:00:00,17.788443262776212,0.20317003650828244,1.6227773271010937,23.021756188888588,418.2791413841985,1.0,0.1,0.0,0.0,0.6122397550811517,23333.40915167523,1126.261232130061,tiny_ttm
2025-03-20 06:05:00,18.304233482345968,0.1976160242986014,1.6879305699627738,23.47575283459511,418.36693955565414,0.0,0.0,0.0,0.0,0.21555000895956952,0.0,388.5254614052593,tiny_ttm
2025-03-20 06:10:00,17.935165058759914,0.20252351768888052,1.6391620166437817,23.088972550005813,418.396273405105,1.0,0.1,0.0,0.0,0.6122397550811517,23333.40915167523,1135.093099291714,tiny_ttm
2025-03-20 06:15:00,18.44777083762385,0.1968211126519894,1.70487492724337,23.553953507670307,418.4780955032446,0.0,0.0,0.0,0.0,0.21555000895956952,0.0,391.5721837518693,tiny_ttm
2025-03-20 06:20:00,18.07580826905821,0.20171202639050173,1.6554033089066842,23.166113236721216,418.5054327139039,0.0,0.0,0.0,0.0,0.21555000895956952,0.0,383.67691030505523,tiny_ttm
2025-03-20 06:25:00,17.711345585092815,0.20669022649323432,1.6077803678769373,22.782627460373508,418.53227887989624,1.0,0.1,0.0,0.0,0.6122397550811517,23333.40915167523,1181.8150144378146,tiny_ttm
2025-03-20 06:30:00,18.207105190240387,0.20065203590342576,1.6713266044482813,23.258229392152447,418.6071619814879,0.0,0.0,0.0,0.0,0.21555000895956952,0.0,407.7691960324506,tiny_ttm
2025-03-20 06:35:00,17.823496947324728,0.20586611029270407,1.6208604903055783,22.85438192066848,300.0,1.0,0.1,0.0,0.0,0.6122397550811517,23333.40915167523,1188.8816193539828,tiny_ttm
2025-03-20 06:40:00,18.321953133704092,0.20006975097376387,1.684640042766789,23.3164673763957,300.0,1.0,0.2,0.0,0.0,1.0089295012027337,23333.40915167523,2005.9196015206967,tiny_ttm
2025-03-20 06:45:00,18.782748939656397,0.19521510744095905,1.7444681073950021,23.720843910068417,300.0,1.0,0.1,1.0,0.0,0.6122397550811517,23333.40915167523,1246.3077644114178,tiny_ttm
2025-03-20 06:50:00,19.25525487324312,0.18975787730798618,1.8088306128413767,24.17859753167795,306.1223975508115,1.0,0.0,1.0,0.0,0.21555000895956952,23333.40915167523,449.47481677797845,tiny_ttm
2025-03-20 06:55:00,19.74871747017965,0.18408866765356285,1.8782066670171806,24.667673641025093,308.1679240698296,1.0,0.0,1.0,0.0,0.21555000895956952,23333.40915167523,459.9490485094472,tiny_ttm
2025-03-20 07:00:00,20.232230376356075,0.17871856607753006,1.9480124535309304,25.146880111442037,310.17670781722256,1.0,0.1,1.0,0.0,0.6122397550811517,23333.40915167523,1273.3641421904997,tiny_ttm
2025-03-20 07:05:00,20.694980792884547,0.17453194049922863,2.0146308266656687,25.545870823810457,315.779889942905,1.0,0.2,1.0,0.0,1.0089295012027337,23333.40915167523,2141.0873518673325,tiny_ttm
2025-03-20 07:10:00,21.11579821432248,0.1713587205206148,2.07536965518791,25.867522066488032,324.5424519141716,1.0,0.3,1.0,0.0,1.4056192473243156,23333.40915167523,3036.3859937792877,tiny_ttm
2025-03-20 07:15:00,21.494295852532478,0.16875112501757888,2.130751162035469,26.142260555448097,335.72386582182384,1.0,0.4,1.0,0.0,1.802308993445898,23333.40915167523,3954.1654356368476,tiny_ttm
2025-03-20 07:20:00,21.83029094950271,0.16713730693060036,2.1791748820639723,26.333896519687816,348.3815020353388,1.0,0.5,1.0,0.0,2.19899873956748,23333.40915167523,4889.346261698923,tiny_ttm
2025-03-20 07:25:00,22.123801475558032,0.16595117594976352,2.2216761737571296,26.484886766873565,361.50558426483934,1.0,0.6,1.0,0.0,2.595688485689062,23333.40915167523,5836.903039203104,tiny_ttm
2025-03-20 07:30:00,22.375041352692694,0.16471665559755005,2.259231087043584,26.632583031164593,374.15835771491146,0.0,0.7,0.0,0.0,2.992378231810644,0.0,6543.823366917991,tiny_ttm
2025-03-20 07:35:00,21.75950540790869,0.17619955108534313,2.1461695928769093,25.620215031827218,300.0,1.0,0.8,1.0,0.0,3.3890679779322266,23333.40915167523,7477.697546257662,tiny_ttm
2025-03-20 07:40:00,21.954399024603863,0.17074324744979055,2.1862285680839553,26.074978825386758,333.8906797793223,1.0,0.9,1.0,0.0,3.7857577240538083,23333.40915167523,8044.310202811294,tiny_ttm
2025-03-20 07:45:00,22.143161666576965,0.17069593505213274,2.211642946761838,26.114732616277962,361.0564317908601,0.0,0.8,0.0,0.0,3.3890679779322266,0.0,7005.608657275969,tiny_ttm
2025-03-20 07:50:00,21.568353683819378,0.18392661906430516,2.101349511746938,25.012921443554397,300.0,1.0,0.9,1.0,0.0,3.7857577240538083,23333.40915167523,7902.430516884456,tiny_ttm
2025-03-20 07:55:00,21.77025397640535,0.17919194209398978,2.1397776940542053,25.398067849578343,337.8575772405381,1.0,1.0,1.0,0.0,4.182447470175391,23333.40915167523,8393.62600927011,tiny_ttm
2025-03-20 08:00:00,21.968850142044754,0.17870868437938908,2.1671372327551075,25.471136469190043,366.48727459590384,0.0,0.9,1.0,0.0,3.7857577240538083,0.0,7338.9674402393375,tiny_ttm
2025-03-20 08:05:00,21.28928287729344,0.1873177201892831,2.057170121160407,24.718036522507067,383.3694590570478,0.0,0.8,1.0,0.0,3.3890679779322266,0.0,6026.959660795481,tiny_ttm
2025-03-20 08:10:00,20.695056062345824,0.198160128388709,1.9569731268207384,23.859668953597527,393.71474183405564,0.0,0.7,1.0,0.0,2.992378231810644,0.0,5156.807231267194,tiny_ttm
2025-03-20 08:15:00,20.147402755944128,0.205910637073283,1.8736653778265542,23.250767480578862,400.2693613634969,1.0,0.6,0.0,0.0,3.1506117331881223,23333.40915167523,5601.9330137233555,tiny_ttm
2025-03-20 08:20:00,20.69200133899653,0.20999540306085307,1.9277253255560325,23.08056308753671,300.0,0.0,0.5,0.4,0.0,2.19899873956748,0.0,3825.9387096253045,tiny_ttm
2025-03-20 08:25:00,20.311988952893504,0.22065334613293175,1.8576762579930524,22.348893382480387,300.0,1.0,0.4,0.0,0.0,1.802308993445898,23333.40915167523,3254.1311117388277,tiny_ttm
2025-03-20 08:30:00,20.96551765812652,0.2217808510111219,1.9311823464099414,22.38830889402503,300.0,1.0,0.5,1.0,0.0,2.19899873956748,23333.40915167523,3844.1952560379873,tiny_ttm
2025-03-20 08:35:00,21.394597994439103,0.21503979256559558,1.9998570608698107,22.87912333208848,321.9899873956748,1.0,0.6,1.0,0.0,2.595688485689062,23333.40915167523,4639.49248876474,tiny_ttm
2025-03-20 08:40:00,21.784917034666204,0.20837162454919145,2.065557055210509,23.37299788705333,343.1902758289487,1.0,0.7,1.0,0.0,2.992378231810644,23333.40915167523,5454.217922694283,tiny_ttm
2025-03-20 08:45:00,22.13635205753959,0.20330300442338328,2.123803555907471,23.767800949109493,362.3439213790182,0.0,0.8,1.0,0.0,3.3890679779322266,0.0,5976.563596185797,tiny_ttm
2025-03-20 08:50:00,21.547094031939228,0.20927934413845178,2.0334219032177074,23.27319085648089,378.62728552797756,1.0,0.7,0.0,0.0,3.099200956954213,23333.40915167523,5658.429823202742,tiny_ttm
2025-03-20 08:55:00,22.166871104030463,0.2146006803615452,2.0975802288711423,23.037738399875565,300.0,0.0,0.8,1.0,0.0,3.3890679779322266,0.0,5986.62069155255,tiny_ttm
2025-03-20 09:00:00,21.576621501236335,0.21714096793631332,2.0168435966728087,22.777715129082715,333.8906797793223,1.0,0.7,0.0,0.0,3.316083459518429,23333.40915167523,5742.822555242766,tiny_ttm
2025-03-20 09:05:00,22.231928473775085,0.22507827095691998,2.0778075660342337,22.396460942876686,300.0,0.0,0.8,1.0,0.0,3.6369336951484734,0.0,6087.769308841102,tiny_ttm
2025-03-20 09:10:00,21.655464209932735,0.22783266612637054,1.9989100041910137,22.135009477166086,336.36933695148474,1.0,0.7,0.0,0.0,3.316083459518429,23333.40915167523,5775.580032651677,tiny_ttm
2025-03-20 09:15:00,22.33022064670255,0.23242944199962778,2.07043669870358,21.970563214932003,300.0,0.0,0.6,1.0,0.0,3.103443257150702,0.0,5235.606215458722,tiny_ttm
2025-03-20 09:20:00,21.786382065593013,0.2334506448673557,2.000298498789435,21.82228937730825,331.034432571507,1.0,0.5,1.0,0.0,2.469523822723272,23333.40915167523,4269.517424274406,tiny_ttm
2025-03-20 09:25:00,22.202814587021646,0.22435432372169767,2.076067671884581,22.435842859528417,349.34298158540344,0.0,0.6,0.0,0.0,2.873150109438592,0.0,4636.697217478326,tiny_ttm
2025-03-20 09:30:00,22.05773766209254,0.24714918483598075,1.9973341211356619,21.078691954419163,300.0,0.0,0.7,1.0,0.0,3.316083459518429,0.0,5179.148691441963,tiny_ttm
2025-03-20 09:35:00,21.54056719452322,0.2489215353657277,1.9307068977306847,20.899436786073085,333.16083459518427,0.0,0.8,1.0,0.0,3.7590168095982666,0.0,5671.74788960331,tiny_ttm
2025-03-20 09:40:00,21.01331471570192,0.2518823980270548,1.8619428713849402,20.654942286383953,360.36332480253316,0.0,0.9,1.0,0.0,4.339293663434121,0.0,6310.400506406935,tiny_ttm
2025-03-20 09:45:00,20.47010957548945,0.2561711320899032,1.7904008278779244,20.339598207732795,381.9284120352537,1.0,0.8,0.7,0.0,4.006882526814514,23333.40915167523,5645.682104552152,tiny_ttm
2025-03-20 09:50:00,21.019862315126932,0.25611924182122536,1.8521426856452514,20.42580905200053,300.0,1.0,0.9,0.7,0.0,4.201950159678104,23333.40915167523,6136.85374501079,tiny_ttm
2025-03-20 09:55:00,21.53211461891037,0.2520609709062244,1.9216429302039082,20.724858764935686,300.0,0.0,1.0,1.0,0.0,4.4922796166957,0.0,6319.59183496829,tiny_ttm
2025-03-20 10:00:00,20.997684062675717,0.25646712040637804,1.8487565300929916,20.403697095764517,344.922796166957,0.0,1.0,1.0,0.0,4.644883509757941,0.0,6290.0933835427395,tiny_ttm
2025-03-20 10:05:00,20.474610016507942,0.2621941256894809,1.776396432607429,20.020152719988722,373.9832016705268,0.0,0.9,1.0,0.0,3.9231012278098256,0.0,5129.025722063771,tiny_ttm
2025-03-20 10:10:00,20.008861828444708,0.2684292277172772,1.711420962863469,19.62712953000498,389.0272481727129,0.0,1.0,1.0,0.0,4.182447470175391,0.0,5273.579960474101,tiny_ttm
2025-03-20 10:15:00,19.546106751300787,0.2751950595056569,1.6476303723448544,19.216769526600107,399.82240713308016,0.0,0.9,1.0,0.0,4.480799091546381,0.0,5442.243770283974,tiny_ttm
2025-03-20 10:20:00,19.085272782810655,0.2807551369232522,1.5887683710108405,18.875418081344414,407.3567187820541,1.0,0.8,0.0,0.0,3.3890679779322266,23333.40915167523,4378.822674712875,tiny_ttm
2025-03-20 10:25:00,19.85615253411014,0.28189911063911705,1.6640965027828836,18.928592200927042,300.0,0.0,0.9,1.0,0.0,4.480799091546381,0.0,5142.955782805496,tiny_ttm
2025-03-20 10:30:00,19.42066143463007,0.28980473155352804,1.6018818231864784,18.484445746251204,344.80799091546385,1.0,0.8,0.0,0.0,4.2510487557141,23333.40915167523,5222.46555316365,tiny_ttm
2025-03-20 10:35:00,20.22400267814231,0.29426674561787736,1.6730908005447533,18.383087352703942,300.0,0.0,0.9,1.0,0.0,5.379774752494859,0.0,6343.278865333039,tiny_ttm
2025-03-20 10:40:00,19.732313255468416,0.2949273327599247,1.621408347200887,18.284267849570213,353.7977475249486,1.0,0.8,0.0,0.0,4.990946419046181,23333.40915167523,6237.303433109611,tiny_ttm
2025-03-20 10:45:00,20.435060510891965,0.2958953285783578,1.6911243547055652,18.33499285557922,300.0,0.0,0.9,1.0,0.0,5.729376398419267,0.0,6862.409056084275,tiny_ttm
2025-03-20 10:50:00,19.917994634426023,0.29834794506052187,1.6322204465708638,18.149036784907832,357.29376398419265,0.0,1.0,1.0,0.0,6.3420237750259005,0.0,7262.274766142284,tiny_ttm
2025-03-20 10:55:00,19.394066471917647,0.3064497297003901,1.5617531248665353,17.704928301990336,390.4341339554123,0.0,1.0,1.0,0.0,6.4946276680881425,0.0,7105.673815774709,tiny_ttm
2025-03-20 11:00:00,18.886416536996464,0.3154223667369351,1.493544792875929,17.235963793036756,406.4357415924262,0.0,0.2,1.0,0.0,1.5018863193977323,0.0,1601.848823829888,tiny_ttm
2025-03-20 11:05:00,18.61251711338288,0.3207744372098108,1.456713668339951,16.966174209066402,408.13340610368545,1.0,0.1,0.0,0.0,0.858718164178651,23333.40915167523,1016.6594750994301,tiny_ttm
2025-03-20 11:10:00,19.78036648063927,0.3248431889275164,1.557246808490556,16.938959135078875,300.0,1.0,0.0,0.0,0.0,0.21555000895956952,23333.40915167523,259.364329600073,tiny_ttm
2025-03-20 11:15:00,20.97281136970281,0.3285353116756818,1.6670136548212395,16.930712843537634,300.0,0.0,0.0,1.0,0.0,0.21555000895956952,0.0,254.13476430020538,tiny_ttm
2025-03-20 11:20:00,20.73140346686049,0.3327702065554042,1.6320910437483152,16.71825334163467,302.1555000895957,1.0,0.0,0.0,0.0,0.21555000895956952,23333.40915167523,279.99561181506374,tiny_ttm
2025-03-20 11:25:00,21.92519541825749,0.3368125458332901,1.7452975184538242,16.695065134328043,300.0,0.0,0.1,1.0,0.0,0.766230956262141,0.0,973.1225820201536,tiny_ttm
2025-03-20 11:30:00,21.636936268706304,0.3387639000532637,1.7098050526133024,16.57637504736485,307.66230956262143,0.0,0.2,1.0,0.0,1.378878332868774,0.0,1707.9693742702848,tiny_ttm
2025-03-20 11:35:00,21.32503240995538,0.33681427625095584,1.6824259348028563,16.620253983025542,320.5706435050065,1.0,0.1,0.1,0.0,0.8203359728932993,23333.40915167523,1108.2260021034112,tiny_ttm
2025-03-20 11:40:00,22.44220510060847,0.3365434907321878,1.8018205208842477,16.771086283300825,300.0,0.0,0.0,1.0,0.0,0.21555000895956952,0.0,264.0981105423056,tiny_ttm
2025-03-20 11:45:00,22.191332807767317,0.3404433869965588,1.764114410009046,16.57396106491955,302.1555000895957,0.0,0.0,1.0,0.0,0.21555000895956952,0.0,258.7730979749172,tiny_ttm
2025-03-20 11:50:00,21.945518855212832,0.34414341711682767,1.7281454067746083,16.388101138092537,304.27228200722266,0.0,0.0,1.0,0.0,0.21555000895956952,0.0,253.55545368360097,tiny_ttm
2025-03-20 11:55:00,21.704661251584525,0.3477803196620369,1.6934843279911607,16.207495102974047,306.3510412280738,0.0,0.0,1.0,0.0,0.21555000895956952,0.0,230.82544180136102,tiny_ttm
2025-03-20 12:00:00,21.485395359405782,0.35123866177482704,1.6620730147324856,16.0387255730768,308.39246073486834,0.0,0.0,1.0,0.0,0.21555000895956952,0.0,222.56288819517235,tiny_ttm
2025-03-20 12:05:00,21.273978238896213,0.3544591734404308,1.6325472643172136,15.882230008483056,310.39721124224786,0.0,0.0,1.0,0.0,0.21555000895956952,0.0,218.07535068784244,tiny_ttm
2025-03-20 12:10:00,21.06682392368034,0.35764263456065537,1.6039843336125506,15.729191379067991,312.3659514171418,0.0,0.0,1.0,0.0,0.21555000895956952,0.0,213.67829543945072,tiny_ttm
2025-03-20 12:15:00,20.86384646277686,0.3606931759530107,1.5765828585783495,15.583338873637981,314.29932809517425,0.0,0.0,1.0,0.0,0.21555000895956952,0.0,209.36989805540003,tiny_ttm
2025-03-20 12:20:00,20.664961638234875,0.3637055646727415,1.5500673430821956,15.440748560559834,316.19797649318406,0.0,0.0,1.0,0.0,0.21555000895956952,0.0,205.14837092637788,tiny_ttm
2025-03-20 12:25:00,20.470086930190785,0.3665817031846793,1.5246397498589799,15.305180244172611,318.06252041792703,0.0,0.0,1.0,0.0,0.21555000895956952,0.0,201.01196248665434,tiny_ttm
2025-03-20 12:30:00,20.27914148262974,0.36941889484829815,1.5000277433732883,15.172687032607474,319.8935724710297,0.0,0.0,1.0,0.0,0.21555000895956952,0.0,175.7329673313301,tiny_ttm
2025-03-20 12:35:00,20.112209078790645,0.3720026285886652,1.478547622056186,15.053749018126506,321.6917342502614,0.0,0.0,1.0,0.0,0.21555000895956952,0.0,172.18966193765564,tiny_ttm
2025-03-20 12:40:00,19.94864253450474,0.37444171094288065,1.4579718339156114,14.941588295566952,323.45759654719103,0.0,0.0,1.0,0.0,0.21555000895956952,0.0,168.71780024235775,tiny_ttm
2025-03-20 12:45:00,19.78837398391571,0.37662578668367036,1.43852448162948,14.840260408501766,325.19173954129366,0.0,0.0,1.0,0.0,0.21555000895956952,0.0,144.08995256950146,tiny_ttm
2025-03-20 12:50:00,19.651499938500333,0.37854041041562353,1.4219806695341413,14.752355844504912,326.89473299056993,0.0,0.0,1.0,0.0,0.21555000895956952,0.0,162.41065472178107,tiny_ttm
2025-03-20 12:55:00,19.49722267673492,0.38054430220528357,1.4038795236591568,14.65963980457309,328.5671364187421,0.0,0.0,1.0,0.0,0.21555000895956952,0.0,159.13596723653032,tiny_ttm
2025-03-20 13:00:00,19.346056108779763,0.3823996048712143,1.3865801921203684,14.573352201915265,330.20949929908704,0.0,0.0,1.0,0.0,0.21555000895956952,0.0,134.70131814835858,tiny_ttm
2025-03-20 13:05:00,19.21810052264091,0.38408979110733044,1.3718155040587572,14.496216107397178,331.82236123496756,0.0,0.0,1.0,0.0,0.21555000895956952,0.0,131.98533426452502,tiny_ttm
2025-03-20 13:10:00,19.092724906130986,0.3856266102934141,1.3577442617097775,14.42541200340522,333.4062521371206,0.0,0.0,1.0,0.0,0.21555000895956952,0.0,129.32411278805793,tiny_ttm
2025-03-20 13:15:00,18.969877239299265,0.3871325084995249,1.344078478610713,14.3563351126812,334.9616923977611,0.0,0.0,1.0,0.0,0.21555000895956952,0.0,126.71654954404737,tiny_ttm
2025-03-20 13:20:00,18.849506551073755,0.3886079184956504,1.3308046545260883,14.288943692635351,336.4891930615585,0.0,0.0,1.0,0.0,0.21555000895956952,0.0,124.16156262107182,tiny_ttm
2025-03-20 13:25:00,18.73156289811264,0.38992876969364504,1.3181788306241127,14.227752068303761,337.98925599354203,0.0,0.0,1.0,0.0,0.21555000895956952,0.0,121.65809192229952,tiny_ttm
2025-03-20 13:30:00,18.61599734408215,0.39109504295251113,1.3061836944001164,14.172685721772698,339.46237404398977,0.0,0.0,1.0,0.0,0.21555000895956952,0.0,119.20509872564062,tiny_ttm
2025-03-20 13:35:00,18.502761939352258,0.39221164068647635,1.2945792102885905,14.119864211127254,340.9090312103565,0.0,0.0,1.0,0.0,0.21555000895956952,0.0,95.5755760967631,tiny_ttm
2025-03-20 13:40:00,18.411972710054958,0.3930576408365345,1.2854449106505648,14.079424955835842,342.3297027962922,0.0,0.0,1.0,0.0,0.21555000895956952,0.0,93.64848490021656,tiny_ttm
2025-03-20 13:45:00,18.323014064800834,0.39374570078909166,1.2768466097815143,14.04499516253571,343.72485556780487,0.0,0.0,1.0,0.0,0.21555000895956952,0.0,91.76024966071962,tiny_ttm
2025-03-20 13:50:00,18.235849093507433,0.39455065083650986,1.2681972004979474,14.006612906080711,345.09494790661756,0.0,0.0,1.0,0.0,0.21555000895956952,0.0,89.91008692526243,tiny_ttm
2025-03-20 13:55:00,18.150441630310628,0.3953348853456687,1.2597816481249704,13.96925584615543,346.4404299607714,0.0,0.0,1.0,0.0,0.21555000895956952,0.0,88.09722903760516,tiny_ttm
2025-03-20 14:00:00,18.06675623855893,0.39596030367649243,1.251879928470359,13.937873308500826,347.76174379252285,0.0,0.0,1.0,0.0,0.21555000895956952,0.0,86.32092381976757,tiny_ttm
2025-03-20 14:05:00,17.984758196110374,0.3962884370289951,1.2447671115600567,13.917392472727524,349.05932352358496,0.0,0.0,1.0,0.0,0.21555000895956952,0.0,84.5804342599409,tiny_ttm
2025-03-20 14:10:00,17.904413480925854,0.39660046161643536,1.2378520529301151,13.897689380763335,350.33359547775905,0.0,0.0,1.0,0.0,0.21555000895956952,0.0,82.87503820669198,tiny_ttm
2025-03-20 14:15:00,17.825688756952943,0.3967322991515575,1.2314645423067292,13.884629890194851,351.5849783210049,0.0,0.0,1.0,0.0,0.21555000895956952,0.0,81.2040280693334,tiny_ttm
2025-03-20 14:20:00,17.748551360294332,0.39673305498928874,1.2254949859425515,13.876436401374733,352.8138831989946,0.0,0.0,1.0,0.0,0.21555000895956952,0.0,79.56671052433533,tiny_ttm
2025-03-20 14:25:00,17.672969285655178,0.3967215382006704,1.21969516724065,13.868848618369107,354.02071387219587,0.0,0.0,1.0,0.0,0.21555000895956952,0.0,77.96240622765625,tiny_ttm
2025-03-20 14:30:00,17.598911173063673,0.39669824985594304,1.214059744321653,13.86184449133241,355.20586684852873,0.0,0.0,1.0,0.0,0.21555000895956952,0.0,55.164460376869805,tiny_ttm
2025-03-20 14:35:00,17.546509303812613,0.39651296400207775,1.2104245768480708,13.86292114688434,356.36973151363935,0.0,0.0,0.6,0.0,0.21555000895956952,0.0,79.57790584445651,tiny_ttm
2025-03-20 14:40:00,17.673486085541427,0.40264991019904667,1.2077486586419264,13.658312273800213,300.0,0.0,0.0,1.0,0.0,0.21555000895956952,0.0,56.7473866604326,tiny_ttm
2025-03-20 14:45:00,17.619580561662392,0.4025399517323966,1.2038724416656459,13.656571807951197,302.1555000895957,0.0,0.0,1.0,0.0,0.21555000895956952,0.0,55.60318859512746,tiny_ttm
2025-03-20 14:50:00,17.56676193534396,0.4027033599946871,1.1995401900634906,13.645302048200271,304.27228200722266,0.0,0.0,1.0,0.0,0.21555000895956952,0.0,54.482061005657336,tiny_ttm
2025-03-20 14:55:00,17.51500829146088,0.4028841312579768,1.1952673722318141,13.633539100028349,306.3510412280738,0.0,0.0,0.2,0.0,0.21555000895956952,0.0,61.398707302187304,tiny_ttm
2025-03-20 15:00:00,17.83429545614925,0.4135025769602462,1.197879889493544,13.296105662737341,300.0,0.0,0.0,0.6,0.0,0.21555000895956952,0.0,64.09209494301207,tiny_ttm
2025-03-20 15:05:00,17.958627981823877,0.4184924229844167,1.197017004306796,13.137260955499656,300.0,0.0,0.1,0.0,0.0,0.7972141709141718,0.0,266.73008322543404,tiny_ttm
2025-03-20 15:10:00,18.329131337212235,0.42498727177447865,1.2115126876278697,12.953328064669844,300.0,0.0,0.2,0.0,0.0,1.425121936827029,0.0,526.3716708588595,tiny_ttm
2025-03-20 15:15:00,18.675144510745067,0.42586760323541706,1.236157294366541,12.957710355564117,300.0,0.0,0.3,0.0,0.0,1.8218116829486108,0.0,732.2882014732165,tiny_ttm
2025-03-20 15:20:00,18.99956254211165,0.42171198445412544,1.2705934225085136,13.131315433661346,300.0,0.0,0.2,0.0,0.0,1.6258191780058557,0.0,705.374520449465,tiny_ttm
2025-03-20 15:25:00,19.31699418958725,0.4179130864680036,1.3044874691404267,13.293833922690741,300.0,0.0,0.2,0.0,0.0,1.5795755740476007,0.0,732.3230591622257,tiny_ttm
2025-03-20 15:30:00,19.613135786790643,0.4143629820753048,1.3368264109684147,13.447198316300423,300.0,1.0,0.1,1.0,0.0,0.904961768136906,23333.40915167523,491.99918764285724,tiny_ttm
2025-03-20 15:35:00,20.40963660264092,0.38345408912928125,1.4785040017331648,14.651242081173027,309.04961768136906,1.0,0.0,1.0,0.0,0.21555000895956952,23333.40915167523,134.36188435198622,tiny_ttm
2025-03-20 15:40:00,21.202431533683427,0.3630216943551863,1.603842328061972,15.53033933647395,311.0425640066064,1.0,0.1,0.0,0.0,0.8434577748724268,23333.40915167523,621.7688038160228,tiny_ttm
2025-03-20 15:45:00,22.334989908370748,0.35077969737905784,1.751707788533957,16.159840736179568,300.0,0.0,0.2,0.0,0.0,1.3946011582145807,0.0,1055.2136364699054,tiny_ttm
2025-03-20 15:50:00,22.52877488447803,0.35373677657350916,1.7643772894632819,16.061556242804688,300.0,0.0,0.1,1.0,0.0,0.9438063954618403,0.0,697.7043884703297,tiny_ttm
2025-03-20 15:55:00,22.355674062992787,0.3469838148606376,1.7641664890295252,16.319645837888608,309.4380639546184,0.0,0.0,1.0,0.0,0.21555000895956952,0.0,156.13145789619222,tiny_ttm
2025-03-20 16:00:00,22.207361541003824,0.3478428212626306,1.7460254788030103,16.265899880361278,311.42403281338255,0.0,0.0,1.0,0.0,0.21555000895956952,0.0,152.98337791275472,tiny_ttm
2025-03-20 16:05:00,22.062039445723595,0.348670393705654,1.7284484502934063,16.21397999932396,313.37432870503835,0.0,0.0,1.0,0.0,0.21555000895956952,0.0,149.89877269420865,tiny_ttm
2025-03-20 16:10:00,21.9196474811516,0.3495836680030068,1.7111089594643023,16.159032040918827,315.2895924052841,1.0,0.1,0.0,0.0,0.8203359728932993,23333.40915167523,656.5261628931172,tiny_ttm
2025-03-20 16:15:00,22.963320946065718,0.3370637922234101,1.8581907884649274,16.813927924728922,300.0,1.0,0.0,0.0,0.0,0.21555000895956952,23333.40915167523,194.90164631699813,tiny_ttm
2025-03-20 16:20:00,23.997076238649026,0.33050006305101387,1.9972065497133529,17.229604690415318,300.0,1.0,0.0,0.0,0.0,0.21555000895956952,23333.40915167523,216.39954348883475,tiny_ttm
2025-03-20 16:25:00,24.989465084411087,0.323977230333691,2.139954005499023,17.64784704489565,300.0,1.0,0.0,0.0,0.0,0.21555000895956952,23333.40915167523,237.24168763827086,tiny_ttm
2025-03-20 16:30:00,25.951582970190255,0.31782453089925045,2.2863267806667107,18.054786477263377,300.0,0.0,0.0,1.0,0.0,0.21555000895956952,0.0,232.4581813663475,tiny_ttm
2025-03-20 16:35:00,25.73076610471057,0.31966301760445864,2.2505603104471943,17.941029985379153,302.1555000895957,1.0,0.1,0.0,0.0,0.9206845934827127,23333.40915167523,1075.9269367571792,tiny_ttm
2025-03-20 16:40:00,26.628021952396836,0.3065537596398051,2.418701781873265,18.67559089771783,300.0,1.0,0.0,0.0,0.0,0.21555000895956952,23333.40915167523,271.3548057618847,tiny_ttm
2025-03-20 16:45:00,27.52631735697427,0.30086298954812735,2.5704270217536265,19.07486706070629,300.0,0.0,0.1,1.0,0.0,0.8355963621995235,0.0,1028.184339118972,tiny_ttm
2025-03-20 16:50:00,27.243578842962254,0.2967298540027266,2.543211607243975,19.238908599598624,308.3559636219952,0.0,0.2,1.0,0.0,1.425121936827029,0.0,1709.986765712516,tiny_ttm
2025-03-20 16:55:00,26.93918446484968,0.287291675881279,2.531757762939755,19.66897962444992,321.614827401846,0.0,0.2,1.0,0.0,1.5018863193977323,0.0,1756.7551753613143,tiny_ttm
2025-03-20 17:00:00,26.638797672536036,0.27843597338367754,2.518370983800027,20.08113234899215,333.9284394649087,0.0,0.1,1.0,0.0,0.8355963621995235,0.0,996.3759744348474,tiny_ttm
2025-03-20 17:05:00,26.36480608202963,0.27587212625459256,2.486869253631242,20.17495073024194,339.9218630375719,0.0,0.0,1.0,0.0,0.21555000895956952,0.0,262.4552398132658,tiny_ttm
2025-03-20 17:10:00,26.115494386293054,0.27815565983778395,2.4428263883143364,20.01916227988017,341.3602666325483,0.0,0.1,0.0,0.0,0.6894665736914376,0.0,831.7433766081804,tiny_ttm
2025-03-20 17:15:00,26.003560164314372,0.2832185587636519,2.4097031020956354,19.741963226905693,300.0,0.0,0.2,1.0,0.0,1.425121936827029,0.0,1676.4648054036963,tiny_ttm
2025-03-20 17:20:00,25.705133023180423,0.27587064081645485,2.391791239412402,20.078045361474718,314.2512193682703,0.0,0.3,1.0,0.0,1.7760305150299383,0.0,2034.4715326281882,tiny_ttm
2025-03-20 17:25:00,25.39817005720488,0.2678073282142197,2.3747903166986766,20.45850154683061,329.90230781236687,0.0,0.4,1.0,0.0,2.666139515386102,0.0,2963.4529989506714,tiny_ttm
2025-03-20 17:30:00,25.05984677349185,0.2561119552533596,2.364672413678068,21.044083334969926,349.9200592612454,0.0,0.5,1.0,0.0,3.2394798286282183,0.0,3485.832138192204,tiny_ttm
2025-03-20 17:35:00,24.706934054941296,0.24525254337690616,2.349242202795749,21.602356327001733,368.8386054624668,0.0,0.6,1.0,0.0,3.7055349806871822,0.0,3852.8776021837853,tiny_ttm
2025-03-20 17:40:00,24.345898977826778,0.23803529139295654,2.3210682998222305,21.96476096733442,384.6369668890974,0.0,0.7,1.0,0.0,4.4490517564956775,0.0,4456.612035215833,tiny_ttm
2025-03-20 17:45:00,23.967157225270107,0.2328321091138416,2.2844563909611733,22.21248055253885,397.7479639371871,0.0,0.8,1.0,0.0,4.868863304596387,0.0,4690.64180719734,tiny_ttm
2025-03-20 17:50:00,23.58602652982117,0.2307113775202415,2.2388760818089506,22.277659741489632,406.7764740904192,0.0,0.2,1.0,0.0,1.5638527487017941,0.0,1468.3404183294167,tiny_ttm
2025-03-20 17:55:00,23.342537162349053,0.23339212954970623,2.198573716305644,22.07753414921798,408.49977803552144,0.0,0.1,0.0,0.0,0.9821885867471919,0.0,1001.7721719947407,tiny_ttm
2025-03-20 18:00:00,23.14864400065671,0.23672937189427912,2.1635299277705733,21.849018339971163,300.0,0.0,0.2,0.0,0.0,1.5018863193977323,0.0,1498.9337685086136,tiny_ttm
2025-03-20 18:05:00,22.930687611388777,0.23881027084757997,2.1293838354191577,21.692541043000137,300.0,0.0,0.2,0.0,0.0,1.5638527487017941,0.0,1525.9721819635374,tiny_ttm
2025-03-20 18:10:00,22.70922794247215,0.24055862677018128,2.096187574622765,21.556004800993136,300.0,1.0,0.1,1.0,0.0,0.7278487649767893,23333.40915167523,760.4555726831948,tiny_ttm
2025-03-20 18:15:00,23.396008731967818,0.22966849004327788,2.216388987040542,22.309445801165182,307.2784876497679,1.0,0.0,1.0,0.0,0.21555000895956952,23333.40915167523,240.20256509688463,tiny_ttm
2025-03-20 18:20:00,24.08826339712271,0.21993370916894867,2.3398073128663084,23.024986760274665,309.3032478995203,0.0,0.0,0.0,0.0,0.21555000895956952,0.0,235.66103890166423,tiny_ttm
2025-03-20 18:25:00,23.87861684877205,0.22324138689569054,2.3007490079939843,22.78285308105451,300.0,0.0,0.0,0.0,0.0,0.21555000895956952,0.0,231.1316939936187,tiny_ttm
2025-03-20 18:30:00,23.669532614652535,0.22645742472675165,2.2626005280704526,22.54974178400513,300.0,0.0,0.0,0.0,0.0,0.21555000895956952,0.0,226.61428476134566,tiny_ttm
2025-03-20 18:35:00,23.460999356817283,0.22958455848188372,2.2253319516367798,22.32516519737684,300.0,0.0,0.0,0.0,0.0,0.21555000895956952,0.0,229.16078069488555,tiny_ttm
2025-03-20 18:40:00,23.24855104757214,0.232726207064603,2.1880386189854995,22.10193830163604,300.0,0.0,0.0,0.0,0.0,0.21555000895956952,0.0,238.76162255653503,tiny_ttm
2025-03-20 18:45:00,23.021746412089385,0.23563986797247827,2.150063771768452,21.892633445613153,302.1555000895957,0.0,0.0,0.0,0.0,0.21555000895956952,0.0,233.9474698232464,tiny_ttm
2025-03-20 18:50:00,22.799514840502496,0.2385346573994342,2.1133045184421864,21.68760631937817,304.27228200722266,0.0,0.0,0.0,0.0,0.21555000895956952,0.0,229.23038489462118,tiny_ttm
2025-03-20 18:55:00,22.5817641260832,0.24131795751731575,2.0779661067994866,21.49205409908753,306.3510412280738,0.0,0.0,0.0,0.0,0.21555000895956952,0.0,224.60841059164486,tiny_ttm
2025-03-20 19:00:00,22.368403921268307,0.24417358628376545,2.0434956070478116,21.295232182475164,308.39246073486834,0.0,0.0,0.0,0.0,0.21555000895956952,0.0,220.07962919792092,tiny_ttm
2025-03-20 19:05:00,22.159345700173354,0.24700852600402828,2.0101069801731,21.102432162647396,310.39721124224786,0.0,0.0,0.0,0.0,0.21555000895956952,0.0,215.64216166398572,tiny_ttm
2025-03-20 19:10:00,21.954502721862077,0.2499177732305888,1.9775076362629629,20.908270597731462,312.3659514171418,0.0,0.0,0.0,0.0,0.21555000895956952,0.0,211.2941668276668,tiny_ttm
2025-03-20 19:15:00,21.75378999435649,0.25280585886786267,1.9459151511761767,20.718054501634597,314.29932809517425,0.0,0.0,0.0,0.0,0.21555000895956952,0.0,207.03384065016104,tiny_ttm
2025-03-20 19:20:00,21.557124239372623,0.2557045307836316,1.915209150390265,20.529952359945952,316.19797649318406,0.0,0.0,0.0,0.0,0.21555000895956952,0.0,224.08540462352096,tiny_ttm
2025-03-20 19:25:00,21.34426084881408,0.25876770512780123,1.882637555664235,20.332623820714538,318.06252041792703,0.0,0.0,0.0,0.0,0.21555000895956952,0.0,219.5671686038149,tiny_ttm
2025-03-20 19:30:00,21.13568942470518,0.26180919042170736,1.8510903695157688,20.13932319433135,319.8935724710297,0.0,0.0,0.0,0.0,0.21555000895956952,0.0,215.1400338174268,tiny_ttm
2025-03-20 19:35:00,20.931323428087968,0.26492358713994346,1.820293209303502,19.944987669499746,321.6917342502614,0.0,0.0,0.0,0.0,0.21555000895956952,0.0,189.57617423336868,tiny_ttm
2025-03-20 19:40:00,20.75124107384348,0.2678967630293428,1.7929637755263559,19.763719587308152,323.45759654719103,0.0,0.0,0.0,0.0,0.21555000895956952,0.0,185.7537481349874,tiny_ttm
2025-03-20 19:45:00,20.57478972171994,0.27084646572101917,1.7664402901277474,19.586103893139203,325.19173954129366,0.0,0.0,0.0,0.0,0.21555000895956952,0.0,182.0083936482507,tiny_ttm
2025-03-20 19:50:00,20.40189615978907,0.2738594288235082,1.7404852717923902,19.407652537034394,326.89473299056993,0.0,0.0,0.0,0.0,0.21555000895956952,0.0,178.33855677756299,tiny_ttm
2025-03-20 19:55:00,20.232488652295366,0.2768662496020046,1.7152415406258246,19.231885286986447,328.5671364187421,0.0,0.0,0.0,0.0,0.21555000895956952,0.0,195.9687040165608,tiny_ttm
2025-03-20 20:00:00,20.046333900938794,0.2799679747038386,1.6883382689855881,19.050856836046645,330.20949929908704,0.0,0.0,0.0,0.0,0.21555000895956952,0.0,192.01738528292734,tiny_ttm
2025-03-20 20:05:00,19.863932589500504,0.2831468659172421,1.662006092739025,18.868513748457108,331.82236123496756,0.0,0.0,0.0,0.0,0.21555000895956952,0.0,188.1457370242971,tiny_ttm
2025-03-20 20:10:00,19.68520903733782,0.28640394904906147,1.6362203252568064,18.684871309029415,333.4062521371206,0.0,0.0,0.0,0.0,0.21555000895956952,0.0,184.35215284416932,tiny_ttm
2025-03-20 20:15:00,19.510089089757543,0.28974017699611754,1.610957429958221,18.499949375383736,334.9616923977611,0.0,0.0,0.0,0.0,0.21555000895956952,0.0,180.63505873583017,tiny_ttm
2025-03-20 20:20:00,19.33850008724821,0.29305136051879754,1.5864307443251369,18.31874041384427,336.4891930615585,0.0,0.0,0.0,0.0,0.21555000895956952,0.0,176.99291242927734,tiny_ttm
2025-03-20 20:25:00,19.170370835332744,0.2964430742744339,1.5623788426928398,18.136204398848836,337.98925599354203,0.0,0.0,0.0,0.0,0.21555000895956952,0.0,194.65019190731743,tiny_ttm
2025-03-20 20:30:00,18.985468566075742,0.2999191690066215,1.536840236057572,17.949503793003412,339.46237404398977,0.0,0.0,0.0,0.0,0.21555000895956952,0.0,190.72545834514762,tiny_ttm
2025-03-20 20:35:00,18.804294482929237,0.3034713034718615,1.5118437691755195,17.76192157388115,340.9090312103565,0.0,0.0,0.0,0.0,0.21555000895956952,0.0,186.87985922093074,tiny_ttm
2025-03-20 20:40:00,18.626773414443303,0.30699763679223097,1.4875867036568073,17.57811002219485,342.3297027962922,0.0,0.0,0.0,0.0,0.21555000895956952,0.0,183.11179894628583,tiny_ttm
2025-03-20 20:45:00,18.45283170485063,0.31049749880841,1.4640428621636623,17.397993276066025,343.72485556780487,0.0,0.0,0.0,0.0,0.21555000895956952,0.0,179.4197141046949,tiny_ttm
2025-03-20 20:50:00,18.282397183505815,0.31407524274439796,1.4409666065154374,17.21686154925999,345.09494790661756,0.0,0.0,0.0,0.0,0.21555000895956952,0.0,175.80207280282082,tiny_ttm
2025-03-20 20:55:00,18.115399134940805,0.3176255806910813,1.4185584270391942,17.039365536888983,346.4404299607714,1.0,0.1,0.0,0.0,0.6432229697331826,23333.40915167523,571.4622213611075,tiny_ttm
2025-03-20 21:00:00,18.84015578561064,0.3043012968725817,1.5134289773647382,17.728846830478325,350.38336371851545,0.0,0.0,0.0,0.0,0.21555000895956952,0.0,187.6410508427664,tiny_ttm
2025-03-20 21:05:00,18.661911645357666,0.3080271849432902,1.4886454145405894,17.536338019295165,351.63385259969954,0.0,0.0,0.0,0.0,0.21555000895956952,0.0,183.85764265463533,tiny_ttm
2025-03-20 21:10:00,18.48726144330047,0.31183092444272353,1.4643664948959443,17.343079699195318,352.86187957342173,0.0,0.0,0.0,0.0,0.21555000895956952,0.0,180.1505193596752,tiny_ttm
2025-03-20 21:15:00,18.31613271483103,0.3156084781875037,1.4407913244968573,17.15369853875718,354.06784811171156,0.0,0.0,0.0,0.0,0.21555000895956952,0.0,183.52271924638367,tiny_ttm
2025-03-20 21:20:00,18.141800663491317,0.3193580342111334,1.4173052849591397,16.96730750514667,355.2521544392319,1.0,0.1,0.0,0.0,0.6584833590394067,23333.40915167523,586.6972138621117,tiny_ttm
2025-03-20 21:25:00,18.865498485830702,0.3063949654168206,1.5112645495657537,17.637075549987575,358.8051026755168,0.0,0.0,0.0,0.0,0.21555000895956952,0.0,209.40496387882635,tiny_ttm
2025-03-20 21:30:00,18.666580351533092,0.3102927984494011,1.4842047406463137,17.435252509356484,359.90431606439785,0.0,0.0,0.0,0.0,0.21555000895956952,0.0,205.1827297172925,tiny_ttm
2025-03-20 21:35:00,18.471673005358276,0.31418264641083915,1.457937939993773,17.236764201413887,360.9837848319604,0.0,0.0,0.0,0.0,0.21555000895956952,0.0,201.04562850096016,tiny_ttm
2025-03-20 21:40:00,18.28069557774943,0.318145427611665,1.4322632005476983,17.03798576375667,362.0438636409796,0.0,0.0,0.0,0.0,0.21555000895956952,0.0,196.99194369349306,tiny_ttm
2025-03-20 21:45:00,18.09356882972332,0.3220826770432775,1.4073613238178426,16.843201898267274,363.08490078360035,1.0,0.1,0.0,0.0,0.6584833590394067,23333.40915167523,648.3045733312908,tiny_ttm
2025-03-20 21:50:00,18.79643856733312,0.30871603748640586,1.4997235369999526,17.523122452436446,366.20803792627333,0.0,0.0,0.0,0.0,0.21555000895956952,0.0,207.93909879768208,tiny_ttm
2025-03-20 21:55:00,18.598912888790483,0.3127125114269054,1.4727495232803447,17.318503522195588,367.1742760851854,0.0,0.0,0.0,0.0,0.21555000895956952,0.0,203.74642088690356,tiny_ttm
2025-03-20 22:00:00,18.40536992227279,0.3166847192322045,1.44659657935208,17.11799783002954,368.1231581904466,0.0,0.0,0.0,0.0,0.21555000895956952,0.0,199.6382799783779,tiny_ttm
2025-03-20 22:05:00,18.21572936432182,0.32073032868334533,1.4210284712402144,16.917252627164046,369.05499600018356,0.0,0.0,0.0,0.0,0.21555000895956952,0.0,195.61297155177192,tiny_ttm
2025-03-20 22:10:00,18.029912530638708,0.32485015456879474,1.3960201789985658,16.71627237281279,369.97009567256737,1.0,0.1,0.0,0.0,0.6122397550811517,23333.40915167523,659.2391899281531,tiny_ttm
2025-03-20 22:15:00,18.714093417151417,0.31109783950097347,1.4868837086725164,17.405512560761007,372.5226203702474,0.0,0.0,0.0,0.0,0.21555000895956952,0.0,227.4172306888807,tiny_ttm
2025-03-20 22:20:00,18.498065055655946,0.3153686675382439,1.457824583948431,17.187865801644204,373.3754328372949,0.0,0.0,0.0,0.0,0.21555000895956952,0.0,222.83181503038824,tiny_ttm
2025-03-20 22:25:00,18.28639247594745,0.31970910826130605,1.4294894260309612,16.970618515951653,374.2129266597663,0.0,0.0,0.0,0.0,0.21555000895956952,0.0,218.33885514887217,tiny_ttm
2025-03-20 22:30:00,18.078987852358768,0.324120019219999,1.4018468962690507,16.75375809989868,375.0353769988263,1.0,0.1,0.0,0.0,0.6432229697331826,23333.40915167523,695.6260250402905,tiny_ttm
2025-03-20 22:35:00,18.760890571619115,0.3110924913535738,1.4912514043633096,17.411898836067518,377.44556686047196,0.0,0.0,0.0,0.0,0.21555000895956952,0.0,228.41054658214387,tiny_ttm
2025-03-20 22:40:00,18.543918638679123,0.3154539923052891,1.461834215818285,17.190061648784607,378.2099508975132,0.0,0.0,0.0,0.0,0.21555000895956952,0.0,223.80510268640222,tiny_ttm
2025-03-20 22:45:00,18.331321512765598,0.31988565337702146,1.4331514754388612,16.968714435208682,378.96060468571835,0.0,0.0,0.0,0.0,0.21555000895956952,0.0,219.29251839716386,tiny_ttm
2025-03-20 22:50:00,18.12301098460529,0.324295640600254,1.4053641351750779,16.751815726758274,379.6977748546924,0.0,0.0,0.0,0.0,0.21555000895956952,0.0,193.64493222934652,tiny_ttm
2025-03-20 22:55:00,17.93906363244253,0.32849309543735156,1.380578121461546,16.549831442280617,380.42170360395585,1.0,0.1,0.0,0.0,0.6584833590394067,23333.40915167523,638.3035483270421,tiny_ttm
2025-03-20 23:00:00,18.64531449526149,0.31547978062899246,1.4710845086894857,17.20209477060438,382.5935077336162,0.0,0.0,0.0,0.0,0.21555000895956952,0.0,225.95733003868338,tiny_ttm
2025-03-20 23:05:00,18.430672923783877,0.319820452537947,1.4422433192350317,16.98430407102737,383.26542187888,0.0,0.0,0.0,0.0,0.21555000895956952,0.0,221.40135037007167,tiny_ttm
2025-03-20 23:10:00,18.220359172233696,0.32413877071176506,1.414308966705157,16.77089837051414,383.92526676580775,0.0,0.0,0.0,0.0,0.21555000895956952,0.0,216.93723296030876,tiny_ttm
2025-03-20 23:15:00,18.014285978739,0.3284336363802719,1.3872471291378665,16.56178935804259,384.5732591884614,1.0,0.1,0.0,0.0,0.7047269629976618,23333.40915167523,757.4887639952343,tiny_ttm
2025-03-20 23:20:00,18.695208254460365,0.3149271517005414,1.4768737410059223,17.232968458066658,386.65377414354646,0.0,0.0,0.0,0.0,0.21555000895956952,0.0,227.016374430391,tiny_ttm
2025-03-20 23:25:00,18.479560674669315,0.3193613272619867,1.4476439819150135,17.010570011624278,387.25275575039035,0.0,0.0,0.0,0.0,0.21555000895956952,0.0,222.43904124022745,tiny_ttm
2025-03-20 23:30:00,18.268261198960328,0.32368226963807006,1.4195250003694313,16.796589003790988,387.8409781496741,0.0,0.0,0.0,0.0,0.21555000895956952,0.0,217.9540008601589,tiny_ttm
2025-03-20 23:35:00,18.061222156471867,0.3278868860683485,1.3924785927643724,16.590862625943984,388.4186346036715,0.0,0.0,0.0,0.0,0.21555000895956952,0.0,213.55939238942923,tiny_ttm
2025-03-20 23:40:00,17.858357644050766,0.3320664206649578,1.3662754862784738,16.389287305927176,388.9859149031827,1.0,0.1,0.0,0.0,0.6737437483456309,23333.40915167523,713.9410667509403,tiny_ttm
2025-03-20 23:45:00,18.543906683951658,0.3182704101879131,1.4558187225274761,17.066460722158673,390.72721039856935,0.0,0.0,0.0,0.0,0.21555000895956952,0.0,223.8048489354866,tiny_ttm
2025-03-20 23:50:00,18.331309799081406,0.322597131079845,1.4274367431483204,16.851335556891044,391.253022903641,0.0,0.0,0.0,0.0,0.21555000895956952,0.0,219.29226976263024,tiny_ttm
2025-03-20 23:55:00,18.12299950710422,0.3269008110689435,1.3999447604598885,16.6405427937218,391.76939050119773,0.0,0.0,0.0,0.0,0.21555000895956952,0.0,214.87067776403822,tiny_ttm
2025-03-21 00:00:00,17.91888937740921,0.3311803758526602,1.3733091931235006,16.433995165001903,392.2764828453978,1.0,0.1,0.0,0.0,0.7125883756705651,23333.40915167523,759.2359483605444,tiny_ttm
2025-03-21 00:05:00,18.60161351038335,0.31717591640725223,1.4634324501533857,17.12184068085972,393.9227708501539,0.0,0.0,0.0,0.0,0.21555000895956952,0.0,225.02973340755315,tiny_ttm
2025-03-21 00:10:00,18.387853082255095,0.32150829917212836,1.4348087256364417,16.90559413246467,394.39118309822805,0.0,0.0,0.0,0.0,0.21555000895956952,0.0,220.4924568781199,tiny_ttm
2025-03-21 00:15:00,18.178402707553033,0.32581792032058154,1.4070842134152497,16.69370267633034,394.8511814909465,0.0,0.0,0.0,0.0,0.21555000895956952,0.0,219.65508365249354,tiny_ttm
2025-03-21 00:20:00,17.969747771109294,0.3301983645839439,1.379732414351111,16.481660458759194,395.3029171621922,1.0,0.1,0.0,0.0,0.7047269629976618,23333.40915167523,754.4039394073579,tiny_ttm
2025-03-21 00:25:00,18.65165270226735,0.3168401179869528,1.4687432752490959,17.143055405056362,396.7533088441247,0.0,0.0,0.0,0.0,0.21555000895956952,0.0,226.09186475185817,tiny_ttm
2025-03-21 00:30:00,18.436883333465126,0.3212653191071626,1.4397398124576761,16.922386146017672,397.17087755136885,0.0,0.0,0.0,0.0,0.21555000895956952,0.0,221.5331724586202,tiny_ttm
2025-03-21 00:35:00,18.226444361368937,0.3255765800972769,1.4118393287626625,16.710089491617403,397.5809456803973,0.0,0.0,0.0,0.0,0.21555000895956952,0.0,217.06639711890566,tiny_ttm
2025-03-21 00:40:00,18.020248472151227,0.32967758825755866,1.3851966373899147,16.50993970187337,397.9836479603519,1.0,0.1,0.0,0.0,0.7740923689350443,23333.40915167523,832.2910297861447,tiny_ttm
2025-03-21 00:45:00,18.698339263226423,0.3151500463174426,1.476682318025495,17.22353298623051,399.40387213582517,0.0,0.0,0.0,0.0,0.21555000895956952,0.0,205.8568440325017,tiny_ttm
2025-03-21 00:50:00,18.502791561830794,0.3191084813010918,1.4502904281478273,17.024577280349472,399.7738300979631,0.0,0.0,0.0,0.0,0.21555000895956952,0.0,201.7061506431963,tiny_ttm
2025-03-21 00:55:00,18.31118669048918,0.32304134644306803,1.4247015057912682,16.829626338423534,400.13714268992993,0.0,0.0,0.0,0.0,0.21555000895956952,0.0,218.8651368778665,tiny_ttm
2025-03-21 01:00:00,18.103282140930702,0.3270643286184712,1.3978721661587739,16.631100475364686,400.4939292791923,0.0,0.0,0.0,0.0,0.21555000895956952,0.0,214.45215716345416,tiny_ttm
2025-03-21 01:05:00,17.899569572666383,0.3310609768549325,1.3718857027145717,16.43660356830703,400.84430708907865,1.0,0.1,0.0,0.0,0.7047269629976618,23333.40915167523,749.5432266932442,tiny_ttm
2025-03-21 01:10:00,18.583022859537593,0.31648696494540257,1.4632056286664508,17.149682174324024,401.96926819651446,0.0,0.0,0.0,0.0,0.21555000895956952,0.0,224.63512845429813,tiny_ttm
2025-03-21 01:15:00,18.36963727486879,0.32064003498056415,1.435005255468233,16.940879066405948,402.29314522999687,0.0,0.0,0.0,0.0,0.21555000895956952,0.0,220.10580834807027,tiny_ttm
2025-03-21 01:20:00,18.160554185654146,0.3246765614538666,1.4078876016177153,16.740255589708244,402.61120462202354,0.0,0.0,0.0,0.0,0.21555000895956952,0.0,215.66781296369624,tiny_ttm
2025-03-21 01:25:00,17.955686840639302,0.32878090128465826,1.381430083836286,16.539740088316734,402.9235508719834,1.0,0.1,0.0,0.0,0.6663447717123101,23333.40915167523,777.9948091209508,tiny_ttm
2025-03-21 01:30:00,18.61747223124118,0.31397308787992,1.4717565614532129,17.265031546139454,403.87178442163884,0.0,0.0,0.0,0.0,0.21555000895956952,0.0,246.59233960051463,tiny_ttm
2025-03-21 01:35:00,18.383229034629082,0.31816743405516607,1.44145578683234,17.050241876257264,404.16148750600695,0.0,0.0,0.0,0.0,0.21555000895956952,0.0,241.62029604935827,tiny_ttm
2025-03-21 01:40:00,18.1537088856875,0.3223383567174332,1.412155032830305,16.83984926647151,404.4459867985058,0.0,0.0,0.0,0.0,0.21555000895956952,0.0,215.5225147008346,tiny_ttm
2025-03-21 01:45:00,17.94897956251717,0.3263611655090973,1.3858253547962072,16.64156917396157,404.7253757722508,1.0,0.1,0.0,0.0,0.6584833590394067,23333.40915167523,703.6747762638594,tiny_ttm
2025-03-21 01:50:00,18.63312985998036,0.31221532151513126,1.4769737774420917,17.34508320979584,405.56354959471355,0.0,0.0,0.0,0.0,0.21555000895956952,0.0,225.69869910233624,tiny_ttm
2025-03-21 01:55:00,18.41873396741301,0.3162984011725527,1.4486272140974195,17.13668291678307,405.8228643458972,0.0,0.0,0.0,0.0,0.21555000895956952,0.0,221.14793421160965,tiny_ttm
2025-03-21 02:00:00,18.208660941147027,0.32035758063539704,1.4211775637665074,16.932500020368078,406.0775211556691,0.0,0.0,0.0,0.0,0.21555000895956952,0.0,216.68892643411868,tiny_ttm
2025-03-21 02:05:00,18.00282361919047,0.32429855495559334,1.394783421818813,16.736446243613518,406.32760369230533,1.0,0.1,0.0,0.0,0.6584833590394067,23333.40915167523,707.1600684520645,tiny_ttm
2025-03-21 02:10:00,18.68579561650204,0.30977332304234284,1.4871087104821887,17.461045523606483,407.0778574795394,0.0,0.0,0.0,0.0,0.21555000895956952,0.0,226.81658187915824,tiny_ttm
2025-03-21 02:15:00,18.47033782381442,0.31368746008676035,1.4588686023753783,17.25848877421589,407.30997147421124,0.0,0.0,0.0,0.0,0.21555000895956952,0.0,222.24327710799392,tiny_ttm
2025-03-21 02:20:00,18.25922430852979,0.31757673137417103,1.4315280002831925,17.06005488583473,407.53791612108046,0.0,0.0,0.0,0.0,0.21555000895956952,0.0,217.76218392187639,tiny_ttm
2025-03-21 02:25:00,18.052367476943992,0.3214402681824165,1.4050525369018974,16.86565989179238,407.7617663120601,0.0,0.0,0.0,0.0,0.21555000895956952,0.0,213.3714430577906,tiny_ttm
2025-03-21 02:30:00,17.849681501505486,0.3252772386092638,1.3794093905321514,16.67522153801878,407.9815955938172,1.0,0.1,0.0,0.0,0.6663447717123101,23333.40915167523,705.5513340626355,tiny_ttm
2025-03-21 02:35:00,18.53570401125072,0.310730404129263,1.4711645111773053,17.39848450329455,408.6489623388492,0.0,0.0,0.0,0.0,0.21555000895956952,0.0,223.63073909368626,tiny_ttm
2025-03-21 02:40:00,18.32327251694358,0.3147273241465664,1.443292487703884,17.193415314431867,408.8528553613126,0.0,0.0,0.0,0.0,0.21555000895956952,0.0,219.12167049912898,tiny_ttm
2025-03-21 02:45:00,18.115124280758096,0.31869990304919643,1.4163006115299783,16.992500500030097,409.05308595520785,0.0,0.0,0.0,0.0,0.21555000895956952,0.0,235.92950745101936,tiny_ttm
2025-03-21 02:50:00,17.89100993036921,0.3227718142845847,1.3881375490702228,16.787735226529065,409.24971990691074,1.0,0.1,0.0,0.0,0.6584833590394067,23333.40915167523,764.6518141205729,tiny_ttm
2025-03-21 02:55:00,18.55454524088958,0.30856614236044705,1.4775257146458802,17.49789920810994,409.8396266191034,0.0,0.0,0.0,0.0,0.21555000895956952,0.0,245.25665198569158,tiny_ttm
2025-03-21 03:00:00,18.32157084174734,0.3127773336458767,1.4472450146238454,17.279378929605084,410.0221323335438,0.0,0.0,0.0,0.0,0.21555000895956952,0.0,240.31153991587158,tiny_ttm
2025-03-21 03:05:00,18.093293907500872,0.3169664808821033,1.4179580920244053,17.065309457323927,410.20135978895235,0.0,0.0,0.0,0.0,0.21555000895956952,0.0,235.46613618498998,tiny_ttm
2025-03-21 03:10:00,17.869619723123424,0.32113251173325336,1.3896257692195544,16.855600069240516,410.3773678710593,1.0,0.1,0.0,0.0,0.6584833590394067,23333.40915167523,763.2672393536646,tiny_ttm
2025-03-21 03:15:00,18.533623127728788,0.3070903376615875,1.4787411283748035,17.561572980524968,410.9053964649814,0.0,0.0,0.0,0.0,0.21555000895956952,0.0,244.81255943861984,tiny_ttm
2025-03-21 03:20:00,18.301070581341527,0.3113061761864106,1.4484795177497911,17.342027775965953,411.06875828776947,0.0,0.0,0.0,0.0,0.21555000895956952,0.0,239.8764016108025,tiny_ttm
2025-03-21 03:25:00,18.073206994029164,0.3155003431857632,1.4192093973730797,17.126948399271207,411.2291857236938,0.0,0.0,0.0,0.0,0.21555000895956952,0.0,235.03977157746183,tiny_ttm
2025-03-21 03:30:00,17.849937822267886,0.3197597751408706,1.3907117822775192,16.91243109774845,411.3867314816805,1.0,0.1,0.0,0.0,0.6737437483456309,23333.40915167523,779.6089292240832,tiny_ttm
2025-03-21 03:35:00,18.51372876913076,0.3061122334663862,1.4789849422382373,17.60311691991109,411.8703261331005,0.0,0.0,0.0,0.0,0.21555000895956952,0.0,244.39028199875244,tiny_ttm
2025-03-21 03:40:00,18.28157735287403,0.3104167099795054,1.4485778174121653,17.37909593164293,412.01635540600455,0.0,0.0,0.0,0.0,0.21555000895956952,0.0,239.46263855473592,tiny_ttm
2025-03-21 03:45:00,18.054106807701785,0.31470066365244675,1.419162953205352,17.159613880015392,412.159761627985,0.0,0.0,0.0,0.0,0.21555000895956952,0.0,234.63435122959928,tiny_ttm
2025-03-21 03:50:00,17.831222753168436,0.31893387068662743,1.3907607802184994,16.94584102456918,412.3005919155961,1.0,0.1,0.0,0.0,0.6894665736914376,23333.40915167523,796.4881029322364,tiny_ttm
2025-03-21 03:55:00,18.49476284704049,0.3053746598603798,1.478799519509014,17.63399112200143,412.74296562487996,0.0,0.0,0.0,0.0,0.21555000895956952,0.0,243.9877115421307,tiny_ttm
2025-03-21 04:00:00,18.26299384084067,0.30968142019274914,1.4484326420826772,17.4094813405021,412.8733201102614,0.0,0.0,0.0,0.0,0.21555000895956952,0.0,239.06818512983529,tiny_ttm
2025-03-21 04:05:00,18.035897995187934,0.3139678381224479,1.4190555497754491,17.189517602070783,413.0013331031018,0.0,0.0,0.0,0.0,0.21555000895956952,0.0,234.24785117263653,tiny_ttm
2025-03-21 04:10:00,17.81338108510433,0.31823276548517315,1.390629425549005,16.974007851513214,413.12704666246276,1.0,0.1,0.0,0.0,0.6584833590394067,23333.40915167523,759.6269474092344,tiny_ttm
2025-03-21 04:15:00,18.4786151918484,0.30500614101945234,1.4780883512557397,17.64855140879318,413.50419044581463,0.0,0.0,0.0,0.0,0.21555000895956952,0.0,243.64496158812852,tiny_ttm
2025-03-21 04:20:00,18.247171770964794,0.30939978859968437,1.447585662582854,17.419989273150197,413.62087142978163,0.0,0.0,0.0,0.0,0.21555000895956952,0.0,238.73234604622436,tiny_ttm
2025-03-21 04:25:00,18.020394945848622,0.31377408016029573,1.4180737101249297,17.19604249432312,413.73545653148705,1.0,0.1,0.0,0.0,0.6584833590394067,23333.40915167523,837.7562014034569,tiny_ttm
2025-03-21 04:30:00,18.659215280990214,0.3001783809847577,1.5052766965787794,17.893482551830758,414.0792146669866,0.0,0.0,0.0,0.0,0.21555000895956952,0.0,268.7043662778312,tiny_ttm
2025-03-21 04:35:00,18.40396740993909,0.30469296320294326,1.4718540587637716,17.652813633314757,414.1855667779515,0.0,0.0,0.0,0.0,0.21555000895956952,0.0,263.2864777348066,tiny_ttm
2025-03-21 04:40:00,18.153866103997252,0.3091908954299377,1.4395667734179263,17.41704263855439,414.2900085390438,0.0,0.0,0.0,0.0,0.21555000895956952,0.0,257.97783012698255,tiny_ttm
2025-03-21 04:45:00,17.90880759292633,0.31367084695483827,1.408368450620262,17.18606981744626,414.3925742649245,1.0,0.1,0.0,0.0,0.6584833590394067,23333.40915167523,830.5332216825506,tiny_ttm
2025-03-21 04:50:00,18.550069857651064,0.3003759550016509,1.4946085264817905,17.86966577349612,414.7002739760576,0.0,0.0,0.0,0.0,0.21555000895956952,0.0,266.3876467056068,tiny_ttm
2025-03-21 04:55:00,18.297022686747926,0.3048875293032865,1.4616082207356234,17.62973907428287,414.7954703087196,0.0,0.0,0.0,0.0,0.21555000895956952,0.0,239.79048104405408,tiny_ttm
2025-03-21 05:00:00,18.069240717170494,0.30943858506435784,1.4314207528085738,17.39483250150713,414.8889566771851,0.0,0.0,0.0,0.0,0.21555000895956952,0.0,234.95558342787004,tiny_ttm
2025-03-21 05:05:00,17.84605151748503,0.31389874162178655,1.4023512129846498,17.16786664712938,414.9807637966872,1.0,0.1,0.0,0.0,0.6894665736914376,23333.40915167523,797.4929994773994,tiny_ttm
2025-03-21 05:10:00,18.50926532037303,0.30135446250652526,1.488709703348947,17.81922321592167,415.2691467623244,0.0,0.0,0.0,0.0,0.21555000895956952,0.0,244.29554088382244,tiny_ttm
2025-03-21 05:15:00,18.277203900673562,0.3058472289566054,1.4577766934490874,17.583669533409687,415.35412471713835,0.0,0.0,0.0,0.0,0.21555000895956952,0.0,239.36980770575448,tiny_ttm
2025-03-21 05:20:00,18.04982153745719,0.3104094003061579,1.4276650276662166,17.348987448034073,415.4375762553755,0.0,0.0,0.0,0.0,0.21555000895956952,0.0,248.55254497282024,tiny_ttm
2025-03-21 05:25:00,17.813716300957037,0.3149589869251363,1.3973365836376974,17.117063974668927,415.5195287952948,1.0,0.1,0.0,0.0,0.6894665736914376,23333.40915167523,863.0684565435577,tiny_ttm
2025-03-21 05:30:00,18.455637682730718,0.30208142902567103,1.4821735141412706,17.77872031996051,415.77695672279737,0.0,0.0,0.0,0.0,0.21555000895956952,0.0,243.1572412287646,tiny_ttm
2025-03-21 05:35:00,18.224657557569174,0.30665737288979356,1.4512820703835392,17.540134213986413,415.85281314081715,0.0,0.0,0.0,0.0,0.21555000895956952,0.0,238.254459596833,tiny_ttm
2025-03-21 05:40:00,17.998334686739273,0.31121647609700703,1.4213862337835141,17.306345583682408,415.92730698787165,1.0,0.1,0.0,0.0,0.6584833590394067,23333.40915167523,836.3282545975519,tiny_ttm
2025-03-21 05:45:00,18.637637779092323,0.2983439144512103,1.507186747524221,17.975305090228108,416.1507903691185,0.0,0.0,0.0,0.0,0.21555000895956952,0.0,268.2463624565329,tiny_ttm
2025-03-21 05:50:00,18.382824975405153,0.30302084892978914,1.473439718295882,17.726055590698788,416.21993179998714,0.0,0.0,0.0,0.0,0.21555000895956952,0.0,262.8377086486578,tiny_ttm
2025-03-21 05:55:00,18.13314996456012,0.3076837696588237,1.4408316359241198,17.481845880656017,416.2878312778522,0.0,0.0,0.0,0.0,0.21555000895956952,0.0,257.53810957593566,tiny_ttm
2025-03-21 06:00:00,17.888509153194143,0.3123992536075839,1.409176757604436,17.239565338866697,416.3545111112954,1.0,0.1,0.0,0.0,0.6122397550811517,23333.40915167523,771.1167631779363,tiny_ttm
2025-03-21 06:05:00,18.532351174571776,0.2998087513749963,1.494161788912249,17.893392063104013,416.540503879993,0.0,0.0,0.0,0.0,0.21555000895956952,0.0,266.0115501307072,tiny_ttm
2025-03-21 06:10:00,18.279661265634207,0.304507542594539,1.460815337303893,17.644656242335554,416.60264508163164,0.0,0.0,0.0,0.0,0.21555000895956952,0.0,260.64795686376647,tiny_ttm
2025-03-21 06:15:00,18.03206634559293,0.309246612957314,1.4284773026977167,17.398514284413668,416.6636700718894,1.0,0.1,0.0,0.0,0.6122397550811517,23333.40915167523,779.758138134298,tiny_ttm
2025-03-21 06:20:00,18.67279261062351,0.2969819393887802,1.5134367702337443,18.043294069709326,416.8338895567274,0.0,0.0,0.0,0.0,0.21555000895956952,0.0,268.99255852939507,tiny_ttm
2025-03-21 06:25:00,18.41727097975343,0.30174148736905354,1.4793347713504954,17.78912697647414,416.8907608179286,0.0,0.0,0.0,0.0,0.21555000895956952,0.0,263.56885916342196,tiny_ttm
2025-03-21 06:30:00,18.166901433814317,0.30656902581326273,1.446213775005375,17.536458421119182,416.946610529058,0.0,0.0,0.0,0.0,0.21555000895956952,0.0,258.33390744248516,tiny_ttm
2025-03-21 06:35:00,17.925244882271848,0.3116027212663926,1.4140739245059082,17.27963851175877,300.0,0.0,0.0,0.0,0.0,0.21555000895956952,0.0,253.23626391843138,tiny_ttm
2025-03-21 06:40:00,17.689926770341835,0.3166745344961688,1.3830098931873223,17.025975624928268,300.0,1.0,0.1,0.0,0.0,0.6122397550811517,23333.40915167523,759.7043539947057,tiny_ttm
2025-03-21 06:45:00,18.346874309767646,0.304663056223871,1.4666585614642058,17.646560321358656,300.0,1.0,0.2,1.0,0.0,1.0089295012027337,23333.40915167523,1413.3276120309574,tiny_ttm
2025-03-21 06:50:00,18.938497483695908,0.2923628700149167,1.5488814145828318,18.2962134926189,310.0892950120273,1.0,0.3,1.0,0.0,1.4056192473243156,23333.40915167523,2047.6168172804046,tiny_ttm
2025-03-21 06:55:00,19.494890225885147,0.28133993686609265,1.6284714499864126,18.904821256777787,322.96367854686724,1.0,0.2,1.0,0.0,1.0089295012027337,23333.40915167523,1527.027619830422,tiny_ttm
2025-03-21 07:00:00,20.059827923374836,0.27100303395249364,1.7107871677953546,19.50293845626354,331.1222458303887,1.0,0.3,1.0,0.0,1.4056192473243156,23333.40915167523,2202.095083837263,tiny_ttm
2025-03-21 07:05:00,20.588427599250082,0.2619168398101071,1.7895764262754585,20.051755288669117,341.5329359903691,1.0,0.4,1.0,0.0,1.802308993445898,23333.40915167523,2912.5861923554094,tiny_ttm
2025-03-21 07:10:00,21.079904857188254,0.2536968538753842,1.8650368922437806,20.56615049683906,353.31809391985684,1.0,0.5,1.0,0.0,2.19899873956748,23333.40915167523,3653.9296354041053,tiny_ttm
2025-03-21 07:15:00,21.533665143046985,0.24589803945814234,1.9376608153942514,21.06707403514762,365.5375462050395,1.0,0.6,1.0,0.0,2.595688485689062,23333.40915167523,4168.3136446294375,tiny_ttm
2025-03-21 07:20:00,21.97871157755436,0.2419321373368684,2.00151271733514,21.361426950434666,377.3181765565355,1.0,0.7,1.0,0.0,2.992378231810644,23333.40915167523,4927.841892600269,tiny_ttm
2025-03-21 07:25:00,22.386047773452738,0.2383229341987526,2.0615230722423177,21.63385572674519,387.9615231703862,0.0,0.6,0.2,0.0,2.595688485689062,0.0,4162.325721483487,tiny_ttm
2025-03-21 07:30:00,21.95575761941808,0.24922491033903588,1.9794857398077719,20.946944237897053,300.0,1.0,0.7,1.0,0.0,2.992378231810644,23333.40915167523,4921.152502248166,tiny_ttm
2025-03-21 07:35:00,22.36380422906276,0.24459983431326882,2.041772303152185,21.270323213732063,329.9237823181064,0.0,0.6,0.0,0.0,2.595688485689062,0.0,4165.030278887924,tiny_ttm
2025-03-21 07:40:00,21.966125203624735,0.2564840638733606,1.961585837058223,20.549978777339465,300.0,0.0,0.5,0.0,0.0,2.19899873956748,0.0,3451.2303808192605,tiny_ttm
2025-03-21 07:45:00,21.616471345011405,0.26734924762586926,1.892098625971656,19.9198858053071,300.0,0.0,0.6,1.0,0.0,2.595688485689062,0.0,3954.0120495535884,tiny_ttm
2025-03-21 07:50:00,21.157213084335467,0.272148679101141,1.827574808299251,19.60454724313674,325.9568848568906,0.0,0.6,1.0,0.0,2.781587773601247,0.0,3838.396295520475,tiny_ttm
2025-03-21 07:55:00,20.730646333669497,0.2810751109238327,1.7584589372902601,19.093568620284316,347.7559831296779,0.0,0.5,1.0,0.0,2.430216759358755,0.0,3257.061927560705,tiny_ttm
2025-03-21 08:00:00,20.335673152953767,0.288320924151431,1.6988641758811158,18.68321240381217,362.3867015098157,0.0,0.4,1.0,0.0,2.172257825111938,0.0,2830.506601532762,tiny_ttm
2025-03-21 08:05:00,19.96542448404781,0.2952293046171542,1.6442978559816468,18.30200736618232,372.81594638280006,0.0,0.3,1.0,0.0,1.8218116829486108,0.0,2132.932507260016,tiny_ttm
2025-03-21 08:10:00,19.649507589671934,0.3037655119031727,1.5928784057878391,17.861746035600248,379.9793180601908,0.0,0.2,1.0,0.0,1.1939039170357537,0.0,1364.297595719417,tiny_ttm
2025-03-21 08:15:00,19.370345855489006,0.309656854869516,1.5522393810843549,17.556603315389523,383.96105547105583,0.0,0.1,1.0,0.0,0.7509705669559168,0.0,839.0612420984702,tiny_ttm
2025-03-21 08:20:00,19.11743715126439,0.3149033497929921,1.5163742852390516,17.28899731219161,386.2164043548387,0.0,0.0,1.0,0.0,0.21555000895956952,0.0,214.7526112593002,tiny_ttm
2025-03-21 08:25:00,18.913439175399983,0.31934043209212976,1.4875042146982413,17.067316800878007,386.82324221683876,0.0,0.0,1.0,0.0,0.21555000895956952,0.0,210.4225524357553,tiny_ttm
2025-03-21 08:30:00,18.713554412549364,0.3236599070353932,1.4597213263494258,16.85420598417254,387.4191797532896,1.0,0.0,0.1,0.0,0.21555000895956952,23333.40915167523,229.9180918962596,tiny_ttm
2025-03-21 08:35:00,19.613510149990717,0.3166712293629628,1.5598624278765927,17.275269045560798,300.0,1.0,0.0,0.0,0.0,0.21555000895956952,23333.40915167523,228.53128845243984,tiny_ttm
2025-03-21 08:40:00,20.549492341276192,0.31149687689465977,1.6653624975451664,17.629321731187115,300.0,0.0,0.1,1.0,0.0,0.7509705669559168,0.0,778.4873265843868,tiny_ttm
2025-03-21 08:45:00,20.314841744700743,0.3162448079517533,1.63010844797035,17.385504587995342,307.5097056695592,0.0,0.2,1.0,0.0,1.1319374877316921,0.0,1145.5769624924906,tiny_ttm
2025-03-21 08:50:00,20.070145983976666,0.32135931811977564,1.5936296273911803,17.127865732573845,318.1207040994423,0.0,0.3,1.0,0.0,1.5443500591990806,0.0,1523.377518013262,tiny_ttm
2025-03-21 08:55:00,19.815122655367674,0.32616181346565515,1.5575580449937325,16.88635394026055,331.23214548737457,0.0,0.2,1.0,0.0,1.1014167091192437,0.0,1060.8143535826623,tiny_ttm
2025-03-21 09:00:00,19.58344522551844,0.33068674692591693,1.525018976871082,16.663078433879654,339.3796786701139,1.0,0.1,0.0,0.0,0.812474560220396,23333.40915167523,782.3346036633396,tiny_ttm
2025-03-21 09:05:00,20.581129426300453,0.3273226691592221,1.6302583633621357,16.933476125123953,300.0,1.0,0.0,0.0,0.0,0.21555000895956952,23333.40915167523,229.43176648573908,tiny_ttm
2025-03-21 09:10:00,21.59106033041285,0.3238184391341964,1.743554003951904,17.21548358693408,300.0,1.0,0.0,0.0,0.0,0.21555000895956952,23333.40915167523,251.0908396339929,tiny_ttm
2025-03-21 09:15:00,22.59088940346425,0.32117140389300336,1.86028396009537,17.462029979863438,300.0,0.0,0.1,1.0,0.0,0.7819537816079476,0.0,890.5154422744248,tiny_ttm
2025-03-21 09:20:00,22.331680184043712,0.32371440635360127,1.8243674735474198,17.315433464397085,307.8195378160795,0.0,0.2,1.0,0.0,1.3483575542563258,0.0,1497.8368343996285,tiny_ttm
2025-03-21 09:25:00,22.05333600235128,0.32505893659714397,1.7901572659390337,17.220278347404555,320.42448561821743,0.0,0.3,0.0,0.0,1.936958256804666,0.0,1971.968003701449,tiny_ttm
2025-03-21 09:30:00,22.130095528492628,0.34034941149028103,1.7578008819513111,16.57036262016721,300.0,0.0,0.4,1.0,0.0,2.5422066567779784,0.0,2512.5797163430725,tiny_ttm
2025-03-21 09:35:00,21.834288306494248,0.3378376724119404,1.7329622064666803,16.640135278189632,325.4220665677798,0.0,0.5,1.0,0.0,3.278786891992735,0.0,3136.676307070833,tiny_ttm
2025-03-21 09:40:00,21.51898081553085,0.33389648783187137,1.7100125274587374,16.76884333008676,351.2638072685569,0.0,0.6,1.0,0.0,3.6139726448498375,0.0,3341.9835410636456,tiny_ttm
2025-03-21 09:45:00,21.20138884287385,0.3318683159714926,1.6821755886751284,16.815920628529028,371.9647006221037,0.0,0.7,1.0,0.0,3.7466114123697833,0.0,2983.4825492989603,tiny_ttm
2025-03-21 09:50:00,20.923531494979816,0.33608530677064685,1.6432860642090434,16.601213678982376,386.96216735925583,0.0,0.8,0.0,0.0,5.116729021812635,0.0,4118.708436802316,tiny_ttm
2025-03-21 09:55:00,21.00944770102411,0.35038625829781556,1.6163988652870311,16.016418797920473,300.0,0.0,0.9,1.0,0.0,4.064606655922086,0.0,3156.9151893285784,tiny_ttm
2025-03-21 10:00:00,20.72819957629558,0.3436095943487556,1.6052605451995983,16.261521956853425,340.64606655922086,0.0,1.0,1.0,0.0,5.4171516958608,0.0,4037.5684605934016,tiny_ttm
2025-03-21 10:05:00,20.416224024862625,0.34151846085050086,1.5797094271109033,16.310298842213896,376.4687578185493,1.0,0.9,1.0,0.0,5.242431248738842,23333.40915167523,4141.413224396567,tiny_ttm
2025-03-21 10:10:00,21.03049255199175,0.32016082154849823,1.6937948771329023,17.30462062596506,395.4862198442539,1.0,0.8,1.0,0.0,4.376831358480554,23333.40915167523,3376.8774962263983,tiny_ttm
2025-03-21 10:15:00,21.676962705365707,0.3079528162247732,1.793857974775431,17.94085015931429,404.4272766526346,0.0,0.9,1.0,0.0,5.450527466550989,0.0,4034.9658071512804,tiny_ttm
2025-03-21 10:20:00,21.36606021167314,0.31119045963175535,1.7518279413820823,17.75125612730158,411.50057301378587,0.0,1.0,1.0,0.0,5.879587735443351,0.0,4169.068228428322,tiny_ttm
2025-03-21 10:25:00,21.055471883588215,0.3124299241589308,1.715685593655851,17.65392640353982,415.6650002359893,0.0,1.0,1.0,0.0,5.028705422611457,0.0,3427.1662689731365,tiny_ttm
2025-03-21 10:30:00,20.781299368197285,0.31836469105326737,1.6724553665921282,17.351950196720562,417.4816199710143,1.0,0.9,1.0,0.0,5.171678534682711,23333.40915167523,3854.4333002691874,tiny_ttm
2025-03-21 10:35:00,21.415884397053922,0.3011617602098465,1.7827646779415385,18.221077284190372,418.56697429918756,1.0,0.8,1.0,0.0,4.498914472930347,23333.40915167523,3637.40008468585,tiny_ttm
2025-03-21 10:40:00,22.044837457188144,0.28514998560901444,1.8950269598991343,19.078705746303903,419.10422930464307,1.0,0.7,1.0,0.0,3.4229061846619984,23333.40915167523,2654.626519528675,tiny_ttm
2025-03-21 10:45:00,22.716891085863704,0.27492005403270164,2.0022740342319865,19.690081622867922,419.35974089240773,1.0,0.6,0.0,0.0,3.1506117331881223,23333.40915167523,2810.632184664489,tiny_ttm
2025-03-21 10:50:00,23.876526772579243,0.2837720973037402,2.1211914612199454,19.408215727411548,300.0,1.0,0.5,0.0,0.0,2.777043789045668,23333.40915167523,2793.582773559999,tiny_ttm
2025-03-21 10:55:00,25.009508538416796,0.2850327858157843,2.265936463086616,19.506905696472725,300.0,1.0,0.4,0.0,0.0,2.481165099553082,23333.40915167523,2776.658334980167,tiny_ttm
2025-03-21 11:00:00,26.135269131851732,0.2843069325380478,2.424839674723117,19.705391398999115,300.0,1.0,0.3,0.0,0.0,2.0063236627420484,23333.40915167523,2274.9888223627563,tiny_ttm
2025-03-21 11:05:00,27.282678423474945,0.283574257575276,2.5967234223564857,19.908648316695587,300.0,1.0,0.2,0.0,0.0,1.378878332868774,23333.40915167523,1722.7373257137806,tiny_ttm
2025-03-21 11:10:00,28.431600761186793,0.28374124165123116,2.775925910665137,20.066697445017518,300.0,1.0,0.1,0.0,0.0,0.6663447717123101,23333.40915167523,909.3700711160333,tiny_ttm
2025-03-21 11:15:00,29.57924426391631,0.28689533860668204,2.9531958462844283,20.06958720927966,300.0,0.0,0.0,1.0,0.0,0.21555000895956952,0.0,288.23289149263076,tiny_ttm
2025-03-21 11:20:00,29.305445840245238,0.2894247290929062,2.8966791274134596,19.899675416215665,302.1555000895957,0.0,0.0,1.0,0.0,0.21555000895956952,0.0,261.19525996485237,tiny_ttm
2025-03-21 11:25:00,29.05733102559522,0.2917025676227911,2.8463452221578267,19.74774838483077,304.27228200722266,0.0,0.0,1.0,0.0,0.21555000895956952,0.0,255.92877759964696,tiny_ttm
2025-03-21 11:30:00,28.814218952174418,0.2938553679129829,2.798087597660311,19.60406470371791,306.3510412280738,0.0,0.0,1.0,0.0,0.21555000895956952,0.0,250.7684833655231,tiny_ttm
2025-03-21 11:35:00,28.57600874966663,0.29579205073233317,2.7521782542240727,19.472989665658964,308.39246073486834,0.0,0.0,1.0,0.0,0.21555000895956952,0.0,245.712236190243,tiny_ttm
2025-03-21 11:40:00,28.34260158160475,0.2977794964807411,2.7074941472742062,19.34097270530819,310.39721124224786,0.0,0.0,1.0,0.0,0.21555000895956952,0.0,230.14494359402522,tiny_ttm
2025-03-21 11:45:00,28.123982108838845,0.2996614154355367,2.666144672854818,19.21715497794501,312.3659514171418,0.0,0.0,1.0,0.0,0.21555000895956952,0.0,214.8915344578021,tiny_ttm
2025-03-21 11:50:00,27.919852166936266,0.30124561067189576,2.628690003102011,19.11076931487841,314.29932809517425,0.0,0.0,1.0,0.0,0.21555000895956952,0.0,231.78466368056704,tiny_ttm
2025-03-21 11:55:00,27.699675089926682,0.3029367505875516,2.588877849240253,18.9975518009262,316.19797649318406,0.0,0.0,1.0,0.0,0.21555000895956952,0.0,205.88519827555572,tiny_ttm
2025-03-21 12:00:00,27.504100454245336,0.3044462313033771,2.553935069296654,18.897203011364695,318.06252041792703,0.0,0.0,1.0,0.0,0.21555000895956952,0.0,201.73393317939383,tiny_ttm
2025-03-21 12:05:00,27.31246919169425,0.3058186683418896,2.520488645713833,18.804538107104403,319.8935724710297,0.0,0.0,1.0,0.0,0.21555000895956952,0.0,197.66637007853296,tiny_ttm
2025-03-21 12:10:00,27.1247017920057,0.3070529609011275,2.4884895842873487,18.719483681414268,321.6917342502614,0.0,0.0,1.0,0.0,0.21555000895956952,0.0,193.68082128889245,tiny_ttm
2025-03-21 12:15:00,26.940720348078184,0.30825247118096416,2.4575201330530527,18.636987353818757,323.45759654719103,0.0,0.0,1.0,0.0,0.21555000895956952,0.0,189.77563315518088,tiny_ttm
2025-03-21 12:20:00,26.760448523651803,0.30931229959306983,2.42791249771391,18.56199427780066,325.19173954129366,0.0,0.0,1.0,0.0,0.21555000895956952,0.0,164.7231962087683,tiny_ttm
2025-03-21 12:25:00,26.603974530588545,0.3101529236869323,2.4027461539902464,18.500896925420435,326.89473299056993,0.0,0.0,1.0,0.0,0.21555000895956952,0.0,161.40188092881078,tiny_ttm
2025-03-21 12:30:00,26.450655524048365,0.31100258041381257,2.3782219853811126,18.43999293712428,328.5671364187421,0.0,0.0,1.0,0.0,0.21555000895956952,0.0,158.14753335857944,tiny_ttm
2025-03-21 12:35:00,26.30042789000975,0.31159341819709235,2.355234534428483,18.39188178303047,330.20949929908704,0.0,0.0,1.0,0.0,0.21555000895956952,0.0,154.95880322754348,tiny_ttm
2025-03-21 12:40:00,26.153229297101273,0.312156904784138,2.3329539543284143,18.34557801658689,331.82236123496756,0.0,0.0,1.0,0.0,0.21555000895956952,0.0,151.83436749068895,tiny_ttm
2025-03-21 12:45:00,26.00899867073951,0.31269372877509083,2.3113552527121093,18.30102842249802,333.4062521371206,0.0,0.0,1.0,0.0,0.21555000895956952,0.0,148.77292977957035,tiny_ttm
2025-03-21 12:50:00,25.867676167788403,0.31308622733500113,2.290809128232202,18.26371251109826,334.9616923977611,0.0,0.0,1.0,0.0,0.21555000895956952,0.0,124.54723070842572,tiny_ttm
2025-03-21 12:55:00,25.749366160682793,0.3133010930646598,2.274109512533874,18.237831336601754,336.4891930615585,0.0,0.0,1.0,0.0,0.21555000895956952,0.0,122.03598378055511,tiny_ttm
2025-03-21 13:00:00,25.633441639309705,0.313241687586741,2.258738504879233,18.225087990644262,337.98925599354203,0.0,0.0,1.0,0.0,0.21555000895956952,0.0,119.57537114697489,tiny_ttm
2025-03-21 13:05:00,25.51985450509896,0.3131651766115148,2.2438247929654898,18.213456885441786,339.46237404398977,0.0,0.0,1.0,0.0,0.21555000895956952,0.0,117.16437186795588,tiny_ttm
2025-03-21 13:10:00,25.40855762929227,0.3130722371986802,2.229353004147542,18.202898572670968,340.9090312103565,0.0,0.0,1.0,0.0,0.21555000895956952,0.0,114.80198558898596,tiny_ttm
2025-03-21 13:15:00,25.29950483338894,0.3128332831247872,2.2157283345749264,18.199442154771802,342.3297027962922,0.0,0.0,1.0,0.0,0.21555000895956952,0.0,112.48723212570981,tiny_ttm
2025-03-21 13:20:00,25.19265086998578,0.312579906431889,2.2025090385776753,18.19694767588406,343.72485556780487,0.0,0.0,1.0,0.0,0.21555000895956952,0.0,110.21915105723816,tiny_ttm
2025-03-21 13:25:00,25.0879514040034,0.31231277574185773,2.189681569170023,18.195378194044643,345.09494790661756,0.0,0.0,1.0,0.0,0.21555000895956952,0.0,107.99680132765671,tiny_ttm
2025-03-21 13:30:00,24.985362994291023,0.31209889692483844,2.1770229025301133,18.19160641333304,346.4404299607714,0.0,0.0,1.0,0.0,0.21555000895956952,0.0,84.59327169956492,tiny_ttm
2025-03-21 13:35:00,24.90500608455537,0.31150953292698835,2.1684798071244544,18.20831037120519,347.76174379252285,0.0,0.0,1.0,0.0,0.21555000895956952,0.0,82.88761680490592,tiny_ttm
2025-03-21 13:40:00,24.82626941191017,0.3109158616027126,2.1601845538470155,18.225450319362096,349.05932352358496,0.0,0.0,1.0,0.0,0.21555000895956952,0.0,81.21635304515898,tiny_ttm
2025-03-21 13:45:00,24.749120307500462,0.3100320493364037,2.153022627497638,18.256389290494177,350.33359547775905,0.0,0.0,1.0,0.0,0.21555000895956952,0.0,79.57878699156299,tiny_ttm
2025-03-21 13:50:00,24.673526761173697,0.309003622446709,2.14652367152952,18.29437900222087,351.5849783210049,0.0,0.0,1.0,0.0,0.21555000895956952,0.0,77.9742391969671,tiny_ttm
2025-03-21 13:55:00,24.599457408198322,0.3079761640804752,2.140225911990715,18.332621379305532,352.8138831989946,0.0,0.0,1.0,0.0,0.21555000895956952,0.0,76.40204391391953,tiny_ttm
2025-03-21 14:00:00,24.52688151625015,0.3069501398545106,2.134122689404605,18.371092101861933,354.02071387219587,0.0,0.0,1.0,0.0,0.21555000895956952,0.0,74.86154881844016,tiny_ttm
2025-03-21 14:05:00,24.45576897266111,0.305732241893527,2.128801686498038,18.418921993111574,355.20586684852873,0.0,0.0,1.0,0.0,0.21555000895956952,0.0,73.35211473936332,tiny_ttm
2025-03-21 14:10:00,24.386090271925145,0.3046882232322183,2.1231337834583472,18.458852926728415,356.36973151363935,0.0,0.0,1.0,0.0,0.21555000895956952,0.0,71.87311539313717,tiny_ttm
2025-03-21 14:15:00,24.317816503455965,0.30337834136953795,2.1184581259874746,18.51171166246967,357.5126902588339,0.0,0.0,1.0,0.0,0.21555000895956952,0.0,70.4239371239708,tiny_ttm
2025-03-21 14:20:00,24.2509193395917,0.3023694382844798,2.113043473295145,18.55058842965154,358.63511860671457,0.0,0.0,1.0,0.0,0.21555000895956952,0.0,69.0039786492204,tiny_ttm
2025-03-21 14:25:00,24.185371023841373,0.3012159009758143,2.108240690333742,18.59665895946467,359.7373853345584,1.0,0.0,1.0,0.0,0.21555000895956952,23333.40915167523,87.14964729631184,tiny_ttm
2025-03-21 14:30:00,25.023013841663516,0.2843238415524072,2.2700083903010273,19.544663133928594,360.8198525954803,1.0,0.0,1.0,0.0,0.21555000895956952,23333.40915167523,104.92944466401018,tiny_ttm
2025-03-21 14:35:00,25.843767259850328,0.26877737890159875,2.435128252665012,20.473307740296242,361.8828760374197,1.0,0.0,1.0,0.0,0.21555000895956952,23333.40915167523,122.35074781819749,tiny_ttm
2025-03-21 14:40:00,26.647971819517867,0.25440398901747924,2.6036510607975636,21.38539224239744,362.9268049199896,1.0,0.0,1.0,0.0,0.21555000895956952,23333.40915167523,139.42078508091046,tiny_ttm
2025-03-21 14:45:00,27.435961195448623,0.2411163300394895,2.7753928100106218,22.280023853779735,363.95198222922687,1.0,0.0,1.0,0.0,0.21555000895956952,23333.40915167523,156.14663902946384,tiny_ttm
2025-03-21 14:50:00,28.20806233453746,0.22893151243210277,2.949796318382944,23.150224307128717,364.95874479028157,0.0,0.1,0.0,0.0,0.858718164178651,0.0,648.7669956674096,tiny_ttm
2025-03-21 14:55:00,28.517475769119184,0.2439016760407833,2.9449634694624036,22.28860861735119,300.0,1.0,0.0,1.0,0.0,0.21555000895956952,23333.40915167523,179.10285564225651,tiny_ttm
2025-03-21 15:00:00,29.26777032017608,0.23165555756152853,3.1253794694146735,23.156372592309957,302.1555000895957,0.0,0.1,0.0,0.0,0.8281973855662027,0.0,709.5544117255901,tiny_ttm
2025-03-21 15:05:00,29.524831188540166,0.24444031414955483,3.1192329175829205,22.41857578027903,300.0,0.0,0.2,0.0,0.0,1.5943735273142425,0.0,1244.1438642936635,tiny_ttm
2025-03-21 15:10:00,29.764517364446597,0.24837081270939254,3.1460743593750777,22.22405329814435,300.0,1.0,0.1,1.0,0.0,0.8203359728932993,23333.40915167523,700.0786405889844,tiny_ttm
2025-03-21 15:15:00,30.491589852151982,0.2302328215278543,3.359064094417824,23.449951117080712,308.203359728933,1.0,0.0,1.0,0.0,0.21555000895956952,23333.40915167523,221.00537976142752,tiny_ttm
2025-03-21 15:20:00,31.202080323278047,0.21918896364316298,3.5480610439168334,24.28658553284128,310.2115069632728,0.0,0.1,0.0,0.0,0.858718164178651,0.0,895.4161273231388,tiny_ttm
2025-03-21 15:25:00,31.375480080495677,0.2298368178930948,3.534319506178429,23.623415341759113,300.0,0.0,0.2,0.0,0.0,1.6720627819641107,0.0,1766.8588216040998,tiny_ttm
2025-03-21 15:30:00,31.51436882736497,0.23189918863972486,3.552743038305535,23.51567464570938,300.0,0.0,0.2,0.0,0.0,1.5943735273142425,0.0,1706.8361713403665,tiny_ttm
2025-03-21 15:35:00,31.65211144063456,0.23426727797757305,3.5695507741173866,23.38931598142222,300.0,0.0,0.3,0.0,0.0,1.8675928508672834,0.0,2020.473298606234,tiny_ttm
2025-03-21 15:40:00,31.764772373750564,0.23307262620363467,3.598001741728921,23.483326621020257,300.0,0.0,0.2,0.0,0.0,1.5018863193977323,0.0,1642.4744006907463,tiny_ttm
2025-03-21 15:45:00,31.881668373641066,0.23530757418400866,3.61132351696845,23.3622039214699,300.0,0.0,0.3,0.0,0.0,2.099273306698141,0.0,2312.949453607162,tiny_ttm
2025-03-21 15:50:00,31.96304247308812,0.23078535253843926,3.649432041566785,23.661683939802614,300.0,0.0,0.2,1.0,0.0,1.4556427154394773,0.0,1563.743167796893,tiny_ttm
2025-03-21 15:55:00,31.689184471835997,0.21951776819791324,3.645955847210773,24.348896085061973,314.5564271543948,0.0,0.1,1.0,0.0,0.7972141709141718,0.0,837.2147221529923,tiny_ttm
2025-03-21 16:00:00,31.449506609043745,0.21526610436594942,3.6163468700776704,24.592323866974247,321.56151969642286,0.0,0.0,1.0,0.0,0.21555000895956952,0.0,221.8011139691652,tiny_ttm
2025-03-21 16:05:00,31.238813113729044,0.21600376919385206,3.569980172263664,24.505838917874144,323.3297209723731,0.0,0.0,1.0,0.0,0.21555000895956952,0.0,217.32893612237456,tiny_ttm
2025-03-21 16:10:00,31.032367833246756,0.216812618957357,3.5246704784518963,24.415640446272782,325.06616093158385,1.0,0.0,0.0,0.0,0.21555000895956952,23333.40915167523,239.37493993069316,tiny_ttm
2025-03-21 16:15:00,32.050058451921075,0.21832097606991474,3.7268466299509106,24.491316048852322,300.0,1.0,0.0,0.0,0.0,0.21555000895956952,23333.40915167523,260.7223834191283,tiny_ttm
2025-03-21 16:20:00,33.035502034338634,0.21930882376565647,3.934401515682762,24.596139664144523,300.0,1.0,0.0,0.0,0.0,0.21555000895956952,23333.40915167523,281.25832839180714,tiny_ttm
2025-03-21 16:25:00,33.98348511217977,0.21959139338746644,4.14693331602591,24.74194735451651,300.0,1.0,0.0,0.0,0.0,0.21555000895956952,23333.40915167523,301.09440455596115,tiny_ttm
2025-03-21 16:30:00,34.89916075113397,0.21936316205830655,4.36438905630607,24.91710628684193,300.0,1.0,0.0,0.0,0.0,0.21555000895956952,23333.40915167523,320.2764791911069,tiny_ttm
2025-03-21 16:35:00,35.78464628278086,0.21880082613384177,4.586033356545789,25.110539246137723,300.0,1.0,0.0,0.0,0.0,0.21555000895956952,23333.40915167523,338.8812505728577,tiny_ttm
2025-03-21 16:40:00,36.6434822633246,0.21795691351972504,4.812138666916034,25.319729092629952,300.0,0.0,0.0,1.0,0.0,0.21555000895956952,0.0,332.0483848834847,tiny_ttm
2025-03-21 16:45:00,36.32806259038992,0.21938968967616035,4.721203170642241,25.165480818661916,302.1555000895957,1.0,0.1,0.0,0.0,0.904961768136906,23333.40915167523,1464.8470723987077,tiny_ttm
2025-03-21 16:50:00,37.10630777275123,0.21096005496270875,4.979253023306099,25.894085868238435,300.0,1.0,0.0,0.0,0.0,0.21555000895956952,23333.40915167523,387.27164926588426,tiny_ttm
2025-03-21 16:55:00,37.87728641268345,0.2094378235449566,5.20203073090776,26.142538372810307,300.0,0.0,0.1,1.0,0.0,0.9206845934827127,0.0,1616.280091851751,tiny_ttm
2025-03-21 17:00:00,37.46785933803207,0.20411887077851057,5.122096368517115,26.45613976015779,309.20684593482713,0.0,0.2,1.0,0.0,1.2558703463398155,0.0,2151.3424302451876,tiny_ttm
2025-03-21 17:05:00,37.045065522198385,0.19595411709391955,5.057061124167105,26.989681743957984,320.80199899881956,0.0,0.1,1.0,0.0,0.7972141709141718,0.0,1335.0297988444916,tiny_ttm
2025-03-21 17:10:00,36.66287314014357,0.19258797187837148,4.973504376683483,27.176009519081298,327.3921700091945,0.0,0.2,1.0,0.0,1.5333319700893457,0.0,2502.8289818856824,tiny_ttm
2025-03-21 17:15:00,36.24160419911255,0.18380561665327597,4.913106761234922,27.78643380877003,339.22538220965293,0.0,0.2,1.0,0.0,1.6868607352307525,0.0,2682.177072902936,tiny_ttm
2025-03-21 17:20:00,35.82129960477176,0.17450298734560848,4.855853331587913,28.46638709833347,350.58000980580357,0.0,0.2,1.0,0.0,1.5333319700893457,0.0,2376.4213319563255,tiny_ttm
2025-03-21 17:25:00,35.42130723405752,0.16805255481611983,4.787277712213458,28.934868301357874,359.45033399980775,0.0,0.3,0.0,0.0,2.0756890686794307,0.0,3256.625243717372,tiny_ttm
2025-03-21 17:30:00,35.11131277787462,0.16405334230086724,4.728735847568697,29.22069649846438,300.0,0.0,0.2,0.5,0.0,1.7950707684930691,0.0,2840.364533887692,tiny_ttm
2025-03-21 17:35:00,34.74441195666622,0.15925015321871194,4.660386374641344,29.573309346845278,300.0,0.0,0.3,1.0,0.0,1.8218116829486108,0.0,2806.567214964881,tiny_ttm
2025-03-21 17:40:00,34.32872041678349,0.15300286654245993,4.588018944598944,30.05912497389183,318.2181168294861,0.0,0.2,0.0,0.0,1.4870883661310907,0.0,2247.8662399627633,tiny_ttm
2025-03-21 17:45:00,34.04068538746423,0.15320535170593294,4.514047206659369,29.98013086343544,300.0,0.0,0.3,0.0,0.0,2.099273306698141,0.0,3101.191196265775,tiny_ttm
2025-03-21 17:50:00,33.69919316602716,0.15075704919283017,4.441755713050848,30.137149799014544,300.0,0.0,0.2,0.0,0.0,1.5638527487017941,0.0,2261.1114970963836,tiny_ttm
2025-03-21 17:55:00,33.38666260639463,0.14981539226863946,4.369717672477076,30.16002341413289,300.0,0.0,0.3,0.0,0.0,2.0299079007607586,0.0,2865.4164891908804,tiny_ttm
2025-03-21 18:00:00,33.04576377427531,0.14783442168918384,4.297078530715632,30.2756749491415,300.0,0.0,0.4,0.0,0.0,2.2961906837200616,0.0,3159.221890219873,tiny_ttm
2025-03-21 18:05:00,32.690084149654275,0.14529662268554291,4.224663196620669,30.44321967554921,300.0,0.0,0.5,0.0,0.0,3.1238708187325805,0.0,4476.969506070679,tiny_ttm
2025-03-21 18:10:00,32.26018002802157,0.1395938923020096,4.1511376934768975,30.90956919988769,300.0,0.0,0.6,0.0,0.0,3.242174069025467,0.0,4506.080837711327,tiny_ttm
2025-03-21 18:15:00,31.82918507652366,0.1364263062156303,4.0662085760643025,31.134126993788996,300.0,0.0,0.7,0.0,0.0,4.125346528787892,0.0,5538.760548075456,tiny_ttm
2025-03-21 18:20:00,31.35937353865765,0.1347170510184876,3.967199779693826,31.20538678245077,300.0,0.0,0.8,0.0,0.0,4.2510487557141,0.0,5508.929297022536,tiny_ttm
2025-03-21 18:25:00,30.89451616195082,0.1342646652101061,3.865705946419052,31.149873198595024,300.0,0.0,0.2,0.0,0.0,1.5943735273142425,0.0,2015.0650804856914,tiny_ttm
2025-03-21 18:30:00,30.57572235571312,0.1359868323800949,3.7884939716519326,30.905638538073678,300.0,0.0,0.2,0.0,0.0,1.378878332868774,0.0,1700.8131752076738,tiny_ttm
2025-03-21 18:35:00,30.2733919141084,0.13829345050216732,3.713630238707296,30.60968834224054,300.0,0.0,0.2,0.0,0.0,1.5333319700893457,0.0,1994.506232319355,tiny_ttm
2025-03-21 18:40:00,29.942946175087002,0.14018029503899473,3.6359855178131353,30.353020897143438,300.0,0.0,0.2,0.0,0.0,1.471365540785284,0.0,1865.9760195425379,tiny_ttm
2025-03-21 18:45:00,29.618839474572763,0.141902381707983,3.5617622314997726,30.116657154574582,314.71365540785285,0.0,0.2,0.0,0.0,1.5333319700893457,0.0,1895.399244121695,tiny_ttm
2025-03-21 18:50:00,29.29981135152436,0.14429127700492192,3.4871864898913936,29.82058374393701,328.1668985892681,0.0,0.1,0.0,0.0,0.7509705669559168,0.0,907.6500505219724,tiny_ttm
2025-03-21 18:55:00,29.02622870147511,0.14678489494745423,3.4225525054837695,29.52861367463391,333.9138949419129,0.0,0.0,0.0,0.0,0.21555000895956952,0.0,255.26860000514688,tiny_ttm
2025-03-21 19:00:00,28.783743744494004,0.14891148636699691,3.366482722873748,29.281185016012078,335.4602166682933,0.0,0.0,0.0,0.0,0.21555000895956952,0.0,267.9514478288158,tiny_ttm
2025-03-21 19:05:00,28.529211086350834,0.15111802481642508,3.308601968579393,29.027168417203402,336.9787625895091,0.0,0.0,0.0,0.0,0.21555000895956952,0.0,265.94489865218054,tiny_ttm
2025-03-21 19:10:00,28.276584491040175,0.15340181279894685,3.251665909851533,28.76995441410875,338.47003162848125,0.0,0.0,0.0,0.0,0.21555000895956952,0.0,260.58264927959806,tiny_ttm
2025-03-21 19:15:00,28.029051608032585,0.1557058075107253,3.1964683252494788,28.515415748671032,339.9345137462274,0.0,0.1,0.0,0.0,0.7509705669559168,0.0,887.6696550641859,tiny_ttm
2025-03-21 19:20:00,27.761491421745912,0.1586338605753759,3.1361056672978034,28.206250208890104,344.94508238002715,0.0,0.2,0.0,0.0,1.378878332868774,0.0,1589.6469458210856,tiny_ttm
2025-03-21 19:25:00,27.47119522327628,0.16218869256058327,3.0703655698143977,27.844602804251004,353.56938235347974,0.0,0.1,0.0,0.0,0.7972141709141718,0.0,898.4645692028558,tiny_ttm
2025-03-21 19:30:00,27.21398275191968,0.16542061870382954,3.0128341221044543,27.523258485286227,357.98266816767864,0.0,0.0,0.0,0.0,0.21555000895956952,0.0,245.24471260091605,tiny_ttm
2025-03-21 19:35:00,26.981019694247575,0.1678238401902021,2.9634103136570613,27.27978751099721,359.09665453702075,0.0,0.0,0.0,0.0,0.21555000895956952,0.0,236.69142310849733,tiny_ttm
2025-03-21 19:40:00,26.756181584315122,0.1702171625264507,2.9161297552037895,27.0418331254321,360.1906309253718,0.0,0.0,0.0,0.0,0.21555000895956952,0.0,249.53658282469857,tiny_ttm
2025-03-21 19:45:00,26.5191415897751,0.172600238355149,2.867489877439874,26.80535653883123,361.26495676203035,0.0,0.0,0.0,0.0,0.21555000895956952,0.0,244.50517447105256,tiny_ttm
2025-03-21 19:50:00,26.286881034767255,0.1749718626914558,2.8204013137635,26.573649291477253,362.31998502004575,0.0,0.0,0.0,0.0,0.21555000895956952,0.0,239.57521444908838,tiny_ttm
2025-03-21 19:55:00,26.05930355140951,0.17742222177861514,2.774498237116411,26.33959698566832,363.35606233218886,0.0,0.0,0.0,0.0,0.21555000895956952,0.0,234.74465725518593,tiny_ttm
2025-03-21 20:00:00,25.836314714886253,0.17986065783044927,2.730035618449563,26.110252261598717,364.373529104839,0.0,0.0,0.0,0.0,0.21555000895956952,0.0,230.01149862923313,tiny_ttm
2025-03-21 20:05:00,25.61782200427028,0.18237974951977032,2.686652777692449,25.87851102704714,365.3727196298258,0.0,0.0,0.0,0.0,0.21555000895956952,0.0,225.3737747230324,tiny_ttm
2025-03-21 20:10:00,25.40373476413467,0.1848863534771775,2.6446095648644024,25.651424247896077,366.35396219426144,0.0,0.0,0.0,0.0,0.21555000895956952,0.0,220.82956128547485,tiny_ttm
2025-03-21 20:15:00,25.193964166938677,0.1873798221050578,2.6038562282623436,25.428898213264564,367.3175791884008,0.0,0.0,0.0,0.0,0.21555000895956952,0.0,216.37697286414402,tiny_ttm
2025-03-21 20:20:00,24.988423176172066,0.18985953082900503,2.5643452023976794,25.210841106705807,368.2638872115635,0.0,0.0,0.0,0.0,0.21555000895956952,0.0,212.01416202301743,tiny_ttm
2025-03-21 20:25:00,24.787026510242534,0.1923248781284538,2.526030998028766,24.997162967619293,369.19319717615355,0.0,0.0,0.0,0.0,0.21555000895956952,0.0,228.9653077319466,tiny_ttm
2025-03-21 20:30:00,24.56952759813808,0.1948733351212879,2.485570533801023,24.77723636972184,370.1058144098108,0.0,0.0,0.0,0.0,0.21555000895956952,0.0,224.34867818217458,tiny_ttm
2025-03-21 20:35:00,24.3564141185457,0.19740736410764004,2.4463668899207547,24.561739181355385,371.00203875572714,0.0,0.0,0.0,0.0,0.21555000895956952,0.0,219.82513377534818,tiny_ttm
2025-03-21 20:40:00,24.147597647950388,0.19992635794470048,2.4083731633277154,24.35058217578789,371.8821646711608,0.0,0.0,0.0,0.0,0.21555000895956952,0.0,215.39279763489688,tiny_ttm
2025-03-21 20:45:00,23.942991545721267,0.20242973301758196,2.3715445190334563,24.143677924078283,372.74648132418133,0.0,0.0,0.0,0.0,0.21555000895956952,0.0,211.04983072772907,tiny_ttm
2025-03-21 20:50:00,23.74251091816327,0.2048191944510635,2.336125216259563,23.947484959345225,373.59527268867663,0.0,0.0,0.0,0.0,0.21555000895956952,0.0,206.79443110119396,tiny_ttm
2025-03-21 20:55:00,23.546072583293668,0.20722402807925333,2.3016872081654296,23.75309794599146,374.4288176376535,0.0,0.0,0.0,0.0,0.21555000895956952,0.0,202.6248331354281,tiny_ttm
2025-03-21 21:00:00,23.353595036328795,0.20957829094758276,2.2683825620806393,23.564795896231765,375.24739003486195,0.0,0.0,0.0,0.0,0.21555000895956952,0.0,198.5393068107773,tiny_ttm
2025-03-21 21:05:00,23.164998415866666,0.2119143892647709,2.2360773346314744,23.380300864786314,376.05125882477444,0.0,0.0,0.0,0.0,0.21555000895956952,0.0,194.53615698998897,tiny_ttm
2025-03-21 21:10:00,22.98020447075146,0.21433424215213764,2.2044485382519445,23.192985630503685,376.8406881209479,0.0,0.0,0.0,0.0,0.21555000895956952,0.0,190.6137227148782,tiny_ttm
2025-03-21 21:15:00,22.79913652760611,0.21673552103933869,2.1737541254561377,23.009442085635563,377.61593729279946,0.0,0.0,0.0,0.0,0.21555000895956952,0.0,186.77037651717484,tiny_ttm
2025-03-21 21:20:00,22.621719459019534,0.21911780099916126,2.143961115714298,22.829594267781072,378.37726105082277,0.0,0.0,0.0,0.0,0.21555000895956952,0.0,183.004523743266,tiny_ttm
2025-03-21 21:25:00,22.44787965237532,0.22148067937645574,2.115037907679834,22.653367744849675,379.1249095302742,0.0,0.0,0.0,0.0,0.21555000895956952,0.0,182.71076015751476,tiny_ttm
2025-03-21 21:30:00,22.274318897876388,0.2238257466990104,2.0865394724121873,22.48003418921821,379.85912837335525,0.0,0.0,0.0,0.0,0.21555000895956952,0.0,186.24359777765403,tiny_ttm
2025-03-21 21:35:00,22.09740222738025,0.22622633089878652,2.0578088808875568,22.30448111504551,380.5801588099193,0.0,0.0,0.0,0.0,0.21555000895956952,0.0,193.10136102618898,tiny_ttm
2025-03-21 21:40:00,21.913971224818695,0.22864980243978683,2.028558214727818,22.128236420798462,381.28823773672815,0.0,0.0,0.0,0.0,0.21555000895956952,0.0,189.2078565549423,tiny_ttm
2025-03-21 21:45:00,21.734238743204084,0.23105280970835587,2.0001769157836,21.95556440518756,381.98359779528556,0.0,0.0,0.0,0.0,0.21555000895956952,0.0,185.3928568492087,tiny_ttm
2025-03-21 21:50:00,21.55813020922545,0.2334349836284891,1.9726341503343614,21.786392642976683,382.666467448272,0.0,0.0,0.0,0.0,0.21555000895956952,0.0,181.65477901669826,tiny_ttm
2025-03-21 21:55:00,21.385572553194162,0.23579597720336906,1.9459003781241404,21.62065017781085,383.3370710546068,0.0,0.0,0.0,0.0,0.21555000895956952,0.0,177.99207208099256,tiny_ttm
2025-03-21 22:00:00,21.21649417872638,0.23824221639413448,1.919678270133823,21.452121417937622,383.9956289431621,0.0,0.0,0.0,0.0,0.21555000895956952,0.0,174.40321633802444,tiny_ttm
2025-03-21 22:05:00,21.050824933036782,0.24066689032989172,1.8942145416404714,21.2869919333477,384.6423574851525,0.0,0.0,0.0,0.0,0.21555000895956952,0.0,170.8867227255335,tiny_ttm
2025-03-21 22:10:00,20.888496077831295,0.24306966355892434,1.869483085317725,21.12519316206684,385.27746916522455,0.0,0.0,0.0,0.0,0.21555000895956952,0.0,167.4411322052351,tiny_ttm
2025-03-21 22:15:00,20.729440260786678,0.24545022245021403,1.8454588589413348,20.966657924948393,385.9011726512691,0.0,0.0,0.0,0.0,0.21555000895956952,0.0,185.29100431345157,tiny_ttm
2025-03-21 22:20:00,20.553428478651988,0.24793781861532183,1.8195415591464066,20.801031190243364,386.51367286297994,0.0,0.0,0.0,0.0,0.21555000895956952,0.0,181.55498013453158,tiny_ttm
2025-03-21 22:25:00,20.38096562365635,0.25040274963061415,1.794389275093888,20.638773614620817,387.1151710391806,0.0,0.0,0.0,0.0,0.21555000895956952,0.0,177.8942854445805,tiny_ttm
2025-03-21 22:30:00,20.211980138750086,0.2528446918296772,1.7699751093176572,20.479816638172363,387.7058648039422,0.0,0.0,0.0,0.0,0.21555000895956952,0.0,174.30740137443786,tiny_ttm
2025-03-21 22:35:00,20.046401909688946,0.25515590696373996,1.7465252025434448,20.32986407082718,388.28594823151315,0.0,0.0,0.0,0.0,0.21555000895956952,0.0,170.79283967991557,tiny_ttm
2025-03-21 22:40:00,19.88416223594282,0.25742488356096643,1.7238012215080465,20.183966979281703,388.85561191008327,0.0,0.0,0.0,0.0,0.21555000895956952,0.0,167.34914212430655,tiny_ttm
2025-03-21 22:45:00,19.725193802191004,0.25968846496409687,1.7016931250889797,20.04008109125068,389.41504300440175,0.0,0.0,0.0,0.0,0.21555000895956952,0.0,163.9748798733434,tiny_ttm
2025-03-21 22:50:00,19.569430650392203,0.26181720538245684,1.6804737886187078,19.90493424520176,389.96442531727087,0.0,0.0,0.0,0.0,0.21555000895956952,0.0,160.66865290235683,tiny_ttm
2025-03-21 22:55:00,19.416808152417698,0.2640332118708775,1.659613112055968,19.76678650412994,390.50393934993485,0.0,0.0,0.0,0.0,0.21555000895956952,0.0,157.42908941538764,tiny_ttm
2025-03-21 23:00:00,19.267262983236314,0.26622473420100135,1.6393467635339576,19.631469263193683,391.03376236138433,0.0,0.0,0.0,0.0,0.21555000895956952,0.0,154.2548452760106,tiny_ttm
2025-03-21 23:05:00,19.12073309464004,0.2683916413311599,1.6196547192091502,19.498924463804155,391.55406842659505,0.0,0.0,0.0,0.0,0.21555000895956952,0.0,151.14460344963555,tiny_ttm
2025-03-21 23:10:00,18.97715768949945,0.27053381996224535,1.6005177525776202,19.369095241344496,392.06502849372094,0.0,0.0,0.0,0.0,0.21555000895956952,0.0,148.0970734570523,tiny_ttm
2025-03-21 23:15:00,18.836477196538166,0.27265117403821765,1.5819173978819658,19.241925900513376,392.5668104402596,0.0,0.0,0.0,0.0,0.21555000895956952,0.0,145.11099083899464,tiny_ttm
2025-03-21 23:20:00,18.698633245616,0.27474362424421717,1.5638359153995247,19.117361891180312,393.0595791282089,0.0,0.0,0.0,0.0,0.21555000895956952,0.0,142.1851166314999,tiny_ttm
2025-03-21 23:25:00,18.563568643510425,0.27681110750331656,1.5462562585057684,18.99534978474201,393.543496458233,0.0,0.0,0.0,0.0,0.21555000895956952,0.0,139.31823685184682,tiny_ttm
2025-03-21 23:30:00,18.431227350186365,0.2788535764728847,1.5291620424132772,18.87583725096937,394.0187214228552,0.0,0.0,0.0,0.0,0.21555000895956952,0.0,136.50916199485863,tiny_ttm
2025-03-21 23:35:00,18.301554455544476,0.28087099904148427,1.512537514492708,18.758773035334826,394.4854101586956,0.0,0.0,0.0,0.0,0.21555000895956952,0.0,133.7567265393621,tiny_ttm
2025-03-21 23:40:00,18.174496156638238,0.28274262473531125,1.4966194461088733,18.649949877608346,394.94371599776997,1.0,0.1,0.0,0.0,0.6968655503247584,23333.40915167523,486.06557962240424,tiny_ttm
2025-03-21 23:45:00,18.940325040927508,0.26873862774145824,1.6007729142929297,19.454863232177132,396.39878775946227,0.0,0.0,0.0,0.0,0.21555000895956952,0.0,147.3152640578773,tiny_ttm
2025-03-21 23:50:00,18.80038720498915,0.27087145288668774,1.582216751626495,19.32633130067942,396.8227245519543,0.0,0.0,0.0,0.0,0.21555000895956952,0.0,144.34494506973493,tiny_ttm
2025-03-21 23:55:00,18.66327093688971,0.2729795358863863,1.564176624398292,19.200424249949794,397.2390463794947,0.0,0.0,0.0,0.0,0.21555000895956952,0.0,141.43451664994433,tiny_ttm
2025-03-22 00:00:00,18.528919345331587,0.27518088152718245,1.546383711099382,19.07121797777479,397.6478900258971,0.0,0.0,0.0,0.0,0.21555000895956952,0.0,138.5827712244396,tiny_ttm
2025-03-22 00:05:00,18.39727668611693,0.2773571683661213,1.5290782098878448,18.944629881691508,398.0493898179957,0.0,0.0,0.0,0.0,0.21555000895956952,0.0,135.7885255674816,tiny_ttm
2025-03-22 00:10:00,18.26828833901864,0.2796283314408929,1.5119924977030037,18.81473487386369,398.44367766977894,0.0,0.0,0.0,0.0,0.21555000895956952,0.0,154.27660946672728,tiny_ttm
2025-03-22 00:15:00,18.121737776164547,0.28201867828323457,1.4931744796768498,18.677597559204457,398.83088312573017,1.0,0.1,0.0,0.0,0.620101167754055,23333.40915167523,490.38618098406073,tiny_ttm
2025-03-22 00:20:00,18.868820026700686,0.268914580187396,1.5932593134702584,19.435468214922178,399.9247993002349,0.0,0.0,0.0,0.0,0.21555000895956952,0.0,167.02348855730378,tiny_ttm
2025-03-22 00:25:00,18.710160938051178,0.2716325223215155,1.5716767134443488,19.27486477870437,400.2854001077932,0.0,0.0,0.0,0.0,0.21555000895956952,0.0,163.65579246212775,tiny_ttm
2025-03-22 00:30:00,18.55470089402662,0.27432565812100934,1.5507093506458285,19.117495550377207,400.63952362307646,0.0,0.0,0.0,0.0,0.21555000895956952,0.0,181.58198840947543,tiny_ttm
2025-03-22 00:35:00,18.382212383308392,0.2771242477374989,1.5281274085787748,18.953969797067103,400.98728619445205,0.0,0.0,0.0,0.0,0.21555000895956952,0.0,177.92074915143482,tiny_ttm
2025-03-22 00:40:00,18.213201759976098,0.2800029874054367,1.5059908969069822,18.788615407285434,401.32880208037966,0.0,0.0,0.0,0.0,0.21555000895956952,0.0,174.3333314933339,tiny_ttm
2025-03-22 00:45:00,18.04759889935524,0.2829629008464605,1.4842803798442623,18.62145387641448,401.66418348695134,1.0,0.1,0.0,0.0,0.6122397550811517,23333.40915167523,539.9145146346871,tiny_ttm
2025-03-22 00:50:00,18.774803797241553,0.27015293204624513,1.5812460519516685,19.35894037018037,402.5996764712148,0.0,0.0,0.0,0.0,0.21555000895956952,0.0,186.25389024632082,tiny_ttm
2025-03-22 00:55:00,18.597877349715176,0.2730900062983264,1.557553410587205,19.18545058457002,402.9122297955922,0.0,0.0,0.0,0.0,0.21555000895956952,0.0,161.2724622337104,tiny_ttm
2025-03-22 01:00:00,18.444681280687533,0.2759913824251912,1.5365259741125228,19.01891809576285,403.21916888064715,0.0,0.0,0.0,0.0,0.21555000895956952,0.0,158.02072413378704,tiny_ttm
2025-03-22 01:05:00,18.29457410537129,0.27875545520660505,1.516323033341417,18.861226288254414,403.5205945721576,0.0,0.0,0.0,0.0,0.21555000895956952,0.0,154.83455085828595,tiny_ttm
2025-03-22 01:10:00,18.14749354237489,0.2813807331537786,1.4969207705703709,18.712201305442317,403.81660590445927,0.0,0.0,0.0,0.0,0.21555000895956952,0.0,151.71262042306523,tiny_ttm
2025-03-22 01:15:00,18.003378566087026,0.2838658504033471,1.4782962188428828,18.571678706018957,404.1073001329834,1.0,0.1,0.0,0.0,0.7588319796288201,23333.40915167523,590.9787630447453,tiny_ttm
2025-03-22 01:20:00,18.74925920335373,0.27065208605456953,1.5776438073212051,19.32998537631432,405.11229087479467,0.0,0.0,0.0,0.0,0.21555000895956952,0.0,164.48569181745827,tiny_ttm
2025-03-22 01:25:00,18.59301082065582,0.2732439019726319,1.556749465789363,19.177045150680424,405.37971136107177,0.0,0.0,0.0,0.0,0.21555000895956952,0.0,161.1691653406691,tiny_ttm
2025-03-22 01:30:00,18.43991287549717,0.2758105637005392,1.5364505960224784,19.02719662890615,405.64232830666447,0.0,0.0,0.0,0.0,0.21555000895956952,0.0,157.91951001692502,tiny_ttm
2025-03-22 01:35:00,18.289901845577475,0.2783517975148586,1.5167270627721967,18.880377319460493,405.9002279951759,0.0,0.0,0.0,0.0,0.21555000895956952,0.0,154.73537752256843,tiny_ttm
2025-03-22 01:40:00,18.14291548939713,0.2808673519075009,1.4975595375014819,18.73652599394514,406.1534951603399,0.0,0.0,0.0,0.0,0.21555000895956952,0.0,151.6154467202037,tiny_ttm
2025-03-22 01:45:00,17.998892820432445,0.2833569970939519,1.4789294610858592,18.59558266155768,406.40221301386055,1.0,0.1,0.0,0.0,0.7047269629976618,23333.40915167523,548.6352997023914,tiny_ttm
2025-03-22 01:50:00,18.74634432214795,0.27018998818558576,1.5783557595549198,19.352925164983127,407.20077360771313,0.0,0.0,0.0,0.0,0.21555000895956952,0.0,164.4238205805934,tiny_ttm
2025-03-22 01:55:00,18.590154712225893,0.2727855878902672,1.5574527842573378,19.19958435470723,407.4306797213409,0.0,0.0,0.0,0.0,0.21555000895956952,0.0,161.10854161410714,tiny_ttm
2025-03-22 02:00:00,18.43711435480709,0.27535608582607757,1.5371452572905075,19.049342136481496,407.65645614623094,0.0,0.0,0.0,0.0,0.21555000895956952,0.0,136.63411949109945,tiny_ttm
2025-03-22 02:05:00,18.307322760438325,0.27776768246531663,1.519614411777969,18.911578381779123,407.8781770619203,0.0,0.0,0.0,0.0,0.21555000895956952,0.0,133.87916451648744,tiny_ttm
2025-03-22 02:10:00,18.180148155148867,0.2801536527783793,1.5025546803429393,18.77657881576576,408.0959153154961,0.0,0.0,0.0,0.0,0.21555000895956952,0.0,131.1797577236942,tiny_ttm
2025-03-22 02:15:00,18.05553777256448,0.2823921983712834,1.4862031004543157,18.650176012467927,408.3097424455294,1.0,0.1,0.0,0.0,0.6968655503247584,23333.40915167523,477.91789025202405,tiny_ttm
2025-03-22 02:20:00,18.823987626937246,0.26960398764472154,1.5873058660283677,19.39391546795139,408.9886205925406,0.0,0.0,0.0,0.0,0.21555000895956952,0.0,166.07187652608732,tiny_ttm
2025-03-22 02:25:00,18.666232494365563,0.2723156284005315,1.56589505370683,19.23415666588059,409.1864125033685,0.0,0.0,0.0,0.0,0.21555000895956952,0.0,183.94935694882165,tiny_ttm
2025-03-22 02:30:00,18.491495170991133,0.2752352813466696,1.5426479941498585,19.063143532099357,409.3806515768505,0.0,0.0,0.0,0.0,0.21555000895956952,0.0,180.24038441772672,tiny_ttm
2025-03-22 02:35:00,18.320281077832362,0.2781302730289326,1.5200864450646498,18.895587606014118,409.57140163083005,0.0,0.0,0.0,0.0,0.21555000895956952,0.0,176.6061959329834,tiny_ttm
2025-03-22 02:40:00,18.152519175966866,0.28110601176137734,1.4979657311820442,18.726268968623973,409.7587253368226,0.0,0.0,0.0,0.0,0.21555000895956952,0.0,173.04528362319556,tiny_ttm
2025-03-22 02:45:00,17.98813985883069,0.28405650974567437,1.4764872638691724,18.560361031358127,409.94268424060635,1.0,0.1,0.0,0.0,0.7972141709141718,23333.40915167523,697.9171625610034,tiny_ttm
2025-03-22 02:50:00,18.710895556150483,0.271580990045839,1.571860108120677,19.277565933767512,410.6108371276686,0.0,0.0,0.0,0.0,0.21555000895956952,0.0,184.89737461394236,tiny_ttm
2025-03-22 02:55:00,18.535257691061407,0.27450675085522497,1.5484363478101377,19.10567448205104,410.7794899727731,0.0,0.0,0.0,0.0,0.21555000895956952,0.0,181.16928719417774,tiny_ttm
2025-03-22 03:00:00,18.363161213818643,0.2774079651392873,1.525704344278616,18.93725800691107,410.9451133910215,0.0,0.0,0.0,0.0,0.21555000895956952,0.0,177.51636923443624,tiny_ttm
2025-03-22 03:05:00,18.19453471938734,0.28028418467127036,1.503639721159524,18.7722462651981,411.1077617984959,0.0,0.0,0.0,0.0,0.21555000895956952,0.0,152.71111593621728,tiny_ttm
2025-03-22 03:10:00,18.04947125142621,0.28300807372972997,1.4843615377337431,18.619534069584606,411.26748863382966,1.0,0.1,0.0,0.0,0.6968655503247584,23333.40915167523,614.4862434409337,tiny_ttm
2025-03-22 03:15:00,18.773989439802772,0.27020922363268907,1.5810436276894353,19.355973036587095,411.7746041620716,0.0,0.0,0.0,0.0,0.21555000895956952,0.0,186.23660470415615,tiny_ttm
2025-03-22 03:20:00,18.597079412172725,0.27314588657234984,1.5573559059352708,19.182537871028845,411.92235284095176,0.0,0.0,0.0,0.0,0.21555000895956952,0.0,182.4815143760922,tiny_ttm
2025-03-22 03:25:00,18.423736423013693,0.276162283675422,1.5341485013845462,19.00745472933342,412.0674475840772,0.0,0.0,0.0,0.0,0.21555000895956952,0.0,178.80213796793308,tiny_ttm
2025-03-22 03:30:00,18.25388855009705,0.27904905144941833,1.5118417432547737,18.841050940026253,412.20993606277085,0.0,0.0,0.0,0.0,0.21555000895956952,0.0,175.1969488592339,tiny_ttm
2025-03-22 03:35:00,18.087465321362707,0.28191058067177127,1.4901873202691793,18.678010677459365,412.34986509205964,0.0,0.0,0.0,0.0,0.21555000895956952,0.0,171.66445121081142,tiny_ttm
2025-03-22 03:40:00,17.924397685679356,0.28474646503621975,1.4691625008433666,18.51826596206902,412.48728064605535,1.0,0.1,0.0,0.0,0.7357101776496926,23333.40915167523,639.6064347262813,tiny_ttm
2025-03-22 03:45:00,18.65047585985023,0.27149561598126676,1.5661153072597636,19.273108005264184,412.9478793202656,0.0,0.0,0.0,0.0,0.21555000895956952,0.0,183.61490679546407,tiny_ttm
2025-03-22 03:50:00,18.476056237638605,0.27431713015313464,1.5431092850537094,19.106608409427896,413.07455304324066,0.0,0.0,0.0,0.0,0.21555000895956952,0.0,179.9126777858057,tiny_ttm
2025-03-22 03:55:00,18.30515343983125,0.2771137550083955,1.5207833652565328,18.943487326994035,413.1989513893722,0.0,0.0,0.0,0.0,0.21555000895956952,0.0,176.28509685281588,tiny_ttm
2025-03-22 04:00:00,18.137696556666214,0.2798850968072236,1.4991135822652737,18.78367619600342,413.3211152301185,0.0,0.0,0.0,0.0,0.21555000895956952,0.0,172.7306588666564,tiny_ttm
2025-03-22 04:05:00,17.973616108135708,0.2826307872540202,1.4780769694156972,18.62710784673111,413.44108470278417,1.0,0.1,0.0,0.0,0.6432229697331826,23333.40915167523,562.4968409079048,tiny_ttm
2025-03-22 04:10:00,18.701467072829576,0.2695856956601755,1.5752368222523787,19.376994070564578,413.79265511742614,0.0,0.0,0.0,0.0,0.21555000895956952,0.0,184.6972457292152,tiny_ttm
2025-03-22 04:15:00,18.526019314334114,0.2724220862917568,1.5519876872674452,19.208541294551637,413.904154554514,0.0,0.0,0.0,0.0,0.21555000895956952,0.0,180.9731935099452,tiny_ttm
2025-03-22 04:20:00,18.354109110564018,0.27533839232633434,1.529205961653386,19.038316524246344,414.01365118287987,0.0,0.0,0.0,0.0,0.21555000895956952,0.0,177.32422938891455,tiny_ttm
2025-03-22 04:25:00,18.185665133771685,0.2782300085123577,1.5070918906909658,18.871527885328497,414.12118097797696,0.0,0.0,0.0,0.0,0.21555000895956952,0.0,173.74883936412613,tiny_ttm
2025-03-22 04:30:00,18.02061749439153,0.2812032283283138,1.485401579729786,18.702919676376432,414.22677926904936,1.0,0.1,0.0,0.0,0.620101167754055,23333.40915167523,606.1526576076742,tiny_ttm
2025-03-22 04:35:00,18.726428591135488,0.2685870798068285,1.5798542232790624,19.431333306516418,414.52511101212974,0.0,0.0,0.0,0.0,0.21555000895956952,0.0,206.45306780209893,tiny_ttm
2025-03-22 04:40:00,18.530314524369736,0.27175454178770925,1.5538294561147517,19.242677241521854,414.6234537096621,0.0,0.0,0.0,0.0,0.21555000895956952,0.0,202.2903527475891,tiny_ttm
2025-03-22 04:45:00,18.338154707288034,0.27499679327341353,1.5283970302772283,19.05298590855523,414.7200299264166,0.0,0.0,0.0,0.0,0.21555000895956952,0.0,198.21157055399294,tiny_ttm
2025-03-22 04:50:00,18.149869410318594,0.2782159578623321,1.5037375115500966,18.867125139662704,414.8148713928055,0.0,0.0,0.0,0.0,0.21555000895956952,0.0,194.2150288822844,tiny_ttm
2025-03-22 04:55:00,17.965380511477704,0.2814114028531601,1.479822759957582,18.685017588870185,414.90800926928364,1.0,0.1,0.0,0.0,0.6432229697331826,23333.40915167523,625.2091795866904,tiny_ttm
2025-03-22 05:00:00,18.671586921312304,0.2690816268107501,1.5733810971369317,19.398204652598153,415.18094971925575,0.0,0.0,0.0,0.0,0.21555000895956952,0.0,205.28899911313485,tiny_ttm
2025-03-22 05:05:00,18.476578627626207,0.27234201483608345,1.5473598501294472,19.205410910413175,415.2675119135217,0.0,0.0,0.0,0.0,0.21555000895956952,0.0,201.1497551860227,tiny_ttm
2025-03-22 05:10:00,18.28550228791165,0.2754817123685496,1.5223390572319246,19.021373807313267,415.3525192343085,0.0,0.0,0.0,0.0,0.21555000895956952,0.0,197.0939708712724,tiny_ttm
2025-03-22 05:15:00,18.098278622145504,0.2784983649383574,1.4982859558943271,18.84593392937255,415.4359996110322,0.0,0.0,0.0,0.0,0.21555000895956952,0.0,193.11996337197266,tiny_ttm
2025-03-22 05:20:00,17.91482994882845,0.2813897493107973,1.4751691073487625,18.678939197863116,415.51798047142665,1.0,0.1,0.0,0.0,0.6432229697331826,23333.40915167523,622.0127107533863,tiny_ttm
2025-03-22 05:25:00,18.622139588848306,0.2682240104295607,1.5703621302007864,19.434568374009228,415.75822529739094,0.0,0.0,0.0,0.0,0.21555000895956952,0.0,204.23943057046063,tiny_ttm
2025-03-22 05:30:00,18.42812830216939,0.2711970017594469,1.5450974203457712,19.25591313396054,415.8344181786536,0.0,0.0,0.0,0.0,0.21555000895956952,0.0,200.12134910327143,tiny_ttm
2025-03-22 05:35:00,18.238028866800807,0.2740474642631181,1.5208157815015064,19.08580835739779,415.90924244522967,0.0,0.0,0.0,0.0,0.21555000895956952,0.0,174.86031139357016,tiny_ttm
2025-03-22 05:40:00,18.07192541700276,0.27684061989165076,1.499243906805826,18.923665879175044,415.9827226808615,0.0,0.0,0.0,0.0,0.21555000895956952,0.0,171.33460136938177,tiny_ttm
2025-03-22 05:45:00,17.909171112550148,0.2796085493584337,1.4782991407277233,18.764802387661874,416.05488302770596,1.0,0.1,0.0,0.0,0.6432229697331826,23333.40915167523,558.4217839934846,tiny_ttm
2025-03-22 05:50:00,18.63842854357579,0.2668804658303421,1.5748494646782198,19.505467498706114,416.2663488489446,0.0,0.0,0.0,0.0,0.21555000895956952,0.0,183.35919059086393,tiny_ttm
2025-03-22 05:55:00,18.464251831510072,0.26973489402277406,1.5517052000298266,19.334910459357488,416.3334145605331,0.0,0.0,0.0,0.0,0.21555000895956952,0.0,179.66211758932832,tiny_ttm
2025-03-22 06:00:00,18.293587046049172,0.2725651298526621,1.5292426983309453,19.167801155371812,416.39927560422706,0.0,0.0,0.0,0.0,0.21555000895956952,0.0,176.0395887038233,tiny_ttm
2025-03-22 06:05:00,18.126363376185516,0.2752647207503734,1.507658564255348,19.009322346122115,416.46395361887454,0.0,0.0,0.0,0.0,0.21555000895956952,0.0,172.49010090067006,tiny_ttm
2025-03-22 06:10:00,17.96251143867451,0.27793901686973255,1.4867053168774347,18.854063019499762,416.5274698546356,1.0,0.1,0.0,0.0,0.6122397550811517,23333.40915167523,534.7927047166976,tiny_ttm
2025-03-22 06:15:00,18.691563069498695,0.2650506014526394,1.5840360289024624,19.607107711196228,416.7046382717781,0.0,0.0,0.0,0.0,0.21555000895956952,0.0,184.4870234619129,tiny_ttm
2025-03-22 06:20:00,18.516315005511068,0.26781565259010165,1.5608648390705122,19.439884190628614,416.7638312092817,0.0,0.0,0.0,0.0,0.21555000895956952,0.0,180.76720995610066,tiny_ttm
2025-03-22 06:25:00,18.344600469806654,0.27055643303357796,1.5383795365533022,19.276054125717415,416.8219608936012,0.0,0.0,0.0,0.0,0.21555000895956952,0.0,177.12239908331037,tiny_ttm
2025-03-22 06:30:00,18.176348215823044,0.27337824410023503,1.5163353548969742,19.11027700304446,416.8790464234227,0.0,0.0,0.0,0.0,0.21555000895956952,0.0,173.66222392940574,tiny_ttm
2025-03-22 06:35:00,18.01661914094327,0.27627088759712826,1.4952184360527503,18.94386420113432,300.0,1.0,0.0,1.0,0.0,0.21555000895956952,23333.40915167523,189.69766743988637,tiny_ttm
2025-03-22 06:40:00,18.756849459725146,0.2635932918545869,1.593668504912276,19.69191480253838,302.1555000895957,1.0,0.1,0.0,0.0,0.6122397550811517,23333.40915167523,643.4336397686823,tiny_ttm
2025-03-22 06:45:00,19.457218304892848,0.2519333789087299,1.6911418562020486,20.413914373546742,300.0,0.0,0.2,0.0,0.0,1.0089295012027337,0.0,1037.0996411122394,tiny_ttm
2025-03-22 06:50:00,19.228067869707935,0.2552243818258652,1.659867164364052,20.202195013068295,300.0,1.0,0.3,1.0,0.0,1.4056192473243156,23333.40915167523,1536.4555086529374,tiny_ttm
2025-03-22 06:55:00,19.8764265593698,0.24251374966929667,1.7575730854053098,20.997795688096762,314.0561924732432,1.0,0.4,1.0,0.0,1.802308993445898,23333.40915167523,2081.561478126118,tiny_ttm
2025-03-22 07:00:00,20.491955366164756,0.2305875169484703,1.8544774729168094,21.781724619545333,329.9681488986911,1.0,0.5,1.0,0.0,2.238305802931997,23333.40915167523,2606.2285867515884,tiny_ttm
2025-03-22 07:05:00,21.085826529948474,0.22071315939043898,1.9481722758966242,22.47382372865108,346.7613834627552,1.0,0.6,1.0,0.0,2.734419297563827,23333.40915167523,3203.0938438845924,tiny_ttm
2025-03-22 07:10:00,21.65570348503626,0.21321129819425833,2.0367901302093463,23.03931836105441,363.45014066161514,0.0,0.5,1.0,0.0,2.430216759358755,0.0,2764.862420711886,tiny_ttm
2025-03-22 07:15:00,21.320417718649917,0.2166985005487124,1.9865840857254797,22.76232440793551,374.9025086535754,0.0,0.4,1.0,0.0,1.802308993445898,0.0,1996.507814827707,tiny_ttm
2025-03-22 07:20:00,21.022388210630126,0.2201349113656119,1.9420390717939835,22.498875088807228,381.6758098398679,0.0,0.3,1.0,0.0,1.5443500591990806,0.0,1516.1528840961123,tiny_ttm
2025-03-22 07:25:00,20.768574332841926,0.22444941430750834,1.9013958876239285,22.193382520500933,386.6079736184143,1.0,0.2,1.0,0.0,1.0551731051609887,23333.40915167523,1107.280503767682,tiny_ttm
2025-03-22 07:30:00,21.44161986456131,0.21540254881098886,2.004695808685829,22.864191896500195,389.5441709654706,1.0,0.1,1.0,0.0,0.6584833590394067,23333.40915167523,735.5630755932993,tiny_ttm
2025-03-22 07:35:00,22.114989433779716,0.20674589391387038,2.1118767628975834,23.536288838737686,391.2153923492195,0.0,0.2,0.0,0.0,1.1319374877316921,0.0,1245.0315920420628,tiny_ttm
2025-03-22 07:40:00,21.94439771139221,0.2143227998140615,2.0700739515706905,23.017645146751025,300.0,0.0,0.1,0.0,0.0,0.7047269629976618,0.0,765.3551698271717,tiny_ttm
2025-03-22 07:45:00,21.806276368715853,0.22170707238217763,2.0334111527924215,22.532498801208426,300.0,1.0,0.2,1.0,0.0,1.224424695648202,23333.40915167523,1388.3033606862055,tiny_ttm
2025-03-22 07:50:00,22.452003570345685,0.21184683428426992,2.141747000068726,23.26254025920664,312.244246956482,1.0,0.1,0.0,0.0,0.6663447717123101,23333.40915167523,753.6423677007012,tiny_ttm
2025-03-22 07:55:00,23.253827373144585,0.2088224269170969,2.256923885718808,23.597089750709987,300.0,1.0,0.0,0.0,0.0,0.21555000895956952,23333.40915167523,261.47505075412147,tiny_ttm
2025-03-22 08:00:00,24.070246765967326,0.20636190164716833,2.3779446819754035,23.90167733929594,300.0,1.0,0.0,0.0,0.0,0.21555000895956952,23333.40915167523,279.09016229910736,tiny_ttm
2025-03-22 08:05:00,24.883397934863957,0.20466942461002097,2.5017604297521565,24.157699289622013,300.0,0.0,0.0,1.0,0.0,0.21555000895956952,0.0,273.4628648579197,tiny_ttm
2025-03-22 08:10:00,24.623629866955625,0.20746795479750935,2.454610258950539,23.924486230856342,302.1555000895957,0.0,0.0,1.0,0.0,0.21555000895956952,0.0,267.94903066542105,tiny_ttm
2025-03-22 08:15:00,24.369099504926282,0.21025180217643394,2.4090444250156184,23.69607784109002,304.27228200722266,0.0,0.1,1.0,0.0,0.6584833590394067,0.0,800.6440922760254,tiny_ttm
2025-03-22 08:20:00,24.09841945734999,0.2124764765257719,2.363614581786842,23.504027284118507,310.62268004704345,0.0,0.2,1.0,0.0,1.1014167091192437,0.0,1199.5125354851655,tiny_ttm
2025-03-22 08:25:00,23.83645092312475,0.21510941165795555,2.318953153779101,23.289166004935947,320.66184736328245,0.0,0.3,1.0,0.0,1.6830808710738459,0.0,1785.5741597939161,tiny_ttm
2025-03-22 08:30:00,23.55618144557149,0.217729473820409,2.272569646919009,23.074510624449573,334.5946927358386,0.0,0.4,1.0,0.0,2.172257825111938,0.0,2240.5574076363496,tiny_ttm
2025-03-22 08:35:00,23.263101967383548,0.22043912197635981,2.2250312439683,22.854562323971166,350.05488832006057,0.0,0.5,1.0,0.0,2.5851328326189096,0.0,2588.1078085578733,tiny_ttm
2025-03-22 08:40:00,22.961699522022094,0.22217655908405365,2.180002482019077,22.69596216311573,365.1230053771446,0.0,0.6,1.0,0.0,3.242174069025467,0.0,3142.296416765098,tiny_ttm
2025-03-22 08:45:00,22.643723731954395,0.2212321199485869,2.1410116675636295,22.701472365718377,379.9497361231672,0.0,0.7,1.0,0.0,3.6397886872262144,0.0,3056.0537291784244,tiny_ttm
2025-03-22 08:50:00,22.3544670943162,0.22326846432442646,2.0982377663627805,22.52752730089674,392.0976109047773,0.0,0.8,1.0,0.0,4.561805774313574,0.0,3688.3080923067578,tiny_ttm
2025-03-22 08:55:00,22.044968335713442,0.2235455350181866,2.0583532880699966,22.459198572142768,402.7047175457549,0.0,0.9,1.0,0.0,4.480799091546381,0.0,3489.7422503302773,tiny_ttm
2025-03-22 09:00:00,21.74946673047324,0.22744415375664584,2.0114334522758095,22.173765908354195,409.1627747048398,1.0,0.8,0.0,0.0,4.006882526814514,23333.40915167523,3494.1840001103137,tiny_ttm
2025-03-22 09:05:00,22.677069958609028,0.22896886705020328,2.124032286105394,22.233890760125266,300.0,0.0,0.9,1.0,0.0,4.272702873734234,0.0,3178.1619543071865,tiny_ttm
2025-03-22 09:10:00,22.40128742096901,0.2283741270617993,2.090384967380011,22.224554666896626,342.7270287373423,0.0,1.0,1.0,0.0,4.95471565627825,0.0,3543.3068802686466,tiny_ttm
2025-03-22 09:15:00,22.11580387738703,0.23163052547178317,2.0457279795145245,21.983197325999612,374.6324954475281,0.0,0.9,1.0,0.0,4.618142595302399,0.0,3179.539674149036,tiny_ttm
2025-03-22 09:20:00,21.85063530091766,0.23499122224569707,2.0041225399423404,21.742228787355383,392.09196254889025,0.0,1.0,1.0,0.0,5.259923442402733,0.0,3477.4200899229672,tiny_ttm
2025-03-22 09:25:00,21.57826968462507,0.2357377198026036,1.96913209028517,21.65491824012773,404.3248075839357,1.0,0.9,0.0,0.0,4.896991527170677,23333.40915167523,3255.6119312117476,tiny_ttm
2025-03-22 09:30:00,22.61511223565204,0.24168422500721615,2.0811692966850774,21.47630330712692,300.0,0.0,1.0,0.0,0.0,5.259923442402733,0.0,3549.2715675508593,tiny_ttm
2025-03-22 09:35:00,22.71419182944869,0.25075885724263436,2.0686555495930254,20.979180030008855,300.0,0.0,1.0,0.0,0.0,5.569755588923042,0.0,3812.815439686561,tiny_ttm
2025-03-22 09:40:00,22.811512907655104,0.2610761644765245,2.052235712874527,20.4303628041419,300.0,1.0,0.9,1.0,0.0,4.618142595302399,23333.40915167523,3015.3247526010155,tiny_ttm
2025-03-22 09:45:00,23.496817876451843,0.23909604241803672,2.202607234874873,21.766404644474992,346.181425953024,0.0,1.0,0.0,0.0,5.107319549340492,0.0,3404.642560940938,tiny_ttm
2025-03-22 09:50:00,23.63303716951626,0.2515042385497005,2.184535767102749,21.080033460795782,300.0,0.0,1.0,1.0,0.0,5.185933676069525,0.0,3320.597574484679,tiny_ttm
2025-03-22 09:55:00,23.371229165133027,0.24126822196314257,2.17975470340547,21.620272451339602,351.85933676069527,1.0,0.9,0.0,0.0,4.480799091546381,23333.40915167523,3355.0056777632917,tiny_ttm
2025-03-22 10:00:00,24.450265095628424,0.23916828811536434,2.3321358476335923,21.91491858050122,300.0,1.0,1.0,0.0,0.0,4.797487402820183,23333.40915167523,3628.5419798468365,tiny_ttm
2025-03-22 10:05:00,25.525792626497562,0.2350914565713354,2.499764778124508,22.330683506741227,300.0,1.0,1.0,0.0,0.0,5.4171516958608,23333.40915167523,4655.062073170489,tiny_ttm
2025-03-22 10:10:00,26.55043908758886,0.22971190971429797,2.6744833383577817,22.82628362486103,300.0,1.0,0.9,0.0,0.0,4.339293663434121,23333.40915167523,4176.135891224949,tiny_ttm
2025-03-22 10:15:00,27.576118645212095,0.2233755425170131,2.863634647731748,23.39504222994332,300.0,0.0,0.8,1.0,0.0,3.7590168095982666,0.0,3494.9387648935763,tiny_ttm
2025-03-22 10:20:00,27.25122495053702,0.21174096743585627,2.8518305319321007,24.097277844127476,337.5901680959827,0.0,0.7,1.0,0.0,3.8566711897904304,0.0,3088.4193399017254,tiny_ttm
2025-03-22 10:25:00,26.968151595835018,0.20761413562616113,2.819585842754352,24.324915880974096,364.075803467624,1.0,0.6,0.0,0.0,3.2893425450628873,23333.40915167523,2998.1479104621217,tiny_ttm
2025-03-22 10:30:00,28.06938608805356,0.21397701041613806,2.9828497780754617,24.09059076082722,300.0,0.0,0.5,1.0,0.0,2.9319598623058223,0.0,2590.3207651344237,tiny_ttm
2025-03-22 10:35:00,27.790821560298145,0.20747575701579185,2.9591100451453363,24.479007183532985,329.3195986230582,1.0,0.6,0.0,0.0,3.5196356927749974,23333.40915167523,3493.15033515644,tiny_ttm
2025-03-22 10:40:00,28.87537285436263,0.2104201252389693,3.13978758302207,24.469671843324925,300.0,0.0,0.5,1.0,0.0,3.355088838523856,0.0,2895.8175943878514,tiny_ttm
2025-03-22 10:45:00,28.588179569478086,0.20427515648272812,3.1120385057298092,24.840279757355617,333.5508883852386,0.0,0.4,1.0,0.0,2.233299382336835,0.0,1873.6134286600045,tiny_ttm
2025-03-22 10:50:00,28.347702881040536,0.20244127614833293,3.075993038520426,24.92504834193449,349.63978401630646,0.0,0.3,1.0,0.0,1.9147613269047035,0.0,1563.385435768707,tiny_ttm
2025-03-22 10:55:00,28.124288792115628,0.20078179087742076,3.0426274249470557,25.00126244943027,360.86670239282637,1.0,0.4,0.0,0.0,2.666139515386102,23333.40915167523,2489.233009537761,tiny_ttm
2025-03-22 11:00:00,29.29001933850609,0.2084979922613918,3.223710480360867,24.673576825923448,300.0,0.0,0.3,1.0,0.0,2.0063236627420484,0.0,1822.398302877076,tiny_ttm
2025-03-22 11:05:00,29.03808133417278,0.20442347508701983,3.19352951424397,24.910151554258945,320.0632366274205,0.0,0.2,1.0,0.0,1.224424695648202,0.0,1085.3948027841095,tiny_ttm
2025-03-22 11:10:00,28.82042670716604,0.20364431609490125,3.1566812948084455,24.925578358529307,330.2603233837986,0.0,0.1,1.0,0.0,0.7740923689350443,0.0,670.8718293979507,tiny_ttm
2025-03-22 11:15:00,28.623443214190118,0.2038542208393464,3.120055139045877,24.875811636740195,336.0492232887403,0.0,0.0,1.0,0.0,0.21555000895956952,0.0,183.04111215182442,tiny_ttm
2025-03-22 11:20:00,28.449568651454967,0.20525227632693577,3.0833303190126666,24.747981681135606,337.5571891780965,0.0,0.0,1.0,0.0,0.21555000895956952,0.0,179.35045256870302,tiny_ttm
2025-03-22 11:25:00,28.27919992308498,0.20673981187921484,3.0472651053961695,24.615464849692625,339.0380682290393,0.0,0.0,1.0,0.0,0.21555000895956952,0.0,175.73420778779936,tiny_ttm
2025-03-22 11:30:00,28.112266340910466,0.20820770195893862,3.0122495363658115,24.485790292859342,340.4923469889239,0.0,0.0,1.0,0.0,0.21555000895956952,0.0,150.964888226785,tiny_ttm
2025-03-22 11:35:00,27.968861651001127,0.20949682260843144,2.9823474036594564,24.373183117256577,341.9205032654982,0.0,0.0,1.0,0.0,0.21555000895956952,0.0,147.92098183384914,tiny_ttm
2025-03-22 11:40:00,27.828348431138362,0.21076755754203547,2.9532741752443545,24.262971843359463,343.3230062838883,0.0,0.0,1.0,0.0,0.21555000895956952,0.0,144.93844975276673,tiny_ttm
2025-03-22 11:45:00,27.690668380585734,0.2120199866912164,2.92500292567989,24.15510524556256,344.7003168407633,0.0,0.0,1.0,0.0,0.21555000895956952,0.0,142.01605449273842,tiny_ttm
2025-03-22 11:50:00,27.555764374125076,0.21337548560912953,2.897061067777031,24.04148735259964,346.05288745573216,0.0,0.0,1.0,0.0,0.21555000895956952,0.0,139.15258351450285,tiny_ttm
2025-03-22 11:55:00,27.423580438354506,0.21459031814512694,2.8703250986215654,23.9382910749963,347.38116252001976,0.0,0.0,1.0,0.0,0.21555000895956952,0.0,136.34684872723864,tiny_ttm
2025-03-22 12:00:00,27.294061728464346,0.2159102826198737,2.8438694975096097,23.829219730997604,348.68557844247334,0.0,0.0,1.0,0.0,0.21555000895956952,0.0,133.5976859956104,tiny_ttm
2025-03-22 12:05:00,27.16715450548131,0.21721193821060003,2.818125914138996,23.722418005662405,349.966563792946,0.0,0.0,1.0,0.0,0.21555000895956952,0.0,130.90395465675377,tiny_ttm
2025-03-22 12:10:00,27.04280611397151,0.2183703734674098,2.7935186917055703,23.625929360372396,351.2245394431043,0.0,0.0,1.0,0.0,0.21555000895956952,0.0,128.264537047,tiny_ttm
2025-03-22 12:15:00,26.920964960193032,0.21951112191296493,2.769571592565006,23.531494749858723,352.4599187047074,0.0,0.0,1.0,0.0,0.21555000895956952,0.0,125.67833803814297,tiny_ttm
2025-03-22 12:20:00,26.801580490689062,0.22059247820204747,2.74641143853778,23.441750194336564,353.6731074654016,0.0,0.0,1.0,0.0,0.21555000895956952,0.0,101.91829542705123,tiny_ttm
2025-03-22 12:25:00,26.704766180265775,0.22152571993704734,2.727558213755197,23.365689221430088,354.864504322076,0.0,0.0,1.0,0.0,0.21555000895956952,0.0,99.86331592386045,tiny_ttm
2025-03-22 12:30:00,26.60990393765035,0.2224436885426587,2.709183570957633,23.291233748185633,356.0345007118229,0.0,0.0,1.0,0.0,0.21555000895956952,0.0,97.84977099079114,tiny_ttm
2025-03-22 12:35:00,26.516954403282103,0.22334654305505247,2.6912736098739507,23.21834977612626,357.18348104054536,0.0,0.0,1.0,0.0,0.21555000895956952,0.0,95.87682518223498,tiny_ttm
2025-03-22 12:40:00,26.425879011207517,0.22423444465208048,2.6738149026095455,23.147004031463,358.3118228092553,0.0,0.0,1.0,0.0,0.21555000895956952,0.0,93.94365989768097,tiny_ttm
2025-03-22 12:45:00,26.33663997307875,0.22510755645054223,2.6567944749922363,23.07716394951813,359.41989673810235,0.0,0.0,1.0,0.0,0.21555000895956952,0.0,92.04947304206743,tiny_ttm
2025-03-22 12:50:00,26.249200262474748,0.225826822601914,2.6406746651880812,23.017498873494112,360.50806688817516,0.0,0.0,1.0,0.0,0.21555000895956952,0.0,90.19347869298262,tiny_ttm
2025-03-22 12:55:00,26.163523599538518,0.2265327321372544,2.624959947403917,22.959144959880746,361.57669078111485,0.0,0.0,1.0,0.0,0.21555000895956952,0.0,88.3749067745755,tiny_ttm
2025-03-22 13:00:00,26.07957443592415,0.22694423204464273,2.610588510946693,22.919549077278482,362.6261195165797,0.0,0.0,1.0,0.0,0.21555000895956952,0.0,86.59300273804129,tiny_ttm
2025-03-22 13:05:00,25.997317940047356,0.22748639945892188,2.59610748731641,22.8722050601201,363.6566978876003,0.0,0.0,1.0,0.0,0.21555000895956952,0.0,63.621038092544445,tiny_ttm
2025-03-22 13:10:00,25.936882991586586,0.2278164382408604,2.5857421890460603,22.841719834442024,364.6687644938619,0.0,0.0,1.0,0.0,0.21555000895956952,0.0,62.3382465318724,tiny_ttm
2025-03-22 13:15:00,25.877666593532716,0.22813858062966574,2.575625616547909,22.811969929907978,365.6626518529529,0.0,0.0,1.0,0.0,0.21555000895956952,0.0,61.081319908923334,tiny_ttm
2025-03-22 13:20:00,25.819644176242985,0.22845299528555224,2.5657511579946184,22.782937716917168,366.63868650961416,0.0,0.0,1.0,0.0,0.21555000895956952,0.0,59.849736708726276,tiny_ttm
2025-03-22 13:25:00,25.76279166547255,0.22875984806020996,2.5561124026591604,22.7546059886826,367.5971891430264,0.0,0.0,1.0,0.0,0.21555000895956952,0.0,58.64298593162142,tiny_ttm
2025-03-22 13:30:00,25.707085472385796,0.22905930200447067,2.5467031338427617,22.726957951140147,368.53847467217037,0.0,0.0,1.0,0.0,0.21555000895956952,0.0,57.46056688123957,tiny_ttm
2025-03-22 13:35:00,25.652502483768995,0.2293515173783741,2.537517322086469,22.699977213091664,369.4628523592943,0.0,0.0,1.0,0.0,0.21555000895956952,0.0,56.30198895675707,tiny_ttm
2025-03-22 13:40:00,25.59902005244037,0.22963665166348024,2.5285491186536415,22.673647776577265,370.37062591152306,0.0,0.0,1.0,0.0,0.21555000895956952,0.0,55.16677144933884,tiny_ttm
2025-03-22 13:45:00,25.54661598785346,0.22991485957727958,2.5197928492713446,22.64795402747171,371.26209358064216,0.0,0.0,1.0,0.0,0.21555000895956952,0.0,54.054443342686554,tiny_ttm
2025-03-22 13:50:00,25.495268546890003,0.23018629308956062,2.511243008119135,22.62288072630027,372.1375482610891,0.0,0.0,1.0,0.0,0.21555000895956952,0.0,52.96454311760761,tiny_ttm
2025-03-22 13:55:00,25.444956424838416,0.23045110144059588,2.5028942520543875,22.598412999269144,372.99727758618485,0.0,0.0,1.0,0.0,0.21555000895956952,0.0,51.89661856052498,tiny_ttm
2025-03-22 14:00:00,25.395658746554208,0.23063163040321638,2.494993696052337,22.579281686345947,373.8415640226367,1.0,0.0,1.0,0.0,0.21555000895956952,23333.40915167523,70.38722306225051,tiny_ttm
2025-03-22 14:05:00,26.24922454009375,0.21888050699083117,2.664372094560761,23.457773455628942,374.6706849633434,1.0,0.0,1.0,0.0,0.21555000895956952,23333.40915167523,88.50500133985757,tiny_ttm
2025-03-22 14:10:00,27.085579878896002,0.20801164218464807,2.837648685575891,24.31864504595165,375.4849128185336,1.0,0.0,1.0,0.0,0.21555000895956952,23333.40915167523,106.25747069184112,tiny_ttm
2025-03-22 14:15:00,27.90507177751393,0.19780956485957898,3.0152152171007027,25.17178850813096,376.284515105267,1.0,0.0,1.0,0.0,0.21555000895956952,23333.40915167523,123.6519968453392,tiny_ttm
2025-03-22 14:20:00,28.708040253642945,0.188478682960666,3.19593584437822,25.998314669960465,377.069754535328,1.0,0.0,1.0,0.0,0.21555000895956952,23333.40915167523,140.69579701226752,tiny_ttm
2025-03-22 14:25:00,29.49481846919863,0.1798108084137176,3.3802025484346294,26.808261388345926,377.8408891015402,1.0,0.0,1.0,0.0,0.21555000895956952,23333.40915167523,157.3959428838335,tiny_ttm
2025-03-22 14:30:00,30.265732868549883,0.17174789969854456,3.567889653702656,27.601960991140622,378.59817216253106,0.0,0.1,0.0,0.0,1.074675794663702,0.0,819.3326779938285,tiny_ttm
2025-03-22 14:35:00,30.586068282750126,0.19190209874331274,3.545412825409926,26.09199812888657,300.0,1.0,0.0,1.0,0.0,0.21555000895956952,23333.40915167523,180.55879959277004,tiny_ttm
2025-03-22 14:40:00,31.33497980234056,0.18321323099481132,3.7396681681776753,26.893502136881153,302.1555000895957,1.0,0.0,1.0,0.0,0.21555000895956952,23333.40915167523,196.4551873864038,tiny_ttm
2025-03-22 14:45:00,32.068791012256334,0.17513576998495256,3.9369059565701825,27.67766527073434,304.27228200722266,1.0,0.0,1.0,0.0,0.21555000895956952,23333.40915167523,212.03105617063102,tiny_ttm
2025-03-22 14:50:00,32.78780638017662,0.1676000601711826,4.137078623520362,28.446281268881933,306.3510412280738,1.0,0.0,1.0,0.0,0.21555000895956952,23333.40915167523,227.29286857310794,tiny_ttm
2025-03-22 14:55:00,33.49232423479604,0.16056125293115356,4.3400492704726465,29.199657477336196,308.39246073486834,1.0,0.0,1.0,0.0,0.21555000895956952,23333.40915167523,242.24695691547157,tiny_ttm
2025-03-22 15:00:00,34.18263688960507,0.15388493611027346,4.546184007256336,29.946780917926766,310.39721124224786,1.0,0.0,1.0,0.0,0.21555000895956952,23333.40915167523,256.8995258407012,tiny_ttm
2025-03-22 15:05:00,34.85903076417468,0.147636938675181,4.754829454471985,30.679160424237494,312.3659514171418,0.0,0.1,0.0,0.0,0.8281973855662027,0.0,919.5798243719364,tiny_ttm
2025-03-22 15:10:00,35.04814886302179,0.16488767293612863,4.707563126231246,29.134672128796748,300.0,0.0,0.2,0.0,0.0,1.6258191780058557,0.0,1987.3500860371753,tiny_ttm
2025-03-22 15:15:00,35.1628702559761,0.17706213353485784,4.668418912941342,28.12450789124118,300.0,0.0,0.2,0.0,0.0,1.7025835605765591,0.0,2099.690463215829,tiny_ttm
2025-03-22 15:20:00,35.27102322835951,0.18773845693800703,4.63543526703445,27.289128544939665,300.0,0.0,0.2,0.0,0.0,1.5176091447435391,0.0,1886.6377687316983,tiny_ttm
2025-03-22 15:25:00,35.36979572558556,0.19714470215702015,4.606776734098608,26.587614597142114,300.0,0.0,0.2,0.0,0.0,1.7183063859223657,0.0,2149.3268800779106,tiny_ttm
2025-03-22 15:30:00,35.44617216720822,0.2029420173666425,4.592800479233567,26.172550201738943,300.0,0.0,0.2,0.0,0.0,1.7183063859223657,0.0,2160.9076371477972,tiny_ttm
2025-03-22 15:35:00,35.51323320741314,0.20755271870564418,4.5831286419910295,25.85091187391709,300.0,0.0,0.1,1.0,0.0,0.9359449827889369,0.0,1149.9995232571434,tiny_ttm
2025-03-22 15:40:00,35.22591235207483,0.2036566723161673,4.53329681447755,26.080232505369974,309.35944982788936,0.0,0.0,1.0,0.0,0.21555000895956952,0.0,259.5070830074081,tiny_ttm
2025-03-22 15:45:00,34.979401171858875,0.20480659856300598,4.4655406538821385,25.951986551177995,311.34683079296354,0.0,0.0,1.0,0.0,0.21555000895956952,0.0,254.27463936931014,tiny_ttm
2025-03-22 15:50:00,34.737860398776675,0.20601913620088802,4.399543402467482,25.820860959099086,313.29851342596874,0.0,0.0,1.0,0.0,0.21555000895956952,0.0,249.14769753913444,tiny_ttm
2025-03-22 15:55:00,34.5011898144647,0.20720425225985098,4.335729600039135,25.69333251210614,315.21513895822136,0.0,0.0,1.0,0.0,0.21555000895956952,0.0,244.12413028298303,tiny_ttm
2025-03-22 16:00:00,34.26929122126317,0.20836219220388985,4.27401402041366,25.56931020494784,317.09733710291994,1.0,0.0,0.0,0.0,0.21555000895956952,23333.40915167523,265.8045193530918,tiny_ttm
2025-03-22 16:05:00,35.27010428279106,0.21061051806615877,4.504680054727704,25.589530676946374,300.0,1.0,0.0,0.0,0.0,0.21555000895956952,23333.40915167523,286.71433045039635,tiny_ttm
2025-03-22 16:10:00,36.23534581939778,0.21207462360436455,4.74131517055218,25.658699997965442,300.0,1.0,0.0,0.0,0.0,0.21555000895956952,23333.40915167523,306.98024611008645,tiny_ttm
2025-03-22 16:15:00,37.17086376745916,0.2129830957107063,4.983962237117919,25.761720646547598,300.0,1.0,0.0,0.0,0.0,0.21555000895956952,23333.40915167523,326.55173756470725,tiny_ttm
2025-03-22 16:20:00,38.07432561115696,0.2133564522432726,5.231698165971492,25.89699031295594,300.0,1.0,0.0,0.0,0.0,0.21555000895956952,23333.40915167523,345.5539518603476,tiny_ttm
2025-03-22 16:25:00,38.95150840541082,0.2133145916034955,5.485141891105182,26.057430907223274,300.0,1.0,0.0,0.0,0.0,0.21555000895956952,23333.40915167523,363.87134406360394,tiny_ttm
2025-03-22 16:30:00,39.79707834932955,0.21286790525658697,5.742405827340557,26.24181791578784,300.0,0.0,0.0,1.0,0.0,0.21555000895956952,0.0,356.5346028954356,tiny_ttm
2025-03-22 16:35:00,39.458398708184376,0.21455233637607274,5.627346251763185,26.059916867778114,302.1555000895957,0.0,0.0,1.0,0.0,0.21555000895956952,0.0,349.34579250512843,tiny_ttm
2025-03-22 16:40:00,39.126547867675875,0.21612629275407363,5.517119693480753,25.88848988393117,304.27228200722266,1.0,0.1,0.0,0.0,0.9743271740742886,23333.40915167523,1749.047945839418,tiny_ttm
2025-03-22 16:45:00,39.86203095914982,0.20752858334711,5.801429965805686,26.64317680174843,300.0,1.0,0.2,0.0,0.0,1.4408447621728357,23333.40915167523,2683.9521880625593,tiny_ttm
2025-03-22 16:50:00,40.53495436992607,0.19535458289505306,6.105322875962061,27.69290758263149,300.0,0.0,0.3,1.0,0.0,2.099273306698141,0.0,3802.9882751730206,tiny_ttm
2025-03-22 16:55:00,40.02560878291424,0.18063591960966846,6.050843670423916,28.782926830935665,320.99273306698143,0.0,0.4,1.0,0.0,2.5422066567779784,0.0,4470.913317184206,tiny_ttm
2025-03-22 17:00:00,39.499246001447275,0.16514595150118352,5.994402809644898,30.01899194122388,341.9674774891909,0.0,0.2,1.0,0.0,1.7950707684930691,0.0,3073.921441818959,tiny_ttm
2025-03-22 17:05:00,39.03904020945669,0.15749635981150706,5.902000656280822,30.62537836807886,353.6403025017685,0.0,0.1,1.0,0.0,0.8744409895244577,0.0,1463.3884361707915,tiny_ttm
2025-03-22 17:10:00,38.651871471386784,0.15582838229628604,5.7919133000904095,30.70073498879188,358.4759391305099,0.0,0.2,1.0,0.0,1.378878332868774,0.0,2250.61564707292,tiny_ttm
2025-03-22 17:15:00,38.240871300387134,0.15187614983036316,5.6915483570342875,30.98991008928614,365.54545533742987,0.0,0.3,1.0,0.0,1.6830808710738459,0.0,2676.086509525554,tiny_ttm
2025-03-22 17:20:00,37.82082413303866,0.14713900453106096,5.594841605645043,31.361113375730213,373.18307220948054,0.0,0.4,0.0,0.0,2.4182737981698548,0.0,3767.2095472857636,tiny_ttm
2025-03-22 17:25:00,37.50059060337357,0.14545755182458062,5.5094047967349695,31.45849124866155,300.0,0.0,0.5,0.0,0.0,3.355088838523856,0.0,5100.467462952015,tiny_ttm
2025-03-22 17:30:00,37.12655028583453,0.1408639780938073,5.427571433411888,31.839489860675364,300.0,0.0,0.6,0.0,0.0,3.4280733569376522,0.0,5081.207062550478,tiny_ttm
2025-03-22 17:35:00,36.74859753275494,0.13735872657362747,5.338627507194928,32.11736482561337,300.0,0.0,0.7,0.0,0.0,4.342229031352108,0.0,6244.1964979231025,tiny_ttm
2025-03-22 17:40:00,36.30862075409666,0.13059693465152494,5.25263713060637,32.73716078047966,300.0,0.0,0.8,0.0,0.0,4.931754605979615,0.0,7336.643703500756,tiny_ttm
2025-03-22 17:45:00,35.80232406475932,0.12476215345953323,5.143081174824754,33.26661173283518,300.0,0.0,0.9,0.0,0.0,5.171678534682711,0.0,7426.512331747436,tiny_ttm
2025-03-22 17:50:00,35.28852249737674,0.12140192514640434,5.018848056661427,33.53050485384268,300.0,0.0,1.0,0.0,0.0,6.032191628505592,0.0,8328.71191117776,tiny_ttm
2025-03-22 17:55:00,34.73841556085195,0.11934230235519677,4.879980176430314,33.64113636009636,300.0,0.0,1.0,0.0,0.0,6.3420237750259005,0.0,8402.855350333832,tiny_ttm
2025-03-22 18:00:00,34.18356789004707,0.11915220141308126,4.733048311322768,33.534528154017494,300.0,0.0,1.0,0.0,0.0,5.338537569131766,0.0,6811.931907889591,tiny_ttm
2025-03-22 18:05:00,33.696439074596555,0.12077671169373758,4.597853811385801,33.23504376508321,300.0,0.0,1.0,0.0,0.0,6.3420237750259005,0.0,7758.112538150329,tiny_ttm
2025-03-22 18:10:00,33.17200571485107,0.12244929420182041,4.456503267263354,32.92516342275595,300.0,0.0,0.9,0.0,0.0,4.618142595302399,0.0,5451.378473457115,tiny_ttm
2025-03-22 18:15:00,32.745538548413606,0.12484580242951437,4.339252418735888,32.561267615607115,300.0,0.0,1.0,0.0,0.0,5.800973608714317,0.0,7036.583919843475,tiny_ttm
2025-03-22 18:20:00,32.23965677128296,0.12429427367091722,4.2200648323006416,32.50743199987737,300.0,0.0,1.0,0.0,0.0,6.416013541359108,0.0,7552.950138886664,tiny_ttm
2025-03-22 18:25:00,31.713462298790688,0.12184728830692033,4.10785920003601,32.65961561331614,300.0,0.0,0.2,0.0,0.0,1.5018863193977323,0.0,1725.3120885610263,tiny_ttm
2025-03-22 18:30:00,31.43048194897867,0.1235476716605222,4.034661846861583,32.406386361250966,300.0,0.0,0.1,0.0,0.0,0.766230956262141,0.0,861.2646916381699,tiny_ttm
2025-03-22 18:35:00,31.184353564300633,0.12563616070641678,3.969169845824676,32.12232118072396,300.0,0.0,0.0,0.0,0.0,0.21555000895956952,0.0,237.51011283739606,tiny_ttm
2025-03-22 18:40:00,30.963974050648222,0.1274515207074221,3.9115728016721127,31.877306400326077,300.0,0.0,0.1,0.0,0.0,0.7972141709141718,0.0,859.030836697258,tiny_ttm
2025-03-22 18:45:00,30.72179951919195,0.12926111035350002,3.8499515248056166,31.631102688717892,300.0,0.0,0.2,0.0,0.0,1.6868607352307525,0.0,1770.6234247605732,tiny_ttm
2025-03-22 18:50:00,30.444337912427546,0.13023497491747596,3.785192222125226,31.46729638850023,316.86860735230755,0.0,0.2,0.0,0.0,1.471365540785284,0.0,1505.7533131136402,tiny_ttm
2025-03-22 18:55:00,30.18279932190413,0.13136882257387242,3.724105089938234,31.291511510161833,329.51393879522516,0.0,0.1,0.0,0.0,0.7893527582412685,0.0,789.7127625134781,tiny_ttm
2025-03-22 19:00:00,29.95478681860532,0.13270147963455364,3.67010433992157,31.104029014622316,335.4660572947566,0.0,0.0,0.0,0.0,0.21555000895956952,0.0,211.30019706205815,tiny_ttm
2025-03-22 19:05:00,29.754068362854557,0.13413756953373465,3.6220421208369653,30.913667261561077,336.98449830371516,0.0,0.0,0.0,0.0,0.21555000895956952,0.0,228.26573845288738,tiny_ttm
2025-03-22 19:10:00,29.537233986170968,0.1356738078903595,3.5708099287227846,30.711556496256836,338.4756643149166,0.0,0.0,0.0,0.0,0.21555000895956952,0.0,223.6632143247524,tiny_ttm
2025-03-22 19:15:00,29.32477164296581,0.13719835114069018,3.5211549393979613,30.5135670245078,339.9400452555285,0.0,0.0,0.0,0.0,0.21555000895956952,0.0,219.15349093182036,tiny_ttm
2025-03-22 19:20:00,29.11659317988892,0.13871091866322774,3.4730190209160727,30.319614734644478,341.3781222524013,0.0,0.0,0.0,0.0,0.21555000895956952,0.0,214.73469713203647,tiny_ttm
2025-03-22 19:25:00,28.91261222102691,0.1402112441992829,3.426346569112498,30.129617234956868,342.79036779014405,0.0,0.0,0.0,0.0,0.21555000895956952,0.0,210.40499951119997,tiny_ttm
2025-03-22 19:30:00,28.71274413206472,0.14169907568972545,3.3810843819428333,29.94349381841564,344.1772458663607,0.0,0.0,0.0,0.0,0.21555000895956952,0.0,206.16260162225703,tiny_ttm
2025-03-22 19:35:00,28.516905985169732,0.14317417509635583,3.3371815407654757,29.761165428119543,345.5392121440978,0.0,0.0,0.0,0.0,0.21555000895956952,0.0,202.00574323993195,tiny_ttm
2025-03-22 19:40:00,28.32501652458397,0.1445850839346335,3.2947866363063625,29.58737140093891,346.87671410155417,0.0,0.0,0.0,0.0,0.21555000895956952,0.0,197.93269963038688,tiny_ttm
2025-03-22 19:45:00,28.13699613291002,0.1459308331141052,3.2538494416023886,29.421966039147286,348.1901911791011,0.0,0.0,0.0,0.0,0.21555000895956952,0.0,193.94178083560777,tiny_ttm
2025-03-22 19:50:00,27.952766798076777,0.14736758451411797,3.2137297437583783,29.250317758093278,349.4800749236619,0.0,0.0,0.0,0.0,0.21555000895956952,0.0,190.0313309722194,tiny_ttm
2025-03-22 19:55:00,27.77225208097122,0.14879081013500778,3.1747865872520187,29.0821681443251,350.746789130498,0.0,0.0,0.0,0.0,0.21555000895956952,0.0,207.4257167004425,tiny_ttm
2025-03-22 20:00:00,27.575214074769644,0.15022136387317658,3.1332093011296465,28.911382219434156,351.990749982448,0.0,0.0,0.0,0.0,0.21555000895956952,0.0,203.243390117487,tiny_ttm
2025-03-22 20:05:00,27.38214894765123,0.1517394208434638,3.0925144864446117,28.735035034128625,353.2123661866661,0.0,0.0,0.0,0.0,0.21555000895956952,0.0,199.14539182286887,tiny_ttm
2025-03-22 20:10:00,27.19297659441946,0.15334637366675985,3.0526637662570626,28.55318737479011,354.4120391089038,0.0,0.0,0.0,0.0,0.21555000895956952,0.0,195.1300215045553,tiny_ttm
2025-03-22 20:15:00,27.007618525039597,0.15493958558138993,3.013991269434745,28.375025832286905,355.5901629053801,0.0,0.0,0.0,0.0,0.21555000895956952,0.0,191.19561313392035,tiny_ttm
2025-03-22 20:20:00,26.82599783207219,0.15651881810790266,2.9764554486153196,28.200475683523944,356.7471246522826,0.0,0.0,0.0,0.0,0.21555000895956952,0.0,187.34053427448805,tiny_ttm
2025-03-22 20:25:00,26.648039158763172,0.15808384732752875,2.9400164894962373,28.02946372088171,357.8833044729425,0.0,0.0,0.0,0.0,0.21555000895956952,0.0,204.7891745606188,tiny_ttm
2025-03-22 20:30:00,26.45350565882418,0.15975420009578814,2.9007751223023286,27.847702051854387,358.9990756627255,0.0,0.0,0.0,0.0,0.21555000895956952,0.0,200.66000860043405,tiny_ttm
2025-03-22 20:35:00,26.262894539586156,0.16141016489341314,2.862709289664167,27.66964370211396,360.09480481167896,0.0,0.0,0.0,0.0,0.21555000895956952,0.0,196.61409905047378,tiny_ttm
2025-03-22 20:40:00,26.07612671405191,0.1631545772588688,2.8254289149758853,27.486631859837786,361.17085192497626,0.0,0.0,0.0,0.0,0.21555000895956952,0.0,192.64976721099325,tiny_ttm
2025-03-22 20:45:00,25.89312468985608,0.16488449180788314,2.7892480281655736,27.30731924700603,362.2275705411975,0.0,0.0,0.0,0.0,0.21555000895956952,0.0,188.76536822988555,tiny_ttm
2025-03-22 20:50:00,25.713812537112563,0.1665996371726966,2.7541279461352155,27.131631098111637,363.2653078484859,0.0,0.0,0.0,0.0,0.21555000895956952,0.0,191.96386684169337,tiny_ttm
2025-03-22 20:55:00,25.531462063955676,0.16840868690464028,2.718602077548064,26.949414680187672,364.28440479861735,0.0,0.0,0.0,0.0,0.21555000895956952,0.0,202.3147104103963,tiny_ttm
2025-03-22 21:00:00,25.339279109023025,0.17021165984517547,2.681934103962304,26.767551448703088,365.28519621902115,0.0,0.0,0.0,0.0,0.21555000895956952,0.0,198.2354370930269,tiny_ttm
2025-03-22 21:05:00,25.150971140731336,0.1718972205714169,2.6466892851775325,26.597451491545584,366.26801092278873,0.0,0.0,0.0,0.0,0.21555000895956952,0.0,194.23841420007813,tiny_ttm
2025-03-22 21:10:00,24.96646002769027,0.1736701863559655,2.6121694299595895,26.422766073117863,367.2331718167061,0.0,0.0,0.0,0.0,0.21555000895956952,0.0,190.3219833155061,tiny_ttm
2025-03-22 21:15:00,24.78566921387342,0.1754274026890417,2.578669597478816,26.251630589456447,368.18099600734587,0.0,0.0,0.0,0.0,0.21555000895956952,0.0,186.48451946192426,tiny_ttm
2025-03-22 21:20:00,24.608523686854213,0.17725622492341953,2.545882792031994,26.077264399933252,369.1117949052536,0.0,0.0,0.0,0.0,0.21555000895956952,0.0,182.72443042637983,tiny_ttm
2025-03-22 21:25:00,24.434949946682316,0.1790871916554364,2.5139949978113467,25.905046655511235,370.02587432726267,0.0,0.0,0.0,0.0,0.21555000895956952,0.0,179.04015609972384,tiny_ttm
2025-03-22 21:30:00,24.264875975387543,0.18090195901397485,2.4830296373777125,25.736304439583037,370.9235345969714,0.0,0.0,0.0,0.0,0.21555000895956952,0.0,175.43016782930235,tiny_ttm
2025-03-22 21:35:00,24.098231207098696,0.18280909317633096,2.4526283705299003,25.562886904905078,371.8050706434153,0.0,0.0,0.0,0.0,0.21555000895956952,0.0,171.89296778469827,tiny_ttm
2025-03-22 21:40:00,23.93494649876486,0.1846997151049425,2.4230931917008025,25.39295399541892,372.6707720979668,0.0,0.0,0.0,0.0,0.21555000895956952,0.0,168.42708833626278,tiny_ttm
2025-03-22 21:45:00,23.774954101467078,0.18657355635756714,2.394394771063324,25.22643561852044,373.5209233894945,0.0,0.0,0.0,0.0,0.21555000895956952,0.0,165.0310914461769,tiny_ttm
2025-03-22 21:50:00,23.61818763230846,0.18843036550071146,2.366504957159181,25.063263093647418,374.3558038378134,0.0,0.0,0.0,0.0,0.21555000895956952,0.0,161.70356807179087,tiny_ttm
2025-03-22 21:55:00,23.464582046871048,0.19026990780892244,2.339396722240282,24.903369123762445,375.17568774545606,0.0,0.0,0.0,0.0,0.21555000895956952,0.0,179.66912673699952,tiny_ttm
2025-03-22 22:00:00,23.293910603274867,0.1922130266315498,2.3098854614549666,24.734488347966316,375.98084448779554,0.0,0.0,0.0,0.0,0.21555000895956952,0.0,176.0464565259873,tiny_ttm
2025-03-22 22:05:00,23.126680409523974,0.1941386935432873,2.281226204837112,24.569016860589464,376.7715386015496,0.0,0.0,0.0,0.0,0.21555000895956952,0.0,172.4968302468742,tiny_ttm
2025-03-22 22:10:00,22.962822079666925,0.19593737216758528,2.253695993675953,24.414454355126257,377.54802987169495,0.0,0.0,0.0,0.0,0.21555000895956952,0.0,169.01877511420741,tiny_ttm
2025-03-22 22:15:00,22.80226762678184,0.19782830080149008,2.2266486522533304,24.255461216464987,378.3105734168206,0.0,0.0,0.0,0.0,0.21555000895956952,0.0,165.61084803832034,tiny_ttm
2025-03-22 22:20:00,22.644950434767757,0.1997010745332405,2.2003691479351635,24.09967744824965,379.0594197729476,0.0,0.0,0.0,0.0,0.21555000895956952,0.0,162.2716350265762,tiny_ttm
2025-03-22 22:25:00,22.490805230704744,0.20155548776166415,2.174831625514705,23.94703827306692,379.7948149758435,0.0,0.0,0.0,0.0,0.21555000895956952,0.0,158.99975059668452,tiny_ttm
2025-03-22 22:30:00,22.339768057771348,0.20339135112199894,2.1500112615392792,23.797480220894663,380.5170006418584,0.0,0.0,0.0,0.0,0.21555000895956952,0.0,155.7938372018466,tiny_ttm
2025-03-22 22:35:00,22.191776248708074,0.20520849113368936,2.125884216782084,23.650941102715034,381.2262140473082,0.0,0.0,0.0,0.0,0.21555000895956952,0.0,152.65256466749196,tiny_ttm
2025-03-22 22:40:00,22.046768399815942,0.20712228072410682,2.102121289295048,23.49978705124138,381.9226882064331,0.0,0.0,0.0,0.0,0.21555000895956952,0.0,149.57462963937195,tiny_ttm
2025-03-22 22:45:00,21.904684345479307,0.20890042707524886,2.0793185810888843,23.359239545839152,382.6066519479548,0.0,0.0,0.0,0.0,0.21555000895956952,0.0,146.5587550427813,tiny_ttm
2025-03-22 22:50:00,21.76546513320237,0.21077694303881422,2.056836739776342,23.213958732945716,383.27832999025867,0.0,0.0,0.0,0.0,0.21555000895956952,0.0,143.60368955268345,tiny_ttm
2025-03-22 22:55:00,21.629052999149028,0.21263402385567046,2.034967240393104,23.071596210043133,383.93794301522615,0.0,0.0,0.0,0.0,0.21555000895956952,0.0,140.70820707451978,tiny_ttm
2025-03-22 23:00:00,21.495391344175932,0.21447152434703542,2.013690436032908,22.932093295520122,384.5857077407402,0.0,0.0,0.0,0.0,0.21555000895956952,0.0,137.87110623548713,tiny_ttm
2025-03-22 23:05:00,21.364424710348757,0.2162893144624758,1.9929874275456267,22.795392489501648,385.22183699188855,0.0,0.0,0.0,0.0,0.21555000895956952,0.0,135.09120988607307,tiny_ttm
2025-03-22 23:10:00,21.236098757932012,0.21808727888885074,1.9728400305161609,22.66143744999413,385.8465397708882,0.0,0.0,0.0,0.0,0.21555000895956952,0.0,132.36736461164122,tiny_ttm
2025-03-22 23:15:00,21.110360242842773,0.21986531665572495,1.9532307438854843,22.530172969514236,386.4600213257537,0.0,0.0,0.0,0.0,0.21555000895956952,0.0,129.69844025386482,tiny_ttm
2025-03-22 23:20:00,20.98715699455904,0.2216233407381343,1.9341427201240444,22.401544952191387,387.0624832177318,0.0,0.0,0.0,0.0,0.21555000895956952,0.0,127.08332944180974,tiny_ttm
2025-03-22 23:25:00,20.866437894473517,0.22348546375869902,1.9152534350000043,22.267952844349683,387.6541233875255,0.0,0.0,0.0,0.0,0.21555000895956952,0.0,124.52094713247176,tiny_ttm
2025-03-22 23:30:00,20.74815285468384,0.2253270060961558,1.8968590681750364,22.137036528855646,388.2351362203275,0.0,0.0,0.0,0.0,0.21555000895956952,0.0,122.01023016057844,tiny_ttm
2025-03-22 23:35:00,20.632252797210473,0.22714787939973877,1.8789444692043533,22.008742193958803,388.8057126096865,0.0,0.0,0.0,0.0,0.21555000895956952,0.0,140.7761259534734,tiny_ttm
2025-03-22 23:40:00,20.498526624680416,0.22904226376656364,1.8589550249422095,21.874149399281446,389.3660400202256,0.0,0.0,0.0,0.0,0.21555000895956952,0.0,137.93765566547634,tiny_ttm
2025-03-22 23:45:00,20.36749677416436,0.23095533813701413,1.8394128165332848,21.739938557685726,389.91630254923456,0.0,0.0,0.0,0.0,0.21555000895956952,0.0,135.15641747930957,tiny_ttm
2025-03-22 23:50:00,20.239108879697394,0.23284730253281233,1.8203970272442511,21.60842745210598,390.4566809871553,0.0,0.0,0.0,0.0,0.21555000895956952,0.0,132.4312574235915,tiny_ttm
2025-03-22 23:55:00,20.11330967149605,0.2348400061728317,1.8016038765242084,21.472506200178767,390.9873528769815,0.0,0.0,0.0,0.0,0.21555000895956952,0.0,150.9870339504807,tiny_ttm
2025-03-23 00:00:00,19.969883944902772,0.23694277761835947,1.7807775607671719,21.32855165436888,391.50849257259046,0.0,0.0,0.0,0.0,0.21555000895956952,0.0,147.94268103311964,tiny_ttm
2025-03-23 00:05:00,19.829350112518913,0.23902372811798575,1.760527219801829,21.18749851941146,392.02027129602794,0.0,0.0,0.0,0.0,0.21555000895956952,0.0,144.95971143088804,tiny_ttm
2025-03-23 00:10:00,19.691649865055638,0.2410826927166231,1.7408340471445976,21.049288314442585,392.52285719376357,0.0,0.0,0.0,0.0,0.21555000895956952,0.0,142.03688747145335,tiny_ttm
2025-03-23 00:15:00,19.556726068914823,0.2431195235363199,1.7216799643322567,20.913863737393548,393.0164153919359,0.0,0.0,0.0,0.0,0.21555000895956952,0.0,139.17299643768138,tiny_ttm
2025-03-23 00:20:00,19.424522742483596,0.24513408933895123,1.7030475882867426,20.781168641228806,393.501108050605,0.0,0.0,0.0,0.0,0.21555000895956952,0.0,115.14086090845937,tiny_ttm
2025-03-23 00:25:00,19.31514804186005,0.24724353550435343,1.6867731322734434,20.647817666760304,393.9770944170309,0.0,0.0,0.0,0.0,0.21555000895956952,0.0,112.81927469908265,tiny_ttm
2025-03-23 00:30:00,19.207978664304427,0.24920067639602733,1.6711998867256956,20.52417165942112,394.4445308779945,0.0,0.0,0.0,0.0,0.21555000895956952,0.0,110.5444986532312,tiny_ttm
2025-03-23 00:35:00,19.102970143867967,0.25113505143618253,1.6560233198185808,20.402999656000713,394.90357101117905,0.0,0.0,0.0,0.0,0.21555000895956952,0.0,108.31558893715882,tiny_ttm
2025-03-23 00:40:00,19.000078911169233,0.2530466173021052,1.6412317098043678,20.284251813115883,395.35436563562854,0.0,0.0,0.0,0.0,0.21555000895956952,0.0,127.35760990365246,tiny_ttm
2025-03-23 00:45:00,18.879099266363404,0.255072580673524,1.6244676829385878,20.157514520215138,395.79706286129976,0.0,0.0,0.0,0.0,0.21555000895956952,0.0,124.78969727490664,tiny_ttm
2025-03-23 00:50:00,18.760558935218953,0.2570754007100802,1.608146774998341,20.033322061974253,396.23180813772433,0.0,0.0,0.0,0.0,0.21555000895956952,0.0,122.27356149148522,tiny_ttm
2025-03-23 00:55:00,18.64440873383268,0.25905500780181384,1.5922552891403314,19.91162328273868,396.6587443017965,0.0,0.0,0.0,0.0,0.21555000895956952,0.0,119.80815857639244,tiny_ttm
2025-03-23 01:00:00,18.530600469996877,0.26101134703139395,1.5767800301737722,19.79236805677059,397.0780116247028,0.0,0.0,0.0,0.0,0.21555000895956952,0.0,117.39246560234992,tiny_ttm
2025-03-23 01:05:00,18.419086923203743,0.2630713429369915,1.561439263255124,19.668943736517047,397.48974785800834,0.0,0.0,0.0,0.0,0.21555000895956952,0.0,115.02548026737122,tiny_ttm
2025-03-23 01:10:00,18.309821825053003,0.2651074525867309,1.5464945855512124,19.547990789951587,397.8940882789157,0.0,0.0,0.0,0.0,0.21555000895956952,0.0,133.93220963489878,tiny_ttm
2025-03-23 01:15:00,18.182596831101346,0.2672591881478387,1.529704803121993,19.41940701278621,398.29116573471066,1.0,0.1,0.0,0.0,0.6122397550811517,23333.40915167523,427.65136782277096,tiny_ttm
2025-03-23 01:20:00,18.95027961751653,0.25522542630716416,1.6313673019108204,20.160129313172295,399.3987500158505,0.0,0.0,0.0,0.0,0.21555000895956952,0.0,147.5265597926085,tiny_ttm
2025-03-23 01:25:00,18.810141067361283,0.25763898363884713,1.6119133797638292,20.01099364530375,399.7687999840723,0.0,0.0,0.0,0.0,0.21555000895956952,0.0,144.55198044667495,tiny_ttm
2025-03-23 01:30:00,18.672828132047503,0.2598730597814075,1.5933272234238762,19.872994659551015,400.13220292946363,0.0,0.0,0.0,0.0,0.21555000895956952,0.0,120.41138841472046,tiny_ttm
2025-03-23 01:35:00,18.55844684763105,0.26194677721663645,1.5775319406573112,19.747853705928243,400.48907824917706,0.0,0.0,0.0,0.0,0.21555000895956952,0.0,117.98353251204686,tiny_ttm
2025-03-23 01:40:00,18.446371834076363,0.26399667019829376,1.5621471879642612,19.62521961660929,400.8395431956937,0.0,0.0,0.0,0.0,0.21555000895956952,0.0,115.60462948967597,tiny_ttm
2025-03-23 01:45:00,18.33655659002341,0.26615030045165095,1.5468915083169146,19.49851591476246,401.18371291534686,0.0,0.0,0.0,0.0,0.21555000895956952,0.0,134.499681466249,tiny_ttm
2025-03-23 01:50:00,18.208792542766293,0.26829205654873944,1.5300626818148082,19.370765272245933,401.52170048615375,0.0,0.0,0.0,0.0,0.21555000895956952,0.0,131.7877631846421,tiny_ttm
2025-03-23 01:55:00,18.083604603137918,0.2706316543841458,1.5132263570455415,19.234413273203685,401.85361695496766,1.0,0.1,0.0,0.0,0.6122397550811517,23333.40915167523,421.69256530439,tiny_ttm
2025-03-23 02:00:00,18.853435910692532,0.25875599501183244,1.613846699179168,19.958615996102115,402.77944504755925,0.0,0.0,0.0,0.0,0.21555000895956952,0.0,166.69694547774,tiny_ttm
2025-03-23 02:05:00,18.695087012111834,0.2613382336413062,1.592388164295047,19.79980420498253,403.08876927874985,0.0,0.0,0.0,0.0,0.21555000895956952,0.0,163.3358334736008,tiny_ttm
2025-03-23 02:10:00,18.53993090379095,0.2640069945052849,1.571305894494809,19.638497411959055,403.39253727320676,0.0,0.0,0.0,0.0,0.21555000895956952,0.0,160.04249160089373,tiny_ttm
2025-03-23 02:15:00,18.387903209471283,0.26665163725954066,1.5508191695480502,19.48043190629751,403.6908488348364,0.0,0.0,0.0,0.0,0.21555000895956952,0.0,156.81555340985207,tiny_ttm
2025-03-23 02:20:00,18.23894085091332,0.26927182172709935,1.5309080088210307,19.325542495186053,403.9838019748176,0.0,0.0,0.0,0.0,0.21555000895956952,0.0,153.65368000244783,tiny_ttm
2025-03-23 02:25:00,18.09298202172465,0.27209438934397306,1.511081663013822,19.162392523552853,404.27149294380314,0.0,0.0,0.0,0.0,0.21555000895956952,0.0,150.5555594768659,tiny_ttm
2025-03-23 02:30:00,17.94996616171571,0.2747772692105185,1.4920375240697932,19.008192093598637,404.5540162635435,1.0,0.1,0.0,0.0,0.6122397550811517,23333.40915167523,534.0375461605785,tiny_ttm
2025-03-23 02:35:00,18.67929007444829,0.2621889448533363,1.5889836957936547,19.753209296439813,405.34207003852646,0.0,0.0,0.0,0.0,0.21555000895956952,0.0,184.22651700206129,tiny_ttm
2025-03-23 02:40:00,18.504289470969745,0.26497415687738446,1.5657427376808526,19.583455475056606,405.6053631164035,0.0,0.0,0.0,0.0,0.21555000895956952,0.0,180.5119560903314,tiny_ttm
2025-03-23 02:45:00,18.332817406225956,0.26784019420648475,1.542967516072127,19.41181614460341,405.8639267921726,0.0,0.0,0.0,0.0,0.21555000895956952,0.0,176.87229190352198,tiny_ttm
2025-03-23 02:50:00,18.16480273425882,0.27068230475722793,1.5208583803663922,19.243637213206426,406.1178460177226,0.0,0.0,0.0,0.0,0.21555000895956952,0.0,173.30601429829778,tiny_ttm
2025-03-23 02:55:00,18.000175743626826,0.2736069165409987,1.4991715342520189,19.0735293234065,406.3672042189941,1.0,0.1,0.0,0.0,0.6122397550811517,23333.40915167523,537.05989437209,tiny_ttm
2025-03-23 03:00:00,18.728409910726263,0.2616891678547291,1.594951284959667,19.786485702143978,407.062749181497,0.0,0.0,0.0,0.0,0.21555000895956952,0.0,185.26913411424235,tiny_ttm
2025-03-23 03:05:00,18.552418903549068,0.26468540704154986,1.5710853549037394,19.605393679804564,407.2951345589837,0.0,0.0,0.0,0.0,0.21555000895956952,0.0,181.53355090434476,tiny_ttm
2025-03-23 03:10:00,18.379976404625268,0.2677629746449045,1.5476997749233234,19.42263444420531,407.5233457139538,0.0,0.0,0.0,0.0,0.21555000895956952,0.0,177.87328829215377,tiny_ttm
2025-03-23 03:15:00,18.21101086535118,0.27092278756594007,1.524773907219195,19.23824053161384,407.74745762588236,0.0,0.0,0.0,0.0,0.21555000895956952,0.0,174.28682758778348,tiny_ttm
2025-03-23 03:20:00,18.04545217975826,0.2739525601450413,1.5027291873318598,19.062844097946442,407.9675439274256,1.0,0.1,0.0,0.0,0.6122397550811517,23333.40915167523,539.7852935998249,tiny_ttm
2025-03-23 03:25:00,18.77270366991277,0.2625625121522566,1.5974813544739526,19.7476698748779,408.58143959066706,0.0,0.0,0.0,0.0,0.21555000895956952,0.0,207.43530212241876,tiny_ttm
2025-03-23 03:30:00,18.57565655831932,0.26576581274712713,1.5710605729289124,19.5533171877385,408.78654549054517,0.0,0.0,0.0,0.0,0.21555000895956952,0.0,182.02679311250913,tiny_ttm
2025-03-23 03:35:00,18.402745518354337,0.2690439859856162,1.5471987613186806,19.360926707494958,408.98796717554353,0.0,0.0,0.0,0.0,0.21555000895956952,0.0,199.58257440926388,tiny_ttm
2025-03-23 03:40:00,18.213157876283073,0.2722026421775549,1.5223023948117207,19.1743319479138,409.18577082337475,0.0,0.0,0.0,0.0,0.21555000895956952,0.0,174.33240001854162,tiny_ttm
2025-03-23 03:45:00,18.04755590048951,0.2753291251921072,1.5000783860806965,18.994841370681456,409.3800214230341,0.0,0.0,0.0,0.0,0.21555000895956952,0.0,170.8173342761345,tiny_ttm
2025-03-23 03:50:00,17.885292958816542,0.27853902996257257,1.4782710579917318,18.813681726411964,409.57078279615206,1.0,0.1,0.0,0.0,0.6122397550811517,23333.40915167523,530.1445653454612,tiny_ttm
2025-03-23 03:55:00,18.616020534709776,0.26708326226583656,1.572208060157256,19.491822071381353,410.1028812450331,0.0,0.0,0.0,0.0,0.21555000895956952,0.0,182.88355843766615,tiny_ttm
2025-03-23 04:00:00,18.442295635527444,0.2703515766569375,1.5482635960126339,19.300567390624938,410.28065824805867,0.0,0.0,0.0,0.0,0.21555000895956952,0.0,179.19607561149394,tiny_ttm
2025-03-23 04:05:00,18.27207355304272,0.27359704084132325,1.525013742695985,19.11314977632768,410.45524193153466,0.0,0.0,0.0,0.0,0.21555000895956952,0.0,175.58294353456057,tiny_ttm
2025-03-23 04:10:00,18.105283659931168,0.27671284949770086,1.5026549480380513,18.93472611741114,410.6266896554659,0.0,0.0,0.0,0.0,0.21555000895956952,0.0,172.04266307204352,tiny_ttm
2025-03-23 04:15:00,17.941856752927727,0.27980429055227884,1.4809395731916062,18.759882948932713,410.795057749528,1.0,0.1,0.0,0.0,0.6275001443873759,23333.40915167523,546.8187058962483,tiny_ttm
2025-03-23 04:20:00,18.67088589044608,0.2679367133948553,1.5757765544945062,19.45632104092346,411.27639963213204,0.0,0.0,0.0,0.0,0.21555000895956952,0.0,184.0481298835653,tiny_ttm
2025-03-23 04:25:00,18.496054740604816,0.2710949874293074,1.551903651730088,19.270894925904933,411.4330973102532,0.0,0.0,0.0,0.0,0.21555000895956952,0.0,180.33716579290274,tiny_ttm
2025-03-23 04:30:00,18.3247487128031,0.2742299767010284,1.5287278201814338,19.089191319003497,411.58698030621406,0.0,0.0,0.0,0.0,0.21555000895956952,0.0,176.70102590442525,tiny_ttm
2025-03-23 04:35:00,18.15689672997369,0.2773410987126308,1.50622472166352,18.911135335927927,411.73809917874513,0.0,0.0,0.0,0.0,0.21555000895956952,0.0,173.1382015370742,tiny_ttm
2025-03-23 04:40:00,17.99242914817688,0.2804278002147696,1.4843710271970698,18.7366536037584,411.8865035784155,1.0,0.1,0.0,0.0,0.6122397550811517,23333.40915167523,536.5935907700224,tiny_ttm
2025-03-23 04:45:00,18.720831446900636,0.26845651405867665,1.579583405101713,19.43715730698957,412.30045400024903,0.0,0.0,0.0,0.0,0.21555000895956952,0.0,185.10827372326037,tiny_ttm
2025-03-23 04:50:00,18.544993244357407,0.2717144792946555,1.5553437017982255,19.246816347536758,412.43875710101827,0.0,0.0,0.0,0.0,0.21555000895956952,0.0,181.3759339428664,tiny_ttm
2025-03-23 04:55:00,18.372700469066373,0.2749672257680119,1.5317736030043778,19.05941275599624,412.5745759322367,0.0,0.0,0.0,0.0,0.21555000895956952,0.0,198.94483851888594,tiny_ttm
2025-03-23 05:00:00,18.183718625592903,0.2782859142107966,1.5067910028550981,18.868506128280895,412.707955117598,0.0,0.0,0.0,0.0,0.21555000895956952,0.0,194.93351195863616,tiny_ttm
2025-03-23 05:05:00,17.998547224721378,0.28168133661073713,1.4823552950330536,18.676597250617252,412.8389384792426,1.0,0.1,0.0,0.0,0.6122397550811517,23333.40915167523,597.1565162808702,tiny_ttm
2025-03-23 05:10:00,18.705112799485157,0.26984506376131023,1.5750364721306707,19.36438522330349,413.2042956918751,0.0,0.0,0.0,0.0,0.21555000895956952,0.0,206.00061903967733,tiny_ttm
2025-03-23 05:15:00,18.509428523217295,0.2732950227459286,1.5485160215390006,19.162432330742675,413.32636353558365,0.0,0.0,0.0,0.0,0.21555000895956952,0.0,201.84702671361507,tiny_ttm
2025-03-23 05:20:00,18.317689830763825,0.27682139591932403,1.5225951628189864,18.95970389248189,413.4462387355585,0.0,0.0,0.0,0.0,0.21555000895956952,0.0,197.7771833068111,tiny_ttm
2025-03-23 05:25:00,18.12981716728297,0.28022691872005784,1.497660623064459,18.765879317256815,413.5639606771643,0.0,0.0,0.0,0.0,0.21555000895956952,0.0,193.78940018905672,tiny_ttm
2025-03-23 05:30:00,17.94573258199794,0.2836094040869652,1.473474297768163,18.575951961759593,413.67956803830606,1.0,0.1,0.0,0.0,0.6122397550811517,23333.40915167523,593.9773573454428,tiny_ttm
2025-03-23 05:35:00,18.6534444424722,0.2718903939421417,1.5655573201491018,19.2536746083474,414.00203634799226,0.0,0.0,0.0,0.0,0.21555000895956952,0.0,204.90390705401177,tiny_ttm
2025-03-23 05:40:00,18.45880195574939,0.27552219800326827,1.5388825385146796,19.04420699571249,414.1097747745697,0.0,0.0,0.0,0.0,0.21555000895956952,0.0,200.77242774153555,tiny_ttm
2025-03-23 05:45:00,18.268084047229046,0.2790349493844721,1.5132185547229486,18.843758068153424,414.2155779495793,0.0,0.0,0.0,0.0,0.21555000895956952,0.0,217.95024063943174,tiny_ttm
2025-03-23 05:50:00,18.061048576652528,0.28253775480312165,1.4864163468457454,18.64390566943914,414.31948063497885,0.0,0.0,0.0,0.0,0.21555000895956952,0.0,192.3297188300612,tiny_ttm
2025-03-23 05:55:00,17.87835057307608,0.28610591410273817,1.4621275919175925,18.446710775915705,414.4215169683143,1.0,0.1,0.0,0.0,0.6122397550811517,23333.40915167523,650.115970934147,tiny_ttm
2025-03-23 06:00:00,18.565820950859532,0.27386315160557556,1.5527782153684542,19.142171700738608,414.70613105873457,0.0,0.0,0.0,0.0,0.21555000895956952,0.0,224.270000927235,tiny_ttm
2025-03-23 06:05:00,18.352782208429417,0.2774885960778019,1.5245416839856776,18.931803564431533,414.8012221835446,0.0,0.0,0.0,0.0,0.21555000895956952,0.0,219.7480428906044,tiny_ttm
2025-03-23 06:10:00,18.144038968070298,0.2812784711433701,1.4968090103240137,18.716684573683207,414.8946052339543,0.0,0.0,0.0,0.0,0.21555000895956952,0.0,215.31726113435238,tiny_ttm
2025-03-23 06:15:00,17.93950461953546,0.28504828860286263,1.4699388270842941,18.50589155691721,414.9863108912512,1.0,0.1,0.0,0.0,0.6122397550811517,23333.40915167523,694.1275328819816,tiny_ttm
2025-03-23 06:20:00,18.61110607551245,0.27299671673259734,1.5590433795843863,19.19203185289779,415.2421092072507,0.0,0.0,0.0,0.0,0.21555000895956952,0.0,246.45721164805113,tiny_ttm
2025-03-23 06:25:00,18.376991239755306,0.2770770265250976,1.527727122385011,18.95555465762344,415.3275728241678,0.0,0.0,0.0,0.0,0.21555000895956952,0.0,241.4878926830101,tiny_ttm
2025-03-23 06:30:00,18.14759686352761,0.28122802771568395,1.4972485790598349,18.71963950844882,415.4115013008023,0.0,0.0,0.0,0.0,0.21555000895956952,0.0,236.72991550537736,tiny_ttm
2025-03-23 06:35:00,17.927958475561976,0.28556334005681383,1.4678133739952075,18.479589551747562,300.0,1.0,0.1,1.0,0.0,0.6122397550811517,23333.40915167523,713.2967512975928,tiny_ttm
2025-03-23 06:40:00,18.59264822891662,0.27400255059831763,1.5550891120678147,19.139075617064996,306.1223975508115,1.0,0.2,1.0,0.0,1.0089295012027337,23333.40915167523,1239.588279435875,tiny_ttm
2025-03-23 06:45:00,19.22504815349028,0.2635523217379876,1.6409982231431501,19.763341238932586,315.69693693724673,1.0,0.3,1.0,0.0,1.4056192473243156,23333.40915167523,1811.5662535955696,tiny_ttm
2025-03-23 06:50:00,19.823910099381603,0.25513383289023256,1.7226753349882336,20.29729671345416,327.91446968690406,1.0,0.4,1.0,0.0,1.802308993445898,23333.40915167523,2425.0263752276,tiny_ttm
2025-03-23 06:55:00,20.38816804535398,0.24770339383422932,1.8016516704928836,20.78840595708789,341.7450179743647,1.0,0.5,1.0,0.0,2.275300686098601,23333.40915167523,3181.447700134673,tiny_ttm
2025-03-23 07:00:00,20.91297256430779,0.2406816288421358,1.8782048501976618,21.264377055663186,356.58281916549487,0.0,0.4,1.0,0.0,1.987283409278918,0.0,2703.5751107445253,tiny_ttm
2025-03-23 07:05:00,20.5366927321107,0.2467151281360335,1.8206206573839896,20.866201766630084,367.0851451101326,0.0,0.3,1.0,0.0,1.4056192473243156,0.0,1864.860485521141,tiny_ttm
2025-03-23 07:10:00,20.201175042174967,0.2531064353223647,1.7681739234886875,20.463981359927995,373.2833233186802,0.0,0.2,1.0,0.0,1.0089295012027337,0.0,1307.4502576005823,tiny_ttm
2025-03-23 07:15:00,19.894315493797986,0.2583892421257814,1.722645839768709,20.134232807189136,377.211142760508,1.0,0.3,1.0,0.0,1.4056192473243156,23333.40915167523,1903.7667815893128,tiny_ttm
2025-03-23 07:20:00,20.47658911664665,0.24929800737522306,1.8076667116843423,20.714132127078063,382.2232128694115,1.0,0.4,1.0,0.0,1.8633505506707946,23333.40915167523,2443.275119271274,tiny_ttm
2025-03-23 07:25:00,21.04703251241572,0.24072477041040474,1.8936291705153092,21.283095030721586,388.0891626279411,1.0,0.3,1.0,0.0,1.4056192473243156,23333.40915167523,1787.0422179677846,tiny_ttm
2025-03-23 07:30:00,21.65030671747904,0.23287621079098117,1.985227955214306,21.834142766154773,391.82703656197464,1.0,0.2,1.0,0.0,1.0246523265485403,23333.40915167523,1365.2094257941883,tiny_ttm
2025-03-23 07:35:00,22.25734889681474,0.2249633906873958,2.0813317673906138,22.407665732340238,394.2326609396863,0.0,0.3,0.0,0.0,1.451400415242988,0.0,1899.951857101894,tiny_ttm
2025-03-23 07:40:00,22.025346695824748,0.2362010751793519,2.0223844815335363,21.699585954245556,300.0,0.0,0.2,0.0,0.0,1.0089295012027337,0.0,1335.0808615244007,tiny_ttm
2025-03-23 07:45:00,21.82681360392244,0.2460299894253204,1.9723345400989714,21.105458689282788,300.0,1.0,0.3,1.0,0.0,1.4056192473243156,23333.40915167523,1894.4674933792537,tiny_ttm
2025-03-23 07:50:00,22.410760314770183,0.23839629796441542,2.0644221159196054,21.633544891059707,314.0561924732432,1.0,0.2,0.0,0.0,1.0089295012027337,23333.40915167523,1433.6270829674968,tiny_ttm
2025-03-23 07:55:00,23.138694608665908,0.2362353376515073,2.163629353143819,21.87643522767243,300.0,1.0,0.1,0.0,0.0,0.6122397550811517,23333.40915167523,915.9013796908104,tiny_ttm
2025-03-23 08:00:00,23.88542109272157,0.2340559317242463,2.269644015432281,22.126088007681496,300.0,1.0,0.0,0.0,0.0,0.21555000895956952,23333.40915167523,317.84132360430146,tiny_ttm
2025-03-23 08:05:00,24.67223430021697,0.23210592167807206,2.3852159955003813,22.371177360878,300.0,0.0,0.0,1.0,0.0,0.21555000895956952,0.0,311.43268615077017,tiny_ttm
2025-03-23 08:10:00,24.37639790865821,0.23590644064012314,2.33180594685309,22.095562540101675,302.1555000895957,0.0,0.1,1.0,0.0,0.6122397550811517,0.0,865.3822408665045,tiny_ttm
2025-03-23 08:15:00,24.06437346541555,0.2393209004728343,2.27838811531016,21.84411662170233,308.1679240698296,0.0,0.2,1.0,0.0,1.0089295012027337,0.0,1293.9013684901174,tiny_ttm
2025-03-23 08:20:00,23.760693851394983,0.24312225038967303,2.2260290750407443,21.575150477764666,317.57048078538736,0.0,0.3,1.0,0.0,1.4056192473243156,0.0,1757.9562602355504,tiny_ttm
2025-03-23 08:25:00,23.444409910573818,0.24754365224533595,2.1712852962853084,21.273123075928748,329.568556093907,0.0,0.4,1.0,0.0,1.802308993445898,0.0,2018.3755043693968,tiny_ttm
2025-03-23 08:30:00,23.143116094391925,0.25213609422823297,2.1191509394087302,20.969027124083716,343.15067314742777,0.0,0.5,1.0,0.0,2.19899873956748,0.0,2393.99418938918,tiny_ttm
2025-03-23 08:35:00,22.832583610325436,0.25697016363011993,2.066274616420284,20.655589766121494,357.2333042212124,0.0,0.6,1.0,0.0,2.595688485689062,0.0,2489.5607474020885,tiny_ttm
2025-03-23 08:40:00,22.54342127992028,0.2642249042941107,2.010542198185649,20.222065407102896,370.8102033476913,0.0,0.7,1.0,0.0,2.992378231810644,0.0,2781.205309207588,tiny_ttm
2025-03-23 08:45:00,22.248057071978927,0.27011115358106424,1.9589815548605847,19.869445663632003,383.07640974182135,0.0,0.8,1.0,0.0,3.3890679779322266,0.0,3047.5589058087635,tiny_ttm
2025-03-23 08:50:00,21.947583645261986,0.27765825003290445,1.9035697467021089,19.439129730671837,393.5044561896783,1.0,0.7,0.0,0.0,2.992378231810644,23333.40915167523,2672.8839317403263,tiny_ttm
2025-03-23 08:55:00,22.88786709333329,0.2822318354723507,2.0027174088468596,19.344039697358493,300.0,0.0,0.8,1.0,0.0,3.3890679779322266,0.0,2928.8636848925194,tiny_ttm
2025-03-23 09:00:00,22.59909639685584,0.2851332062262376,1.9600199073722866,19.15816133765206,333.8906797793223,0.0,0.9,1.0,0.0,3.7857577240538083,0.0,3160.3466410481196,tiny_ttm
2025-03-23 09:05:00,22.3064573927982,0.28854840015619104,1.9162913406899875,18.948477393251846,361.0564317908601,0.0,1.0,1.0,0.0,4.182447470175391,0.0,2961.9184058414353,tiny_ttm
2025-03-23 09:10:00,22.046549931327583,0.2940962277339332,1.8715062362997856,18.642990373021448,381.60046326914573,0.0,0.9,1.0,0.0,3.7857577240538083,0.0,2589.753548360219,tiny_ttm
2025-03-23 09:15:00,21.806746205589597,0.30311330114250895,1.82077695415569,18.1827780910998,393.7147418340557,1.0,0.8,0.0,0.0,3.7590168095982666,23333.40915167523,2954.5149697977304,tiny_ttm
2025-03-23 09:20:00,22.820704293844816,0.3054980115951202,1.929935658446555,18.208476083992558,300.0,0.0,0.9,0.0,0.0,4.201950159678104,0.0,3334.4196786308426,tiny_ttm
2025-03-23 09:25:00,22.895930222682615,0.3182792428972141,1.9030665208910018,17.631610183721623,300.0,1.0,0.8,0.0,0.0,3.6369336951484734,23333.40915167523,3251.4969518646667,tiny_ttm
2025-03-23 09:30:00,23.89573641232417,0.30847972381307304,2.0503816897454272,18.21413016656275,300.0,1.0,0.7,1.0,0.0,3.316083459518429,23333.40915167523,3169.7304449271614,tiny_ttm
2025-03-23 09:35:00,24.511101515450385,0.28407990235116976,2.2024687700706203,19.483587484751894,333.16083459518427,0.0,0.8,0.0,0.0,3.7590168095982666,0.0,3251.340288920454,tiny_ttm
2025-03-23 09:40:00,24.60641127841422,0.2965469189033881,2.1764772352069652,18.87981418361162,300.0,0.0,0.7,1.0,0.0,2.992378231810644,0.0,2508.1358182429144,tiny_ttm
2025-03-23 09:45:00,24.340047070452986,0.29019557088561043,2.16142231040861,19.153856287995183,329.9237823181064,1.0,0.6,0.0,0.0,2.595688485689062,23333.40915167523,2198.5107343716368,tiny_ttm
2025-03-23 09:50:00,25.427717278411425,0.2860343316314615,2.319739121418879,19.516216974311636,300.0,1.0,0.7,0.0,0.0,2.992378231810644,23333.40915167523,2851.3820237494606,tiny_ttm
2025-03-23 09:55:00,26.481408511032566,0.2779393904709028,2.496865492725115,20.0839721905578,300.0,1.0,0.8,0.0,0.0,3.4519592793154534,23333.40915167523,3305.6655850545208,tiny_ttm
2025-03-23 10:00:00,27.528558193967783,0.2657844959100849,2.699749073807437,20.88869243641661,300.0,0.0,0.7,1.0,0.0,3.0474081205209673,0.0,2827.3167590907915,tiny_ttm
2025-03-23 10:05:00,27.231617149058014,0.24672308490482595,2.7221419027167415,21.917363175816998,330.4740812052097,1.0,0.6,0.0,0.0,2.595688485689062,23333.40915167523,2688.345420193725,tiny_ttm
2025-03-23 10:10:00,28.305437582764608,0.2392459206055135,2.9268526767193435,22.53274687446334,300.0,0.0,0.5,1.0,0.0,2.430216759358755,0.0,2444.56434038131,tiny_ttm
2025-03-23 10:15:00,28.00899331045451,0.22727020457176608,2.92211386421823,23.221237636828786,324.30216759358757,1.0,0.6,0.0,0.0,2.595688485689062,23333.40915167523,2635.9934752750364,tiny_ttm
2025-03-23 10:20:00,29.104752917526536,0.22586123885624335,3.1194650801206656,23.49456081362318,300.0,0.0,0.5,1.0,0.0,2.430216759358755,0.0,2396.9597071609955,tiny_ttm
2025-03-23 10:25:00,28.81408150241658,0.21592971612889097,3.106842121595444,24.090040178435256,324.30216759358757,1.0,0.6,0.0,0.0,2.595688485689062,23333.40915167523,2844.235459542569,tiny_ttm
2025-03-23 10:30:00,29.90302264687756,0.2155072154556935,3.309852682083404,24.30680386282915,300.0,1.0,0.5,0.0,0.0,2.430216759358755,23333.40915167523,2687.7058958173716,tiny_ttm
2025-03-23 10:35:00,31.004509019185434,0.21619592878027055,3.5218566035294088,24.452139928693228,300.0,0.0,0.4,1.0,0.0,1.8633505506707946,0.0,2006.0362397813055,tiny_ttm
2025-03-23 10:40:00,30.712187029235217,0.20869712551985553,3.4968089253613037,24.911456912325036,318.63350550670793,0.0,0.3,1.0,0.0,1.4056192473243156,0.0,1475.747045431975,tiny_ttm
2025-03-23 10:45:00,30.446676958397692,0.20468468936944884,3.4616520514481,25.143550261833607,330.5070634811717,0.0,0.2,1.0,0.0,1.0708959305067955,0.0,1097.9186420365359,tiny_ttm
2025-03-23 10:50:00,30.201330765337396,0.20218011440365075,3.424146314198109,25.276051673355596,338.49353194176473,0.0,0.1,1.0,0.0,0.6584833590394067,0.0,660.325774513181,tiny_ttm
2025-03-23 10:55:00,29.978089235442415,0.20141895753904937,3.3838366861644373,25.28978079781667,342.96608634763345,1.0,0.2,0.0,0.0,1.0089295012027337,23333.40915167523,1132.4488847520024,tiny_ttm
2025-03-23 11:00:00,31.168419689931223,0.2095853057220112,3.584834161069114,24.930939182059404,300.0,0.0,0.1,1.0,0.0,0.620101167754055,0.0,619.9245318353561,tiny_ttm
2025-03-23 11:05:00,30.947414426239003,0.20873041045349766,3.5438617570801116,24.950865231987308,306.2010116775406,0.0,0.0,1.0,0.0,0.21555000895956952,0.0,211.1437107416369,tiny_ttm
2025-03-23 11:10:00,30.74684462010153,0.20996069982105423,3.4981341265999295,24.83049865925488,308.24512609024856,0.0,0.0,0.7,0.0,0.21555000895956952,0.0,210.38749719722415,tiny_ttm
2025-03-23 11:15:00,30.711936187872514,0.21761411108286738,3.457354820202445,24.306544361378712,300.0,1.0,0.0,0.2,0.0,0.21555000895956952,23333.40915167523,235.0821709594141,tiny_ttm
2025-03-23 11:20:00,31.851895068289686,0.22393562830196995,3.658861520532703,24.08536243621432,300.0,1.0,0.0,0.0,0.0,0.21555000895956952,23333.40915167523,261.74000172441976,tiny_ttm
2025-03-23 11:25:00,33.08247746860285,0.23331077251443458,3.8740263008457436,23.68860531076173,300.0,0.0,0.0,1.0,0.0,0.21555000895956952,0.0,256.46253572623897,tiny_ttm
2025-03-23 11:30:00,32.83885836722654,0.23451363320457258,3.8154389753728752,23.571538662169278,302.1555000895957,0.0,0.0,1.0,0.0,0.21555000895956952,0.0,230.06549016622483,tiny_ttm
2025-03-23 11:35:00,32.62031436892566,0.2354621584666777,3.7641919419152012,23.47526780637004,304.27228200722266,0.0,0.0,1.0,0.0,0.21555000895956952,0.0,246.65266678418527,tiny_ttm
2025-03-23 11:40:00,32.38601386626598,0.23650925169570633,3.709779396943672,23.37062617109165,306.3510412280738,0.0,0.0,1.0,0.0,0.21555000895956952,0.0,220.45341769947944,tiny_ttm
2025-03-23 11:45:00,32.176600575692376,0.23739332436968358,3.661984343863076,23.280743637961137,308.39246073486834,0.0,0.0,1.0,0.0,0.21555000895956952,0.0,216.0084134646407,tiny_ttm
2025-03-23 11:50:00,31.971409687171523,0.23814748995143425,3.6162131832166375,23.199975546386575,310.39721124224786,0.0,0.0,1.0,0.0,0.21555000895956952,0.0,211.65303388998606,tiny_ttm
2025-03-23 11:55:00,31.770356064373033,0.23887183736871465,3.5719238046497055,23.12201361380236,312.3659514171418,0.0,0.0,1.0,0.0,0.21555000895956952,0.0,207.38547187268978,tiny_ttm
2025-03-23 12:00:00,31.5733562875711,0.2394646173747525,3.529535103896264,23.053079679417277,314.29932809517425,0.0,0.0,1.0,0.0,0.21555000895956952,0.0,181.97796759055154,tiny_ttm
2025-03-23 12:05:00,31.400491627985808,0.2398960824523023,3.493112920070909,22.998199629503915,316.19797649318406,0.0,0.0,1.0,0.0,0.21555000895956952,0.0,178.3087442007376,tiny_ttm
2025-03-23 12:10:00,31.231112440079425,0.2403032042072379,3.457817483629359,22.94550079117039,318.06252041792703,0.0,0.0,1.0,0.0,0.21555000895956952,0.0,174.7135033949838,tiny_ttm
2025-03-23 12:15:00,31.065148446255286,0.24079851397448,3.42310374063675,22.888083686026796,319.8935724710297,0.0,0.0,1.0,0.0,0.21555000895956952,0.0,171.19075346178536,tiny_ttm
2025-03-23 12:20:00,30.902530785924533,0.24127076450141463,3.3894465817396564,22.83275397646302,321.6917342502614,0.0,0.0,1.0,0.0,0.21555000895956952,0.0,157.1260381890274,tiny_ttm
2025-03-23 12:25:00,30.75327349141158,0.24154444410370793,3.3595193153920073,22.791788637450523,323.45759654719103,0.0,0.0,1.0,0.0,0.21555000895956952,0.0,143.34490989623833,tiny_ttm
2025-03-23 12:30:00,30.617107177540824,0.2418605770186145,3.3321274277489032,22.75043996022723,325.19173954129366,0.0,0.0,1.0,0.0,0.21555000895956952,0.0,140.45464519460447,tiny_ttm
2025-03-23 12:35:00,30.483686386275767,0.24203637274958825,3.3060629084563296,22.718099923306113,326.89473299056993,0.0,0.0,1.0,0.0,0.21555000895956952,0.0,137.6226569260267,tiny_ttm
2025-03-23 12:40:00,30.35295575961953,0.2420717832062675,3.2812897692734015,22.694721634243933,328.5671364187421,0.0,0.0,1.0,0.0,0.21555000895956952,0.0,134.84777006226372,tiny_ttm
2025-03-23 12:45:00,30.22486105575902,0.24209154969218394,3.257237272063358,22.672729697642936,330.20949929908704,0.0,0.0,1.0,0.0,0.21555000895956952,0.0,132.12883326717892,tiny_ttm
2025-03-23 12:50:00,30.09934912655931,0.24209623413497536,3.2338813861212934,22.65207826973993,331.82236123496756,0.0,0.0,1.0,0.0,0.21555000895956952,0.0,129.46471841903653,tiny_ttm
2025-03-23 12:55:00,29.976367895511785,0.24195989493830777,3.211734942976716,22.64035560320132,333.4062521371206,0.0,0.0,1.0,0.0,0.21555000895956952,0.0,126.85432014242961,tiny_ttm
2025-03-23 13:00:00,29.855866336126947,0.24181009930261932,3.190230152002987,22.629845403047568,334.9616923977611,0.0,0.0,1.0,0.0,0.21555000895956952,0.0,113.6835607716429,tiny_ttm
2025-03-23 13:05:00,29.747875955239465,0.24158539808556448,3.1714418293681357,22.62588221778146,336.4891930615585,0.0,0.0,1.0,0.0,0.21555000895956952,0.0,100.77836353996983,tiny_ttm
2025-03-23 13:10:00,29.652144489845277,0.24129133479258522,3.15525994019102,22.628092841912835,337.98925599354203,0.0,0.0,1.0,0.0,0.21555000895956952,0.0,98.74636849362433,tiny_ttm
2025-03-23 13:15:00,29.558343258844936,0.24085268913775335,3.1400945019536546,22.639351986803234,339.46237404398977,0.0,0.0,1.0,0.0,0.21555000895956952,0.0,96.75534458159113,tiny_ttm
2025-03-23 13:20:00,29.466433342905074,0.24027017836709677,3.125921358883633,22.659635914846255,340.9090312103565,0.0,0.0,1.0,0.0,0.21555000895956952,0.0,94.80446570252232,tiny_ttm
2025-03-23 13:25:00,29.376376607423197,0.23968357774778418,3.1121480740395056,22.6805048766482,342.3297027962922,0.0,0.0,1.0,0.0,0.21555000895956952,0.0,92.89292241175876,tiny_ttm
2025-03-23 13:30:00,29.288135686705136,0.2390933336462011,3.0987620477672233,22.701928149033904,343.72485556780487,0.0,0.0,1.0,0.0,0.21555000895956952,0.0,69.79393242947634,tiny_ttm
2025-03-23 13:35:00,29.221836977414757,0.23837691216665569,3.089841782907263,22.734647290170145,345.09494790661756,0.0,0.0,1.0,0.0,0.21555000895956952,0.0,68.38667674502162,tiny_ttm
2025-03-23 13:40:00,29.156875049593385,0.2375136634790991,3.0817697743811636,22.776618206443544,346.4404299607714,0.0,0.0,1.0,0.0,0.21555000895956952,0.0,67.00779556953196,tiny_ttm
2025-03-23 13:45:00,29.09322294970429,0.23665480598350258,3.0739241118126452,22.818659217540272,347.76174379252285,0.0,0.0,1.0,0.0,0.21555000895956952,0.0,65.65671678752913,tiny_ttm
2025-03-23 13:50:00,29.030854267675153,0.23565011523608767,3.066901656039403,22.869983951784963,349.05932352358496,0.0,0.0,1.0,0.0,0.21555000895956952,0.0,64.33287981910429,tiny_ttm
2025-03-23 13:55:00,28.969743125940166,0.23480293876010808,3.059477426534687,22.911999337112583,350.33359547775905,0.0,0.0,1.0,0.0,0.21555000895956952,0.0,63.035735387326405,tiny_ttm
2025-03-23 14:00:00,28.909864168703123,0.23380930196856972,3.0528635233990844,22.96338394103624,351.5849783210049,0.0,0.0,1.0,0.0,0.21555000895956952,0.0,61.76474529034,tiny_ttm
2025-03-23 14:05:00,28.851192551416958,0.2329746760831815,3.0458354019944753,23.005300275262357,352.8138831989946,0.0,0.0,1.0,0.0,0.21555000895956952,0.0,60.519382178058635,tiny_ttm
2025-03-23 14:10:00,28.793703930475434,0.2319929484636943,3.039605581864633,23.056672823563453,354.02071387219587,1.0,0.0,1.0,0.0,0.21555000895956952,23333.40915167523,78.83612581976244,tiny_ttm
2025-03-23 14:15:00,29.63924393540779,0.21930316379721165,3.244294882854774,24.009828514508612,355.20586684852873,1.0,0.0,1.0,0.0,0.21555000895956952,23333.40915167523,96.78354879542505,tiny_ttm
2025-03-23 14:20:00,30.467735309650404,0.20759002092324766,3.4531604986233146,24.944696919537574,356.36973151363935,1.0,0.0,1.0,0.0,0.21555000895956952,23333.40915167523,114.36909772094249,tiny_ttm
2025-03-23 14:25:00,31.279521804896515,0.19687206640204638,3.665566467153896,25.853609112423513,357.5126902588339,0.0,0.0,1.0,0.0,0.21555000895956952,0.0,112.06307257962538,tiny_ttm
2025-03-23 14:30:00,31.173070759475756,0.1966382988414297,3.644517452698132,25.851172392828826,358.63511860671457,1.0,0.0,1.0,0.0,0.21555000895956952,23333.40915167523,129.34054033028127,tiny_ttm
2025-03-23 14:35:00,31.970635569732025,0.18660514395961306,3.8606954386444623,26.751533489803936,359.7373853345584,1.0,0.0,1.0,0.0,0.21555000895956952,23333.40915167523,146.269642343992,tiny_ttm
2025-03-23 14:40:00,32.752119073578335,0.17718351048655132,4.081256748663893,27.644449968947654,360.8198525954803,0.0,0.0,1.0,0.0,0.21555000895956952,0.0,143.32040623582827,tiny_ttm
2025-03-23 14:45:00,32.61597603624468,0.17730026239171326,4.049562953582414,27.608572030936273,361.8828760374197,1.0,0.0,1.0,0.0,0.21555000895956952,23333.40915167523,159.96763208812098,tiny_ttm
2025-03-23 14:50:00,33.38444753448684,0.16864968116165321,4.272385215422469,28.47611344468649,362.9268049199896,1.0,0.0,1.0,0.0,0.21555000895956952,23333.40915167523,176.2791997765079,tiny_ttm
2025-03-23 14:55:00,34.13742433502966,0.1606110874420144,4.498718839347965,29.326972564506683,363.95198222922687,0.0,0.0,1.0,0.0,0.21555000895956952,0.0,172.72488069315085,tiny_ttm
2025-03-23 15:00:00,33.97334937530645,0.16099189153886104,4.455803563784109,29.259600012778044,364.95874479028157,0.0,0.1,0.0,0.0,0.7588319796288201,0.0,629.6841380390101,tiny_ttm
2025-03-23 15:05:00,34.2567867189759,0.17680327800694687,4.441311881104695,27.968539487400527,300.0,0.0,0.2,0.0,0.0,1.2558703463398155,0.0,1069.082073075683,tiny_ttm
2025-03-23 15:10:00,34.47032705161023,0.1864703279408256,4.441510290936002,27.235955348600793,300.0,0.0,0.3,0.0,0.0,1.6830808710738459,0.0,1472.1919617658452,tiny_ttm
2025-03-23 15:15:00,34.703489231108584,0.19335575087624704,4.461212491199846,26.749307935506828,300.0,0.0,0.4,0.0,0.0,2.1112162678870416,0.0,1849.6581738767877,tiny_ttm
2025-03-23 15:20:00,34.71751474445931,0.18842819947572276,4.491952820228535,27.130282365522966,300.0,1.0,0.3,1.0,0.0,1.9605424948233758,23333.40915167523,1849.0748692964517,tiny_ttm
2025-03-23 15:25:00,35.38452237936836,0.16723939645712296,4.782253173633066,28.997784014307005,319.60542494823375,0.0,0.2,0.0,0.0,1.4093991114812223,0.0,1318.4141323372346,tiny_ttm
2025-03-23 15:30:00,35.30790183816912,0.1666544808484697,4.7654404688875065,29.03308993730469,300.0,0.0,0.1,1.0,0.0,0.7509705669559168,0.0,686.8656219366105,tiny_ttm
2025-03-23 15:35:00,35.100867731831464,0.16422247372770438,4.725052751674762,29.203705218184464,307.5097056695592,0.0,0.1,1.0,0.0,0.7047269629976618,0.0,630.3482345670006,tiny_ttm
2025-03-23 15:40:00,34.9000734558327,0.16195184453196346,4.685601119423042,29.36348622008321,314.1159509604096,0.0,0.2,1.0,0.0,1.240147520994009,0.0,1082.4782346862821,tiny_ttm
2025-03-23 15:45:00,34.68519875739303,0.1563828915143692,4.660969212535927,29.821413918426924,325.05860437118093,0.0,0.1,1.0,0.0,0.812474560220396,0.0,693.2349853515175,tiny_ttm
2025-03-23 15:50:00,34.48994034827407,0.15404351073144704,4.6235747177464095,29.996175534439573,331.4867267595339,1.0,0.0,0.0,0.0,0.21555000895956952,23333.40915167523,207.52455377773765,tiny_ttm
2025-03-23 15:55:00,35.57977660534049,0.1603483417397727,4.873956640462436,29.646105747304482,300.0,1.0,0.0,0.0,0.0,0.21555000895956952,23333.40915167523,229.13312706576684,tiny_ttm
2025-03-23 16:00:00,36.57727449699313,0.1633903742472509,5.129319614688697,29.577988645231724,300.0,1.0,0.0,1.0,0.0,0.21555000895956952,23333.40915167523,244.0501102596668,tiny_ttm
2025-03-23 16:05:00,37.265874298904905,0.15604711252209405,5.372206611347797,30.38970108321468,302.1555000895957,1.0,0.0,0.0,0.0,0.21555000895956952,23333.40915167523,263.1280146821001,tiny_ttm
2025-03-23 16:10:00,38.1465511110603,0.15632305078084324,5.632945692628274,30.548257095535607,300.0,1.0,0.0,0.0,0.0,0.21555000895956952,23333.40915167523,283.6472107085497,tiny_ttm
2025-03-23 16:15:00,39.09376102177335,0.15936735641574892,5.906208979646863,30.462663563087656,300.0,1.0,0.0,0.0,0.0,0.21555000895956952,23333.40915167523,304.24489318800136,tiny_ttm
2025-03-23 16:20:00,40.04459403477777,0.16282763467725211,6.188611218485212,30.34161139154085,300.0,0.0,0.1,1.0,0.0,0.8050755835870751,0.0,1110.8349969315323,tiny_ttm
2025-03-23 16:25:00,39.72925073362001,0.15913341065850928,6.1122455614568025,30.616920429785907,308.05075583587075,0.0,0.2,1.0,0.0,1.316911903564712,0.0,1772.650290086629,tiny_ttm
2025-03-23 16:30:00,39.393691177367984,0.1519835872964926,6.054618182057426,31.224671515838587,320.3363635221053,0.0,0.3,1.0,0.0,1.8675928508672834,0.0,2447.082827659325,tiny_ttm
2025-03-23 16:35:00,39.037682624976036,0.14125697921885544,6.015324317527601,32.21792740580828,335.84728810356796,1.0,0.2,0.0,0.0,1.3631555075229673,23333.40915167523,1903.960118278953,tiny_ttm
2025-03-23 16:40:00,39.89781040698789,0.13840805850900728,6.3194882827602035,32.704601699174304,300.0,1.0,0.3,0.4,0.0,1.984126732842086,23333.40915167523,2907.3411270866654,tiny_ttm
2025-03-23 16:45:00,40.58010063311846,0.12837892382506483,6.629374359007703,33.953305451741336,300.0,1.0,0.2,0.0,0.0,1.6258191780058557,23333.40915167523,2506.43323706899,tiny_ttm
2025-03-23 16:50:00,41.33973429338008,0.12393238942431913,6.936544865973897,34.64097778790217,300.0,1.0,0.1,1.0,0.0,0.6894665736914376,23333.40915167523,1169.7817973741362,tiny_ttm
2025-03-23 16:55:00,41.88206552501947,0.11687232785272195,7.195099892348866,35.619584097577594,306.89466573691436,0.0,0.2,1.0,0.0,1.3631555075229673,0.0,2255.8515432446266,tiny_ttm
2025-03-23 17:00:00,41.466414791641924,0.11265956744700129,7.072914947119783,36.0492484785915,319.743012347827,0.0,0.3,1.0,0.0,1.845395920967321,0.0,2972.9887111446624,tiny_ttm
2025-03-23 17:05:00,41.030152060709945,0.10693689678892408,6.956379184575725,36.68886407257227,335.16083201964295,0.0,0.4,0.0,0.0,2.5422066567779784,0.0,4000.696750369189,tiny_ttm
2025-03-23 17:10:00,40.65880875901059,0.10407848611483021,6.842713935139418,36.98200070123835,300.0,0.0,0.5,0.0,0.0,2.8926527989413056,0.0,4438.642134780361,tiny_ttm
2025-03-23 17:15:00,40.268197205369226,0.10173076771850677,6.7197688208740685,37.2071104085593,300.0,0.0,0.6,0.0,0.0,3.6139726448498375,0.0,5737.363512874574,tiny_ttm
2025-03-23 17:20:00,39.7965208284879,0.09567112456542336,6.597201305887666,37.949368318594956,300.0,0.0,0.7,0.0,0.0,3.7466114123697833,0.0,5766.845176981822,tiny_ttm
2025-03-23 17:25:00,39.31558460002548,0.09084199768508572,6.464063855890873,38.545248535248724,300.0,0.0,0.8,0.0,0.0,4.498914472930347,0.0,6695.14489000996,tiny_ttm
2025-03-23 17:30:00,38.80765138243124,0.08668184076415117,6.319056012429352,39.05818310396441,300.0,0.0,0.9,0.0,0.0,4.688895309358529,0.0,6743.89923033426,tiny_ttm
2025-03-23 17:35:00,38.31114804264617,0.0845872763279613,6.166448057696439,39.26163902798819,300.0,0.0,1.0,0.0,0.0,4.797487402820183,0.0,6661.824577305965,tiny_ttm
2025-03-23 17:40:00,37.816985048365275,0.08346465820083084,6.011301190506401,39.31239124109358,300.0,0.0,1.0,0.0,0.0,4.797487402820183,0.0,6430.136036983124,tiny_ttm
2025-03-23 17:45:00,37.33645046502852,0.08516475972254038,5.84578919223245,38.91186336731879,300.0,0.0,1.0,0.0,0.0,5.185933676069525,0.0,6695.908887480302,tiny_ttm
2025-03-23 17:50:00,36.84743755726211,0.08662350158770415,5.683169970348297,38.55339672158356,300.0,0.0,1.0,0.0,0.0,4.566269383028907,0.0,5692.773021425554,tiny_ttm
2025-03-23 17:55:00,36.40498597967135,0.08832654286308159,5.537142623161624,38.17451502560703,300.0,0.0,1.0,0.0,0.0,5.259923442402733,0.0,6821.492633352435,tiny_ttm
2025-03-23 18:00:00,35.90428450790644,0.08794131647089967,5.38954564042749,38.103648622109624,300.0,0.0,1.0,0.0,0.0,4.797487402820183,0.0,6000.42382802745,tiny_ttm
2025-03-23 18:05:00,35.44520406588638,0.09068829769813078,5.2393484455497745,37.57021420921614,300.0,0.0,1.0,0.0,0.0,5.028705422611457,0.0,6060.764263692971,tiny_ttm
2025-03-23 18:10:00,34.99237318721871,0.09530415598139927,5.0841139245789995,36.784127790200536,300.0,0.0,1.0,0.0,0.0,5.800973608714317,0.0,6707.840113533357,tiny_ttm
2025-03-23 18:15:00,34.505771659835794,0.09849645011093404,4.931496148964432,36.21624382098932,300.0,0.0,1.0,0.0,0.0,5.4171516958608,0.0,6016.733178760171,tiny_ttm
2025-03-23 18:20:00,34.05156273807212,0.0987137688639651,4.80743759389883,36.07357661150766,300.0,0.0,0.2,0.0,0.0,1.1633831384233055,0.0,1262.3660686023059,tiny_ttm
2025-03-23 18:25:00,33.796835530061365,0.10017228521543003,4.732029977893431,35.81240930590313,300.0,0.0,0.1,0.0,0.0,0.7125883756705651,0.0,756.6059672484481,tiny_ttm
2025-03-23 18:30:00,33.56488969172031,0.10156152840656743,4.663959264806132,35.56926730161197,300.0,0.0,0.0,0.0,0.0,0.21555000895956952,0.0,224.3613793954693,tiny_ttm
2025-03-23 18:35:00,33.35700043367692,0.10292748354201199,4.603065148574756,35.33788037077669,300.0,0.0,0.0,0.0,0.0,0.21555000895956952,0.0,241.06356804997063,tiny_ttm
2025-03-23 18:40:00,33.12800913225117,0.1040702608353673,4.5386366806570795,35.132931969583744,302.1555000895957,0.0,0.0,0.0,0.0,0.21555000895956952,0.0,236.20300116908817,tiny_ttm
2025-03-23 18:45:00,32.903634984486274,0.1052987109094285,4.47573681131507,34.92002280950427,304.27228200722266,0.0,0.0,0.0,0.0,0.21555000895956952,0.0,231.44043794174254,tiny_ttm
2025-03-23 18:50:00,32.683784894671625,0.10651834297685762,4.414774342732201,34.71144015630529,306.3510412280738,0.0,0.0,0.0,0.0,0.21555000895956952,0.0,226.77390231939012,tiny_ttm
2025-03-23 18:55:00,32.46836764418627,0.10772891729859707,4.355677790845025,34.50709605400007,308.39246073486834,0.0,0.0,0.0,0.0,0.21555000895956952,0.0,222.2014580965715,tiny_ttm
2025-03-23 19:00:00,32.25729385365113,0.10902864922962495,4.297903907337925,34.29470457356267,310.39721124224786,0.0,0.0,0.0,0.0,0.21555000895956952,0.0,217.7212081075556,tiny_ttm
2025-03-23 19:05:00,32.050475945844326,0.1103194009350656,4.241870684037203,34.08659275559867,312.3659514171418,0.0,0.0,0.0,0.0,0.21555000895956952,0.0,223.9442880171834,tiny_ttm
2025-03-23 19:10:00,31.83774660488772,0.11160395276261857,4.185113408380463,33.87992791793407,314.29932809517425,0.0,0.0,0.0,0.0,0.21555000895956952,0.0,230.04189191087687,tiny_ttm
2025-03-23 19:15:00,31.619225023060828,0.11288379885240216,4.127695246018936,33.67451204079239,316.19797649318406,0.0,0.0,0.0,0.0,0.21555000895956952,0.0,225.4035551846662,tiny_ttm
2025-03-23 19:20:00,31.40510949384478,0.11415395408182684,4.07203718333525,33.47327777162064,318.06252041792703,0.0,0.0,0.0,0.0,0.21555000895956952,0.0,220.85874128339407,tiny_ttm
2025-03-23 19:25:00,31.195311177961333,0.11541418392006733,4.0180746302760415,33.27613993140504,319.8935724710297,0.0,0.0,0.0,0.0,0.21555000895956952,0.0,216.40556450550395,tiny_ttm
2025-03-23 19:30:00,30.989743027399413,0.11676376255036955,3.9652991022407997,33.071506232028796,321.6917342502614,0.0,0.0,0.0,0.0,0.21555000895956952,0.0,212.04217717085663,tiny_ttm
2025-03-23 19:35:00,30.788319749297766,0.11818700694198084,3.913735426742531,32.86145434965187,323.45759654719103,0.0,0.0,0.0,0.0,0.21555000895956952,0.0,228.99275801010907,tiny_ttm
2025-03-23 19:40:00,30.570794761602663,0.11978156125505612,3.858464271291503,32.63058227840032,325.19173954129366,0.0,0.0,0.0,0.0,0.21555000895956952,0.0,224.37557498013265,tiny_ttm
2025-03-23 19:45:00,30.357655732182,0.12130237497710102,3.805158256041329,32.41157942975911,326.89473299056993,0.0,0.0,0.0,0.0,0.21555000895956952,0.0,219.8514882529283,tiny_ttm
2025-03-23 19:50:00,30.148814226919825,0.12291180930179928,3.7530494156686154,32.18619268471836,328.5671364187421,0.0,0.0,0.0,0.0,0.21555000895956952,0.0,215.4186207269096,tiny_ttm
2025-03-23 19:55:00,29.94418359479805,0.12451191384145865,3.702506483065671,31.965331448585687,330.20949929908704,0.0,0.0,0.0,0.0,0.21555000895956952,0.0,211.07513314850635,tiny_ttm
2025-03-23 20:00:00,29.743678931943847,0.12610231433922067,3.6534730591131486,31.748904506654508,331.82236123496756,0.0,0.0,0.0,0.0,0.21555000895956952,0.0,206.81922334903462,tiny_ttm
2025-03-23 20:05:00,29.547217046401933,0.1277842507167246,3.6054751699811387,31.526074859353667,333.4062521371206,0.0,0.0,0.0,0.0,0.21555000895956952,0.0,202.64912549695362,tiny_ttm
2025-03-23 20:10:00,29.354716423617162,0.12955893114838296,3.5584686541757176,31.29700243996615,334.9616923977611,0.0,0.0,0.0,0.0,0.21555000895956952,0.0,198.56310936519986,tiny_ttm
2025-03-23 20:15:00,29.166097192613098,0.1313236219481919,3.5128313718014565,31.072553369801266,336.4891930615585,0.0,0.0,0.0,0.0,0.21555000895956952,0.0,194.5594796132936,tiny_ttm
2025-03-23 20:20:00,28.981281092852516,0.13328784170238245,3.467675636003937,30.831310513476343,337.98925599354203,0.0,0.0,0.0,0.0,0.21555000895956952,0.0,190.63657508392038,tiny_ttm
2025-03-23 20:25:00,28.800191441766103,0.13524185536465452,3.4238107461072103,30.59500967852621,339.46237404398977,0.0,0.0,0.0,0.0,0.21555000895956952,0.0,208.01875726970042,tiny_ttm
2025-03-23 20:30:00,28.602590093982673,0.13736622419753255,3.3765350440785666,30.341346343951482,340.9090312103565,0.0,0.0,0.0,0.0,0.21555000895956952,0.0,203.82447320443737,tiny_ttm
2025-03-23 20:35:00,28.408972983943766,0.13958334856585697,3.3302464049837024,30.082973091662964,342.3297027962922,0.0,0.0,0.0,0.0,0.21555000895956952,0.0,199.71475852633452,tiny_ttm
2025-03-23 20:40:00,28.219259777428068,0.14168797975631053,3.2856927952565638,29.839791911252494,343.72485556780487,0.0,0.0,0.0,0.0,0.21555000895956952,0.0,195.6879080620813,tiny_ttm
2025-03-23 20:45:00,28.033371759993884,0.14388644936057451,3.242031194414597,29.59175148082315,345.09494790661756,0.0,0.0,0.0,0.0,0.21555000895956952,0.0,191.74225101979204,tiny_ttm
2025-03-23 20:50:00,27.851231804319518,0.14586365726945683,3.2004081988416053,29.36840010484698,346.4404299607714,0.0,0.0,0.0,0.0,0.21555000895956952,0.0,187.8761502957728,tiny_ttm
2025-03-23 20:55:00,27.672764338202153,0.14793554019809968,3.1595827862161388,29.139801511104395,347.76174379252285,0.0,0.0,0.0,0.0,0.21555000895956952,0.0,184.08800179526585,tiny_ttm
2025-03-23 21:00:00,27.497895313201965,0.1501029934946188,3.1195212355741977,28.906130676358412,349.05932352358496,0.0,0.0,0.0,0.0,0.21555000895956952,0.0,180.37623376689075,tiny_ttm
2025-03-23 21:05:00,27.326552173918497,0.15247544057945742,3.079796684634666,28.65789134225246,350.33359547775905,0.0,0.0,0.0,0.0,0.21555000895956952,0.0,176.739306150504,tiny_ttm
2025-03-23 21:10:00,27.15866382788647,0.1548354955799175,3.041174848473723,28.414860963890913,351.5849783210049,0.0,0.0,0.0,0.0,0.21555000895956952,0.0,173.1757099382086,tiny_ttm
2025-03-23 21:15:00,26.994160616078627,0.157182559533365,3.003619170631143,28.17692135286699,352.8138831989946,0.0,0.0,0.0,0.0,0.21555000895956952,0.0,169.6839665482473,tiny_ttm
2025-03-23 21:20:00,26.832974284003296,0.15940425771513733,2.967489219747989,27.95350109105367,354.02071387219587,0.0,0.0,0.0,0.0,0.21555000895956952,0.0,166.26262721152005,tiny_ttm
2025-03-23 21:25:00,26.67503795338473,0.16172462102137278,2.9319548282163503,27.725186762810022,355.20586684852873,0.0,0.0,0.0,0.0,0.21555000895956952,0.0,162.9102723704712,tiny_ttm
2025-03-23 21:30:00,26.520286094414466,0.16403034779618428,2.8973854822495775,27.501632785916346,356.36973151363935,0.0,0.0,0.0,0.0,0.21555000895956952,0.0,180.85150024610175,tiny_ttm
2025-03-23 21:35:00,26.34849148960894,0.16639633957169678,2.860089391229562,27.272595966904873,357.5126902588339,0.0,0.0,0.0,0.0,0.21555000895956952,0.0,177.20498982743945,tiny_ttm
2025-03-23 21:40:00,26.180160780958218,0.16863943274447174,2.8242082256012306,27.057081210563556,358.63511860671457,0.0,0.0,0.0,0.0,0.21555000895956952,0.0,173.6320040309966,tiny_ttm
2025-03-23 21:45:00,26.01522412589312,0.17097824230765948,2.788958986797871,26.837150735101044,359.7373853345584,0.0,0.0,0.0,0.0,0.21555000895956952,0.0,170.13106037915708,tiny_ttm
2025-03-23 21:50:00,25.85361309008081,0.1733022137909154,2.754685655447818,26.621723834091878,360.8198525954803,0.0,0.0,0.0,0.0,0.21555000895956952,0.0,187.92669544151929,tiny_ttm
2025-03-23 21:55:00,25.67509761007732,0.17558692729035585,2.7181855607696974,26.408717757630875,361.8828760374197,0.0,0.0,0.0,0.0,0.21555000895956952,0.0,184.1375277987862,tiny_ttm
2025-03-23 22:00:00,25.500181539295426,0.17796381072500303,2.6823821261882497,26.191815766951503,362.9268049199896,0.0,0.0,0.0,0.0,0.21555000895956952,0.0,180.4247611771587,tiny_ttm
2025-03-23 22:05:00,25.328792302814765,0.18032595801939405,2.647593911029812,25.979305567189247,363.95198222922687,0.0,0.0,0.0,0.0,0.21555000895956952,0.0,176.78685510216422,tiny_ttm
2025-03-23 22:10:00,25.160858789043747,0.18267284510842188,2.613786526011603,25.77109595903805,364.95874479028157,0.0,0.0,0.0,0.0,0.21555000895956952,0.0,173.22230015993074,tiny_ttm
2025-03-23 22:15:00,24.996311320214435,0.1851138732383165,2.5805789307679,25.558976135687363,365.9474233780816,0.0,0.0,0.0,0.0,0.21555000895956952,0.0,169.72961737091168,tiny_ttm
2025-03-23 22:20:00,24.835081623472355,0.18776071779289624,2.5475976599276664,25.33498897417751,366.91834282601013,0.0,0.0,0.0,0.0,0.21555000895956952,0.0,166.3073575762383,tiny_ttm
2025-03-23 22:25:00,24.677102802549207,0.19027910866399478,2.515868806517383,25.12368340807254,367.8718221326303,0.0,0.0,0.0,0.0,0.21555000895956952,0.0,162.95410083644515,tiny_ttm
2025-03-23 22:30:00,24.52230931000675,0.19278042485201013,2.485008532456236,24.916699246251046,368.80817456649345,0.0,0.0,0.0,0.0,0.21555000895956952,0.0,159.66845584231885,tiny_ttm
2025-03-23 22:35:00,24.370636920040326,0.1952641569999724,2.4549885572811108,24.71394427696916,369.7277077690642,0.0,0.0,0.0,0.0,0.21555000895956952,0.0,156.4490593376261,tiny_ttm
2025-03-23 22:40:00,24.222022701830745,0.1976147141877558,2.4261297396756927,24.523309907884123,370.6307238557972,0.0,0.0,0.0,0.0,0.21555000895956952,0.0,153.2945755534814,tiny_ttm
2025-03-23 22:45:00,24.0764049934335,0.1999468082174869,2.3980516581620597,24.336537412568216,371.5175195153981,0.0,0.0,0.0,0.0,0.21555000895956952,0.0,150.20369565411914,tiny_ttm
2025-03-23 22:50:00,23.93372337619441,0.20226004956747612,2.37072929734641,24.15354628740596,372.38838610730124,0.0,0.0,0.0,0.0,0.21555000895956952,0.0,147.17513719384104,tiny_ttm
2025-03-23 22:55:00,23.793918649681174,0.20467217212519873,2.343790558523833,23.966338323262104,373.24360975739717,0.0,0.0,0.0,0.0,0.21555000895956952,0.0,165.4336327409178,tiny_ttm
2025-03-23 23:00:00,23.63676979816712,0.20715593208081598,2.314489228947714,23.773377417497457,374.0834714520397,0.0,0.0,0.0,0.0,0.21555000895956952,0.0,162.09799292280184,tiny_ttm
2025-03-23 23:05:00,23.482789540353128,0.20962097965857326,2.2859962966521725,23.584308609666625,374.9082471303651,0.0,0.0,0.0,0.0,0.21555000895956952,0.0,158.82960964020324,tiny_ttm
2025-03-23 23:10:00,23.33191398785606,0.21218082394175508,2.257958668842054,23.391674310488153,375.7182077749528,0.0,0.0,0.0,0.0,0.21555000895956952,0.0,155.62712679899417,tiny_ttm
2025-03-23 23:15:00,23.184080540474806,0.2147210775834088,2.2306833285318888,23.202941179070955,376.5136195008574,0.0,0.0,0.0,0.0,0.21555000895956952,0.0,152.48921564798485,tiny_ttm
2025-03-23 23:20:00,23.039227860216684,0.2172412983156395,2.2041456894430054,23.018027976503575,377.2947436430415,0.0,0.0,0.0,0.0,0.21555000895956952,0.0,170.64056338361266,tiny_ttm
2025-03-23 23:25:00,22.877132836894297,0.2198355723077931,2.175401449782953,22.82756067234667,378.06183684223845,0.0,0.0,0.0,0.0,0.21555000895956952,0.0,167.19993617632932,tiny_ttm
2025-03-23 23:30:00,22.71830613697843,0.222410313015738,2.1474613871665267,22.640921626382205,378.81515112927207,0.0,0.0,0.0,0.0,0.21555000895956952,0.0,163.82868236623105,tiny_ttm
2025-03-23 23:35:00,22.562681861234974,0.2252449672630855,2.1195329625070825,22.440930251248634,379.5549340078624,0.0,0.0,0.0,0.0,0.21555000895956952,0.0,160.52540317688934,tiny_ttm
2025-03-23 23:40:00,22.41019543915667,0.22777681385449133,2.0931357182519488,22.262051402338646,380.2814285359437,0.0,0.0,0.0,0.0,0.21555000895956952,0.0,157.28872803541725,tiny_ttm
2025-03-23 23:45:00,22.260783602171973,0.2304018271238007,2.067158887869399,22.07995181717156,380.9948734055219,0.0,0.0,0.0,0.0,0.21555000895956952,0.0,154.11731400380128,tiny_ttm
2025-03-23 23:50:00,22.114384357394112,0.23277544703576603,2.04250314273634,21.915119369079434,381.69550302109764,0.0,0.0,0.0,0.0,0.21555000895956952,0.0,151.00984522169912,tiny_ttm
