reg_date,Tin,RHin,VPD,dTcond,CO2,u_heat,x_vent,curtain,u_co2,ACH,Q_heat,Q_ventloss,model
2025-03-17 00:30:00,13.3,0.45399999999999996,0.8339162084804209,11.54370824887092,371.0,1.0,0.0,0.0,0.0,0.21555000895956952,23333.40915167523,301.842652261269,physics
2025-03-17 00:35:00,13.933701463217536,0.4316201640724572,0.9046532012378288,12.307078020963147,371.8801625365849,1.0,0.0,0.0,0.0,0.21555000895956952,23333.40915167523,315.2935926476689,physics
2025-03-17 00:40:00,14.554625598158559,0.41066894477407184,0.9764901038243988,13.060873834530184,372.74451515294925,1.0,0.0,0.0,0.0,0.21555000895956952,23333.40915167523,328.4733216026288,physics
2025-03-17 00:45:00,15.163030034207505,0.39124343849929527,1.0490151368077432,13.797854737945139,373.5933418347968,1.0,0.0,0.0,0.0,0.21555000895956952,23333.40915167523,341.38730756466913,physics
2025-03-17 00:50:00,15.75916720616523,0.37311025799916925,1.1223700024871823,14.522042352461737,374.4269214667379,1.0,0.0,0.0,0.0,0.21555000895956952,23333.40915167523,354.04090871213526,physics
2025-03-17 00:55:00,16.343284458987434,0.3561832860340391,1.1964742678058413,15.232933692729771,375.2455279239179,1.0,0.0,0.0,0.0,0.21555000895956952,23333.40915167523,366.4393751863748,physics
2025-03-17 01:00:00,16.91562415041126,0.3402506899030564,1.271503415394371,15.93541013289828,376.0494301619996,1.0,0.0,0.0,0.0,0.21555000895956952,23333.40915167523,378.58785127008827,physics
2025-03-17 01:05:00,17.47642375151264,0.32529257537443224,1.3472995904201839,16.627406200142172,376.83889230552955,1.0,0.1,0.0,0.0,0.8513191875453302,23333.40915167523,1538.56103236141,physics
2025-03-17 01:10:00,17.98275573085898,0.3034450967270468,1.4360159992808768,17.653267097165593,379.90088223353064,0.0,0.0,0.0,0.0,0.21555000895956952,0.0,360.4757889822946,physics
2025-03-17 01:15:00,17.640332275007616,0.3074126070788863,1.3973798521532779,17.42889144648217,380.6211626663501,1.0,0.1,0.0,0.0,0.7509705669559168,23333.40915167523,1296.0200475410356,physics
2025-03-17 01:20:00,18.172073625139767,0.2885415262752275,1.4842937464892192,18.37143344637056,383.08552498289305,0.0,0.0,0.0,0.0,0.21555000895956952,0.0,364.4942485533363,physics
2025-03-17 01:25:00,17.82583295089102,0.29248411301179017,1.4442819276813883,18.137606410336147,383.7486012679493,1.0,0.1,0.0,0.0,0.8050755835870751,23333.40915167523,1403.7830455698247,physics
2025-03-17 01:30:00,18.349911968447607,0.27425562844588924,1.5310878636868317,19.09153210061557,386.18069426712043,0.0,0.0,0.0,0.0,0.21555000895956952,0.0,368.26904329991044,physics
2025-03-17 01:35:00,18.00008553809052,0.2781682807603759,1.4897490809547422,18.848160374253276,386.78817357159784,0.0,0.0,0.0,0.0,0.21555000895956952,0.0,360.84363128266693,physics
2025-03-17 01:40:00,17.65731266118079,0.28205100189574306,1.4501016051835114,18.610650035620825,387.384741028615,1.0,0.1,0.0,0.0,0.7199873523038859,23333.40915167523,1243.8958321387363,physics
2025-03-17 01:45:00,18.190681082103698,0.26581119589784963,1.5335058336813834,19.494444964098516,389.3416221912411,0.0,0.0,0.0,0.0,0.21555000895956952,0.0,364.8892102330736,physics
2025-03-17 01:50:00,17.84406522553359,0.2696729410184584,1.492559547488391,19.247903117597218,389.8923233255214,1.0,0.1,0.0,0.0,0.7972141709141718,23333.40915167523,1391.544549648122,physics
2025-03-17 01:55:00,18.368249247855015,0.25392965898524644,1.5757797854322166,20.14115870373673,391.8925122003711,0.0,0.1,0.0,0.0,0.6894665736914376,0.0,1176.9890796072368,physics
2025-03-17 02:00:00,17.986079633624716,0.2544842929024209,1.5372747585909605,20.053898532098593,393.5074433093947,0.0,0.0,0.0,0.0,0.21555000895956952,0.0,360.5463421063557,physics
2025-03-17 02:05:00,17.643589157892126,0.25828363517387887,1.4968109057736065,19.80246039213107,393.98331587872985,1.0,0.1,0.0,0.0,0.7740923689350443,23333.40915167523,1374.0843869471237,physics
2025-03-17 02:10:00,18.162596882294963,0.24385277545752976,1.5765880519856752,20.656091123389206,395.6615922656689,0.0,0.0,0.0,0.0,0.21555000895956952,0.0,385.5190844684833,physics
2025-03-17 02:15:00,17.79638427874384,0.24779746277576098,1.532658008423298,20.383775679969997,396.0987709327686,1.0,0.1,0.0,0.0,0.6737437483456309,23333.40915167523,1239.640604525516,physics
2025-03-17 02:20:00,18.30775040751954,0.23479944462243832,1.610065008869111,21.1870475149206,397.44071290458726,0.0,0.0,0.0,0.0,0.21555000895956952,0.0,374.3786988863327,physics
2025-03-17 02:25:00,17.95212028813837,0.23864515222359334,1.5665862060837588,20.913070587091237,397.8459341158821,0.0,0.0,0.0,0.0,0.21555000895956952,0.0,359.82552140731764,physics
2025-03-17 02:30:00,17.61031453499287,0.24238709730284635,1.5256860766867295,20.651229307840318,398.24387654086644,1.0,0.1,0.0,0.0,0.7588319796288201,23333.40915167523,1344.592220426301,physics
2025-03-17 02:35:00,18.131079643563154,0.22955409636841467,1.6032247149074412,21.46117143707777,399.61964672699503,0.0,0.0,0.0,0.0,0.21555000895956952,0.0,384.8500999009347,physics
2025-03-17 02:40:00,17.76550252237876,0.23342592526480088,1.5589058504430733,21.1793019023229,399.98572883787796,1.0,0.1,0.0,0.0,0.7819537816079476,23333.40915167523,1435.7788963782366,physics
2025-03-17 02:45:00,18.27007876158048,0.22107166995427266,1.6350810982385147,21.985930282061915,401.289915089657,0.0,0.0,0.0,0.0,0.21555000895956952,0.0,387.8004936726647,physics
2025-03-17 02:50:00,17.901698999935014,0.22491222591311366,1.589792619100514,21.696380567770376,401.6259950038285,0.0,0.0,0.0,0.0,0.21555000895956952,0.0,379.98126884668636,physics
2025-03-17 02:55:00,17.540746882721788,0.22874406304183417,1.5463592467670142,21.41324735583439,401.95603808229083,1.0,0.1,0.0,0.0,0.7357101776496926,23333.40915167523,1334.8554595629175,physics
2025-03-17 03:00:00,18.05350025016537,0.2169389062745628,1.6215526162583447,22.200877289056955,403.062298617956,0.0,0.0,0.0,0.0,0.21555000895956952,0.0,383.2034005379439,physics
2025-03-17 03:05:00,17.68948736298464,0.22070760967772124,1.5771975314935704,21.91227935026881,403.36654209167716,1.0,0.1,0.0,0.0,0.7199873523038859,23333.40915167523,1316.9304232595773,physics
2025-03-17 03:10:00,18.200021520009585,0.20967610769963116,1.6517238739813513,22.676547274823438,404.3645320349331,0.0,0.0,0.0,0.0,0.21555000895956952,0.0,386.3134594227813,physics
2025-03-17 03:15:00,17.833054323153153,0.2134013392612954,1.6064471178400903,22.381769649655578,404.64538413992955,1.0,0.1,0.0,0.0,0.6275001443873759,23333.40915167523,1157.0194849498214,physics
2025-03-17 03:20:00,18.34681919042856,0.20338914135667613,1.6802675427846883,23.10386433303264,405.44830277903014,0.0,0.1,0.0,0.0,0.7819537816079476,0.0,1332.7372754330684,physics
2025-03-17 03:25:00,17.958889040699383,0.20521846951568493,1.636062306187401,22.919070960208344,406.39653233492606,0.0,0.0,0.0,0.0,0.21555000895956952,0.0,359.9691948757773,physics
2025-03-17 03:30:00,17.616946809135392,0.20884681860686552,1.593896252048062,22.629928686619756,406.6408846330167,1.0,0.1,0.0,0.0,0.6968655503247584,23333.40915167523,1201.2891836124982,physics
2025-03-17 03:35:00,18.15270068886172,0.1993473957839953,1.6683458961031925,23.334572323064272,407.41667690652207,0.0,0.0,0.0,0.0,0.21555000895956952,0.0,364.0830388179786,physics
2025-03-17 03:40:00,17.8068506313006,0.2029635566119143,1.625080514040342,23.038292432260956,407.64270485698376,1.0,0.1,0.0,0.0,0.6663447717123101,23333.40915167523,1161.2467005294104,physics
2025-03-17 03:45:00,18.340412993582753,0.1940201374692362,1.6993465332822513,23.723366033835415,408.3288897745717,0.0,0.0,0.0,0.0,0.21555000895956952,0.0,368.0674181624359,physics
2025-03-17 03:50:00,17.990778091140914,0.19762380269009838,1.6550116023245323,23.420331589059813,408.53853210071,0.0,0.0,0.0,0.0,0.21555000895956952,0.0,360.6460715146446,physics
2025-03-17 03:55:00,17.64819288036736,0.20116898915034045,1.6125383506470445,23.127461829731217,408.74440872640844,1.0,0.1,0.0,0.0,0.7740923689350443,23333.40915167523,1336.4050979496922,physics
2025-03-17 04:00:00,18.178264115912445,0.19196472558208522,1.6864343019933545,23.834213224617173,409.47048100247,0.0,0.0,0.0,0.0,0.21555000895956952,0.0,364.62564784334756,physics
2025-03-17 04:05:00,17.831898622742823,0.1954394225679961,1.6430106589087363,23.538088439128163,409.6596174953248,1.0,0.1,0.0,0.0,0.6894665736914376,23333.40915167523,1203.1341538935308,physics
2025-03-17 04:10:00,18.36340030851341,0.18691663067087952,1.7167964285317807,24.216025840136968,410.25372983667125,0.0,0.2,0.0,0.0,1.3483575542563258,0.0,2295.11776983777,physics
2025-03-17 04:15:00,17.936896791667188,0.18800649080503104,1.6691826633582525,24.063320839616814,411.34885125338354,0.0,0.1,0.0,0.0,0.7278487649767893,0.0,1211.4680147400727,physics
2025-03-17 04:20:00,17.561693427137715,0.19054861961940137,1.625087034871342,23.82113673856009,411.8735785809548,1.0,0.2,0.0,0.0,1.3631555075229673,23333.40915167523,2470.219768802894,physics
2025-03-17 04:25:00,18.031179162223513,0.18042300629899377,1.694789874007911,24.616294007915197,412.7967099237735,0.0,0.1,0.0,0.0,0.812474560220396,0.0,1439.2122243321683,physics
2025-03-17 04:30:00,17.62580682059946,0.18260779476286929,1.6476790241743828,24.38594933160507,413.28441741850867,1.0,0.2,0.0,0.0,1.224424695648202,23333.40915167523,2227.6850553044796,physics
2025-03-17 04:35:00,18.10321249609908,0.17382217764151112,1.7161906825072606,25.11286555383314,413.96964451504556,0.0,0.1,0.0,0.0,0.7972141709141718,0.0,1417.9076111870015,physics
2025-03-17 04:40:00,17.697293850745798,0.17629173949230453,1.6679105327220827,24.854827512665224,414.3702682524002,1.0,0.2,0.0,0.0,1.1633831384233055,23333.40915167523,2125.2753122510353,physics
2025-03-17 04:45:00,18.17717425491353,0.1686534067244663,1.7349681643946848,25.516897274257445,414.9160628348172,0.0,0.1,0.0,0.0,0.7357101776496926,0.0,1314.1850837634963,physics
2025-03-17 04:50:00,17.773939918750873,0.17164200798000787,1.6854451885760635,25.214178239671043,415.22775486106354,1.0,0.2,0.0,0.0,1.1939039170357537,23333.40915167523,2189.7552814992177,physics
2025-03-17 04:55:00,18.24988548513898,0.16479124394812578,1.7510016741627399,25.829405038246406,415.7025550414328,0.0,0.1,0.0,0.0,0.7278487649767893,0.0,1305.383908862957,physics
2025-03-17 05:00:00,17.845595459609,0.16802372214013456,1.7004624801656352,25.50215057194444,415.96321254190354,1.0,0.2,0.0,0.0,1.1476603130774987,23333.40915167523,2113.37569019956,physics
2025-03-17 05:05:00,18.323029552570603,0.16160849076329317,1.7657580283252345,26.0944433569754,416.3492842717357,0.0,0.1,0.0,0.0,0.7199873523038859,0.0,1296.5004559096326,physics
2025-03-17 05:10:00,17.917678703065793,0.1649325734182035,1.7145406393257179,25.754665368485334,416.5683233676696,0.0,0.0,0.0,0.0,0.21555000895956952,0.0,380.3204538520564,physics
2025-03-17 05:15:00,17.55640438695527,0.16848689473066608,1.6688220648966219,25.411898123005688,416.62996486174006,1.0,0.1,0.0,0.0,0.766230956262141,23333.40915167523,1391.25034586334,physics
2025-03-17 05:20:00,18.066728980837198,0.16233776002495065,1.736062638256301,25.987015648420645,416.8451502989589,0.0,0.0,0.0,0.0,0.21555000895956952,0.0,383.4841934317318,physics
2025-03-17 05:25:00,17.70244936264149,0.16587181512486868,1.689558501131791,25.640560225272047,416.90181928906935,1.0,0.1,0.0,0.0,0.7819537816079476,23333.40915167523,1430.9345906070632,physics
2025-03-17 05:30:00,18.208435671402892,0.1597228464420839,1.7570506455239063,26.22290837568861,417.10370546598745,0.0,0.0,0.0,0.0,0.21555000895956952,0.0,386.49205810901265,physics
2025-03-17 05:35:00,17.841298819936583,0.16325426377590974,1.709748181652437,25.871295818254545,417.1557301587171,1.0,0.1,0.0,0.0,0.6816051610185342,23333.40915167523,1257.0769172782607,physics
2025-03-17 05:40:00,18.35113456877036,0.1575132991488267,1.777512995053197,26.42944684621202,417.31728590897944,0.0,0.1,0.0,0.0,0.6894665736914376,0.0,1243.5959823937385,physics
2025-03-17 05:45:00,17.947337621896082,0.1609769068717187,1.725879413647665,26.071897672091392,417.47142271669026,0.0,0.0,0.0,0.0,0.21555000895956952,0.0,380.949993741527,physics
2025-03-17 05:50:00,17.58546529273964,0.1645129853567803,1.6798745460879414,25.723681515984516,417.51684228802964,1.0,0.1,0.0,0.0,0.7357101776496926,23333.40915167523,1338.0885400511675,physics
2025-03-17 05:55:00,18.0972266468964,0.15878762140798736,1.7467644339882473,26.27650924626101,417.66908265481345,0.0,0.0,0.0,0.0,0.21555000895956952,0.0,384.13153656078794,physics
2025-03-17 06:00:00,17.73233210398689,0.16236798020503207,1.6998535055931692,25.92007149173464,417.7109517593667,1.0,0.1,0.0,0.0,0.7047269629976618,23333.40915167523,1292.0594107414258,physics
2025-03-17 06:05:00,18.242969575060037,0.15690389634166477,1.7667704351981097,26.4578948192086,417.8453812605981,0.0,0.0,0.0,0.0,0.21555000895956952,0.0,387.2250743735537,physics
2025-03-17 06:10:00,17.8751364161851,0.1604214160598394,1.7191944092162859,26.102173960702476,417.8840836013133,1.0,0.1,0.0,0.0,0.7509705669559168,23333.40915167523,1387.1409606260631,physics
2025-03-17 06:15:00,18.379412223994663,0.1547357359631033,1.7865376904035224,26.66291813597273,418.0164995127761,0.0,0.1,0.0,0.0,0.7588319796288201,0.0,1370.4422817536583,physics
2025-03-17 06:20:00,17.970040767337267,0.1580997593047132,1.734272349354602,26.307240206300506,418.14192814621896,0.0,0.0,0.0,0.0,0.21555000895956952,0.0,381.43189046046876,physics
2025-03-17 06:25:00,17.60771067445603,0.16162241422498963,1.6880533187187685,25.95491827885065,418.17530376327977,1.0,0.1,0.0,0.0,0.7357101776496926,23333.40915167523,1339.6968510253776,physics
2025-03-17 06:30:00,18.118978546974592,0.1560936002035271,1.7547547244536899,26.49978301630453,418.28717439598597,0.0,0.0,0.0,0.0,0.21555000895956952,0.0,384.5932421559701,physics
2025-03-17 06:35:00,17.753645420309056,0.1596068678478606,1.707748347100987,26.14370345291595,418.3179410271769,1.0,0.1,0.0,0.0,0.6432229697331826,23333.40915167523,1181.155328542852,physics
2025-03-17 06:40:00,18.27171897112141,0.1546745758431002,1.774640637151387,26.64668775222932,300.0,0.0,0.0,0.0,0.0,0.21555000895956952,0.0,387.9464541072189,physics
2025-03-17 06:45:00,17.908436845316654,0.15858581788220533,1.7265674055000837,26.255939998121505,300.0,1.0,0.0,0.0,0.0,0.21555000895956952,23333.40915167523,399.8518176768797,physics
2025-03-17 06:50:00,18.45801385356243,0.15372045316769417,1.7975161066752887,26.762727001581432,300.0,1.0,0.0,0.0,0.0,0.21555000895956952,23333.40915167523,411.5806449312227,physics
2025-03-17 06:55:00,18.999441568470683,0.14927112575810358,1.8691764747284036,27.246852088905275,300.0,1.0,0.0,0.0,0.0,0.21555000895956952,23333.40915167523,423.1206174643222,physics
2025-03-17 07:00:00,19.532151346115885,0.14518091656563314,1.9414952873310654,27.710657108178072,300.0,1.0,0.0,0.0,0.0,0.21555000895956952,23333.40915167523,434.49142106484555,physics
2025-03-17 07:05:00,20.057051924545178,0.14146266747932068,2.014442401744419,28.150993663720577,300.0,1.0,0.0,0.0,0.0,0.21555000895956952,23333.40915167523,445.6805887782629,physics
2025-03-17 07:10:00,20.57356780251222,0.13806124749029355,2.0879672414486294,28.57060233597574,300.0,1.0,0.0,0.0,0.0,0.21555000895956952,23333.40915167523,456.7076608398242,physics
2025-03-17 07:15:00,21.082600999007546,0.13494882683394893,2.162150046562613,28.970448099159757,300.0,1.0,0.0,0.0,0.0,0.21555000895956952,23333.40915167523,467.814074224091,physics
2025-03-17 07:20:00,21.59529676040546,0.13267586840764634,2.2370000869498647,29.297776977372376,300.0,1.0,0.1,1.0,0.0,0.6894665736914376,23333.40915167523,1525.9339657711023,physics
2025-03-17 07:25:00,22.021985001670654,0.12873122136910164,2.306470292310864,29.77767603669306,306.89466573691436,0.0,0.0,0.0,0.0,0.21555000895956952,0.0,468.75628130543254,physics
2025-03-17 07:30:00,21.63879105151903,0.1351821690894644,2.2364742867461973,29.066009950638737,300.0,1.0,0.1,1.0,0.0,0.7199873523038859,23333.40915167523,1596.37515252882,physics
2025-03-17 07:35:00,22.061956817825237,0.1310130942533084,2.3060390552267456,29.560130300292414,307.19987352303883,0.0,0.0,0.0,0.0,0.21555000895956952,0.0,470.09693782787133,physics
2025-03-17 07:40:00,21.700678619788235,0.13860822030047507,2.236054286688591,28.7558124338681,300.0,1.0,0.1,1.0,0.0,0.6737437483456309,23333.40915167523,1498.2043288461878,physics
2025-03-17 07:45:00,22.12637341165502,0.13403771491119396,2.3070461087988776,29.27935312274358,306.7374374834563,0.0,0.0,0.0,0.0,0.21555000895956952,0.0,472.05172639155774,physics
2025-03-17 07:50:00,21.790915834661835,0.14296042280943935,2.2370504008082452,28.37385637019679,300.0,1.0,0.1,1.0,0.0,0.7047269629976618,23333.40915167523,1573.1667913624233,physics
2025-03-17 07:55:00,22.212007956237052,0.1379859097860299,2.308529636810915,28.921539626852557,307.0472696299766,0.0,0.0,0.0,0.0,0.21555000895956952,0.0,474.42513112935967,physics
2025-03-17 08:00:00,21.900477266156592,0.14818536917297634,2.238327005496208,27.928982246009102,300.0,0.0,0.0,0.0,0.0,0.21555000895956952,0.0,446.84064147165805,physics
2025-03-17 08:05:00,21.627118312323464,0.1588780147805375,2.173643938684552,26.96205089967659,300.0,1.0,0.1,1.0,0.0,0.6122397550811517,23333.40915167523,1297.1342832988507,physics
2025-03-17 08:10:00,22.0812981057274,0.15295631219647704,2.250458029515351,27.55101449822625,306.1223975508115,0.0,0.0,0.0,0.0,0.21555000895956952,0.0,451.2662252931563,physics
2025-03-17 08:15:00,21.83141271308902,0.16495231244308187,2.1850414762035566,26.508008160702794,300.0,1.0,0.1,1.0,0.0,0.7509705669559168,23333.40915167523,1605.2958780922734,physics
2025-03-17 08:20:00,22.269932560870423,0.15789277921351164,2.2631789788930727,27.171097596824687,307.5097056695592,0.0,0.0,0.3,0.0,0.21555000895956952,0.0,454.4985118037898,physics
2025-03-17 08:25:00,21.980621961501562,0.1681292112193334,2.1966290276413556,26.28454699956123,300.0,0.0,0.0,0.0,0.0,0.21555000895956952,0.0,449.9390479183886,physics
2025-03-17 08:30:00,21.770147371063256,0.1817898566889211,2.132991264981841,25.206104925037582,300.0,1.0,0.1,1.0,0.0,0.7199873523038859,23333.40915167523,1464.1537108347704,physics
2025-03-17 08:35:00,22.234652169275808,0.173532425636329,2.2163853475427135,25.912936934331075,307.19987352303883,0.0,0.0,0.4,0.0,0.21555000895956952,0.0,432.5776463297671,physics
2025-03-17 08:40:00,21.968707995591924,0.1837658063309303,2.153774366347066,25.0983053519369,300.0,0.0,0.0,0.0,0.0,0.21555000895956952,0.0,429.2223126943225,physics
2025-03-17 08:45:00,21.813818629110642,0.19875507010241122,2.094340775452009,24.016973536032708,300.0,0.0,0.0,0.0,0.0,0.21555000895956952,0.0,426.1728013194922,physics
2025-03-17 08:50:00,21.673046671313266,0.21411810419546748,2.0365998914978536,22.984606156654948,300.0,1.0,0.1,1.0,0.0,0.7972141709141718,23333.40915167523,1613.1203790619436,physics
2025-03-17 08:55:00,22.133797956685495,0.2026199708792344,2.125293831791539,23.812954453804753,307.97214170914174,0.0,0.0,0.1,0.0,0.21555000895956952,0.0,432.861472646733,physics
2025-03-17 09:00:00,21.981810024541044,0.21776128872361128,2.065720698236864,22.8070066661327,300.0,0.0,0.0,0.0,0.0,0.21555000895956952,0.0,430.54835822803835,physics
2025-03-17 09:05:00,21.875031722936217,0.2344889100246999,2.008425831390557,21.775583200093763,300.0,0.0,0.0,0.0,0.0,0.21555000895956952,0.0,428.5359297037916,physics
2025-03-17 09:10:00,21.782133724383495,0.2515538713199934,1.952551923360597,20.791217734003208,300.0,0.0,0.0,0.0,0.0,0.21555000895956952,0.0,426.86575806930733,physics
2025-03-17 09:15:00,21.705035034808322,0.2689178065204207,1.8982936958455043,19.85137375264884,300.0,1.0,0.1,1.0,0.0,0.766230956262141,23333.40915167523,1477.7293804663573,physics
2025-03-17 09:20:00,22.18974273989406,0.25243504574864695,1.999316612184207,20.805454965037427,307.66230956262143,0.0,0.0,0.6,0.0,0.21555000895956952,0.0,410.29361591177076,physics
2025-03-17 09:25:00,21.94002956026974,0.2619482135336968,1.9440743458122567,20.252566788007044,300.0,0.0,0.0,0.0,0.0,0.21555000895956952,0.0,409.68989221981553,physics
2025-03-17 09:30:00,21.91216038529743,0.2802675125031183,1.8926008101480774,19.302719429584855,300.0,0.0,0.0,0.0,0.0,0.21555000895956952,0.0,409.38414378024476,physics
2025-03-17 09:35:00,21.89804638435055,0.2987477050810393,1.8424187268615042,18.400583980369316,300.0,0.0,0.0,0.0,0.0,0.21555000895956952,0.0,409.30685087844813,physics
2025-03-17 09:40:00,21.89447837893186,0.31729811610416914,1.7932904026110943,17.544714430823117,300.0,0.0,0.0,0.0,0.0,0.21555000895956952,0.0,409.421651344908,physics
2025-03-17 09:45:00,21.899777813639005,0.33584208071672766,1.74514398979273,16.733298664512095,300.0,0.0,0.0,0.0,0.0,0.21555000895956952,0.0,409.7564278177845,physics
2025-03-17 09:50:00,21.915231810597437,0.3543623490908514,1.698079890017509,15.962616223860683,300.0,0.0,0.0,0.0,0.0,0.21555000895956952,0.0,410.29086700965865,physics
2025-03-17 09:55:00,21.93990266507751,0.3728657489235816,1.6518978714314596,15.228274474760113,300.0,0.0,0.0,0.0,0.0,0.21555000895956952,0.0,411.03682102857186,physics
2025-03-17 10:00:00,21.974337495698556,0.3913074280940491,1.606691392937785,14.528597966621343,300.0,0.0,0.1,0.0,0.0,0.7819537816079476,0.0,1414.3571229271734,physics
2025-03-17 10:05:00,21.997489793215703,0.3978232075969291,1.5917372786010426,14.289454705173512,300.0,0.0,0.1,0.1,0.0,0.7357101776496926,0.0,1330.0199839761335,physics
2025-03-17 10:10:00,21.988101963713998,0.40353377452597133,1.5757405846370554,14.079510883246837,300.0,0.0,0.1,0.1,0.0,0.766230956262141,0.0,1384.9340455527295,physics
2025-03-17 10:15:00,21.984705722972297,0.40868944382733075,1.561797013174579,13.892745531529519,300.0,0.0,0.1,0.1,0.0,0.7972141709141718,0.0,1441.341232358698,physics
2025-03-17 10:20:00,21.9897753048198,0.41277161539753465,1.551494358056178,13.747137938243643,300.0,0.0,0.2,0.1,0.0,1.0856938837734371,0.0,1961.8935301521465,physics
2025-03-17 10:25:00,21.98050900902379,0.41052051164660947,1.5565624578892938,13.82660434588419,300.0,0.0,0.1,0.2,0.0,0.6894665736914376,0.0,1244.320686401436,physics
2025-03-17 10:30:00,21.957796410510895,0.41585499554967426,1.5403420618021217,13.634322665004122,300.0,0.0,0.0,0.2,0.0,0.21555000895956952,0.0,389.4285046759543,physics
2025-03-17 10:35:00,21.976851464733247,0.43187108971003446,1.499850293055229,13.07858423446968,300.0,0.0,0.0,0.3,0.0,0.21555000895956952,0.0,388.9231628512443,physics
2025-03-17 10:40:00,21.953523806863704,0.44627191356428697,1.4597548461710348,12.590254305985031,300.0,0.0,0.1,0.1,0.0,0.7431091542830134,0.0,1344.0386519655524,physics
2025-03-17 10:45:00,21.99670862342393,0.450020633437384,1.4536943150211732,12.470051482651677,300.0,0.0,0.2,0.2,0.0,1.378878332868774,0.0,2397.2418850774843,physics
2025-03-17 10:50:00,21.968954169307533,0.43565745516228677,1.489137257311581,12.948635380458787,300.0,0.0,0.1,0.2,0.0,0.8434577748724268,0.0,1523.2017458338553,physics
2025-03-17 10:55:00,21.969170157031474,0.43653263420587113,1.4868474900638926,12.918940133867265,300.0,0.0,0.2,0.1,0.0,1.332634728910519,0.0,2409.3070196364165,physics
2025-03-17 11:00:00,21.989328700060042,0.4269036039285634,1.5141155361516456,13.25082272146236,300.0,0.0,0.1,0.3,0.0,0.8050755835870751,0.0,1452.228481698385,physics
2025-03-17 11:05:00,21.948668346618838,0.42783279298597976,1.5079181330854612,13.214661855822392,300.0,0.0,0.1,0.2,0.0,0.7819537816079476,0.0,1412.0163468010473,physics
2025-03-17 11:10:00,21.967703755619365,0.43077020721177284,1.5019187988498048,13.115427991902534,300.0,0.0,0.0,0.4,0.0,0.21555000895956952,0.0,367.0917666716737,physics
2025-03-17 11:15:00,21.94573993466243,0.44409924896206854,1.464787127147186,12.661949250120786,300.0,0.0,0.0,0.4,0.0,0.21555000895956952,0.0,366.67319657391374,physics
2025-03-17 11:20:00,21.926417845024254,0.45726261134694246,1.4284179078733785,12.226012804005089,300.0,0.0,0.0,0.3,0.0,0.21555000895956952,0.0,367.48248953780956,physics
2025-03-17 11:25:00,21.963776536616475,0.4718616531929176,1.3931649874535688,11.760554699284315,300.0,0.0,0.1,0.3,0.0,0.904961768136906,0.0,1542.0302171736282,physics
2025-03-17 11:30:00,21.954953005443016,0.46718998108590887,1.4047324020387686,11.908404971899612,300.0,0.0,0.0,0.4,0.0,0.21555000895956952,0.0,367.0211810430244,physics
2025-03-17 11:35:00,21.94248155129671,0.48016654841799733,1.369478411326361,11.497629806985659,300.0,0.0,0.0,0.4,0.0,0.21555000895956952,0.0,366.7850423291731,physics
2025-03-17 11:40:00,21.93158088395211,0.49283121465141344,1.335226067212,11.106185430738988,300.0,0.0,0.1,0.3,0.0,0.6737437483456309,0.0,1147.809010159752,physics
2025-03-17 11:45:00,21.951526754441886,0.4934916641879192,1.3351101233406695,11.087733815901348,300.0,0.0,0.1,0.4,0.0,0.766230956262141,0.0,1226.9800944320125,physics
2025-03-17 11:50:00,21.933521164538618,0.4895622280582018,1.343991358793667,11.206292413087755,300.0,0.0,0.0,0.4,0.0,0.21555000895956952,0.0,366.8139644044155,physics
2025-03-17 11:55:00,21.932915988713166,0.5023299079104134,1.3103254826504058,10.819161372984842,300.0,0.0,0.0,0.4,0.0,0.21555000895956952,0.0,366.8392259310641,physics
2025-03-17 12:00:00,21.934082114733428,0.5149734419115213,1.277126885379141,10.444365420388205,300.0,0.0,0.0,0.4,0.0,0.21555000895956952,0.0,366.8925583459426,physics
2025-03-17 12:05:00,21.9365440529044,0.5274125544306287,1.2445601998062343,10.083533391910912,300.0,0.0,0.1,0.4,0.0,0.7972141709141718,0.0,1275.8305432556308,physics
2025-03-17 12:10:00,21.923990991803578,0.5205388482506947,1.2616959061022726,10.281119812063514,300.0,0.0,0.2,0.3,0.0,1.3483575542563258,0.0,2159.5022760412153,physics
2025-03-17 12:15:00,21.93611781118568,0.49835251290681315,1.321055553322442,10.939072883510166,300.0,0.0,0.1,0.4,0.0,0.8818399661577785,0.0,1411.0339978528725,physics
2025-03-17 12:20:00,21.921414112462756,0.49122572094468253,1.3386226415149196,11.154341057008196,300.0,0.0,0.0,0.4,0.0,0.21555000895956952,0.0,345.45483878434766,physics
2025-03-17 12:25:00,21.94693313415032,0.5037632462511671,1.3076688486402501,10.777389237513402,300.0,0.0,0.0,0.5,0.0,0.21555000895956952,0.0,344.7294481052363,physics
2025-03-17 12:30:00,21.913447551210936,0.5145554860631477,1.2766198910214914,10.454997216701152,300.0,0.0,0.0,0.4,0.0,0.21555000895956952,0.0,345.26668715052733,physics
2025-03-17 12:35:00,21.938247652904284,0.5265487031344676,1.2469646868685063,10.108492613654887,300.0,0.0,0.1,0.4,0.0,0.8665795768515543,0.0,1386.764468803801,physics
2025-03-17 12:40:00,21.92312096832085,0.5180348000022906,1.2682179852837057,10.353952689868049,300.0,0.0,0.2,0.3,0.0,1.425121936827029,0.0,2282.6737526265733,physics
2025-03-17 12:45:00,21.93770405253601,0.49456268366188894,1.3311645727229509,11.05399602095677,300.0,0.0,0.1,0.4,0.0,0.8281973855662027,0.0,1326.0084802160354,physics
2025-03-17 12:50:00,21.931122774536508,0.4894019140112284,1.3442168529876197,11.211005881577151,300.0,0.0,0.0,0.4,0.0,0.21555000895956952,0.0,345.4227461017626,physics
2025-03-17 12:55:00,21.94545166738297,0.5016230626277723,1.3131899705176735,10.841390055100257,300.0,0.0,0.0,0.5,0.0,0.21555000895956952,0.0,344.88853741848294,physics
2025-03-17 13:00:00,21.920791453671907,0.5125507662185212,1.2824661739681664,10.51451228009366,300.0,0.0,0.1,0.4,0.0,0.8050755835870751,0.0,1288.1226419781915,physics
2025-03-17 13:05:00,21.920419122752637,0.5067345040126332,1.2977391391216677,10.686621799662586,300.0,0.0,0.1,0.0,0.0,0.7972141709141718,0.0,1281.7084965633653,physics
2025-03-17 13:10:00,21.997355339457272,0.5033466179583171,1.3127959001594085,10.793963241614529,300.0,0.0,0.1,0.1,0.0,0.8744409895244577,0.0,1404.7070460497357,physics
2025-03-17 13:15:00,21.98413695749721,0.49563218983956414,1.3321135930140457,11.025387711084033,300.0,0.0,0.0,0.0,0.0,0.21555000895956952,0.0,346.31303151776547,physics
2025-03-17 13:20:00,21.98654914353721,0.5073794628817093,1.301278546843797,10.672779570077017,300.0,0.0,0.1,0.0,0.0,0.8355963621995235,0.0,1343.5983460568884,physics
2025-03-17 13:25:00,21.99951648487198,0.5011933712536376,1.318661228158062,10.858725802213742,300.0,0.0,0.1,0.0,0.0,0.7972141709141718,0.0,1282.3248419059678,physics
2025-03-17 13:30:00,22.00504811475202,0.49610914947373147,1.3325512261015,11.012659310733408,300.0,0.0,0.0,0.1,0.0,0.21555000895956952,0.0,346.35359262039964,physics
2025-03-17 13:35:00,21.98842153065974,0.5072713923908106,1.3017125783539132,10.676143433987411,300.0,0.0,0.0,0.0,0.0,0.21555000895956952,0.0,346.6897781874296,physics
2025-03-17 13:40:00,22.003940574413647,0.518988911029499,1.2719592953487744,10.332450729794285,300.0,0.0,0.1,0.1,0.0,0.766230956262141,0.0,1230.9770666655822,physics
2025-03-17 13:45:00,21.98542570803257,0.5128063436806314,1.286855078370741,10.512121630722158,300.0,0.0,0.0,0.3,0.0,0.21555000895956952,0.0,345.73067480814024,physics
2025-03-17 13:50:00,21.959666314101973,0.5232534470520119,1.2572845578892105,10.205189325332606,300.0,0.0,0.0,0.1,0.0,0.21555000895956952,0.0,346.1476952822941,physics
2025-03-17 13:55:00,21.978916869805012,0.5347003962434103,1.2285374107308633,9.87864227873851,300.0,0.0,0.1,0.0,0.0,0.6894665736914376,0.0,1108.841896483343,physics
2025-03-17 14:00:00,22.002592616280474,0.5306041718182714,1.241142567310956,9.99710220054831,300.0,0.0,0.0,0.4,0.0,0.21555000895956952,0.0,323.8179526692808,physics
2025-03-17 14:05:00,21.948128261934908,0.5390368733156957,1.214805321097461,9.75370877358344,300.0,0.0,0.1,0.1,0.0,0.9206845934827127,0.0,1387.4070299969512,physics
2025-03-17 14:10:00,21.994326148519114,0.5269038010062416,1.2502967089455808,10.102566145884774,300.0,0.0,0.2,0.1,0.0,1.5333319700893457,0.0,2309.031191500814,physics
2025-03-17 14:15:00,21.983992500960426,0.4945674509938108,1.3349139785891615,11.057714762247313,300.0,0.0,0.1,0.3,0.0,0.7357101776496926,0.0,1105.4769164151596,physics
2025-03-17 14:20:00,21.951227598520703,0.4888917637284224,1.3472104709016732,11.228363797011136,300.0,0.0,0.0,0.1,0.0,0.21555000895956952,0.0,324.4567836746922,physics
2025-03-17 14:25:00,21.97761806547382,0.4999925263154572,1.320072591420706,10.893049528666024,300.0,0.0,0.0,0.0,0.0,0.21555000895956952,0.0,324.9486724303628,physics
2025-03-17 14:30:00,22.000324700945256,0.5108069431227295,1.293310188098407,10.572294380842582,300.0,0.0,0.1,0.2,0.0,0.7740923689350443,0.0,1165.5412414047541,physics
2025-03-17 14:35:00,21.981965658135376,0.5031505605186097,1.3120827356298383,10.7985785701977,300.0,0.0,0.2,0.0,0.0,1.3483575542563258,0.0,2032.8784414638878,physics
2025-03-17 14:40:00,22.00169307456185,0.47975082864446517,1.3755298902352935,11.515743757853937,300.0,0.0,0.3,0.0,0.0,1.7288620389925182,0.0,2606.681276509599,physics
2025-03-17 14:45:00,22.002427344962364,0.4472184201643356,1.4616104300654789,12.5634183268741,300.0,0.0,0.3,0.0,0.0,1.845395920967321,0.0,2783.024826386123,physics
2025-03-17 14:50:00,22.005879769561513,0.4158814549239954,1.5447935531731636,13.638310486341679,300.0,0.0,0.2,0.0,0.0,1.332634728910519,0.0,2007.9049040474754,physics
2025-03-17 14:55:00,21.992220179071854,0.4003982876752821,1.584421568272868,14.194345610664357,300.0,0.0,0.1,0.0,0.0,0.8434577748724268,0.0,1271.9520732644153,physics
2025-03-17 15:00:00,22.005184505986165,0.39883657238972386,1.5898040634069455,14.253006014537714,300.0,0.0,0.1,0.3,0.0,0.766230956262141,0.0,1152.1639571943697,physics
2025-03-17 15:05:00,21.961961388194535,0.39731245009511884,1.5896408295635653,14.304459385584366,300.0,0.0,0.0,0.0,0.0,0.21555000895956952,0.0,335.7533095508762,physics
2025-03-17 15:10:00,21.99908982551526,0.41100454888055904,1.5570468051217219,13.811205519577891,300.0,0.0,0.1,0.4,0.0,0.6816051610185342,0.0,1023.5884396029729,physics
2025-03-17 15:15:00,21.94260927076898,0.4105210536069482,1.5529685047744684,13.822650839797907,300.0,0.0,0.0,0.1,0.0,0.21555000895956952,0.0,324.48820291792487,physics
2025-03-17 15:20:00,21.979068444842422,0.42332402319408996,1.5226201610122199,13.374111567978227,300.0,0.0,0.0,0.3,0.0,0.21555000895956952,0.0,324.1363411868871,physics
2025-03-17 15:25:00,21.962825755878878,0.43428755216533843,1.4921944157181766,12.994656372299739,300.0,0.0,0.1,0.1,0.0,0.7357101776496926,0.0,1109.1546427227536,physics
2025-03-17 15:30:00,22.000967690107792,0.4336669439428353,1.497308691856282,13.019552099340887,300.0,0.0,0.0,0.1,0.0,0.21555000895956952,0.0,324.71231969403937,physics
2025-03-17 15:35:00,21.98941415386626,0.4445504393762407,1.4675003991237048,12.651039334718304,300.0,0.0,0.1,0.0,0.0,0.7819537816079476,0.0,1179.2686536099034,physics
2025-03-17 15:40:00,22.006023028242137,0.44145943023666706,1.4771614634582642,12.756161104214216,300.0,0.0,0.0,0.2,0.0,0.21555000895956952,0.0,324.3734549970363,physics
2025-03-17 15:45:00,21.97377143575107,0.4514604575983956,1.4478628286805109,12.420408374758841,300.0,0.0,0.1,0.1,0.0,0.7278487649767893,0.0,1096.9128106009687,physics
2025-03-17 15:50:00,21.99563625653872,0.44925190809256116,1.4556310480231653,12.49536469838471,300.0,0.0,0.1,0.0,0.0,0.7509705669559168,0.0,1132.6401460850018,physics
2025-03-17 15:55:00,22.007314135505204,0.4462816153818718,1.4645235597625872,12.595029538193117,300.0,0.0,0.2,0.2,0.0,1.1633831384233055,0.0,1749.9056503337301,physics
2025-03-17 16:00:00,21.96669149282285,0.43105969054234283,1.5010623568716888,13.105395200724072,300.0,0.0,0.1,0.0,0.0,0.7972141709141718,0.0,1199.3749747095428,physics
2025-03-17 16:05:00,21.96972806775224,0.42753772464253237,1.5106341547921018,13.226946242255577,300.0,0.0,0.0,0.0,0.0,0.21555000895956952,0.0,323.9714260534453,physics
2025-03-17 16:10:00,21.955212921115702,0.43826830752743456,1.4810067125565367,12.858810676595384,300.0,0.0,0.0,0.0,0.0,0.21555000895956952,0.0,322.2184379682172,physics
2025-03-17 16:15:00,21.874291247305983,0.44680021638175094,1.45133174236394,12.565190083354173,300.0,0.0,0.0,0.0,0.0,0.21555000895956952,0.0,323.0888946022824,physics
2025-03-17 16:20:00,21.914473384538343,0.4587062778256418,1.4235809624844162,12.177979397765894,300.0,0.0,0.0,0.0,0.0,0.21555000895956952,0.0,323.2114163867639,physics
2025-03-17 16:25:00,21.920129251775517,0.4694259010367859,1.3958701911341176,11.833998127269593,300.0,0.0,0.0,0.0,0.0,0.21555000895956952,0.0,322.8868863049085,physics
2025-03-17 16:30:00,21.90514825010948,0.4793081322652697,1.3686202700322312,11.521181284866547,300.0,0.0,0.0,0.0,0.0,0.21555000895956952,0.0,322.01317290287477,physics
2025-03-17 16:35:00,21.86481577351233,0.48837623919758943,1.3414803934315802,11.236867846548387,300.0,0.0,0.0,0.0,0.0,0.21555000895956952,0.0,320.93478546273917,physics
2025-03-17 16:40:00,21.81503510620118,0.4970060509312052,1.3148525735110692,10.969730602330984,300.0,0.0,0.0,0.0,0.0,0.21555000895956952,0.0,319.6240950105,physics
2025-03-17 16:45:00,21.75453083572988,0.5052391629528941,1.28856225180244,10.717712154487067,300.0,0.0,0.0,0.0,0.0,0.21555000895956952,0.0,318.069907564638,physics
2025-03-17 16:50:00,21.682786224004907,0.5129288537919242,1.2629881708103117,10.484493227178994,300.0,1.0,0.1,1.0,0.0,0.7740923689350443,23333.40915167523,1186.9184571283856,physics
2025-03-17 16:55:00,22.256750196391607,0.46911692575851416,1.4256146800577474,11.873906538569317,307.74092368935044,0.0,0.2,0.6,0.0,1.286391124952264,0.0,1934.8387265783626,physics
2025-03-17 17:00:00,21.965997711881712,0.4407585988891771,1.4754108582167933,12.775877990733417,300.0,0.0,0.1,0.0,0.0,0.7509705669559168,0.0,1118.3936330523125,physics
2025-03-17 17:05:00,21.818549948436477,0.43337899070244135,1.4814948395003773,13.011516823644982,300.0,0.0,0.0,0.0,0.0,0.21555000895956952,0.0,318.2538112735482,physics
2025-03-17 17:10:00,21.691275611964944,0.4405505050743014,1.4514197345281459,12.756470129301293,300.0,1.0,0.1,1.0,0.0,0.6894665736914376,23333.40915167523,1058.0711788471144,physics
2025-03-17 17:15:00,22.26987940103719,0.40620221490457664,1.5958375449113877,14.012355720479666,306.89466573691436,0.0,0.2,0.4,0.0,1.3483575542563258,0.0,2030.312114910014,physics
2025-03-17 17:20:00,21.982754783661097,0.3826971070466535,1.6302552976438094,14.85432454241598,300.0,0.0,0.1,0.0,0.0,0.6737437483456309,0.0,1001.0740176722123,physics
2025-03-17 17:25:00,21.784457033827685,0.3785581289641307,1.6214522279401082,14.990466209389847,300.0,1.0,0.2,1.0,0.0,1.0856938837734371,23333.40915167523,1673.591314062532,physics
2025-03-17 17:30:00,22.338255230186554,0.34128228320506193,1.7776862844816415,16.55665360653915,310.8569388377344,0.0,0.2,1.0,0.0,1.224424695648202,0.0,1841.9907826758233,physics
2025-03-17 17:35:00,21.96888012748219,0.32350077524957654,1.7850783394722987,17.278118434643023,321.9933937915444,0.0,0.1,0.0,0.0,0.6584833590394067,0.0,1039.718820374935,physics
2025-03-17 17:40:00,21.711043805791856,0.32106398004066367,1.7635405922751826,17.352710131133055,300.0,1.0,0.2,1.0,0.0,1.1014167091192437,23333.40915167523,1797.8731256354224,physics
2025-03-17 17:45:00,22.242067769698682,0.290304158279886,1.9040907470015656,18.85369671344281,311.01416709119246,0.0,0.1,0.0,0.0,0.6584833590394067,0.0,1055.9469240340918,physics
2025-03-17 17:50:00,21.95626438127591,0.28827327502178934,1.876589211111044,18.912699248634425,300.0,0.0,0.0,0.0,0.0,0.21555000895956952,0.0,339.86246001048863,physics
2025-03-17 17:55:00,21.688776986500457,0.29259564313874864,1.834989446533735,18.66554847083171,300.0,1.0,0.1,1.0,0.0,0.7509705669559168,23333.40915167523,1225.8011489738694,physics
2025-03-17 18:00:00,22.24168362202261,0.2706459136923258,1.956787444086788,19.840780315975074,307.5097056695592,0.0,0.0,0.0,0.0,0.21555000895956952,0.0,345.52381798869015,physics
2025-03-17 18:05:00,21.950117361539252,0.27429540333227975,1.912727248966202,19.610375796663384,300.0,0.0,0.0,0.0,0.0,0.21555000895956952,0.0,339.14450079462796,physics
2025-03-17 18:10:00,21.655634455775843,0.27745763745852026,1.8704652737134522,19.407131175508784,300.0,1.0,0.1,1.0,0.0,0.6353615570602792,23333.40915167523,1035.4735368644351,physics
2025-03-17 18:15:00,22.216308899698554,0.25910998255822565,1.984670850616118,20.446104088823272,306.3536155706028,0.0,0.0,0.0,0.0,0.21555000895956952,0.0,365.73486628684446,physics
2025-03-17 18:20:00,21.883102515013828,0.2621589210000595,1.936783050923716,20.232818086560208,300.0,1.0,0.1,1.0,0.0,0.6584833590394067,23333.40915167523,1152.516227884563,physics
2025-03-17 18:25:00,22.41550945153679,0.24481395225372451,2.0476169895533003,21.266308311670972,306.58483359039406,0.0,0.2,0.0,0.0,1.1319374877316921,0.0,1935.1850147792898,physics
2025-03-17 18:30:00,22.01116227270434,0.23615713600298238,2.0207533061785306,21.69987465545536,300.0,0.0,0.2,0.0,0.0,1.0708959305067955,0.0,1788.3812081070428,physics
2025-03-17 18:35:00,21.616776088775552,0.22936442583736857,1.9902329586652279,22.03696541862561,300.0,0.0,0.2,0.0,0.0,1.0708959305067955,0.0,1746.7744741885351,physics
2025-03-17 18:40:00,21.230186373912186,0.22337265285124647,1.9587943431938348,22.334906955224906,300.0,0.0,0.2,0.0,0.0,1.0089295012027337,0.0,1706.4853349119733,physics
2025-03-17 18:45:00,20.829672995954674,0.218021560836487,1.9243743805574445,22.59743779692191,310.0892950120273,0.0,0.2,0.0,0.0,1.0089295012027337,0.0,1666.8183115212466,physics
2025-03-17 18:50:00,20.438469497904542,0.2130997511293894,1.8903809622656595,22.839827678494615,319.330307742057,0.0,0.2,0.0,0.0,1.0394502798151821,0.0,1677.1200374761454,physics
2025-03-17 18:55:00,20.054410577381308,0.2083225889091432,1.8572610292035314,23.078866763625527,328.0504027242593,0.0,0.2,0.0,0.0,1.0708959305067955,0.0,1687.2768948451353,physics
2025-03-17 19:00:00,19.677363547720727,0.2037165904184539,1.8249273411242208,23.31257755317421,336.25610685212007,0.0,0.2,0.0,0.0,1.0089295012027337,0.0,1552.6930703881028,physics
2025-03-17 19:05:00,19.31294532868901,0.20001765034491317,1.7923509616371882,23.492751440072258,343.29708054732555,0.0,0.2,0.0,0.0,1.0246523265485403,0.0,1540.1388291725245,physics
2025-03-17 19:10:00,18.956062727148243,0.19655988048646225,1.7605046110549887,23.66087937738476,349.84656595317955,0.0,0.2,0.0,0.0,1.0089295012027337,0.0,1481.2551157626917,physics
2025-03-17 19:15:00,18.60841104922652,0.19387328362633974,1.7284304222184468,23.780776202296828,355.74488838822265,0.0,0.2,0.0,0.0,1.0089295012027337,0.0,1446.8235386945987,physics
2025-03-17 19:20:00,18.26884048806438,0.1914898461912448,1.697045692917936,23.88277535566193,361.1472948639057,0.0,0.1,0.0,0.0,0.6122397550811517,0.0,858.9078595752595,physics
2025-03-17 19:25:00,17.959150464367607,0.1919411632144581,1.6634210667494052,23.796856130351415,364.14995867877116,0.0,0.0,0.0,0.0,0.21555000895956952,0.0,317.5227655397141,physics
2025-03-17 19:30:00,17.657528979622256,0.19426401657615752,1.6274345114988997,23.586234843969926,365.1531650877031,1.0,0.1,0.0,0.0,0.6122397550811517,23333.40915167523,937.7969425680037,physics
2025-03-17 19:35:00,18.241272367450748,0.18370285804150507,1.7104290374931854,24.42027595465647,367.95144948550984,0.0,0.1,0.0,0.0,0.6122397550811517,0.0,917.4430562371849,physics
2025-03-17 19:40:00,17.910476742915378,0.18420838373609713,1.6742052092614614,24.324364331923135,370.6069654704532,0.0,0.0,0.0,0.0,0.21555000895956952,0.0,316.48961765598676,physics
2025-03-17 19:45:00,17.609836666851457,0.18658853961920382,1.6380042298020574,24.103046121600944,371.49418789006853,1.0,0.1,0.0,0.0,0.6122397550811517,23333.40915167523,934.9261204914359,physics
2025-03-17 19:50:00,18.194615165660725,0.17696329328599386,1.7195077666115244,24.897804036755737,373.9689534339183,0.0,0.0,0.0,0.0,0.21555000895956952,0.0,322.5207367359838,physics
2025-03-17 19:55:00,17.88824600403504,0.17942159548246026,1.6816748278700566,24.662267333717278,374.7957861422297,0.0,0.0,0.0,0.0,0.21555000895956952,0.0,316.01774823358267,physics
2025-03-17 20:00:00,17.588054166558198,0.18186412618254444,1.6452560727600218,24.43197141067954,375.60776686740076,1.0,0.1,0.0,0.0,0.6122397550811517,23333.40915167523,993.8095805437778,physics
2025-03-17 20:05:00,18.151601493786412,0.17279141658585714,1.7235624748295664,25.198884620979104,377.87265769578477,0.0,0.0,0.0,0.0,0.21555000895956952,0.0,342.83371815922476,physics
2025-03-17 20:10:00,17.825936608258637,0.1754335080472706,1.6832332342251937,24.941802473791483,378.62937011337783,1.0,0.1,0.0,0.0,0.6122397550811517,23333.40915167523,1008.1288308712567,physics
2025-03-17 20:15:00,18.384320949814057,0.16704428447058198,1.7610643461226476,25.680047679581534,380.7400988058227,0.0,0.2,0.0,0.0,1.0089295012027337,0.0,1622.7104464570195,physics
2025-03-17 20:20:00,18.00346960051666,0.1676228175110566,1.7182633799785614,25.56291217239998,384.04097151658186,0.0,0.1,0.0,0.0,0.6122397550811517,0.0,963.3232519387512,physics
2025-03-17 20:25:00,17.656131294789553,0.16936113940103223,1.677585792763666,25.364246417228895,385.8756004158855,1.0,0.2,0.0,0.0,1.0089295012027337,23333.40915167523,1642.0374526540083,physics
2025-03-17 20:30:00,18.194076098932825,0.16103471712422013,1.7527268082778815,26.115138700871228,388.74469320348913,0.0,0.1,0.0,0.0,0.6122397550811517,0.0,974.7967434051887,physics
2025-03-17 20:35:00,17.842600881656345,0.16292741897289553,1.710556238282061,25.89724967343551,390.3393383183293,1.0,0.2,0.0,0.0,1.0089295012027337,23333.40915167523,1660.5054836137354,physics
2025-03-17 20:40:00,18.376211225190684,0.15553927578055846,1.7844812197155269,26.595977308012507,392.8331313679819,0.0,0.2,0.0,0.0,1.0394502798151821,0.0,1670.7681933047413,physics
2025-03-17 20:45:00,17.99360687104391,0.15727334222344314,1.738549199428313,26.378882942331067,395.1863488014197,0.0,0.1,0.0,0.0,0.6584833590394067,0.0,1099.9855682577167,physics
2025-03-17 20:50:00,17.62172609552626,0.15967504867369647,1.693470449402413,26.112594886286395,396.54796350069245,1.0,0.2,0.0,0.0,1.0708959305067955,23333.40915167523,1843.964023795424,physics
2025-03-17 20:55:00,18.13322481821346,0.1529268363921951,1.7629162753737653,26.76440989759054,398.64085437145957,0.0,0.1,0.0,0.0,0.6432229697331826,0.0,1083.3869352831223,physics
2025-03-17 21:00:00,17.75930433544121,0.1557929808879946,1.7161101311460258,26.453650685868382,399.785745461639,1.0,0.2,0.0,0.0,1.0089295012027337,23333.40915167523,1751.2962020888158,physics
2025-03-17 21:05:00,18.27160602978899,0.14974375203207171,1.7849795527976091,27.060229325503773,401.4853086073535,0.0,0.1,0.0,0.0,0.6122397550811517,0.0,1039.6582804946327,physics
2025-03-17 21:10:00,17.896744170122055,0.15284348536081105,1.7370720858652662,26.72441215296643,402.42992778432324,0.0,0.0,0.0,0.0,0.21555000895956952,0.0,358.65010852680166,physics
2025-03-17 21:15:00,17.55605496613991,0.15589228121804982,1.6940617315355262,26.405575795069936,402.7455302196157,1.0,0.1,0.0,0.0,0.6275001443873759,23333.40915167523,1078.2397419542892,physics
2025-03-17 21:20:00,18.09761144638599,0.14989874352574165,1.7652647265416077,27.012177936744713,403.6477954094923,0.0,0.0,0.0,0.0,0.21555000895956952,0.0,362.91371515457615,physics
2025-03-17 21:25:00,17.75287215371413,0.15292982359195587,1.7212328052432087,26.688677708583775,403.94152189665834,1.0,0.1,0.0,0.0,0.6275001443873759,23333.40915167523,1090.3816489717408,physics
2025-03-17 21:30:00,18.290145258974153,0.14698150380326938,1.792862491523532,27.30097409103049,404.7812466740324,0.0,0.0,0.0,0.0,0.21555000895956952,0.0,367.0004357727368,physics
2025-03-17 21:35:00,17.941523905315282,0.15000390725936427,1.7478117115219483,26.971997767799383,405.0546135420129,0.0,0.0,0.0,0.0,0.21555000895956952,0.0,359.60060270042186,physics
2025-03-17 21:40:00,17.599931807131515,0.15332672317602092,1.7039203254309576,26.62539913981179,405.32307005742314,1.0,0.1,0.0,0.0,0.6122397550811517,23333.40915167523,1054.719200995691,physics
2025-03-17 21:45:00,18.141517405181418,0.1483511587980853,1.7733624888792332,27.15302907053834,406.0718867235387,0.0,0.0,0.0,0.0,0.21555000895956952,0.0,385.0716517158569,physics
2025-03-17 21:50:00,17.775729827316063,0.15161091564531887,1.7263967134973714,26.803401436273717,406.32207046866625,1.0,0.1,0.0,0.0,0.6122397550811517,23333.40915167523,1125.4959513318026,physics
2025-03-17 21:55:00,18.29179597849583,0.1464246164025819,1.794218734561665,27.349573485826383,407.01991815418967,0.0,0.1,0.0,0.0,0.6122397550811517,0.0,1101.068257425621,physics
2025-03-17 22:00:00,17.89479197983347,0.1499112415280804,1.742870462012823,26.97049820275496,407.68216166504067,0.0,0.0,0.0,0.0,0.21555000895956952,0.0,379.83466051291066,physics
2025-03-17 22:05:00,17.53397912892839,0.15334119747190475,1.696816316907575,26.611142299663324,407.90342084532926,1.0,0.1,0.0,0.0,0.6122397550811517,23333.40915167523,1110.9438526467927,physics
2025-03-17 22:10:00,18.055292222182747,0.14834129041091837,1.7638022872471661,27.136520101156155,408.52058806691053,0.0,0.0,0.0,0.0,0.21555000895956952,0.0,383.2414369165526,physics
2025-03-17 22:15:00,17.691243203454185,0.15170891288260155,1.7170329074925603,26.778369248470568,408.7267870123295,1.0,0.1,0.0,0.0,0.6122397550811517,23333.40915167523,1120.4103085758516,physics
2025-03-17 22:20:00,18.209143047046993,0.14710349111126628,1.7835173768072135,27.27405102385844,409.30194610887526,0.0,0.0,0.0,0.0,0.21555000895956952,0.0,386.50707285676356,physics
2025-03-17 22:25:00,17.84199193275924,0.1506436491730842,1.7355915641861532,26.897989201272264,409.49410990988207,1.0,0.1,0.0,0.0,0.6122397550811517,23333.40915167523,1129.4845755794952,physics
2025-03-17 22:30:00,18.35661993533667,0.14579202912861275,1.8028629716215503,27.41775533342825,410.0301202078557,0.0,0.1,0.0,0.0,0.6122397550811517,0.0,1104.9703128214983,physics
2025-03-17 22:35:00,17.95820900155951,0.1497310339025667,1.7502086487710238,26.998489478937532,410.53878327136664,0.0,0.0,0.0,0.0,0.21555000895956952,0.0,381.18074952837367,physics
2025-03-17 22:40:00,17.59611747267758,0.15321440782396126,1.7037364233548615,26.633961232993748,410.70873038391875,1.0,0.1,0.0,0.0,0.6122397550811517,23333.40915167523,1114.6842485024904,physics
2025-03-17 22:45:00,18.116081919196116,0.14836023803750154,1.7705127043886204,27.14713103785673,411.1827707700973,0.0,0.0,0.0,0.0,0.21555000895956952,0.0,384.53175836615526,physics
2025-03-17 22:50:00,17.750807197262414,0.15188988383329355,1.7231217781231478,26.77506551570093,411.34115025672264,1.0,0.1,0.0,0.0,0.6122397550811517,23333.40915167523,1123.9957423377873,physics
2025-03-17 22:55:00,18.267414267649905,0.14728011745213632,1.7896808213946744,27.270567933772597,411.7829245938984,0.0,0.0,0.0,0.0,0.21555000895956952,0.0,387.7439371533881,physics
2025-03-17 23:00:00,17.89908823021942,0.1507493069104251,1.741623012482917,26.900477420768517,411.93052381701557,0.0,0.0,0.0,0.0,0.21555000895956952,0.0,379.9258526770143,physics
2025-03-17 23:05:00,17.53818875397934,0.15423784890314196,1.6954696366833542,26.537845375016055,412.0754717889773,1.0,0.1,0.0,0.0,0.6122397550811517,23333.40915167523,1111.1972495535108,physics
2025-03-17 23:10:00,18.059410481794238,0.14946458869640047,1.7619318719960262,27.041427240356366,412.47978105656483,0.0,0.0,0.0,0.0,0.21555000895956952,0.0,383.32885105040776,physics
2025-03-17 23:15:00,17.69527842656026,0.15300016563703542,1.7148553434570393,26.671406451609386,412.6148629949511,1.0,0.1,0.0,0.0,0.6122397550811517,23333.40915167523,1120.6532074185327,physics
2025-03-17 23:20:00,18.21309068992254,0.1481396048785844,1.7817921935605543,27.185594118569824,412.99165253421876,0.0,0.0,0.0,0.0,0.21555000895956952,0.0,386.5908654816317,physics
2025-03-17 23:25:00,17.845859979276142,0.15182818182668664,1.7335931425965803,26.79914801736741,413.1175399808055,1.0,0.1,0.0,0.0,0.6122397550811517,23333.40915167523,1129.7174112858968,physics
2025-03-17 23:30:00,18.360404030013303,0.14761754588797427,1.79943697243454,27.26022965581288,413.46868295051445,0.0,0.0,0.0,0.0,0.21555000895956952,0.0,389.71773684093307,physics
2025-03-17 23:35:00,17.99020303917173,0.15131815315198077,1.7504600972928885,26.870733954860718,413.58600173789233,0.0,0.0,0.0,0.0,0.21555000895956952,0.0,381.8598546237875,physics
2025-03-17 23:40:00,17.627466414222976,0.15518973959336108,1.7031258884790446,26.477145520436608,413.7012131864643,1.0,0.1,0.0,0.0,0.6506219463665034,23333.40915167523,1186.398899252078,physics
2025-03-17 23:45:00,18.144122308798643,0.15146172870282296,1.767174527146159,26.889349958627395,414.04272393116185,0.0,0.0,0.0,0.0,0.21555000895956952,0.0,385.1269433717886,physics
2025-03-17 23:50:00,17.778282208238334,0.15527578691872315,1.7192153835173607,26.499786965424267,414.14973150699626,1.0,0.1,0.0,0.0,0.6122397550811517,23333.40915167523,1125.6495910081733,physics
2025-03-17 23:55:00,18.294292962701814,0.1509515748970461,1.7849826217934504,26.96235271300101,414.4482120861059,0.0,0.0,0.0,0.0,0.21555000895956952,0.0,388.31446404308747,physics
2025-03-18 00:00:00,17.925424969902345,0.1547061927013275,1.736383205903688,26.575672702349358,414.5479360806544,0.0,0.0,0.0,0.0,0.21555000895956952,0.0,380.4848760279286,physics
2025-03-18 00:05:00,17.56399446574424,0.15843153263182982,1.6898118832421416,26.201171179296452,414.6458687828763,1.0,0.1,0.0,0.0,0.6122397550811517,23333.40915167523,1112.7506153420866,physics
2025-03-18 00:10:00,18.084656108001052,0.15386068617899668,1.7556080090497908,26.677085800710827,414.91903644829665,0.0,0.0,0.0,0.0,0.21555000895956952,0.0,383.86471443851013,physics
2025-03-18 00:15:00,17.720015024979837,0.15752545150760178,1.7083543651451523,26.30484532293979,415.01030325988773,1.0,0.1,0.0,0.0,0.6122397550811517,23333.40915167523,1122.1422183034397,physics
2025-03-18 00:20:00,18.237290406753374,0.15288568431976005,1.7745583257523156,26.788515500710506,415.264877485729,0.0,0.0,0.0,0.0,0.21555000895956952,0.0,387.10452840866134,physics
2025-03-18 00:25:00,17.86957175699985,0.15670468931421946,1.7262004401192288,26.40084812774866,415.349932127427,1.0,0.1,0.0,0.0,0.6122397550811517,23333.40915167523,1131.1447334476682,physics
2025-03-18 00:30:00,18.383601168792712,0.15253395765605773,1.7916617492741043,26.84702617179508,415.5871784953782,0.0,0.2,0.0,0.0,1.0089295012027337,0.0,1820.7200500694514,physics
2025-03-18 00:35:00,17.95627681818181,0.15872867698846732,1.731477310098841,26.2537558710072,415.95819731200777,0.0,0.1,0.0,0.0,0.6584833590394067,0.0,1162.2985932019062,physics
2025-03-18 00:40:00,17.563329388055408,0.16354342360169408,1.6794770843505638,25.79514963964065,416.1799856295547,1.0,0.2,0.0,0.0,1.0089295012027337,23333.40915167523,1830.927201511164,physics
2025-03-18 00:45:00,18.05694162758263,0.15979480624289252,1.7402622116704782,26.187643381868906,416.50116272900146,0.0,0.1,0.0,0.0,0.6122397550811517,0.0,1086.9312819633521,physics
2025-03-18 00:50:00,17.665034893099545,0.1643733685176308,1.688606808042814,25.749819478947543,416.67967333515685,1.0,0.2,0.0,0.0,1.0089295012027337,23333.40915167523,1841.00016004285,physics
2025-03-18 00:55:00,18.156283001763754,0.1602617427537313,1.7501836262966215,26.16955131926929,416.95883796230606,0.0,0.1,0.0,0.0,0.6122397550811517,0.0,1092.9111012161181,physics
2025-03-18 01:00:00,17.762220168293513,0.16525092191613258,1.6971956642244692,25.700129392179335,417.1139979873994,1.0,0.2,0.0,0.0,1.0089295012027337,23333.40915167523,1850.6254329963099,physics
2025-03-18 01:05:00,18.25120921823305,0.16171518531364465,1.757596571376696,26.07204967461471,417.356645701653,0.0,0.1,0.0,0.0,0.6122397550811517,0.0,1098.6251515955742,physics
2025-03-18 01:10:00,17.85508611208316,0.1661706934072847,1.7052683095645225,25.646582637586153,417.49150958400406,1.0,0.2,0.0,0.0,1.0089295012027337,23333.40915167523,1859.8229174431253,physics
2025-03-18 01:15:00,18.34191650557887,0.16214672436212832,1.7667157310744446,26.05534427583931,417.70241708268594,0.0,0.2,0.0,0.0,1.0089295012027337,0.0,1816.5915824532874,physics
2025-03-18 01:20:00,17.915561109389614,0.16780373700690823,1.7084180078447169,25.532305887771074,417.8955920149141,0.0,0.1,0.0,0.0,0.6122397550811517,0.0,1078.4209311490458,physics
2025-03-18 01:25:00,17.52672288885243,0.17268140631857282,1.6572969042720134,25.09000864001098,418.0029588673624,1.0,0.2,0.0,0.0,1.0089295012027337,23333.40915167523,1827.3016775210735,physics
2025-03-18 01:30:00,18.021186041558003,0.16871931290193215,1.7179122499577557,25.482264828634253,418.17086501018184,0.0,0.1,0.0,0.0,0.6122397550811517,0.0,1084.7789869758258,physics
2025-03-18 01:35:00,17.630055344083146,0.17383965771947174,1.6657998319281768,25.02316551720957,418.2641874400299,1.0,0.2,0.0,0.0,1.0089295012027337,23333.40915167523,1837.5357699240817,physics
2025-03-18 01:40:00,18.1221165476862,0.16893666664156723,1.728390485311562,25.484800687658698,418.4101301483892,0.0,0.1,0.0,0.0,0.6584833590394067,0.0,1173.0332954039109,physics
2025-03-18 01:45:00,17.725539952327974,0.17344847302204278,1.676649548860543,25.070066337948045,418.49737205174955,1.0,0.2,0.0,0.0,1.0394502798151821,23333.40915167523,1902.6458135983862,physics
2025-03-18 01:50:00,18.213280142315792,0.1692371963979697,1.7376841200421385,25.479139566943182,418.62753097185515,0.0,0.1,0.0,0.0,0.6432229697331826,0.0,1151.6821826712003,physics
2025-03-18 01:55:00,17.81578821794431,0.17464987577132726,1.6837566930292251,24.997779032348866,418.7010979388677,1.0,0.2,0.0,0.0,1.0089295012027337,23333.40915167523,1855.9308364995084,physics
2025-03-18 02:00:00,18.303532085733714,0.17076079210207493,1.7443476848715413,25.380384870495394,418.8103063229218,0.0,0.1,0.0,0.0,0.6122397550811517,0.0,1101.7747082935712,physics
2025-03-18 02:05:00,17.906273367332098,0.17601611966825645,1.6905705802503603,24.91384527593351,418.8710044700448,0.0,0.0,0.0,0.0,0.21555000895956952,0.0,380.0783643194525,physics
2025-03-18 02:10:00,17.54522901710809,0.18055166719895074,1.64344918313132,24.517955603658535,418.8912840530946,1.0,0.1,0.0,0.0,0.6122397550811517,23333.40915167523,1111.6210357286955,physics
2025-03-18 02:15:00,18.066297943491293,0.17573313088587658,1.7082543376509054,24.964417186103944,418.9478507180769,0.0,0.0,0.0,0.0,0.21555000895956952,0.0,383.47504423770175,physics
2025-03-18 02:20:00,17.70202701630545,0.17994584894624366,1.661006796752769,24.59023197589208,418.966749950339,1.0,0.1,0.0,0.0,0.7125883756705651,23333.40915167523,1304.3115374217216,physics
2025-03-18 02:25:00,18.212792540629913,0.17492042229936333,1.7257438500749573,25.05175879620548,419.02810678155146,0.0,0.0,0.0,0.0,0.21555000895956952,0.0,386.5845369679795,physics
2025-03-18 02:30:00,17.84556784157037,0.1793325709464574,1.677345595952477,24.660851130508384,419.04556441421346,1.0,0.1,0.0,0.0,0.6122397550811517,23333.40915167523,1129.699826158936,physics
2025-03-18 02:35:00,18.360118232846073,0.17465986949061868,1.7423175791994583,25.09857656976792,419.09425969832034,0.0,0.0,0.0,0.0,0.21555000895956952,0.0,389.7116705133606,physics
2025-03-18 02:40:00,17.98992300453534,0.17906680926857377,1.6931969207006723,24.706656991992556,419.1105290591655,0.0,0.0,0.0,0.0,0.21555000895956952,0.0,381.85391061163216,physics
2025-03-18 02:45:00,17.627192025927467,0.18323281076034206,1.6465629521156526,24.341878129758413,419.1265061816044,1.0,0.1,0.0,0.0,0.6432229697331826,23333.40915167523,1172.9223818709465,physics
2025-03-18 02:50:00,18.144360541405934,0.1772901910086686,1.7134095415259174,24.86454604456806,419.17332712226374,0.0,0.0,0.0,0.0,0.21555000895956952,0.0,385.13200009452754,physics
2025-03-18 02:55:00,17.77851563735943,0.18150020903973374,1.6658669172788685,24.492736880599807,419.1881762344473,1.0,0.1,0.0,0.0,0.6353615570602792,23333.40915167523,1168.073411895772,physics
2025-03-18 03:00:00,18.29292453207961,0.17588229271212158,1.7324212279182496,24.99556842257867,419.2311597020923,0.0,0.1,0.0,0.0,0.6353615570602792,0.0,1142.6167078752878,physics
2025-03-18 03:05:00,17.89425304384976,0.1801013839377985,1.6809169690781758,24.614320710472985,419.27186733282645,0.0,0.0,0.0,0.0,0.21555000895956952,0.0,379.8232210635646,physics
2025-03-18 03:10:00,17.53345105951574,0.184163550244545,1.6349897571435383,24.259121277042098,419.2849464164042,1.0,0.1,0.0,0.0,0.6432229697331826,23333.40915167523,1166.994849874558,physics
2025-03-18 03:15:00,18.05266540511598,0.17817160042846697,1.7017421532438815,24.78324995576962,419.3232746572007,0.0,0.0,0.0,0.0,0.21555000895956952,0.0,383.1856801259786,physics
2025-03-18 03:20:00,17.688669350923455,0.1823870043351115,1.6546686852599506,24.413098616412366,419.33543033667604,1.0,0.1,0.0,0.0,0.6584833590394067,23333.40915167523,1204.660066475857,physics
2025-03-18 03:25:00,18.20344760967702,0.1768271754869758,1.7207459831901832,24.909426402695487,419.37189767536114,0.0,0.0,0.0,0.0,0.21555000895956952,0.0,386.3861815649098,physics
2025-03-18 03:30:00,17.83641133254395,0.18098049155480503,1.673012796247615,24.540536841171544,419.3831799638364,1.0,0.1,0.0,0.0,0.6122397550811517,23333.40915167523,1129.1486533025543,physics
2025-03-18 03:35:00,18.351160456120272,0.1752908796094962,1.7400079510172528,25.050117764418854,419.41465010949224,0.0,0.2,0.0,0.0,1.0089295012027337,0.0,1817.507107433298,physics
2025-03-18 03:40:00,17.924590185536935,0.17991276259442904,1.6845159778924719,24.633487803631212,419.46386484058047,0.0,0.1,0.0,0.0,0.6122397550811517,0.0,1018.7697831934992,physics
2025-03-18 03:45:00,17.55725993610276,0.18508055513785338,1.6356073687046326,24.198972708371574,419.4912184454716,1.0,0.2,0.0,0.0,1.0089295012027337,23333.40915167523,1731.2856347629627,physics
2025-03-18 03:50:00,18.07425812549246,0.1808654713549491,1.6984671907339366,24.592371548629693,419.5339955054742,0.0,0.1,0.0,0.0,0.6122397550811517,0.0,1027.778992460487,physics
2025-03-18 03:55:00,17.70367949242752,0.18610729853754976,1.6486985649532249,24.15354464096447,419.5577710452738,1.0,0.2,0.0,0.0,1.0089295012027337,23333.40915167523,1745.7870928546079,physics
2025-03-18 04:00:00,18.217274178812083,0.18166718276249308,1.7121138253463852,24.56104198027478,419.5949525318329,0.0,0.1,0.0,0.0,0.6122397550811517,0.0,1096.5824437737265,physics
2025-03-18 04:05:00,17.821887596640522,0.18666234156382086,1.659887984755304,24.13611641929797,419.61561804539184,1.0,0.2,0.0,0.0,1.0089295012027337,23333.40915167523,1856.5349216829934,physics
2025-03-18 04:10:00,18.309489685187845,0.18130500879898429,1.7228110417694875,24.60390978410407,419.647935903203,0.0,0.1,0.0,0.0,0.6584833590394067,0.0,1185.1618416681044,physics
2025-03-18 04:15:00,17.90881269676921,0.1861771397914977,1.669989980307669,24.1856904105343,419.66725493229103,0.0,0.0,0.0,0.0,0.21555000895956952,0.0,380.13226409854815,physics
2025-03-18 04:20:00,17.547717146023025,0.19059562569089397,1.6235603397082417,23.81543363868577,419.6732318658182,1.0,0.1,0.0,0.0,0.6275001443873759,23333.40915167523,1139.416665216257,physics
2025-03-18 04:25:00,18.06769186794667,0.1846728251063255,1.6898752616047348,24.32011487136626,419.6903191200999,0.0,0.0,0.0,0.0,0.21555000895956952,0.0,383.50463166307594,physics
2025-03-18 04:30:00,17.703392835049556,0.18924429173410612,1.642314303586606,23.935917932463393,419.6958817631363,1.0,0.1,0.0,0.0,0.6584833590394067,23333.40915167523,1205.6131084154574,physics
2025-03-18 04:35:00,18.217848891416267,0.18565985977858807,1.703821817844553,24.277827334102675,419.7125698296492,0.0,0.0,0.0,0.0,0.21555000895956952,0.0,386.6918630149396,physics
2025-03-18 04:40:00,17.85052224111055,0.19096618024247308,1.6540836847511757,23.84405559522417,419.71773279429874,1.0,0.1,0.0,0.0,0.6122397550811517,23333.40915167523,1129.9980545053877,physics
2025-03-18 04:45:00,18.364965102407744,0.18790454793632955,1.7148787069814548,24.14738095588507,419.73213406137256,0.0,0.1,0.0,0.0,0.6122397550811517,0.0,1105.47264723282,physics
2025-03-18 04:50:00,17.966373045645142,0.19584973648403453,1.6561272348614753,23.534283459055523,419.7458005760942,0.0,0.0,0.0,0.0,0.21555000895956952,0.0,381.35403943960455,physics
2025-03-18 04:55:00,17.604116905069223,0.20151184957430954,1.6073725294954864,23.097501924047442,419.75036663343593,1.0,0.1,0.0,0.0,0.6122397550811517,23333.40915167523,1115.165771535779,physics
2025-03-18 05:00:00,18.123907732406227,0.19825969892611675,1.6675939968798252,23.401448531074237,419.763102922703,0.0,0.0,0.0,0.0,0.21555000895956952,0.0,384.69786899248993,physics
2025-03-18 05:05:00,17.7584752185307,0.20397545411392723,1.6180799387275022,22.964596838992012,419.7673581866308,1.0,0.1,0.0,0.0,0.6275001443873759,23333.40915167523,1152.4186034672064,physics
2025-03-18 05:10:00,18.27386316697681,0.2006845294413762,1.678275034469982,23.267698836051597,419.7795234175875,0.0,0.0,0.0,0.0,0.21555000895956952,0.0,387.88082142056913,physics
2025-03-18 05:15:00,17.905407100331455,0.2064547687928333,1.628030758336282,22.830784299231993,419.7834837283637,0.0,0.0,0.0,0.0,0.21555000895956952,0.0,380.0599769454906,physics
2025-03-18 05:20:00,17.544380216656734,0.21228021762173674,1.5797312011046856,22.40283413432699,419.78737290205464,1.0,0.1,0.0,0.0,0.6432229697331826,23333.40915167523,1230.919035365841,physics
2025-03-18 05:25:00,18.041531750235453,0.20779805671031495,1.6392478098319037,22.768486272830817,419.7987701215035,0.0,0.0,0.0,0.0,0.21555000895956952,0.0,404.1753464442228,physics
2025-03-18 05:30:00,17.657597175072762,0.21360148241151472,1.5883833115465484,22.339967149544712,419.8023847133462,1.0,0.1,0.0,0.0,0.6737437483456309,23333.40915167523,1296.6748325976323,physics
2025-03-18 05:35:00,18.150065840248942,0.2092272268393381,1.6474863416019243,22.696408694331016,419.81347988534293,0.0,0.0,0.0,0.0,0.21555000895956952,0.0,406.479089861906,physics
2025-03-18 05:40:00,17.76394289125758,0.21503365588882323,1.596151572504464,22.269452919744083,419.8168302530417,1.0,0.1,0.0,0.0,0.6737437483456309,23333.40915167523,1303.7176275409408,physics
2025-03-18 05:45:00,18.254078028557977,0.21048202312603725,1.6556472098209543,22.634942961922025,419.8271143757,0.0,0.0,0.0,0.0,0.21555000895956952,0.0,408.68685144304595,physics
2025-03-18 05:50:00,17.8658578808825,0.2162911000133313,1.603853884104642,22.209287818699895,419.83021983385555,1.0,0.1,0.0,0.0,0.6584833590394067,23333.40915167523,1280.8587454202245,physics
2025-03-18 05:55:00,18.35487505273005,0.21167182857820702,1.663637237821094,22.577310299865587,419.83953628503065,0.0,0.1,0.0,0.0,0.6353615570602792,0.0,1208.9484967428448,physics
2025-03-18 06:00:00,17.93305967661329,0.2190098518801704,1.6050628156692108,22.05486015624792,419.8480323246802,0.0,0.0,0.0,0.0,0.21555000895956952,0.0,401.87291938578943,physics
2025-03-18 06:05:00,17.551312224842217,0.22488591635852187,1.5551311807713266,21.64092252569862,419.8507620441616,1.0,0.1,0.0,0.0,0.6584833590394067,23333.40915167523,1260.498401390375,physics
2025-03-18 06:10:00,18.047212778386875,0.21955596773570973,1.6154947272208902,22.040664749456965,419.858951270033,0.0,0.0,0.0,0.0,0.21555000895956952,0.0,404.2959318861599,physics
2025-03-18 06:15:00,17.663163656602705,0.2254304167052915,1.5650401059770949,21.62699064313496,419.86148485795036,1.0,0.1,0.0,0.0,0.6584833590394067,23333.40915167523,1267.7384747696847,physics
2025-03-18 06:20:00,18.156616501576632,0.219999383820079,1.6257123997154055,22.03191734876542,419.8690856842849,0.0,0.0,0.0,0.0,0.21555000895956952,0.0,406.6181341282122,physics
2025-03-18 06:25:00,17.770361471542273,0.2258721113006339,1.5747491874530204,21.618379514697438,419.8714372327787,1.0,0.1,0.0,0.0,0.6584833590394067,23333.40915167523,1274.6773224361684,physics
2025-03-18 06:30:00,18.261468445692188,0.22020319698343374,1.6360200600028043,22.036904617826803,419.878491936346,0.0,0.0,0.0,0.0,0.21555000895956952,0.0,408.8437203569951,physics
2025-03-18 06:35:00,17.873099284969868,0.22607315687585225,1.5845570043543258,21.623218107185874,419.8806745250301,1.0,0.1,0.0,0.0,0.6275001443873759,23333.40915167523,1221.181204645088,physics
2025-03-18 06:40:00,18.364229428983933,0.22039610382170166,1.6461912897430875,22.042203765479925,419.88691425442784,0.0,0.2,0.0,0.0,1.0551731051609887,0.0,2005.3760318077775,physics
2025-03-18 06:45:00,17.910632074158244,0.22871811025120972,1.5828757637558677,21.474346268276115,419.8968580075366,1.0,0.2,0.0,0.0,1.1014167091192437,23333.40915167523,2144.0889525939474,physics
2025-03-18 06:50:00,18.369797332047643,0.22422234450458578,1.6386838213002977,21.81365466895805,300.0,0.0,0.2,0.0,0.0,1.1014167091192437,0.0,2093.8852629389935,physics
2025-03-18 06:55:00,17.916254911262808,0.232582638986842,1.5755019918306492,21.251657455375486,300.0,0.0,0.1,0.0,0.0,0.6122397550811517,0.0,1138.9730372601048,physics
2025-03-18 07:00:00,17.51082840228505,0.23974949366168866,1.5214181638512556,20.782087094936085,300.0,1.0,0.0,0.0,0.0,0.21555000895956952,23333.40915167523,412.6222964235277,physics
2025-03-18 07:05:00,18.047526425974286,0.23248512839813207,1.5887630882762525,21.278220201911104,300.0,1.0,0.0,0.0,0.0,0.21555000895956952,23333.40915167523,423.9824870359405,physics
2025-03-18 07:10:00,18.571937086206606,0.22557038967182655,1.6566820574467576,21.76655255731809,300.0,1.0,0.0,0.0,0.0,0.21555000895956952,23333.40915167523,435.16125575102154,physics
2025-03-18 07:15:00,19.087972924201665,0.2191271463595885,1.7251912553833528,22.23904408166251,300.0,1.0,0.0,0.0,0.0,0.21555000895956952,23333.40915167523,446.11462685241463,physics
2025-03-18 07:20:00,19.593603926975057,0.21303619121333328,1.7942153047027023,22.700920972520354,300.0,1.0,0.0,0.0,0.0,0.21555000895956952,23333.40915167523,457.0535578542402,physics
2025-03-18 07:25:00,20.098568343913193,0.20767761122746695,1.8638588231339626,23.12796757849096,300.0,1.0,0.0,0.0,0.0,0.21555000895956952,23333.40915167523,467.9307061846586,physics
2025-03-18 07:30:00,20.60068074079208,0.20292651659205865,1.934065600788056,23.524850602367696,300.0,1.0,0.0,0.0,0.0,0.21555000895956952,23333.40915167523,457.7912528691679,physics
2025-03-18 07:35:00,21.132621921271802,0.1993255544713398,2.007396734087543,23.858205299349706,300.0,1.0,0.0,0.0,0.0,0.21555000895956952,23333.40915167523,469.1298643253594,physics
2025-03-18 07:40:00,21.656036441567093,0.19602879428833084,2.081313487081675,24.17501393290318,300.0,1.0,0.1,1.0,0.0,0.6122397550811517,23333.40915167523,1359.069650002688,physics
2025-03-18 07:45:00,22.087884660089802,0.19162475586787886,2.1485840383803687,24.558099845013373,306.1223975508115,0.0,0.0,0.0,0.0,0.21555000895956952,0.0,469.6152178265296,physics
2025-03-18 07:50:00,21.678441395733675,0.1988171332264469,2.076936610603987,23.988839158303747,300.0,1.0,0.1,1.0,0.0,0.6122397550811517,23333.40915167523,1360.4183083777814,physics
2025-03-18 07:55:00,22.109803338529034,0.1941943871502524,2.1446151711141965,24.382641314983317,306.1223975508115,0.0,0.0,0.0,0.0,0.21555000895956952,0.0,470.8426031005367,physics
2025-03-18 08:00:00,21.735100121265813,0.20299006821741397,2.0732824768530937,23.71851245148706,300.0,1.0,0.1,1.0,0.0,0.6122397550811517,23333.40915167523,1363.8288605325818,physics
2025-03-18 08:05:00,22.165232346617252,0.19750756066394798,2.1430173497708878,24.16423358699137,306.1223975508115,0.0,0.0,0.0,0.0,0.21555000895956952,0.0,474.1309005530177,physics
2025-03-18 08:10:00,21.886894954374654,0.21064437234687683,2.072484684235708,23.24329685869649,300.0,1.0,0.1,1.0,0.0,0.7199873523038859,23333.40915167523,1613.9304821342428,physics
2025-03-18 08:15:00,22.304572047123937,0.2041902298878344,2.1432639331727468,23.738118953276643,307.19987352303883,0.0,0.0,0.0,0.0,0.21555000895956952,0.0,476.4534071556887,physics
2025-03-18 08:20:00,21.99410681925039,0.2158732088132031,2.0722593885407923,22.927854899817195,300.0,0.0,0.0,0.0,0.0,0.21555000895956952,0.0,469.2759929539395,physics
2025-03-18 08:25:00,21.662782051144173,0.22631025722376433,2.003746927346654,22.227932118956012,300.0,1.0,0.1,1.0,0.0,0.7199873523038859,23333.40915167523,1598.0727070659934,physics
2025-03-18 08:30:00,22.08541707704795,0.21834857019350165,2.0772424696959124,22.787651026544594,307.19987352303883,0.0,0.0,0.0,0.0,0.21555000895956952,0.0,470.9918527665329,physics
2025-03-18 08:35:00,21.74198980459551,0.22825206316270388,2.0084127017249473,22.123983932299637,300.0,1.0,0.1,1.0,0.0,0.7125883756705651,23333.40915167523,1587.2417898185852,physics
2025-03-18 08:40:00,22.163497447034523,0.21998122873613216,2.0827825346066944,22.698910554164442,307.12588375670566,0.0,0.0,0.0,0.0,0.21555000895956952,0.0,473.0620114931999,physics
2025-03-18 08:45:00,21.837552752584337,0.23069517363672787,2.0137687593350755,21.99359832618625,300.0,1.0,0.1,1.0,0.0,0.6584833590394067,23333.40915167523,1473.2147000414511,physics
2025-03-18 08:50:00,22.261538633436604,0.22245773499295393,2.088592826081893,22.56197550683871,306.58483359039406,0.0,0.0,0.0,0.0,0.21555000895956952,0.0,474.9524977418269,physics
2025-03-18 08:55:00,21.924821635266582,0.23283228033235376,2.018894338525029,21.881098092956584,300.0,0.0,0.0,0.0,0.0,0.21555000895956952,0.0,447.19859569407527,physics
2025-03-18 09:00:00,21.643642243700604,0.24431954652758875,1.9548175530917793,21.173128093479967,300.0,1.0,0.1,1.0,0.0,0.7509705669559168,23333.40915167523,1591.439578092533,physics
2025-03-18 09:05:00,22.08633863867839,0.2343692695640415,2.0347815954925372,21.816640100470167,307.5097056695592,0.0,0.0,0.0,0.0,0.21555000895956952,0.0,448.5787035660608,physics
2025-03-18 09:10:00,21.707350970519762,0.24160888397784583,1.969481375460092,21.33700591002103,300.0,1.0,0.1,1.0,0.0,0.8355963621995235,23333.40915167523,1857.5180082095114,physics
2025-03-18 09:15:00,22.11925169490817,0.23182529463767945,2.045638862232982,21.9721936798654,308.3559636219952,0.0,0.0,0.0,0.0,0.21555000895956952,0.0,471.6782701798672,physics
2025-03-18 09:20:00,21.77367629835278,0.2417883303670186,1.9770072297778931,21.33724570569734,300.0,1.0,0.1,1.0,0.0,0.8434577748724268,23333.40915167523,1880.4327762451842,physics
2025-03-18 09:25:00,22.183415045070767,0.23225551821243676,2.052494921391573,21.95708043340547,308.4345777487243,0.0,0.0,0.0,0.0,0.21555000895956952,0.0,474.26279976550495,physics
2025-03-18 09:30:00,21.89298370371562,0.24471940177353307,1.9837560077907135,21.189651935651195,300.0,0.0,0.0,0.0,0.0,0.21555000895956952,0.0,469.2730725465138,physics
2025-03-18 09:35:00,21.662647238900387,0.2595049919410408,1.917761463865743,20.341214787023336,300.0,1.0,0.1,1.0,0.0,0.8281973855662027,23333.40915167523,1837.485140270946,physics
2025-03-18 09:40:00,22.07617960427647,0.24859001368122868,1.9957524240280744,21.000994678598705,308.28197385566205,0.0,0.0,0.0,0.0,0.21555000895956952,0.0,473.3838774744927,physics
2025-03-18 09:45:00,21.852410773678773,0.2637311102067737,1.9290405416815273,20.1448957199673,300.0,1.0,0.1,1.0,0.0,0.7972141709141718,23333.40915167523,1783.8158812529302,physics
2025-03-18 09:50:00,22.264295344132066,0.25249383305479606,2.008248165771313,20.8136933044319,307.97214170914174,0.0,0.0,0.0,0.0,0.21555000895956952,0.0,476.32887811942123,physics
2025-03-18 09:55:00,21.98835829298396,0.2656316695216515,1.9400797789579072,20.064981533571007,300.0,0.0,0.0,0.0,0.0,0.21555000895956952,0.0,469.9002365316551,physics
2025-03-18 10:00:00,21.691598467866786,0.27764301090653276,1.874099233987511,19.40296501021503,300.0,1.0,0.1,1.0,0.0,0.7972141709141718,23333.40915167523,1771.2204928691017,physics
2025-03-18 10:05:00,22.10708884659004,0.26552032651326396,1.9544612955506566,20.088509519034627,307.97214170914174,0.0,0.0,0.0,0.0,0.21555000895956952,0.0,473.21430543659045,physics
2025-03-18 10:10:00,21.844582966260113,0.2791778759291928,1.8876678023472127,19.34770281269994,300.0,0.0,0.0,0.0,0.0,0.21555000895956952,0.0,469.7541203951923,physics
2025-03-18 10:15:00,21.68485343495252,0.2966414379531306,1.8240574444161515,18.471314380793466,300.0,1.0,0.1,1.0,0.0,0.7509705669559168,23333.40915167523,1668.2745281039186,physics
2025-03-18 10:20:00,22.104390343266445,0.2830228560186502,1.9075732920565374,19.192621386272283,307.5097056695592,0.0,0.0,0.0,0.0,0.21555000895956952,0.0,467.4226833513946,physics
2025-03-18 10:25:00,21.907229321841942,0.29886195675728794,1.8431506390294659,18.396430964116284,300.0,0.0,0.0,0.0,0.0,0.21555000895956952,0.0,471.1949966240603,physics
2025-03-18 10:30:00,21.751367358906236,0.31632444602446,1.780230523710146,17.569741064036858,300.0,1.0,0.1,1.0,0.0,0.7509705669559168,23333.40915167523,1673.1828445578553,physics
2025-03-18 10:35:00,22.169424809116265,0.3012293708398666,1.866509529300074,18.320429802531763,307.5097056695592,0.0,0.0,0.3,0.0,0.21555000895956952,0.0,454.42132460052164,physics
2025-03-18 10:40:00,21.977058835352683,0.3165934892931544,1.8042039304490232,17.587210960210633,300.0,0.0,0.0,0.0,0.0,0.21555000895956952,0.0,452.1498359708168,physics
2025-03-18 10:45:00,21.872202069066372,0.3348322218523307,1.7448598150176238,16.77303940927785,300.0,0.0,0.0,0.0,0.0,0.21555000895956952,0.0,451.09911266986694,physics
2025-03-18 10:50:00,21.823698437501374,0.35479082947335916,1.6875026753010212,15.934253431322427,300.0,1.0,0.1,1.0,0.0,0.812474560220396,23333.40915167523,1735.746434731962,physics
2025-03-18 10:55:00,22.257414876618483,0.33538779183821876,1.7847983398067941,16.7974796138585,308.124745602204,0.0,0.1,0.0,0.0,0.7819537816079476,0.0,1650.5794491526954,physics
2025-03-18 11:00:00,22.003384723326935,0.34423135944232885,1.7340198171142345,16.391507644760964,300.0,0.0,0.0,0.0,0.0,0.21555000895956952,0.0,450.86679151255413,physics
2025-03-18 11:05:00,21.812973996719613,0.359155451391375,1.674990539651914,15.75640687779907,300.0,0.0,0.0,0.0,0.0,0.21555000895956952,0.0,448.19063568836276,physics
2025-03-18 11:10:00,21.68943692850217,0.3762401793055332,1.6180828230106756,15.068994555798941,300.0,1.0,0.1,1.0,0.0,0.7893527582412685,23333.40915167523,1676.085613288184,physics
2025-03-18 11:15:00,22.12803004083458,0.35550742564813315,1.717192656621907,15.941363582758736,307.8935275824127,0.0,0.0,0.0,0.0,0.21555000895956952,0.0,452.3693022056053,physics
2025-03-18 11:20:00,21.8823330991706,0.36850679245332585,1.657549259775886,15.392374158880127,300.0,1.0,0.1,1.0,0.0,0.7972141709141718,23333.40915167523,1707.8359678301545,physics
2025-03-18 11:25:00,22.315969202154857,0.34817054908157286,1.756715083088206,16.26548283303017,307.97214170914174,0.0,0.0,0.2,0.0,0.21555000895956952,0.0,454.7516523914873,physics
2025-03-18 11:30:00,21.992307471653213,0.3585741557708184,1.6949490446620181,15.800997486193424,300.0,0.0,0.0,0.0,0.0,0.21555000895956952,0.0,448.9644854192764,physics
2025-03-18 11:35:00,21.725159484765058,0.3707809515476213,1.6358102607111784,15.285107341137369,300.0,1.0,0.1,1.0,0.0,0.7047269629976618,23333.40915167523,1568.612346633595,physics
2025-03-18 11:40:00,22.147702401919215,0.35155760282140136,1.7297872107869976,16.10525510216801,307.0472696299766,0.0,0.0,0.0,0.0,0.21555000895956952,0.0,473.61590895386274,physics
2025-03-18 11:45:00,21.863121842308043,0.36423297885898204,1.6668124455738509,15.55920250793288,300.0,1.0,0.1,1.0,0.0,0.6432229697331826,23333.40915167523,1440.7733597536658,physics
2025-03-18 11:50:00,22.28784419317151,0.34624890769981265,1.7588833582917216,16.342004795375956,306.4322296973318,0.0,0.0,0.0,0.0,0.21555000895956952,0.0,475.87605117984145,physics
2025-03-18 11:55:00,21.967454834366237,0.3578310512524093,1.69434381689722,15.82806508511938,300.0,0.0,0.0,0.0,0.0,0.21555000895956952,0.0,469.2977608533911,physics
2025-03-18 12:00:00,21.663786903871802,0.36974477088403324,1.63237207049187,15.318623714547535,300.0,1.0,0.1,1.0,0.0,0.6584833590394067,23333.40915167523,1461.9669450892322,physics
2025-03-18 12:05:00,22.091575401735753,0.35129539923435177,1.724582379337788,16.109280150025647,306.58483359039406,0.0,0.0,0.0,0.0,0.21555000895956952,0.0,452.8498712607453,physics
2025-03-18 12:10:00,21.904517193090452,0.3666476058492297,1.664680427086117,15.468276086639655,300.0,0.0,0.0,0.0,0.0,0.21555000895956952,0.0,452.29312623740503,physics
2025-03-18 12:15:00,21.878816653792114,0.38724200934177966,1.608027891729962,14.670647351427812,300.0,0.0,0.0,0.0,0.0,0.21555000895956952,0.0,449.1436297548868,physics
2025-03-18 12:20:00,21.73342916988915,0.40345674587646263,1.5516449840459055,14.055411904376257,300.0,1.0,0.1,1.0,0.0,0.6584833590394067,23333.40915167523,1401.7454695388212,physics
2025-03-18 12:25:00,22.181577215802424,0.38222856529290355,1.6513709162637895,14.894345610698785,306.58483359039406,0.0,0.0,0.0,0.0,0.21555000895956952,0.0,453.47413814234324,physics
2025-03-18 12:30:00,21.933334685570046,0.39514907370767877,1.5925646942051617,14.38129007619695,300.0,0.0,0.0,0.0,0.0,0.21555000895956952,0.0,446.56952023666275,physics
2025-03-18 12:35:00,21.614602777091903,0.40545777859390336,1.5352526788006762,13.970456690044326,300.0,1.0,0.1,1.0,0.0,0.7509705669559168,23333.40915167523,1589.2966449546805,physics
2025-03-18 12:40:00,22.05794509207641,0.38264014271361063,1.637893545081149,14.864865592853459,307.5097056695592,0.0,0.0,0.0,0.0,0.21555000895956952,0.0,448.928697007714,physics
2025-03-18 12:45:00,21.723507415255273,0.39250095252524214,1.5791843967216552,14.456844978365947,300.0,1.0,0.1,1.0,0.0,0.6968655503247584,23333.40915167523,1482.5554471030941,physics
2025-03-18 12:50:00,22.168782825737885,0.3715122536373607,1.6787089762150105,15.307298552999267,306.9686555032476,0.0,0.0,0.0,0.0,0.21555000895956952,0.0,451.059046811239,physics
2025-03-18 12:55:00,21.82184891189985,0.38100559248326904,1.6187569268441688,14.90091041924427,300.0,1.0,0.1,1.0,0.0,0.6584833590394067,23333.40915167523,1407.468824262683,physics
2025-03-18 13:00:00,22.268062018251467,0.3614362670918695,1.7159567910327709,15.718293605658808,306.58483359039406,0.0,0.0,0.0,0.0,0.21555000895956952,0.0,452.9122993272352,physics
2025-03-18 13:05:00,21.907399005965072,0.37044935975694504,1.6549789093406635,15.318974469776713,300.0,1.0,0.1,1.0,0.0,0.7588319796288201,23333.40915167523,1627.717983263103,physics
2025-03-18 13:10:00,22.34359024557867,0.35038781005176284,1.7536817826850486,16.17704771354379,307.5883197962882,0.0,0.0,0.3,0.0,0.21555000895956952,0.0,454.6837664993152,physics
2025-03-18 13:15:00,21.989173713889013,0.3597429155992449,1.6915374918855677,15.753539700734745,300.0,0.0,0.0,0.0,0.0,0.21555000895956952,0.0,448.34224148783164,physics
2025-03-18 13:20:00,21.69643537598488,0.37107258741906907,1.632185683564392,15.270421272413426,300.0,1.0,0.1,1.0,0.0,0.6737437483456309,23333.40915167523,1431.6978489140909,physics
2025-03-18 13:25:00,22.14416612461187,0.35255512458442373,1.7267544220849658,16.063881653890917,306.7374374834563,0.0,0.0,0.0,0.0,0.21555000895956952,0.0,452.9976089110607,physics
2025-03-18 13:30:00,21.911337078547163,0.3662626293927207,1.6663852969934114,15.48429483203011,300.0,0.0,0.0,0.0,0.0,0.21555000895956952,0.0,453.15239096759996,physics
2025-03-18 13:35:00,21.91848214883966,0.3879753918838429,1.6099939581801546,14.647397423762317,300.0,0.0,0.0,0.0,0.0,0.21555000895956952,0.0,451.01763322272154,physics
2025-03-18 13:40:00,21.819937172208327,0.40580792960996553,1.5537140483002978,13.979367796448217,300.0,0.0,0.0,0.0,0.0,0.21555000895956952,0.0,433.4318546941577,physics
2025-03-18 13:45:00,22.00814007799524,0.43137998667157834,1.504012417509262,13.098493140902656,300.0,0.0,0.0,0.0,0.0,0.21555000895956952,0.0,429.99578601088547,physics
2025-03-18 13:50:00,21.849523809283205,0.4459355352630922,1.451405271933768,12.591586211090918,300.0,0.0,0.0,0.4,0.0,0.21555000895956952,0.0,431.2050122519359,physics
2025-03-18 13:55:00,21.90534427507245,0.46647261388506567,1.4023747460668339,11.92688347788605,300.0,0.0,0.0,0.0,0.0,0.21555000895956952,0.0,406.17502861672335,physics
2025-03-18 14:00:00,21.74990677480694,0.4796950792059265,1.3547070441629323,11.495624187033687,300.0,1.0,0.1,1.0,0.0,0.7199873523038859,23333.40915167523,1391.9635528486826,physics
2025-03-18 14:05:00,22.23698182490962,0.4506060115251808,1.4735501069759886,12.47325469852458,307.19987352303883,0.0,0.1,1.0,0.0,0.7278487649767893,0.0,1375.9892657833268,physics
2025-03-18 14:10:00,21.810824637268876,0.447424924834064,1.4440890649150464,12.538458944956323,314.04165958516234,1.0,0.2,1.0,0.0,1.1476603130774987,23333.40915167523,2222.0572579240206,physics
2025-03-18 14:15:00,22.26530194950868,0.41327242777302664,1.5763973174191213,13.75771670807262,324.1753414296344,0.0,0.1,0.4,0.0,0.6737437483456309,0.0,1284.4891947076335,physics
2025-03-18 14:20:00,21.97010108576117,0.41556518601922604,1.5422627941582292,13.645846653511999,300.0,0.0,0.0,0.0,0.0,0.21555000895956952,0.0,386.0377644559963,physics
2025-03-18 14:25:00,21.82032765469422,0.42782693528222115,1.4961736455678323,13.202116484548927,300.0,0.0,0.0,0.0,0.0,0.21555000895956952,0.0,400.22219968408183,physics
2025-03-18 14:30:00,21.64511147802683,0.4398047660849281,1.4492604759991434,12.777089742984575,300.0,1.0,0.1,1.0,0.0,0.7588319796288201,23333.40915167523,1459.032802040442,physics
2025-03-18 14:35:00,22.13169148575788,0.4116309018360807,1.5680062203099832,13.802540760809816,307.5883197962882,0.0,0.0,0.0,0.0,0.21555000895956952,0.0,410.05855332076106,physics
2025-03-18 14:40:00,21.929178569053747,0.42334065728895276,1.5179518481182896,13.368518335601314,300.0,0.0,0.0,0.0,0.0,0.21555000895956952,0.0,406.0299408037943,physics
2025-03-18 14:45:00,21.74320921150315,0.4353214755244485,1.4696404446631481,12.938061684833993,300.0,1.0,0.1,1.0,0.0,0.6737437483456309,23333.40915167523,1236.1190607519804,physics
2025-03-18 14:50:00,22.255742152691745,0.4096358394524426,1.5852458831128382,13.886966065906826,306.7374374834563,0.0,0.2,0.9,0.0,1.332634728910519,0.0,2392.0496326883676,physics
2025-03-18 14:55:00,21.860474716826545,0.39777570731707124,1.5786173233793164,14.276520378677368,300.0,0.0,0.1,0.0,0.0,0.7972141709141718,0.0,1440.0614947783804,physics
2025-03-18 15:00:00,21.97380254902666,0.4111193093477701,1.5543457012619415,13.80447874469355,300.0,0.0,0.0,0.0,0.0,0.21555000895956952,0.0,386.7832038628802,physics
2025-03-18 15:05:00,21.854738729724954,0.4242818474704088,1.5086083897965408,13.328295707271907,300.0,0.0,0.0,0.0,0.0,0.21555000895956952,0.0,384.3194681624381,physics
2025-03-18 15:10:00,21.74100742807804,0.4373609051268207,1.4641357078024968,12.868749377448815,300.0,0.0,0.0,0.0,0.0,0.21555000895956952,0.0,387.47855492745776,physics
2025-03-18 15:15:00,21.8868376199029,0.4577960302302887,1.4235731696617049,12.205014647774,300.0,0.0,0.0,0.0,0.0,0.21555000895956952,0.0,367.0615369123195,physics
2025-03-18 15:20:00,21.944344464409998,0.4743424640484792,1.3849790211518247,11.680434363605222,300.0,0.0,0.0,0.0,0.0,0.21555000895956952,0.0,385.0941069596979,physics
2025-03-18 15:25:00,21.776766409328644,0.48526437325161903,1.3424062294583559,11.325180286532511,300.0,1.0,0.1,1.0,0.0,0.7357101776496926,23333.40915167523,1351.919351727554,physics
2025-03-18 15:30:00,22.28428402473519,0.4527631074450648,1.4719936967768237,12.406513159297123,307.3571017764969,0.0,0.1,0.9,0.0,0.7972141709141718,0.0,1434.9496629521493,physics
2025-03-18 15:35:00,21.91000037374341,0.4470539699728731,1.453829392099053,12.560140394170048,300.0,0.0,0.0,0.0,0.0,0.21555000895956952,0.0,385.0478697606174,physics
2025-03-18 15:40:00,21.774632001471915,0.45906354496805185,1.4105529233307936,12.153568970114982,300.0,1.0,0.1,1.0,0.0,0.8281973855662027,23333.40915167523,1521.1658939588676,physics
2025-03-18 15:45:00,22.275811187231685,0.4270512994600387,1.5403610501811662,13.27424961171987,308.28197385566205,0.0,0.1,0.2,0.0,0.7509705669559168,0.0,1357.8025967157123,physics
2025-03-18 15:50:00,21.99068324864775,0.42576815787007266,1.5172406408389474,13.290292791031113,300.0,0.0,0.0,0.0,0.0,0.21555000895956952,0.0,385.839524852949,physics
2025-03-18 15:55:00,21.811176491244144,0.43663006135304755,1.472331773702781,12.90029060923763,300.0,0.0,0.0,0.0,0.0,0.21555000895956952,0.0,381.6006128176031,physics
2025-03-18 16:00:00,21.61549925879581,0.4466429768781899,1.4289807855449965,12.545929942183097,300.0,1.0,0.0,1.0,0.0,0.21555000895956952,23333.40915167523,393.44339273121653,physics
2025-03-18 16:05:00,22.16218727182071,0.42746178406239055,1.528652308727572,13.248716755561082,302.1555000895957,0.0,0.0,0.0,0.0,0.21555000895956952,0.0,389.4481115705653,physics
2025-03-18 16:10:00,21.977756560862254,0.43831338951610244,1.4829245530975654,12.859467507682593,300.0,0.0,0.0,0.0,0.0,0.21555000895956952,0.0,385.4222419351019,physics
2025-03-18 16:15:00,21.79191382057973,0.4488806193526973,1.4386231154554145,12.48848020257398,300.0,0.0,0.0,0.0,0.0,0.21555000895956952,0.0,360.8549173399585,physics
2025-03-18 16:20:00,21.657833649688605,0.459763428177149,1.3987132302807699,12.12022189359302,300.0,1.0,0.0,1.0,0.0,0.21555000895956952,23333.40915167523,373.115992897228,physics
2025-03-18 16:25:00,22.223831082964104,0.43957884431555905,1.5019243005236405,12.840479802183335,302.1555000895957,0.0,0.0,0.0,0.0,0.21555000895956952,0.0,366.95835198582074,physics
2025-03-18 16:30:00,21.93958122783436,0.44628338037565635,1.4584841693040531,12.588551579548163,300.0,0.0,0.0,0.0,0.0,0.21555000895956952,0.0,382.15085679924584,physics
2025-03-18 16:35:00,21.64089969612534,0.45355668873235255,1.413319527614353,12.320564132406838,300.0,1.0,0.0,1.0,0.0,0.21555000895956952,23333.40915167523,393.9825421385309,physics
2025-03-18 16:40:00,22.187075559904947,0.43444040022507185,1.5123089475600722,13.01136489646942,302.1555000895957,0.0,0.0,0.0,0.0,0.21555000895956952,0.0,388.9443260034648,physics
2025-03-18 16:45:00,21.95450074316761,0.44411268250327385,1.4655343686344433,12.662335311361401,300.0,0.0,0.0,0.0,0.0,0.21555000895956952,0.0,383.83303846388486,physics
2025-03-18 16:50:00,21.71855279434186,0.453495208916834,1.4202009049271231,12.32979196456876,300.0,1.0,0.0,1.0,0.0,0.21555000895956952,23333.40915167523,395.6308059592049,physics
2025-03-18 16:55:00,22.263162938006882,0.43434256687742867,1.519589148320974,13.022145569493937,302.1555000895957,0.0,0.0,0.3,0.0,0.21555000895956952,0.0,389.7432313314342,physics
2025-03-18 17:00:00,21.991379919300954,0.4429188245915989,1.4719874980017607,12.705796143004148,300.0,0.0,0.0,0.0,0.0,0.21555000895956952,0.0,384.3935447273239,physics
2025-03-18 17:05:00,21.744426960515906,0.4520025781061196,1.4263320368718895,12.381153857201621,300.0,1.0,0.0,1.0,0.0,0.21555000895956952,23333.40915167523,396.18001072983583,physics
2025-03-18 17:10:00,22.288515403136703,0.4329899222648906,1.5255734351767358,13.070888401760035,302.1555000895957,0.0,0.0,0.2,0.0,0.21555000895956952,0.0,389.84313218655114,physics
2025-03-18 17:15:00,21.99599155612793,0.4410515209850749,1.477336721230577,12.76890888846013,300.0,0.0,0.0,0.0,0.0,0.21555000895956952,0.0,405.92383325662735,physics
2025-03-18 17:20:00,21.73831106051573,0.4508930109917873,1.428686304965409,12.417066708892127,300.0,1.0,0.0,1.0,0.0,0.21555000895956952,23333.40915167523,417.276183858758,physics
2025-03-18 17:25:00,22.262359809129787,0.43247171722490757,1.5245405445532663,13.086074608177192,302.1555000895957,0.0,0.0,0.0,0.0,0.21555000895956952,0.0,411.06966981092074,physics
2025-03-18 17:30:00,21.97585386564578,0.44182317337964516,1.4734873561439696,12.74105125319759,300.0,0.0,0.0,0.0,0.0,0.21555000895956952,0.0,405.5757804029869,physics
2025-03-18 17:35:00,21.722244197467333,0.4518218678092128,1.424870649699868,12.385019973237581,300.0,1.0,0.1,1.0,0.0,0.7357101776496926,23333.40915167523,1420.2761154784266,physics
2025-03-18 17:40:00,22.208787754810174,0.42387052686816534,1.5426097858618455,13.37813799380873,307.3571017764969,0.0,0.0,0.0,0.0,0.21555000895956952,0.0,409.1227765960295,physics
2025-03-18 17:45:00,21.885981116934385,0.43202230342374676,1.4911649665411206,13.064474843776885,300.0,1.0,0.1,1.0,0.0,0.7819537816079476,23333.40915167523,1521.8640496790272,physics
2025-03-18 17:50:00,22.365499884551102,0.4054002446135181,1.6073102593469932,14.051498155748835,307.8195378160795,0.0,0.0,1.0,0.0,0.21555000895956952,0.0,411.051890550098,physics
2025-03-18 17:55:00,21.975033136995656,0.4114063554277751,1.5537045977138049,13.794343311371023,309.83457945181556,0.0,0.0,0.0,0.0,0.21555000895956952,0.0,404.30400479622153,physics
2025-03-18 18:00:00,21.663536319372184,0.41970453611974734,1.502952390001872,13.468765996984791,300.0,1.0,0.1,1.0,0.0,0.766230956262141,23333.40915167523,1474.6049915647634,physics
2025-03-18 18:05:00,22.149169533437245,0.3944956985077386,1.615389674188609,14.428827741270581,307.66230956262143,0.0,0.0,0.0,0.0,0.21555000895956952,0.0,407.46037314486426,physics
2025-03-18 18:10:00,21.80924102329146,0.4019700270788955,1.5627289559121658,14.1174995579822,300.0,1.0,0.1,1.0,0.0,0.7509705669559168,23333.40915167523,1456.0721067714728,physics
2025-03-18 18:15:00,22.29273969830348,0.3785626917645095,1.672442631916812,15.047457784924617,307.5097056695592,0.0,0.0,0.0,0.0,0.21555000895956952,0.0,410.1267220858698,physics
2025-03-18 18:20:00,21.932325384836822,0.38540656218937863,1.6181170061770584,14.745852510394466,300.0,0.0,0.0,0.0,0.0,0.21555000895956952,0.0,402.3654264119328,physics
2025-03-18 18:25:00,21.574047400999092,0.39208593806629466,1.5658944442049265,14.456054339966649,300.0,1.0,0.0,1.0,0.0,0.21555000895956952,23333.40915167523,413.7895252031321,physics
2025-03-18 18:30:00,22.101408199250667,0.37658382949529823,1.6583458572266636,15.102278520742749,302.1555000895957,0.0,0.0,0.0,0.0,0.21555000895956952,0.0,405.6368182125053,physics
2025-03-18 18:35:00,21.725061833111027,0.3828481064684371,1.6044291427283697,14.819916260014644,300.0,0.0,0.0,0.0,0.0,0.21555000895956952,0.0,418.7950939357679,physics
2025-03-18 18:40:00,21.332475942167903,0.3891559577373126,1.5503479620232472,14.538943722989007,300.0,0.0,0.0,0.0,0.0,0.21555000895956952,0.0,410.3509247071837,physics
2025-03-18 18:45:00,20.9426750566584,0.39530337712709795,1.498474515941591,14.268939586635534,302.1555000895957,0.0,0.0,0.0,0.0,0.21555000895956952,0.0,402.07701533835774,physics
2025-03-18 18:50:00,20.560733729893386,0.4013627698990957,1.4489970207274094,14.007389379405216,304.27228200722266,0.0,0.1,0.0,0.0,0.6894665736914376,0.0,1257.7998275951832,physics
2025-03-18 18:55:00,20.152324779275595,0.40101527345835397,1.4137433240939274,13.976785393450989,310.9214814410234,0.0,0.2,0.0,0.0,1.270668299606457,0.0,2261.8505986103937,physics
2025-03-18 19:00:00,19.71192065824453,0.3931907708654461,1.3936743271626282,14.214086987049614,322.4716994161006,0.0,0.2,0.0,0.0,1.224424695648202,0.0,2127.047314466622,physics
2025-03-18 19:05:00,19.28538306227632,0.38701949771072125,1.3710215967053465,14.394892846074551,332.42303772939454,0.0,0.2,0.0,0.0,1.224424695648202,0.0,2075.8238663985594,physics
2025-03-18 19:10:00,18.869117323566552,0.381444565286494,1.3480469964390314,14.55639667056251,341.35898734389286,0.0,0.2,0.0,0.0,1.224424695648202,0.0,2025.833978869624,physics
2025-03-18 19:15:00,18.462876075757524,0.37675347183978514,1.3241924389547597,14.687193379797609,349.38315384280287,0.0,0.2,0.0,0.0,1.286391124952264,0.0,2076.5912795658433,physics
2025-03-18 19:20:00,18.062455186358516,0.3726693976428255,1.2997992576370532,14.796575625136496,356.95322752353104,0.0,0.0,0.0,0.0,0.21555000895956952,0.0,340.9414996044623,physics
2025-03-18 19:25:00,17.738587758625552,0.3782547948201385,1.2622397150548137,14.550388817364558,358.08570522121227,1.0,0.0,0.0,0.0,0.21555000895956952,23333.40915167523,353.6040895818215,physics
2025-03-18 19:30:00,18.32311995503275,0.36261321437184707,1.3424243954038175,15.21234774761998,359.1978407874034,0.0,0.0,0.0,0.0,0.21555000895956952,0.0,346.4743671576942,physics
2025-03-18 19:35:00,17.993996741235225,0.36820527254442115,1.3034275517014764,14.958851284308027,360.2899996176564,0.0,0.0,0.0,0.0,0.21555000895956952,0.0,339.48840139063833,physics
2025-03-18 19:40:00,17.671509641744205,0.3737726276196414,1.2659762833742882,14.71098272046173,361.36254054410557,1.0,0.0,0.0,0.0,0.21555000895956952,23333.40915167523,352.18029020029275,physics
2025-03-18 19:45:00,18.257394334822646,0.3583722508981673,1.3457961771916118,15.370486774028663,362.4158159533626,0.0,0.0,0.0,0.0,0.21555000895956952,0.0,345.07927585584275,physics
2025-03-18 19:50:00,17.92959634729387,0.3638846498049136,1.307036553085875,15.117702768997624,363.45017190229447,0.0,0.0,0.0,0.0,0.21555000895956952,0.0,338.12143932719675,physics
2025-03-18 19:55:00,17.60840775352248,0.3693095676488637,1.269936006774783,14.872922162639794,364.46594823172137,1.0,0.0,0.0,0.0,0.21555000895956952,23333.40915167523,350.84089020517507,physics
2025-03-18 20:00:00,18.195564770538102,0.3540101589130841,1.3496977240698445,15.53547316702235,365.46347867807253,0.0,0.0,0.0,0.0,0.21555000895956952,0.0,343.76688219481855,physics
2025-03-18 20:05:00,17.86901345306757,0.3594432177214225,1.3111546239921168,15.283310812277502,366.4430909830363,0.0,0.0,0.0,0.0,0.21555000895956952,0.0,336.8355074713099,physics
2025-03-18 20:10:00,17.549046392734876,0.36485195143357835,1.27413157962355,15.036736698495162,367.40510700124076,1.0,0.1,0.0,0.0,0.7047269629976618,23333.40915167523,1140.8397321134723,physics
2025-03-18 20:15:00,18.107854135765272,0.34631065433586566,1.3582823375379984,15.833506383786668,370.4938602689243,0.0,0.0,0.0,0.0,0.21555000895956952,0.0,341.9051372122641,physics
2025-03-18 20:20:00,17.783071328608955,0.3517163010074376,1.319810088267941,15.577899811055818,371.38311434080657,1.0,0.0,0.0,0.0,0.21555000895956952,23333.40915167523,354.54829735590954,physics
2025-03-18 20:25:00,18.366706602396306,0.3374019636054869,1.3993420713897535,16.229763835452374,372.2563951857587,0.0,0.0,0.0,0.0,0.21555000895956952,0.0,347.39953686197964,physics
2025-03-18 20:30:00,18.03670455063775,0.3428110935124856,1.359462278326789,15.967052199568208,373.1139897228814,0.0,0.0,0.0,0.0,0.21555000895956952,0.0,340.39491688989307,physics
2025-03-18 20:35:00,17.713356333203375,0.34832686384276323,1.3208964238769876,15.705047023630406,373.95617971749067,1.0,0.0,0.0,0.0,0.21555000895956952,23333.40915167523,353.0685276194198,physics
2025-03-18 20:40:00,18.298397271067262,0.3342972016211083,1.3998894046795485,16.350561471309824,374.783241873693,0.0,0.0,0.0,0.0,0.21555000895956952,0.0,345.9496037359354,physics
2025-03-18 20:45:00,17.96977254096788,0.33981514277280556,1.3599248161627748,16.081549907981845,375.595447925297,0.0,0.0,0.0,0.0,0.21555000895956952,0.0,338.9742187784508,physics
2025-03-18 20:50:00,17.647773874243736,0.3453813772362418,1.321393053104761,15.81577620275482,376.39306472509264,1.0,0.0,0.0,0.0,0.21555000895956952,23333.40915167523,351.67647505671835,physics
2025-03-18 20:55:00,18.2341371518148,0.33155479864032716,1.4000002818239414,16.45754993594517,377.17635433252644,0.0,0.0,0.0,0.0,0.21555000895956952,0.0,344.585619141519,physics
2025-03-18 21:00:00,17.90680809907524,0.3371225233561877,1.3600737736174486,16.184825926592378,377.9455740998019,0.0,0.0,0.0,0.0,0.21555000895956952,0.0,337.6377362176236,physics
2025-03-18 21:05:00,17.586078984956707,0.34274117258312026,1.321570649383006,15.915342420580917,378.7009767564333,1.0,0.0,0.0,0.0,0.21555000895956952,23333.40915167523,350.36694000573095,physics
2025-03-18 21:10:00,18.173686217132833,0.32910324947065744,1.3998128102028131,16.55343729712936,379.442810492281,0.0,0.0,0.0,0.0,0.21555000895956952,0.0,343.30248825748924,physics
2025-03-18 21:15:00,17.847576037130494,0.33472264725690554,1.3599188594112843,16.277065703978536,380.17131903909467,0.0,0.0,0.0,0.0,0.21555000895956952,0.0,336.3804771130968,physics
2025-03-18 21:20:00,17.528041219607275,0.3403322060111227,1.3215662759910054,16.00652928329933,380.88674175059225,1.0,0.1,0.0,0.0,0.6663447717123101,23333.40915167523,1077.4845391343326,physics
2025-03-18 21:25:00,18.08962754793748,0.3249910736737869,1.400976507550026,16.717807724974968,383.0586513455194,0.0,0.0,0.0,0.0,0.21555000895956952,0.0,341.51825985668046,physics
2025-03-18 21:30:00,17.76521224363472,0.3305954585295547,1.3612768939259938,16.43941156941269,383.7222103483071,1.0,0.1,0.0,0.0,0.6737437483456309,23333.40915167523,1105.1252836357173,physics
2025-03-18 21:35:00,18.321148071449365,0.3159929769522658,1.4404348916225418,17.1374527185134,385.75903818010926,0.0,0.0,0.0,0.0,0.21555000895956952,0.0,346.4325119781363,physics
2025-03-18 21:40:00,17.992064616758185,0.3216505853492865,1.3993024442354658,16.84888369322353,386.3740914823644,0.0,0.0,0.0,0.0,0.21555000895956952,0.0,339.44739013744066,physics
2025-03-18 21:45:00,17.669616474710296,0.3273044687485454,1.3597536624988404,16.56632424317035,386.9780968892186,1.0,0.1,0.0,0.0,0.6584833590394067,23333.40915167523,1073.9680337462994,physics
2025-03-18 21:50:00,18.228578817226367,0.31326691406907575,1.4378010082206458,17.2455656832993,388.790128029407,0.0,0.0,0.0,0.0,0.21555000895956952,0.0,344.46763799181946,physics
2025-03-18 21:55:00,17.901361837236877,0.3189131855988258,1.3969563904407873,16.955748356471883,389.35073537798104,0.0,0.0,0.0,0.0,0.21555000895956952,0.0,337.52213392290184,physics
2025-03-18 22:00:00,17.580742536144555,0.3244936379904611,1.35780438592116,16.674634358610504,389.90127281663774,1.0,0.1,0.0,0.0,0.6737437483456309,23333.40915167523,1092.908690718636,physics
2025-03-18 22:05:00,18.140726154694065,0.31050848869822795,1.4356358661686746,17.35650756629876,391.59117525605035,0.0,0.0,0.0,0.0,0.21555000895956952,0.0,342.60287832958267,physics
2025-03-18 22:10:00,17.815280548725777,0.3160821113675533,1.3951830614612024,17.06805584604948,392.10146879172447,1.0,0.1,0.0,0.0,0.6894665736914376,23333.40915167523,1134.2412934690883,physics
2025-03-18 22:15:00,18.36915182003272,0.30270344020466694,1.4728477190315474,17.738704040894834,393.7043941853239,0.0,0.2,0.0,0.0,1.1014167091192437,0.0,1769.1710859230204,physics
2025-03-18 22:20:00,17.982772234607655,0.30617449216852716,1.4303905683280527,17.529819117750627,396.11792915371535,0.0,0.1,0.0,0.0,0.6584833590394067,0.0,1099.2842490023263,physics
2025-03-18 22:25:00,17.61112855960851,0.3101824632149899,1.3892306203637323,17.301521901317862,397.4284246730219,1.0,0.2,0.0,0.0,1.1014167091192437,23333.40915167523,1895.1539095660694,physics
2025-03-18 22:30:00,18.12090680609206,0.2954242565883462,1.4652186268894383,18.040637918387358,399.50015052437834,0.0,0.1,0.0,0.0,0.7047269629976618,0.0,1185.835647480008,physics
2025-03-18 22:35:00,17.743164794245484,0.2995746220643873,1.422382837925991,17.797736174781345,400.70405024628366,1.0,0.2,0.0,0.0,1.1319374877316921,23333.40915167523,1962.1095678400764,physics
2025-03-18 22:40:00,18.247841421074718,0.2861867757073175,1.4963059596126531,18.494358850771984,402.5242009869186,0.0,0.1,0.0,0.0,0.7047269629976618,0.0,1194.6274476486785,physics
2025-03-18 22:45:00,17.86729882527663,0.29078574448828226,1.4515328387634687,18.223103047492106,403.55050655062246,1.0,0.2,0.0,0.0,1.1939039170357537,23333.40915167523,2083.576693736079,physics
2025-03-18 22:50:00,18.364970588929946,0.2785472755333319,1.5234715792432274,18.881455499925725,405.1870994391613,0.0,0.2,0.0,0.0,1.1319374877316921,0.0,1928.5715431608824,physics
2025-03-18 22:55:00,17.953026829308772,0.28296572304043305,1.4754750196823003,18.608029223507703,406.5843725597325,0.0,0.1,0.0,0.0,0.6584833590394067,0.0,1097.3588474793276,physics
2025-03-18 23:00:00,17.58203408995116,0.28810221877878833,1.4310696983187865,18.310517978559496,407.3205365114399,1.0,0.2,0.0,0.0,1.1319374877316921,23333.40915167523,1944.2142256372167,physics
2025-03-18 23:05:00,18.090533170021967,0.27658040880874646,1.5015379537869875,18.939151715608467,408.51656651535876,0.0,0.1,0.0,0.0,0.7047269629976618,0.0,1183.7318955699352,physics
2025-03-18 23:10:00,17.71346129781964,0.28199967554332644,1.455346678359319,18.621030490641868,409.1909569490602,1.0,0.2,0.0,0.0,1.1014167091192437,23333.40915167523,2014.2935711044756,physics
2025-03-18 23:15:00,18.197219939190283,0.27017223250275013,1.5250227996790633,19.274023505113163,410.18306200121805,0.0,0.1,0.0,0.0,0.7431091542830134,0.0,1328.8265264138106,physics
2025-03-18 23:20:00,17.793017910588198,0.2750044908414269,1.4769089125036705,18.974448230454563,410.7909833757117,1.0,0.2,0.0,0.0,1.378878332868774,23333.40915167523,2529.82809712266,physics
2025-03-18 23:25:00,18.25572153597544,0.2635327341214796,1.5445572660980946,19.620985994543634,411.84915949989994,0.0,0.1,0.0,0.0,0.7893527582412685,0.0,1415.79695622992,physics
2025-03-18 23:30:00,17.846940744431237,0.26832916795291745,1.4955764961398046,19.316135302434816,412.38531686912813,1.0,0.2,0.0,0.0,1.4093991114812223,23333.40915167523,2592.9742284308923,physics
2025-03-18 23:35:00,18.3061975711313,0.2573548966983214,1.5624537008439763,19.95033710981835,413.2796608390333,0.0,0.1,0.0,0.0,0.7740923689350443,0.0,1392.3489941691314,physics
2025-03-18 23:40:00,17.897371687714674,0.2623886328659574,1.512512373399161,19.62703644671179,413.71317444412995,0.0,0.0,0.0,0.0,0.21555000895956952,0.0,379.88941736442274,physics
2025-03-18 23:45:00,17.536506822136488,0.2679807351091608,1.467297533947474,19.288528965681824,413.8261015528712,1.0,0.1,0.0,0.0,0.7047269629976618,23333.40915167523,1278.4960754271187,physics
2025-03-18 23:50:00,18.051464825806086,0.25787979547481776,1.5365761847135007,19.884577944228866,414.18867761141297,0.0,0.0,0.0,0.0,0.21555000895956952,0.0,383.16019664256584,physics
2025-03-18 23:55:00,17.687492978904935,0.2633989591139772,1.49060780088269,19.54403220211806,414.29306349415685,1.0,0.1,0.0,0.0,0.6968655503247584,23333.40915167523,1274.6129574334705,physics
2025-03-19 00:00:00,18.199659874781293,0.2534752873616274,1.5601511091271207,20.13986143182729,414.6244774482246,0.0,0.0,0.0,0.0,0.21555000895956952,0.0,386.3057831450873,physics
2025-03-19 00:05:00,17.832699969780837,0.2588680405405167,1.5135580559213648,19.800167359463984,414.72103527607436,1.0,0.1,0.0,0.0,0.8281973855662027,23333.40915167523,1525.89015938703,physics
2025-03-19 00:10:00,18.332570139891846,0.2489522160776232,1.5827478581372982,20.40335876702702,415.08537067464533,0.0,0.2,0.0,0.0,1.2096267423815605,0.0,2175.102494369151,physics
2025-03-19 00:15:00,17.892139889892043,0.25326420040730674,1.5307184985035656,20.104552184066744,415.5807762630488,1.0,0.2,0.0,0.0,1.224424695648202,23333.40915167523,2259.669335875923,physics
2025-03-19 00:20:00,18.36313174560922,0.24352024420294266,1.5972530303971633,20.7056042697369,416.0316934863086,0.0,0.1,0.0,0.0,0.7125883756705651,0.0,1286.02310759924,physics
2025-03-19 00:25:00,17.957421512547814,0.2485382672747312,1.5467454844735928,20.368307764177988,416.2673409107048,0.0,0.0,0.0,0.0,0.21555000895956952,0.0,381.164034295151,physics
2025-03-19 00:30:00,17.59534586181388,0.25390289842819075,1.5010776699834465,20.025753989284116,416.33438880238316,1.0,0.1,0.0,0.0,0.7047269629976618,23333.40915167523,1282.5714104256197,physics
2025-03-19 00:35:00,18.109005687911775,0.24467926053400538,1.5695728363082295,20.602262876449622,416.5496600562854,0.0,0.0,0.0,0.0,0.21555000895956952,0.0,384.3815583576484,physics
2025-03-19 00:40:00,17.74387364409281,0.250027342309986,1.523068567867249,20.25527341001057,416.61163679010053,1.0,0.1,0.0,0.0,0.6816051610185342,23333.40915167523,1250.5498092066553,physics
2025-03-19 00:45:00,18.255850153854624,0.24109245121726164,1.5916330341630929,20.823727791885517,416.8040972777066,0.0,0.0,0.0,0.0,0.21555000895956952,0.0,387.49847739937064,physics
2025-03-19 00:50:00,17.887757283754127,0.2464243412419686,1.5443134197371482,20.472521681770925,416.86150368274195,0.0,0.0,0.0,0.0,0.21555000895956952,0.0,379.6853421302147,physics
2025-03-19 00:55:00,17.527086273489076,0.2517783184760102,1.4988831668393872,20.128452402421434,416.917878925184,1.0,0.1,0.0,0.0,0.7588319796288201,23333.40915167523,1375.6683835437223,physics
2025-03-19 01:00:00,18.038568470745197,0.24275520763490355,1.5666216145292724,20.697470567901465,417.11277992823887,0.0,0.0,0.0,0.0,0.21555000895956952,0.0,382.88645874989146,physics
2025-03-19 01:05:00,17.674856653166604,0.24809333319027427,1.5203692820874013,20.34910545904343,417.16464162093354,1.0,0.1,0.0,0.0,0.6584833590394067,23333.40915167523,1203.7659791695814,physics
2025-03-19 01:10:00,18.189937183050297,0.23952017506369574,1.5883459107873033,20.90132041298985,417.3202279800609,0.0,0.0,0.0,0.0,0.21555000895956952,0.0,386.09940939583794,physics
2025-03-19 01:15:00,17.823173316770262,0.24489745556415354,1.5411644783244052,20.546063659218355,417.36836338696986,1.0,0.1,0.0,0.0,0.7125883756705651,23333.40915167523,1312.7957624415176,physics
2025-03-19 01:20:00,18.33126226639728,0.23654204387513433,1.6087689319581209,21.09157105144672,417.5246361919227,0.0,0.2,0.0,0.0,1.1476603130774987,0.0,2064.0386424190174,physics
2025-03-19 01:25:00,17.895275893478356,0.2423670012770761,1.5533629528595854,20.696664955670467,417.7613759255026,1.0,0.2,0.0,0.0,1.316911903564712,23333.40915167523,2429.9081534820693,physics
2025-03-19 01:30:00,18.3597631067529,0.23464918438687715,1.6156423765920085,21.203900598863015,418.00704848311193,0.0,0.2,0.0,0.0,1.224424695648202,0.0,2204.847546687953,physics
2025-03-19 01:35:00,17.91762420102926,0.24061916119611973,1.5591373856868451,20.79723752153356,418.21040007098753,0.0,0.1,0.0,0.0,0.7588319796288201,0.0,1336.0095249186484,physics
2025-03-19 01:40:00,17.518538320065165,0.24657612648676652,1.508490521913361,20.407436684421363,418.32356720906057,1.0,0.2,0.0,0.0,1.1476603130774987,23333.40915167523,2076.5501533386887,physics
2025-03-19 01:45:00,18.003751062087304,0.23891893342564954,1.571115710045202,20.905813910984037,418.48389849086914,0.0,0.1,0.0,0.0,0.7047269629976618,0.0,1246.9835879360364,physics
2025-03-19 01:50:00,17.606530679779173,0.24483677991041292,1.5203900215911164,20.515909083683518,418.5729349585463,1.0,0.2,0.0,0.0,1.1939039170357537,23333.40915167523,2170.14964405298,physics
2025-03-19 01:55:00,18.08648793963242,0.23734331652186805,1.5825766235043894,21.007539374530804,418.7149165037843,0.0,0.1,0.0,0.0,0.6894665736914376,0.0,1225.6617514873801,physics
2025-03-19 02:00:00,17.688514256733786,0.24325224987910926,1.5314758586142716,20.615639619930715,418.78875168003793,1.0,0.2,0.0,0.0,1.1014167091192437,23333.40915167523,2011.5973053325124,physics
2025-03-19 02:05:00,18.172861751302097,0.23552251389005824,1.59498459502902,21.124418587397116,418.89992577491284,0.0,0.1,0.0,0.0,0.6275001443873759,0.0,1121.1073603117502,physics
2025-03-19 02:10:00,17.777361833790003,0.24138279297336362,1.5438775757915557,20.732860466951546,418.9574505028361,1.0,0.2,0.0,0.0,1.224424695648202,23333.40915167523,2245.885491610682,physics
2025-03-19 02:15:00,18.251117768968932,0.2341720439616551,1.6056701041251529,21.213908431646363,419.06382744873304,0.0,0.1,0.0,0.0,0.6737437483456309,0.0,1208.6888362257669,physics
2025-03-19 02:20:00,17.850636267635362,0.23990864222327826,1.5540311262590127,20.82639575521381,419.11638914904876,1.0,0.2,0.0,0.0,1.1014167091192437,23333.40915167523,2029.1193844989934,physics
2025-03-19 02:25:00,18.331157013203534,0.2324260242299997,1.6174315881969743,21.326949055932733,419.1974911286818,0.0,0.1,0.0,0.0,0.6584833590394067,0.0,1186.564354289517,physics
2025-03-19 02:30:00,17.930005866308303,0.23832616022554043,1.5650639424487136,20.927515106117152,419.24152769011886,0.0,0.0,0.0,0.0,0.21555000895956952,0.0,380.58211008536625,physics
2025-03-19 02:35:00,17.568482997494954,0.2438067082000854,1.5188144031515516,20.5665235443195,419.2551517495514,1.0,0.1,0.0,0.0,0.6432229697331826,23333.40915167523,1169.2100279468134,physics
2025-03-19 02:40:00,18.086932795889364,0.23594960332421822,1.58551301148726,21.08653044486092,419.2950770415226,0.0,0.0,0.0,0.0,0.21555000895956952,0.0,383.913039390939,physics
2025-03-19 02:45:00,17.72224580798987,0.2414716398184354,1.5383460551686907,20.719335900774947,419.30773922069056,1.0,0.1,0.0,0.0,0.6584833590394067,23333.40915167523,1206.8334495890804,physics
2025-03-19 02:50:00,18.236289294014625,0.2339220559630472,1.604700286822669,21.22585914955465,419.3457260709648,0.0,0.0,0.0,0.0,0.21555000895956952,0.0,387.0832788005247,physics
2025-03-19 02:55:00,17.868590829706214,0.23937874303196996,1.5568729871586795,20.85883429291386,419.3574784669036,1.0,0.1,0.0,0.0,0.6584833590394067,23333.40915167523,1216.3062715212293,physics
2025-03-19 03:00:00,18.37943176429018,0.231784603286245,1.6236903654089252,21.37169624714003,419.39273594501765,0.0,0.2,0.0,0.0,1.0856938837734371,0.0,1958.20714942145,physics
2025-03-19 03:05:00,17.946723790345875,0.23784423922384923,1.5677019640492063,20.957260271208664,419.44767785087845,0.0,0.1,0.0,0.0,0.6584833590394067,0.0,1161.6802316714532,physics
2025-03-19 03:10:00,17.55398541456721,0.24328465677501954,1.5184734106115267,20.59298679672809,419.47798576288056,1.0,0.2,0.0,0.0,1.0708959305067955,23333.40915167523,1941.9420592667477,physics
2025-03-19 03:15:00,18.043589493074016,0.2351266727359493,1.5829033384504239,21.126448050207642,419.524571006397,0.0,0.1,0.0,0.0,0.6584833590394067,0.0,1167.9502881620301,physics
2025-03-19 03:20:00,17.64873134996609,0.24060141638652877,1.5329912041006022,20.75620635200356,419.5506595131214,1.0,0.2,0.0,0.0,1.1014167091192437,23333.40915167523,2007.297585399483,physics
2025-03-19 03:25:00,18.13401788543236,0.23295521168756064,1.5964419105760301,21.265010844701177,419.5919021064824,0.0,0.1,0.0,0.0,0.6663447717123101,0.0,1187.7802266480921,physics
2025-03-19 03:30:00,17.736627080446635,0.2382871030897854,1.5462049397124122,20.899305735497943,419.6145632646234,1.0,0.2,0.0,0.0,1.270668299606457,23333.40915167523,2325.2237256111125,physics
2025-03-19 03:35:00,18.208177925630444,0.23002731372303448,1.6100153519621863,21.446056966329103,419.655376784719,0.0,0.1,0.0,0.0,0.6894665736914376,0.0,1233.9082812655568,physics
2025-03-19 03:40:00,17.80752658568412,0.2352497318702398,1.5593184835585219,21.08202420397516,419.6751773003402,1.0,0.2,0.0,0.0,1.1319374877316921,23333.40915167523,2080.3186861385475,physics
2025-03-19 03:45:00,18.286953691028884,0.2272977809845375,1.623729722294279,21.618291767146466,419.70581721622443,0.0,0.1,0.0,0.0,0.6894665736914376,0.0,1239.2466555765493,physics
2025-03-19 03:50:00,17.88456897522853,0.23256950112349625,1.572390823827795,21.247354877914525,419.7227196492218,1.0,0.2,0.0,0.0,1.1014167091192437,23333.40915167523,2032.7868173507948,physics
2025-03-19 03:55:00,18.364288768759824,0.22486509513062156,1.636760773318146,21.774549967218842,419.7481697501766,0.0,0.2,0.0,0.0,1.1319374877316921,0.0,2039.5568508706372,physics
2025-03-19 04:00:00,17.928638496884645,0.23033393641182776,1.5813500840667074,21.383347662255705,419.7719244252033,0.0,0.1,0.0,0.0,0.6737437483456309,0.0,1187.332495150307,physics
2025-03-19 04:05:00,17.535233109171518,0.23569000640649224,1.531899619433389,21.013957247297398,419.7847297995924,1.0,0.2,0.0,0.0,1.224424695648202,23333.40915167523,2216.8079418975603,physics
2025-03-19 04:10:00,18.01481997630336,0.22797034276682274,1.5948265704453237,21.534826621079194,419.8066949787271,0.0,0.1,0.0,0.0,0.6584833590394067,0.0,1166.088055294481,physics
2025-03-19 04:15:00,17.620591412912628,0.23335008256011505,1.544885799497598,21.16057466284475,419.8173023237043,1.0,0.2,0.0,0.0,1.1633831384233055,23333.40915167523,2116.5211044771595,physics
2025-03-19 04:20:00,18.102300774168622,0.22581437466022905,1.6080969747961544,21.675700436305714,419.835014606707,0.0,0.1,0.0,0.0,0.7047269629976618,0.0,1253.8093806909703,physics
2025-03-19 04:25:00,17.70290606973316,0.23106622188367318,1.557549568879078,21.30482687269294,419.8447037446365,1.0,0.2,0.0,0.0,1.1014167091192437,23333.40915167523,2013.1527664652842,physics
2025-03-19 04:30:00,18.186913858078366,0.22343113371415746,1.621641814659006,21.83089104484212,419.85895756884656,0.0,0.1,0.0,0.0,0.6968655503247584,0.0,1245.6568393666862,physics
2025-03-19 04:35:00,17.78620769932984,0.22871617868358374,1.570530410312027,21.454404944973746,419.8671482031303,1.0,0.2,0.0,0.0,1.1319374877316921,23333.40915167523,2077.9509886325723,physics
2025-03-19 04:40:00,18.266140545939802,0.22130111592816673,1.634195609726019,21.971470141750636,419.87967986389606,0.0,0.1,0.0,0.0,0.6737437483456309,0.0,1209.6837266781572,physics
2025-03-19 04:45:00,17.865329402096023,0.22677197453883607,1.5823522254248568,21.580872302743604,419.8864352755211,1.0,0.2,0.0,0.0,1.1319374877316921,23333.40915167523,2086.738326544827,physics
2025-03-19 04:50:00,18.3433852693274,0.21952162207962733,1.645885346924965,22.091694332920913,419.8971476229312,0.0,0.2,0.0,0.0,1.0551731051609887,0.0,1899.6565443634697,physics
2025-03-19 04:55:00,17.913700676546163,0.22505773525624947,1.590694912138735,21.689728387421308,419.9061915447716,0.0,0.1,0.0,0.0,0.6584833590394067,0.0,1159.5426661225815,physics
2025-03-19 05:00:00,17.52168496437053,0.23024530883479458,1.5414938585009246,21.323180080698826,419.91133915366373,1.0,0.2,0.0,0.0,1.1319374877316921,23333.40915167523,2048.572820869545,physics
2025-03-19 05:05:00,18.007893000989384,0.22288457198819886,1.604633588627889,21.834195929641883,419.9197023649689,0.0,0.1,0.0,0.0,0.6584833590394067,0.0,1165.6396765050413,physics
2025-03-19 05:10:00,17.61381602454375,0.2282597448703111,1.5544790652201828,21.45320564471613,419.9241085863387,1.0,0.2,0.0,0.0,1.1014167091192437,23333.40915167523,2003.5239516234674,physics
2025-03-19 05:15:00,18.099926705885746,0.22130659707894013,1.6172190634384518,21.943797629518112,419.93107425892913,0.0,0.1,0.0,0.0,0.6432229697331826,0.0,1144.514493377401,physics
2025-03-19 05:20:00,17.704908639887307,0.2266740572066414,1.566644024688593,21.560634814402473,419.93476881058433,1.0,0.2,0.0,0.0,1.0708959305067955,23333.40915167523,1957.8036986430868,physics
2025-03-19 05:25:00,18.19096819998657,0.21953984066379265,1.6301825556503733,22.0653931167855,419.94059012852495,0.0,0.1,0.0,0.0,0.6122397550811517,0.0,1094.9989645845133,physics
2025-03-19 05:30:00,17.796152561138168,0.224893232657472,1.579303711885406,21.68032292127709,419.94362121895506,1.0,0.2,0.0,0.0,1.0089295012027337,23333.40915167523,1853.9861123012968,physics
2025-03-19 05:35:00,18.28435285714403,0.2180913752454122,1.6428076819859716,22.168869203338854,419.9483614035749,0.0,0.1,0.0,0.0,0.6122397550811517,0.0,1100.620221340686,physics
2025-03-19 05:40:00,17.887510403523102,0.2236963707442359,1.5908654600395045,21.766162396392286,419.95099600371054,0.0,0.0,0.0,0.0,0.21555000895956952,0.0,379.68010185310817,physics
2025-03-19 05:45:00,17.52684437110636,0.22889072095141158,1.5447094121784657,21.402487683636906,419.9518762380305,1.0,0.1,0.0,0.0,0.6122397550811517,23333.40915167523,1170.7090284309838,physics
2025-03-19 05:50:00,18.026608379090963,0.22127077137363937,1.6098588371286382,21.933893443908953,419.95433151138394,0.0,0.0,0.0,0.0,0.21555000895956952,0.0,403.85858313013887,physics
2025-03-19 05:55:00,17.642974703994273,0.22649948054570648,1.5608920263177282,21.560846342493438,419.9551518316448,1.0,0.1,0.0,0.0,0.6584833590394067,23333.40915167523,1266.4316564658345,physics
2025-03-19 06:00:00,18.13686935531396,0.2190432623932435,1.6256878233054586,22.08654588552809,419.95761281269023,0.0,0.0,0.0,0.0,0.21555000895956952,0.0,406.1989814157787,physics
2025-03-19 06:05:00,17.751012487166495,0.22425836971773563,1.576109704456379,21.710542513395765,419.95837419257396,1.0,0.1,0.0,0.0,0.6584833590394067,23333.40915167523,1273.4248747518534,physics
2025-03-19 06:10:00,18.242542886159043,0.2169496419367307,1.6408961818725454,22.23167255896527,419.960658351032,0.0,0.0,0.0,0.0,0.21555000895956952,0.0,408.4420066355732,physics
2025-03-19 06:15:00,17.85455532166303,0.222151619047688,1.5907283015102494,21.852854402658064,419.96136502543095,1.0,0.1,0.0,0.0,0.6122397550811517,23333.40915167523,1190.4354744121729,physics
2025-03-19 06:20:00,18.347206711623173,0.21496630844009618,1.6558884052885263,22.371112082280504,419.96333618104495,0.0,0.0,0.0,0.0,0.21555000895956952,0.0,410.66359985990084,physics
2025-03-19 06:25:00,17.957108809477255,0.22015552637181768,1.6051345563391821,21.98957914206663,419.9639947549203,0.0,0.0,0.0,0.0,0.21555000895956952,0.0,402.38338601917127,physics
2025-03-19 06:30:00,17.574876454824928,0.2253775790431647,1.556456962786712,21.615762668623116,419.9646414991619,1.0,0.1,0.0,0.0,0.6432229697331826,23333.40915167523,1232.8474070738678,physics
2025-03-19 06:35:00,18.071362429630003,0.21803547512626775,1.6211005583503433,22.136938635955048,419.9665367824881,0.0,0.0,0.0,0.0,0.21555000895956952,0.0,404.88792166772845,physics
2025-03-19 06:40:00,17.690491169211864,0.2234540971176079,1.5717383953858315,21.74838345226362,300.0,1.0,0.1,0.0,0.0,0.6584833590394067,23333.40915167523,1269.9439161910573,physics
2025-03-19 06:45:00,18.18994261446723,0.21650262305853862,1.636421162429691,22.250303137066396,300.0,1.0,0.0,0.0,0.0,0.21555000895956952,23333.40915167523,427.0530452362277,physics
2025-03-19 06:50:00,18.713680610416045,0.20990648657650832,1.7052448369594597,22.749175598238647,300.0,1.0,0.0,0.0,0.0,0.21555000895956952,23333.40915167523,438.2810476234499,physics
2025-03-19 06:55:00,19.231989179863778,0.20386137366726467,1.7747722481091306,23.22605731601174,300.0,1.0,0.0,0.0,0.0,0.21555000895956952,23333.40915167523,449.3938050626368,physics
2025-03-19 07:00:00,19.74497779638558,0.1983790336949239,1.8448826559717337,23.67766111397839,300.0,1.0,0.0,0.0,0.0,0.21555000895956952,23333.40915167523,460.34600751101107,physics
2025-03-19 07:05:00,20.250554851639773,0.19329287958292357,1.9156109468182234,24.112474980212696,300.0,1.0,0.0,0.0,0.0,0.21555000895956952,23333.40915167523,471.12501433105786,physics
2025-03-19 07:10:00,20.748136826802497,0.18859212745533813,1.986805884489774,24.5294257442583,300.0,1.0,0.0,0.0,0.0,0.21555000895956952,23333.40915167523,481.8295851231745,physics
2025-03-19 07:15:00,21.242282675945535,0.1844485987448437,2.058493899087222,24.915246109087416,300.0,1.0,0.0,0.0,0.0,0.21555000895956952,23333.40915167523,492.508854469355,physics
2025-03-19 07:20:00,21.735260556308745,0.18093309519841685,2.13068072647547,25.262662102613383,300.0,1.0,0.1,1.0,0.0,0.6122397550811517,23333.40915167523,1424.0331678982125,physics
2025-03-19 07:25:00,22.14368536197965,0.17584146782733895,2.1979905784377785,25.7196126115089,306.1223975508115,0.0,0.0,0.0,0.0,0.21555000895956952,0.0,474.7038942801297,physics
2025-03-19 07:30:00,21.753345568540887,0.1834872636578735,2.126383623183254,25.078907100264235,300.0,1.0,0.1,1.0,0.0,0.6737437483456309,23333.40915167523,1501.6922222344842,physics
2025-03-19 07:35:00,22.177884697561478,0.17838404956807935,2.195776156129462,25.53448932375902,306.7374374834563,0.0,0.0,0.0,0.0,0.21555000895956952,0.0,472.5099880183351,physics
2025-03-19 07:40:00,21.81207017004727,0.18703993456841314,2.1247357134072957,24.83316519711654,300.0,1.0,0.1,1.0,0.0,0.7047269629976618,23333.40915167523,1574.63199208356,physics
2025-03-19 07:45:00,22.23269555926431,0.18136536112847232,2.195117994839928,25.323095665787505,307.0472696299766,0.0,0.0,0.0,0.0,0.21555000895956952,0.0,474.2767633252915,physics
2025-03-19 07:50:00,21.893628291456853,0.19117112747192397,2.1244848990765735,24.554914513951893,300.0,1.0,0.1,1.0,0.0,0.6432229697331826,23333.40915167523,1442.7023771336612,physics
2025-03-19 07:55:00,22.317684860699263,0.1850569505647374,2.1965440346892833,25.068684814708913,306.4322296973318,0.0,0.0,0.0,0.0,0.21555000895956952,0.0,476.5888384113542,physics
2025-03-19 08:00:00,22.000358615247723,0.19599048396975863,2.12561448529485,24.23897235536622,300.0,0.0,0.0,0.0,0.0,0.21555000895956952,0.0,470.0755656957337,physics
2025-03-19 08:05:00,21.699692036525043,0.20732854813230456,2.0575417772817994,23.426294862959644,300.0,1.0,0.1,1.0,0.0,0.6663447717123101,23333.40915167523,1481.7283670838103,physics
2025-03-19 08:10:00,22.126032149608267,0.19970127716090097,2.1320647802362154,24.007984490307898,306.6634477171231,0.0,0.0,0.0,0.0,0.21555000895956952,0.0,473.25120386869537,physics
2025-03-19 08:15:00,21.846286276688772,0.21206610946402438,2.0636326070805593,23.144951580913588,300.0,1.0,0.1,1.0,0.0,0.6894665736914376,23333.40915167523,1542.9426990950924,physics
2025-03-19 08:20:00,22.267451764034153,0.20382943573347234,2.1394005120304347,23.755641067715075,306.89466573691436,0.0,0.0,0.1,0.0,0.21555000895956952,0.0,476.3641204355705,physics
2025-03-19 08:25:00,21.989985153563197,0.21638440064347322,2.0703882244969876,22.894909383933637,300.0,0.0,0.0,0.0,0.0,0.21555000895956952,0.0,471.22087890447034,physics
2025-03-19 08:30:00,21.752562140245846,0.2303873020035265,2.0041494460591274,21.998099518582386,300.0,1.0,0.1,1.0,0.0,0.6584833590394067,23333.40915167523,1467.7133107413945,physics
2025-03-19 08:35:00,22.178407919062565,0.22056691482315105,2.083108400447752,22.66502452992964,306.58483359039406,0.0,0.0,0.0,0.0,0.21555000895956952,0.0,454.5341982395916,physics
2025-03-19 08:40:00,21.98226932359245,0.23552312187223592,2.0188721198659887,21.73226560957729,300.0,0.0,0.0,0.0,0.0,0.21555000895956952,0.0,450.5932532683187,physics
2025-03-19 08:45:00,21.800346887179604,0.2507727363716246,1.9567642168992103,20.837114849330018,300.0,1.0,0.1,1.0,0.0,0.7047269629976618,23333.40915167523,1504.5575767621074,physics
2025-03-19 08:50:00,22.243294130760482,0.23910171741648734,2.041617534233059,21.56598989391872,307.0472696299766,0.0,0.2,0.0,0.0,1.1633831384233055,0.0,2455.5635556143548,physics
2025-03-19 08:55:00,22.002082124193475,0.24993564673213692,1.9832043166349649,20.914644354760217,300.0,0.0,0.1,0.0,0.0,0.6584833590394067,0.0,1377.6896996931173,physics
2025-03-19 09:00:00,21.81807388545816,0.26366715208479635,1.925169734178678,20.14314527858073,300.0,1.0,0.2,1.0,0.0,1.1476603130774987,23333.40915167523,2448.0667903294207,physics
2025-03-19 09:05:00,22.22481125995966,0.24694683992124342,2.0182969247157416,21.116113394008146,311.476603130775,0.0,0.1,0.4,0.0,0.6737437483456309,0.0,1351.6362515987532,physics
2025-03-19 09:10:00,21.961768794671578,0.25637003319662643,1.9613656817700384,20.555498875995543,300.0,0.0,0.0,0.0,0.0,0.21555000895956952,0.0,430.4405214847985,physics
2025-03-19 09:15:00,21.87005374856509,0.27392575114909773,1.9043792869872784,19.61760852962513,300.0,0.0,0.0,0.0,0.0,0.21555000895956952,0.0,428.7319475491816,physics
2025-03-19 09:20:00,21.79118232675518,0.291638963889844,1.8489987653443527,18.725960723377874,300.0,0.0,0.0,0.0,0.0,0.21555000895956952,0.0,427.2959922436076,physics
2025-03-19 09:25:00,21.72489556313016,0.30952962283915086,1.7950192756329506,17.874809210688483,300.0,1.0,0.1,1.0,0.0,0.766230956262141,23333.40915167523,1554.5134660066888,physics
2025-03-19 09:30:00,22.186858224985095,0.2914904684708352,1.8945326567776095,18.78832729414947,307.66230956262143,0.0,0.1,0.4,0.0,0.7047269629976618,0.0,1413.5775598614605,physics
2025-03-19 09:35:00,21.958720320563526,0.29977757434270574,1.846532632890763,18.360170442179538,300.0,0.0,0.0,0.0,0.0,0.21555000895956952,0.0,431.5190240711516,physics
2025-03-19 09:40:00,21.91983973127155,0.31862664866043133,1.792571402242944,17.48846813976684,300.0,0.0,0.0,0.0,0.0,0.21555000895956952,0.0,430.8525241967823,physics
2025-03-19 09:45:00,21.8890726736501,0.33747529379109237,1.7397161395447223,16.66235082535415,300.0,0.0,0.0,0.0,0.0,0.21555000895956952,0.0,430.564654877686,physics
2025-03-19 09:50:00,21.87578401108814,0.3566134695663438,1.6880923760331243,15.86646383601801,300.0,0.0,0.0,0.0,0.0,0.21555000895956952,0.0,430.6477817825869,physics
2025-03-19 09:55:00,21.8796213265496,0.3759508749350463,1.6377390042565274,15.101672243967277,300.0,0.0,0.0,0.0,0.0,0.21555000895956952,0.0,409.78904580913326,physics
2025-03-19 10:00:00,21.9167375267392,0.3950328323668747,1.591259310674816,14.383803351720616,300.0,0.0,0.0,0.0,0.0,0.21555000895956952,0.0,410.59275178110187,physics
2025-03-19 10:05:00,21.95383831085212,0.41360937609677606,1.5458904654860794,13.713603068855852,300.0,0.0,0.0,0.0,0.0,0.21555000895956952,0.0,411.49139798698684,physics
2025-03-19 10:10:00,21.995321738923167,0.4320843818376169,1.5009761651311284,13.073096347615161,300.0,0.0,0.1,0.0,0.0,0.6894665736914376,0.0,1317.1643775743062,physics
2025-03-19 10:15:00,22.009062527170567,0.44017749273491025,1.480826069161573,12.799582416665986,300.0,0.0,0.1,0.1,0.0,0.6894665736914376,0.0,1315.6526575305386,physics
2025-03-19 10:20:00,21.98724567475274,0.4465765380063647,1.461954183613152,12.583316378495045,300.0,0.0,0.0,0.2,0.0,0.21555000895956952,0.0,389.3168594510334,physics
2025-03-19 10:25:00,21.971697682714083,0.46169098291877797,1.4206798783706087,12.086568092314648,300.0,0.0,0.0,0.2,0.0,0.21555000895956952,0.0,389.4441217265084,physics
2025-03-19 10:30:00,21.977572381139616,0.4770271692362084,1.380699716872304,11.598904898893661,300.0,0.0,0.0,0.3,0.0,0.21555000895956952,0.0,388.727288822281,physics
2025-03-19 10:35:00,21.94448184336542,0.49102251223488635,1.3410424079970193,11.16249773061256,300.0,0.0,0.0,0.2,0.0,0.21555000895956952,0.0,389.2602107645788,physics
2025-03-19 10:40:00,21.969082658364712,0.5062340637688917,1.3029161427344962,10.705449313837109,300.0,0.0,0.0,0.3,0.0,0.21555000895956952,0.0,388.9583239078354,physics
2025-03-19 10:45:00,21.955146916328193,0.5201350545510233,1.2651597814812028,10.295279893280238,300.0,0.0,0.0,0.3,0.0,0.21555000895956952,0.0,388.67363853494993,physics
2025-03-19 10:50:00,21.942005231523165,0.5336934359494216,1.2284284961039023,9.904483028627805,300.0,0.0,0.0,0.3,0.0,0.21555000895956952,0.0,388.6725566873489,physics
2025-03-19 10:55:00,21.94195529112744,0.5473195820958078,1.1925284232766316,9.521423576246791,300.0,0.0,0.1,0.1,0.0,0.766230956262141,0.0,1385.726757929986,physics
2025-03-19 11:00:00,21.994999858547704,0.5454296266638169,1.2013860649659291,9.57789594963606,300.0,0.0,0.2,0.2,0.0,1.471365540785284,0.0,2657.883745789922,physics
2025-03-19 11:05:00,21.974190439179225,0.5208031853536825,1.2648659290300446,10.277342558001616,300.0,0.0,0.3,0.2,0.0,1.8911770888859933,0.0,3411.264702890031,physics
2025-03-19 11:10:00,21.94804546149574,0.48633572615356147,1.353685157521153,11.306753915606203,300.0,0.0,0.2,0.0,0.0,1.4408447621728357,0.0,2556.1620085600207,physics
2025-03-19 11:15:00,21.652455360987314,0.45967092970743767,1.3984929870306826,12.122721593336301,300.0,0.0,0.1,0.0,0.0,0.8281973855662027,0.0,1483.0131660296381,physics
2025-03-19 11:20:00,21.817431167878404,0.46431594902970935,1.4005110190731005,11.98806134512727,300.0,0.0,0.1,0.0,0.0,0.6584833590394067,0.0,1190.3208196894864,physics
2025-03-19 11:25:00,21.986769282817946,0.47312941561388283,1.391770210123704,11.722472498822956,300.0,0.0,0.2,0.3,0.0,1.3021139502980705,0.0,2347.6275944358113,physics
2025-03-19 11:30:00,21.939657697586934,0.45877604831238894,1.4255852513788685,12.178024898898467,300.0,0.0,0.1,0.3,0.0,0.8355963621995235,0.0,1423.4009130141567,physics
2025-03-19 11:35:00,21.949802326853696,0.4580187501715006,1.4284633128740627,12.203562122841738,300.0,0.0,0.0,0.3,0.0,0.21555000895956952,0.0,367.0785708420787,physics
2025-03-19 11:40:00,21.94513078698645,0.471668249461802,1.392091666580223,11.765028636239045,300.0,0.0,0.1,0.4,0.0,0.7819537816079476,0.0,1329.2823159809432,physics
2025-03-19 11:45:00,21.914925181453633,0.47061621149802385,1.3922966746560053,11.795709719162977,300.0,0.0,0.0,0.3,0.0,0.21555000895956952,0.0,378.207206130288,physics
2025-03-19 11:50:00,21.958852358928898,0.48590241870891865,1.355720079299781,11.321047759356388,300.0,0.0,0.1,0.4,0.0,0.7278487649767893,0.0,1238.0981171704173,physics
2025-03-19 11:55:00,21.925747275046582,0.4854551735699127,1.3541631806327,11.332029318026963,300.0,0.0,0.1,0.3,0.0,0.7509705669559168,0.0,1279.2967208023576,physics
2025-03-19 12:00:00,21.950492023405513,0.4858244638704329,1.3552346646778834,11.322740195345116,300.0,0.0,0.2,0.3,0.0,1.316911903564712,0.0,2241.5260992745343,physics
2025-03-19 12:05:00,21.936396596435397,0.47035928557909645,1.3947975818007172,11.805777882283559,300.0,0.0,0.3,0.2,0.0,1.7288620389925182,0.0,2946.461872520647,physics
2025-03-19 12:10:00,21.957991974524386,0.4471117012809258,1.4579380975159366,12.562761375758468,300.0,0.0,0.2,0.3,0.0,1.1781810916899471,0.0,2007.4612141618543,physics
2025-03-19 12:15:00,21.953877965161134,0.4386424492515124,1.4798998281909412,12.84603933939253,300.0,0.0,0.1,0.4,0.0,0.8897013788306818,0.0,1512.853256168826,physics
2025-03-19 12:20:00,21.919459257576754,0.4365063774512788,1.482416523838977,12.915000417196193,300.0,0.0,0.0,0.4,0.0,0.21555000895956952,0.0,366.7727086492906,physics
2025-03-19 12:25:00,21.931011534948123,0.45081136952219847,1.4458017469784814,12.437795810259804,300.0,0.0,0.0,0.4,0.0,0.21555000895956952,0.0,366.80832876163845,physics
2025-03-19 12:30:00,21.93265583540673,0.4645743884088195,1.409710376362382,11.990178548734885,300.0,0.0,0.1,0.3,0.0,0.8975627915035852,0.0,1514.4226315263948,physics
2025-03-19 12:35:00,21.958665983459586,0.4618860375530122,1.4190372425238098,12.079084163202193,300.0,0.0,0.1,0.4,0.0,0.7819537816079476,0.0,1330.4950119634207,physics
2025-03-19 12:40:00,21.93035656240623,0.46043985727336434,1.4203969200692579,12.12324323139879,300.0,0.0,0.2,0.3,0.0,1.224424695648202,0.0,2085.1490055395257,physics
2025-03-19 12:45:00,21.94489777333104,0.450090415255457,1.4489261206720172,12.462884185550347,300.0,0.0,0.1,0.4,0.0,0.8050755835870751,0.0,1370.4392574124918,physics
2025-03-19 12:50:00,21.93780285297566,0.449911510245032,1.4487705941447953,12.468126262570115,300.0,0.0,0.2,0.4,0.0,1.240147520994009,0.0,1984.9822189204863,physics
2025-03-19 12:55:00,21.926384982892394,0.4394140190933935,1.475390245842082,12.817346352318495,300.0,0.0,0.2,0.3,0.0,1.471365540785284,0.0,2358.081332118522,physics
2025-03-19 13:00:00,21.946748235963593,0.42643852811514044,1.5114156863087522,13.26267741185709,300.0,0.0,0.1,0.4,0.0,0.8281973855662027,0.0,1409.712387253048,physics
2025-03-19 13:05:00,21.93677035493342,0.42809473811601406,1.5061346973624055,13.20443925424251,300.0,0.0,0.0,0.5,0.0,0.21555000895956952,0.0,366.0334635405828,physics
2025-03-19 13:10:00,21.89688640195014,0.4413092864219846,1.4677590516923718,12.75073124161323,300.0,0.0,0.0,0.4,0.0,0.21555000895956952,0.0,366.9128159205929,physics
2025-03-19 13:15:00,21.937479185813654,0.4566531941584232,1.4309867466813102,12.246886118188527,300.0,0.0,0.1,0.5,0.0,0.7972141709141718,0.0,1273.2670503424558,physics
2025-03-19 13:20:00,21.891995333545715,0.45510858891367595,1.4310793164760418,12.293100687932778,300.0,0.0,0.2,0.2,0.0,1.3631555075229673,0.0,2322.728121944095,physics
2025-03-19 13:25:00,21.954575232877094,0.4442077729680855,1.4652903282181262,12.659165633249945,300.0,0.0,0.1,0.5,0.0,0.7819537816079476,0.0,1328.2626269452771,physics
2025-03-19 13:30:00,21.901949785979486,0.4444413570215099,1.4599815077606877,12.64635426170736,300.0,0.0,0.2,0.4,0.0,1.378878332868774,0.0,2205.3868694354674,physics
2025-03-19 13:35:00,21.914491823891876,0.4321850553921031,1.4933324021724768,13.061707940038954,300.0,0.0,0.2,0.1,0.0,1.5638527487017941,0.0,2513.180688090145,physics
2025-03-19 13:40:00,21.990490816083092,0.420872918439669,1.5301569392631806,13.460922692629211,300.0,0.0,0.1,0.6,0.0,0.8355963621995235,0.0,1334.5659898849208,physics
2025-03-19 13:45:00,21.8919595413146,0.4191652223096704,1.5254760946831003,13.51085818461717,300.0,0.0,0.1,0.4,0.0,0.7047269629976618,0.0,1128.0317643777828,physics
2025-03-19 13:50:00,21.927014645121066,0.42409502688556155,1.5157660674992173,13.342037551190883,300.0,0.0,0.0,0.4,0.0,0.21555000895956952,0.0,345.3546004824175,physics
2025-03-19 13:55:00,21.942305920057773,0.4378893931674251,1.480839862202218,12.870374164533251,300.0,0.0,0.0,0.5,0.0,0.21555000895956952,0.0,344.85352163833505,physics
2025-03-19 14:00:00,21.919175050478298,0.45022960406634355,1.4462889383543833,12.455876307764429,300.0,0.0,0.0,0.4,0.0,0.21555000895956952,0.0,345.3025182780139,physics
2025-03-19 14:05:00,21.939901694272354,0.46361657863658645,1.4128563031735897,12.0216164347183,300.0,0.0,0.1,0.4,0.0,0.812474560220396,0.0,1300.2639927139992,physics
2025-03-19 14:10:00,21.924129578591465,0.4614240023817902,1.4172678474258615,12.090857810566844,300.0,0.0,0.0,0.4,0.0,0.21555000895956952,0.0,345.25525510938877,physics
2025-03-19 14:15:00,21.937719925470315,0.4742714566270159,1.384606689219043,11.682089690114637,300.0,0.0,0.0,0.4,0.0,0.21555000895956952,0.0,345.39129573623717,physics
2025-03-19 14:20:00,21.943999851342866,0.48668951653251363,1.3524191394607574,11.295499829811792,300.0,0.0,0.1,0.4,0.0,0.7819537816079476,0.0,1251.260583816804,physics
2025-03-19 14:25:00,21.922109926020152,0.48334372017602495,1.359418452496488,11.397062670065713,300.0,0.0,0.2,0.3,0.0,1.1014167091192437,0.0,1655.4837546760468,physics
2025-03-19 14:30:00,21.955715701896587,0.4730376006799934,1.3893799931896018,11.722630063315178,300.0,0.0,0.1,0.4,0.0,0.8434577748724268,0.0,1267.2873601168403,physics
2025-03-19 14:35:00,21.950155010049873,0.4683351843693321,1.4013031187183156,11.871419652761109,300.0,0.0,0.2,0.2,0.0,1.270668299606457,0.0,2037.6214269920458,physics
2025-03-19 14:40:00,21.956044607276333,0.45422807091751305,1.4390017322908828,12.32785061409572,300.0,0.0,0.1,0.3,0.0,0.7740923689350443,0.0,1241.8587953509498,physics
2025-03-19 14:45:00,21.96295794885582,0.4537746409184986,1.4408044275873515,12.343352345703801,300.0,0.0,0.0,0.4,0.0,0.21555000895956952,0.0,323.767387528083,physics
2025-03-19 14:50:00,21.945794067027006,0.4648607320090013,1.4100856975707405,11.98217344940421,300.0,0.0,0.0,0.0,0.0,0.21555000895956952,0.0,324.0508858551803,physics
2025-03-19 14:55:00,21.958880955263318,0.4764828482710802,1.3805627136017367,11.61435727496513,300.0,0.0,0.0,0.4,0.0,0.21555000895956952,0.0,334.5796462504802,physics
2025-03-19 15:00:00,21.944911021017155,0.4876973560638841,1.3498387783901127,11.264539383150419,300.0,0.0,0.1,0.3,0.0,0.8818399661577785,0.0,1325.778092272871,physics
2025-03-19 15:05:00,21.959428376939915,0.48151517704328145,1.3673376362970147,11.45707997794007,300.0,0.0,0.2,0.1,0.0,1.4408447621728357,0.0,2315.8787441834565,physics
2025-03-19 15:10:00,21.99309668802548,0.4623570819034455,1.420774040638375,12.067016218766497,300.0,0.0,0.3,0.2,0.0,1.7288620389925182,0.0,2600.9984602496183,physics
2025-03-19 15:15:00,21.969720608307053,0.4365021295183296,1.4869778828048446,12.920028517453252,300.0,0.0,0.2,0.2,0.0,1.378878332868774,0.0,2074.534535344833,physics
2025-03-19 15:20:00,21.97023645088531,0.42315093534410503,1.522257351413834,13.379257911360822,300.0,0.0,0.3,0.0,0.0,2.0299079007607586,0.0,3059.7314246959436,physics
2025-03-19 15:25:00,21.998261148466224,0.39765822841880666,1.592248225924848,14.295613220337508,300.0,0.0,0.3,0.0,0.0,1.6372997031551733,0.0,2633.982230452651,physics
2025-03-19 15:30:00,22.007318856748295,0.38364903752873863,1.6301802331821396,14.820827547316389,300.0,0.0,0.2,0.1,0.0,1.5638527487017941,0.0,2356.702930685907,physics
2025-03-19 15:35:00,21.99487750640291,0.3718322376145325,1.6601749969731783,15.274881919408507,300.0,0.0,0.2,0.0,0.0,1.3946011582145807,0.0,2103.678071596355,physics
2025-03-19 15:40:00,22.009395332917034,0.3662315618684606,1.6764596787737593,15.496892601406952,300.0,0.0,0.1,0.2,0.0,0.7740923689350443,0.0,1164.543309428828,physics
2025-03-19 15:45:00,21.969138156146293,0.3687061010004302,1.6658212613778471,15.394532857817282,300.0,0.0,0.1,0.0,0.0,0.766230956262141,0.0,1155.0039960643637,physics
2025-03-19 15:50:00,21.998842034953608,0.3735480484875181,1.6560404267985707,15.208419302870666,300.0,0.0,0.1,0.1,0.0,0.7972141709141718,0.0,1200.6070494768842,physics
2025-03-19 15:55:00,21.985105930901923,0.3765822593205448,1.6466401758144111,15.0891939242549,300.0,0.0,0.0,0.1,0.0,0.21555000895956952,0.0,324.7614713594811,physics
2025-03-19 16:00:00,21.99168309971455,0.38965726183127525,1.6127514670074516,14.59225037571537,300.0,0.0,0.0,0.1,0.0,0.21555000895956952,0.0,324.5152450790345,physics
2025-03-19 16:05:00,21.980316768752246,0.4019109070277085,1.579278223181326,14.13779618694808,300.0,0.0,0.0,0.0,0.0,0.21555000895956952,0.0,324.6090073460829,physics
2025-03-19 16:10:00,21.984645035244007,0.4144443664191133,1.5465911219293635,13.687095509802978,300.0,0.0,0.0,0.0,0.0,0.21555000895956952,0.0,324.4785883544516,physics
2025-03-19 16:15:00,21.978624616059008,0.4264982818345892,1.5141980736296339,13.263786368689122,300.0,0.0,0.0,0.0,0.0,0.21555000895956952,0.0,324.12850827286644,physics
2025-03-19 16:20:00,21.962464171839205,0.4380239619547965,1.4823061132133935,12.867774206301231,300.0,0.0,0.0,0.0,0.0,0.21555000895956952,0.0,323.5949519483152,physics
2025-03-19 16:25:00,21.937834072400264,0.44908438601460765,1.450951757251511,12.495469521933188,300.0,0.0,0.0,0.0,0.0,0.21555000895956952,0.0,322.96100836008804,physics
2025-03-19 16:30:00,21.90856988247646,0.4597800285601559,1.4202455736155122,12.14261598712578,300.0,0.0,0.0,0.0,0.0,0.21555000895956952,0.0,321.97465506976727,physics
2025-03-19 16:35:00,21.86303770807489,0.46989769187189356,1.3897804691157636,11.813908627221288,300.0,0.0,0.0,0.0,0.0,0.21555000895956952,0.0,320.78589890042053,physics
2025-03-19 16:40:00,21.808162184512707,0.47948492388058933,1.3600830303064209,11.507235877865055,300.0,0.0,0.0,0.0,0.0,0.21555000895956952,0.0,319.43057672157397,physics
2025-03-19 16:45:00,21.74559761822279,0.4886654296654939,1.3310008278457173,11.217884254998236,300.0,0.0,0.0,0.0,0.0,0.21555000895956952,0.0,317.7850237313115,physics
2025-03-19 16:50:00,21.669635377842077,0.4972213869132384,1.302670869334145,10.951181332607472,300.0,1.0,0.1,1.0,0.0,0.904961768136906,23333.40915167523,1385.733367456071,physics
2025-03-19 16:55:00,22.23643561690757,0.45396714687217776,1.4644864142374454,12.36246201820036,309.04961768136906,0.0,0.0,0.9,0.0,0.21555000895956952,0.0,323.8323573571463,physics
2025-03-19 17:00:00,21.94879321309037,0.45722142846061614,1.4304767412373331,12.229414810958326,300.0,0.0,0.0,0.0,0.0,0.21555000895956952,0.0,321.3200336721447,physics
2025-03-19 17:05:00,21.83281898630852,0.4653673718571783,1.3990754616136378,11.955734831040518,300.0,0.0,0.0,0.0,0.0,0.21555000895956952,0.0,318.60431944438324,physics
2025-03-19 17:10:00,21.70745581769878,0.4729948493289098,1.3685992027768625,11.702045427882677,300.0,1.0,0.1,1.0,0.0,0.7972141709141718,23333.40915167523,1224.19774630283,physics
2025-03-19 17:15:00,22.279547889305064,0.43485416899397983,1.519728531329263,13.006284955677005,307.97214170914174,0.0,0.2,0.4,0.0,1.5943735273142425,0.0,2399.9262775447987,physics
2025-03-19 17:20:00,21.977584015950992,0.40634280309314114,1.567314508181803,13.97658450394669,300.0,0.0,0.1,0.0,0.0,0.7972141709141718,0.0,1183.7264949670289,physics
2025-03-19 17:25:00,21.774415099448984,0.4001936912520871,1.5640420053321775,14.178641087644383,300.0,1.0,0.2,1.0,0.0,1.224424695648202,23333.40915167523,1885.2577590223946,physics
2025-03-19 17:30:00,22.32048784913951,0.3604925469917099,1.7239802141262444,15.76239553234998,312.244246956482,0.0,0.2,0.8,0.0,1.2558703463398155,0.0,1889.610355002544,physics
2025-03-19 17:35:00,21.971364790482063,0.3444740633931724,1.729998158716938,16.377441186143173,300.0,0.0,0.1,0.0,0.0,0.7819537816079476,0.0,1157.6065599289507,physics
2025-03-19 17:40:00,21.730376019715916,0.3407847374068727,1.714338949853254,16.502620518804335,300.0,1.0,0.2,1.0,0.0,1.316911903564712,23333.40915167523,2021.2725485118872,physics
2025-03-19 17:45:00,22.27221722832694,0.3078463541921816,1.8604344339199288,18.02547197927151,313.1691190356471,0.0,0.1,0.0,0.0,0.7819537816079476,0.0,1178.8199089874074,physics
2025-03-19 17:50:00,22.00031281783473,0.3052836321946073,1.8366636503683282,18.107763194411973,300.0,0.0,0.0,0.0,0.0,0.21555000895956952,0.0,340.84506537492143,physics
2025-03-19 17:55:00,21.734136148638722,0.3101886539574243,1.7943183910031413,17.845853236094456,300.0,1.0,0.1,1.0,0.0,0.9359449827889369,23333.40915167523,1530.8411703350437,physics
2025-03-19 18:00:00,22.274728462890813,0.2862211303405065,1.9188537617676142,19.058383326805913,309.35944982788936,0.0,0.0,0.0,0.0,0.21555000895956952,0.0,346.36812860570967,physics
2025-03-19 18:05:00,21.989092542785645,0.2906479934085641,1.8740746593184072,18.801589731137167,300.0,0.0,0.0,0.0,0.0,0.21555000895956952,0.0,340.0511771152779,physics
2025-03-19 18:10:00,21.697488571094077,0.29467605285673837,1.8305669301686436,18.566858887230804,300.0,1.0,0.1,1.0,0.0,0.766230956262141,23333.40915167523,1251.2947862024234,physics
2025-03-19 18:15:00,22.24927091279547,0.27474310224574355,1.9466934001762422,19.631039326208896,307.66230956262143,0.0,0.0,0.0,0.0,0.21555000895956952,0.0,345.3037959187874,physics
2025-03-19 18:20:00,21.939960672899073,0.2783669098255452,1.900818493211436,19.402255318821524,300.0,0.0,0.0,0.0,0.0,0.21555000895956952,0.0,338.64311266551243,physics
2025-03-19 18:25:00,21.63248930893871,0.2818282955126558,1.8565227999287313,19.184769587187724,300.0,0.0,0.1,0.0,0.0,0.6737437483456309,0.0,1035.9637511967953,physics
2025-03-19 18:30:00,21.299729388428734,0.27995392345886516,1.8238441988796525,19.230650058924187,300.0,0.0,0.2,0.0,0.0,1.1319374877316921,0.0,1717.7239205017581,physics
2025-03-19 18:35:00,20.939579693001047,0.27332989496348126,1.8003896370318127,19.51258088207294,300.0,0.0,0.2,0.0,0.0,1.1939039170357537,0.0,1867.1564188820282,physics
2025-03-19 18:40:00,20.561278063962224,0.2661307561010883,1.7763847108576498,19.827225989021333,300.0,0.0,0.2,0.0,0.0,1.1014167091192437,0.0,1681.856428081873,physics
2025-03-19 18:45:00,20.19396763559417,0.2607795499735309,1.749229433298613,20.05272098114476,311.01416709119246,0.0,0.2,0.0,0.0,1.1014167091192437,0.0,1642.1576705303985,physics
2025-03-19 18:50:00,19.835327250279995,0.2558243937545466,1.7222966333682526,20.262025196661806,321.01740187644566,0.0,0.2,0.0,0.0,1.1476603130774987,0.0,1670.408086061811,physics
2025-03-19 18:55:00,19.482487362610545,0.2512176066620249,1.6954207921040472,20.456554536986907,330.4839351724209,0.0,0.2,0.0,0.0,1.1014167091192437,0.0,1565.261180045974,physics
2025-03-19 19:00:00,19.140640850059963,0.2475133163664953,1.6679438191161005,20.60607305525795,338.700142633729,0.0,0.2,0.0,0.0,1.1939039170357537,0.0,1656.039293091861,physics
2025-03-19 19:05:00,18.801783109355075,0.24404617504599227,1.6405709733079359,20.74467192600487,346.78882748073227,0.0,0.2,0.0,0.0,1.1014167091192437,0.0,1491.6909489084883,physics
2025-03-19 19:10:00,18.47600402840153,0.24202351156600896,1.611773931221303,20.806240099194767,353.5084948729767,0.0,0.2,0.0,0.0,1.0708959305067955,0.0,1416.293056812473,physics
2025-03-19 19:15:00,18.15951235366129,0.24052747768182353,1.5832147029547499,20.84018839153686,359.44228506079344,0.0,0.1,0.0,0.0,0.6432229697331826,0.0,895.349874684957,physics
2025-03-19 19:20:00,17.850491036817758,0.24126855514644602,1.5512365592776354,20.750613601584682,362.6882944977478,0.0,0.0,0.0,0.0,0.21555000895956952,0.0,293.9903725528383,physics
2025-03-19 19:25:00,17.571223462036148,0.2443409108227823,1.5180038774487974,20.537623875830967,363.71775605062265,1.0,0.1,0.0,0.0,0.6122397550811517,23333.40915167523,872.4071621065046,physics
2025-03-19 19:30:00,18.17854395704196,0.23212484927309834,1.6026450676198916,21.319902841996914,366.5892749882047,0.0,0.0,0.0,0.0,0.21555000895956952,0.0,300.953620280113,physics
2025-03-19 19:35:00,17.892661848292747,0.23529523157141588,1.5676042093884908,21.092929693773268,367.54866517610714,0.0,0.0,0.0,0.0,0.21555000895956952,0.0,294.8854897399064,physics
2025-03-19 19:40:00,17.612543983061805,0.23844617683537184,1.5338379760776912,20.870887197577154,368.49082231704307,1.0,0.1,0.0,0.0,0.6506219463665034,23333.40915167523,929.6101201622866,physics
2025-03-19 19:45:00,18.216938106023775,0.22637632055224102,1.618539339144517,21.66117299301935,371.28357243702834,0.0,0.0,0.0,0.0,0.21555000895956952,0.0,301.7685740700551,physics
2025-03-19 19:50:00,17.93028185570489,0.22947872964834767,1.5832708589961229,21.43323825157091,372.1586413035014,0.0,0.0,0.0,0.0,0.21555000895956952,0.0,295.6840116092854,physics
2025-03-19 19:55:00,17.649405457927678,0.23248994381739732,1.5494316127889878,21.214400896356786,373.0179917448071,1.0,0.1,0.0,0.0,0.6584833590394067,23333.40915167523,943.2010353003939,physics
2025-03-19 20:00:00,18.252577228455795,0.22070339881734632,1.6340587279209235,22.00524151182921,375.59606429566514,0.0,0.1,0.0,0.0,0.6122397550811517,0.0,857.9288983547027,physics
2025-03-19 20:05:00,17.943240181530875,0.2222288612592153,1.5994712012676122,21.8627766678792,377.86155218902024,0.0,0.0,0.0,0.0,0.21555000895956952,0.0,295.9590648927477,physics
2025-03-19 20:10:00,17.662102504914014,0.22524401117214307,1.5653120272830456,21.63780809442354,378.6184640892868,1.0,0.1,0.0,0.0,0.6584833590394067,23333.40915167523,1008.7522831994072,physics
2025-03-19 20:15:00,18.24311284932138,0.2137766497883289,1.6476041746980288,22.42730851741357,380.88921848667815,0.0,0.1,0.0,0.0,0.6432229697331826,0.0,963.8692942641875,physics
2025-03-19 20:20:00,17.910442720023184,0.21510171203646836,1.610801046791344,22.28973473002724,382.98563123947685,0.0,0.0,0.0,0.0,0.21555000895956952,0.0,316.488895486446,physics
2025-03-19 20:25:00,17.609803329963142,0.21825045738647186,1.5742418537307101,22.047407018177516,383.6505018659738,1.0,0.1,0.0,0.0,0.6122397550811517,23333.40915167523,934.9241137891106,physics
2025-03-19 20:30:00,18.194582552314156,0.2075897226944551,1.6555189159049144,22.807824310088247,385.50505251888205,0.0,0.0,0.0,0.0,0.21555000895956952,0.0,322.52004448544324,physics
2025-03-19 20:35:00,17.88821404827167,0.21068040297026927,1.6176104816576642,22.560601599342178,386.12466803876663,0.0,0.0,0.0,0.0,0.21555000895956952,0.0,316.0170699408959,physics
2025-03-19 20:40:00,17.58802285511917,0.21375669617604226,1.5811175830433597,22.31872323880586,386.73315371441265,1.0,0.1,0.0,0.0,0.6122397550811517,23333.40915167523,933.6130457282951,physics
2025-03-19 20:45:00,18.173274799537275,0.20348291688718678,1.661874220448822,23.067847408728554,388.4304275329302,0.0,0.0,0.0,0.0,0.21555000895956952,0.0,322.0677663560623,physics
2025-03-19 20:50:00,17.8673359239048,0.20656785219519008,1.623903493336507,22.817064068631943,388.99749600194076,0.0,0.0,0.0,0.0,0.21555000895956952,0.0,315.573911099487,physics
2025-03-19 20:55:00,17.567565696560838,0.20963981440683324,1.5873467543410884,22.571658632353063,389.5543785031533,1.0,0.1,0.0,0.0,0.6584833590394067,23333.40915167523,1002.6329745884242,physics
2025-03-19 21:00:00,18.150644843775762,0.1995776156148715,1.6676508611990035,23.31903826380688,391.2250397624272,0.0,0.0,0.0,0.0,0.21555000895956952,0.0,321.58742316046755,physics
2025-03-19 21:05:00,17.84516225614392,0.20259056744457687,1.6297674348129592,23.069077472682203,391.74191000717883,0.0,0.0,0.0,0.0,0.21555000895956952,0.0,315.1032530680457,physics
2025-03-19 21:10:00,17.545839116661543,0.2056245028560458,1.5932255499483046,22.822314038191656,392.24949596977325,1.0,0.1,0.0,0.0,0.7125883756705651,23333.40915167523,1083.274590832385,physics
2025-03-19 21:15:00,18.12633663148138,0.1957740620656308,1.6730192675511981,23.567496895172837,393.89738651901814,0.0,0.0,0.0,0.0,0.21555000895956952,0.0,321.07145730990516,physics
2025-03-19 21:20:00,17.821344170551665,0.1988484588826143,1.6349621878916882,23.309698644913677,394.3662547331593,0.0,0.0,0.0,0.0,0.21555000895956952,0.0,314.59769064154773,physics
2025-03-19 21:25:00,17.522501275342336,0.20198049360505976,1.5981786898068049,23.052938009460135,394.82670090165385,1.0,0.1,0.0,0.0,0.6584833590394067,23333.40915167523,999.7159827244601,physics
2025-03-19 21:30:00,18.106566592946994,0.1930097067364763,1.6766863534738075,23.750390963586497,396.2080507806857,0.0,0.0,0.0,0.0,0.21555000895956952,0.0,320.65181868636046,physics
2025-03-19 21:35:00,17.801972755481252,0.19628074016738015,1.6382028592615718,23.476599557379277,396.63541368630143,1.0,0.1,0.0,0.0,0.6737437483456309,23333.40915167523,1041.3342966572418,physics
2025-03-19 21:40:00,18.37904480088227,0.1880579473360404,1.7160688446653323,24.139240110611148,397.9472256830961,0.0,0.2,0.0,0.0,1.224424695648202,0.0,1846.8892546417187,physics
2025-03-19 21:45:00,18.00868740575684,0.19043934849584843,1.6717118827400028,23.90834561438311,400.1973891398606,0.0,0.1,0.0,0.0,0.6816051610185342,0.0,1005.5237146033556,physics
2025-03-19 21:50:00,17.678895734342294,0.19339204855545647,1.6313915953648843,23.648765772135498,401.32218595352,1.0,0.2,0.0,0.0,1.0708959305067955,23333.40915167523,1639.777593952415,physics
2025-03-19 21:55:00,18.236022941070566,0.18556422899546107,1.7059667092000934,24.287840303087876,402.9890188746148,0.0,0.1,0.0,0.0,0.7278487649767893,0.0,1089.8073414507742,physics
2025-03-19 22:00:00,17.898499064066698,0.18880329485491978,1.6635211314748233,24.001272286684245,404.0208040082111,0.0,0.0,0.0,0.0,0.21555000895956952,0.0,316.23537957463054,physics
2025-03-19 22:05:00,17.59810049404864,0.19226852871785552,1.6253626367887368,23.710491314331957,404.3078303281442,1.0,0.1,0.0,0.0,0.6275001443873759,23333.40915167523,1019.1422908096929,physics
2025-03-19 22:10:00,18.16050514448813,0.18472736096183334,1.6996429268973552,24.33310507892147,405.1284002227142,0.0,0.0,0.0,0.0,0.21555000895956952,0.0,343.02270695246824,physics
2025-03-19 22:15:00,17.83466073457154,0.18832898570070708,1.6578192947821497,24.022619394337724,405.3955313448173,1.0,0.1,0.0,0.0,0.6584833590394067,23333.40915167523,1084.6512456946991,physics
2025-03-19 22:20:00,18.390011319570934,0.18141189477539743,1.7313052764282775,24.610987912365957,406.1969313095715,0.0,0.2,0.0,0.0,1.0551731051609887,0.0,1697.3634805281456,physics
2025-03-19 22:25:00,18.006083531099645,0.18512337308744212,1.6824137231806473,24.27720750778525,407.4106502138073,0.0,0.1,0.0,0.0,0.6584833590394067,0.0,1036.063798706411,physics
2025-03-19 22:30:00,17.65581329113734,0.18883564729862226,1.6382215868765888,23.955556781507276,408.1014733250851,1.0,0.2,0.0,0.0,1.0089295012027337,23333.40915167523,1642.0059574306154,physics
2025-03-19 22:35:00,18.19376548723298,0.18225412286989345,1.7083629106732965,24.51475360062287,409.1018712070159,0.0,0.1,0.0,0.0,0.7047269629976618,0.0,1121.619584709109,physics
2025-03-19 22:40:00,17.83647918085916,0.18619940761639708,1.662359206484341,24.171074960335737,409.741888307569,1.0,0.2,0.0,0.0,1.0089295012027337,23333.40915167523,1659.8991876394252,physics
2025-03-19 22:45:00,18.370231822509833,0.18008633397237103,1.731959986854855,24.702869724279928,410.6043642669962,0.0,0.1,0.0,0.0,0.6122397550811517,0.0,1045.595025571826,physics
2025-03-19 22:50:00,17.993229394791108,0.18384301424430471,1.6836958740021857,24.365228459699736,411.08372941033,0.0,0.0,0.0,0.0,0.21555000895956952,0.0,360.6981028593417,physics
2025-03-19 22:55:00,17.65059475836011,0.18769126929632876,1.639993109661771,24.03374284974941,411.2438879274541,1.0,0.1,0.0,0.0,0.6432229697331826,23333.40915167523,1111.1691082203886,physics
2025-03-19 23:00:00,18.18907681671433,0.18098340317286488,1.710514013523077,24.6049460236492,411.71323229500575,0.0,0.0,0.0,0.0,0.21555000895956952,0.0,364.8551581133155,physics
2025-03-19 23:05:00,17.842493306961632,0.18482231005080804,1.6658027888023323,24.26875518311477,411.8620833660939,1.0,0.1,0.0,0.0,0.6663447717123101,23333.40915167523,1163.5812998246397,physics
2025-03-19 23:10:00,18.37527459184206,0.17830501482192787,1.7362716024926763,24.833132176109878,412.3139715495634,0.0,0.2,0.0,0.0,1.0551731051609887,0.0,1799.3981810815098,physics
2025-03-19 23:15:00,17.968267505754095,0.18225503502230425,1.6843258448367702,24.4735069169824,412.989812425097,0.0,0.1,0.0,0.0,0.6894665736914376,0.0,1149.8836335846215,physics
2025-03-19 23:20:00,17.594899058866368,0.18618562696085883,1.6372723523596673,24.128449203030772,413.39258659244723,1.0,0.2,0.0,0.0,1.0089295012027337,23333.40915167523,1735.0134302505555,physics
2025-03-19 23:25:00,18.111022331881152,0.17969185743878055,1.7048340306004404,24.683710661399413,413.9481211185741,0.0,0.1,0.0,0.0,0.6584833590394067,0.0,1107.5857977670487,physics
2025-03-19 23:30:00,17.736572086976263,0.18382091310189716,1.6567603994105944,24.32015725731612,414.2802095797692,1.0,0.2,0.0,0.0,1.0551731051609887,23333.40915167523,1828.8922641053423,physics
2025-03-19 23:35:00,18.246395768773965,0.17779535084849496,1.7233613377607857,24.846499648488912,414.7831569979846,0.0,0.1,0.0,0.0,0.6432229697331826,0.0,1090.5430854295023,physics
2025-03-19 23:40:00,17.870005410253373,0.18209429185437098,1.6742743744108801,24.46703192795041,415.0627897686836,0.0,0.0,0.0,0.0,0.21555000895956952,0.0,358.082551899784,physics
2025-03-19 23:45:00,17.52985534012586,0.1860539815954899,1.6308311145037588,24.12590601739637,415.15147441114993,1.0,0.1,0.0,0.0,0.7278487649767893,23333.40915167523,1248.323688924099,physics
2025-03-19 23:50:00,18.065538654134716,0.17992709857591993,1.6994814437986236,24.658353860500977,415.44555719130017,0.0,0.0,0.0,0.0,0.21555000895956952,0.0,362.23293841404785,physics
2025-03-19 23:55:00,17.721446045460173,0.18387822415306956,1.6550659316230452,24.31336132209265,415.52736637365194,1.0,0.1,0.0,0.0,0.6584833590394067,23333.40915167523,1142.0523054886937,physics
2025-03-20 00:00:00,18.25739060255546,0.17799353701036774,1.7241350580487471,24.834063003861093,415.7727959414878,0.0,0.0,0.0,0.0,0.21555000895956952,0.0,366.305185790785,physics
2025-03-20 00:05:00,17.90942968132722,0.18199396998463474,1.6786391393884807,24.481389445394193,415.848727097545,0.0,0.0,0.0,0.0,0.21555000895956952,0.0,358.9193710500809,physics
2025-03-20 00:10:00,17.56848469926907,0.18601183386015052,1.6348955972816779,24.13581795286467,415.9232943401548,1.0,0.1,0.0,0.0,0.6737437483456309,23333.40915167523,1158.3223788417795,physics
2025-03-20 00:15:00,18.106794441762005,0.18001023261381036,1.7037197897412402,24.659935513068042,416.1521822528353,0.0,0.0,0.0,0.0,0.21555000895956952,0.0,363.1086333148471,physics
2025-03-20 00:20:00,17.76186999227216,0.18407745524956914,1.658881328836119,24.306632333327887,416.22129868199164,1.0,0.1,0.0,0.0,0.6584833590394067,23333.40915167523,1144.6689223401152,physics
2025-03-20 00:25:00,18.296929929121493,0.17850478796373748,1.7273422928123792,24.80410062788955,416.4286496767157,0.0,0.0,0.0,0.0,0.21555000895956952,0.0,367.14444710771136,physics
2025-03-20 00:30:00,17.9481717760977,0.1826788150228532,1.6813265722186914,24.439650867413498,416.49280005956416,0.0,0.0,0.0,0.0,0.21555000895956952,0.0,380.9676994895649,physics
2025-03-20 00:35:00,17.58628262788262,0.18686208969000656,1.6350225443487398,24.07976028230531,416.5557981411128,1.0,0.1,0.0,0.0,0.6275001443873759,23333.40915167523,1141.79581970268,physics
2025-03-20 00:40:00,18.10541804089042,0.18077468501556035,1.7019842875637767,24.604610824614305,416.735901238092,0.0,0.0,0.0,0.0,0.21555000895956952,0.0,384.30540700087755,physics
2025-03-20 00:45:00,17.74035833483047,0.185002093050277,1.6547574135999135,24.237614949676868,416.7945326145399,1.0,0.1,0.0,0.0,0.6432229697331826,23333.40915167523,1180.0782385109294,physics
2025-03-20 00:50:00,18.255057075861483,0.17934518989415846,1.7210479820924034,24.735320306523164,416.9663518021281,0.0,0.0,0.0,0.0,0.21555000895956952,0.0,387.48164353448834,physics
2025-03-20 00:55:00,17.886980196599662,0.18361778266983514,1.6729419900339322,24.361858143841786,417.0208437101474,0.0,0.0,0.0,0.0,0.21555000895956952,0.0,379.6688476867008,physics
2025-03-20 01:00:00,17.526324854749866,0.18791525928584854,1.6267393606453162,23.995916177358104,417.0743568072282,1.0,0.1,0.0,0.0,0.6584833590394067,23333.40915167523,1194.1516085462283,physics
2025-03-20 01:05:00,18.044655790554057,0.18226365101293893,1.6924166440629083,24.486839024369885,417.23489742030546,0.0,0.0,0.0,0.0,0.21555000895956952,0.0,383.0156681341434,physics
2025-03-20 01:10:00,17.680821234291656,0.18666145188735972,1.6452041167257818,24.11075554277162,417.2845655774577,1.0,0.1,0.0,0.0,0.6122397550811517,23333.40915167523,1119.7829617894445,physics
2025-03-20 01:15:00,18.198947275652927,0.18115022988486232,1.7112256396845213,24.5947691511043,417.4231069862741,0.0,0.0,0.0,0.0,0.21555000895956952,0.0,386.29065752371594,physics
2025-03-20 01:20:00,17.832001738795075,0.18553990164099646,1.6632374834942922,24.21644412917615,417.4693944289571,1.0,0.1,0.0,0.0,0.6584833590394067,23333.40915167523,1213.9378824992082,physics
2025-03-20 01:25:00,18.34364337328971,0.1801414159906836,1.7289589405917276,24.693999911834084,417.60825790035915,0.0,0.2,0.0,0.0,1.0551731051609887,0.0,1899.6832738288288,physics
2025-03-20 01:30:00,17.913952734552705,0.18580269389031234,1.6712987671440294,24.212836645067682,417.81856639519435,0.0,0.1,0.0,0.0,0.620101167754055,0.0,1092.1361530036725,physics
2025-03-20 01:35:00,17.524602376424777,0.1909778997241421,1.6204282322794767,23.785219477323775,417.9312921890042,1.0,0.2,0.0,0.0,1.1014167091192437,23333.40915167523,1993.8817778286937,physics
2025-03-20 01:40:00,18.01281886830317,0.1861095663347562,1.6810893090411645,24.209203835513556,418.12116796811387,0.0,0.1,0.0,0.0,0.6275001443873759,0.0,1111.2341077359554,physics
2025-03-20 01:45:00,17.620801998639607,0.1910874249753815,1.6300714542898658,23.794869265479917,418.2194152490545,1.0,0.2,0.0,0.0,1.1014167091192437,23333.40915167523,2004.2789927834056,physics
2025-03-20 01:50:00,18.106747782141777,0.18585869206266759,1.6915632942285963,24.243765363591358,418.3828457321124,0.0,0.1,0.0,0.0,0.6353615570602792,0.0,1130.9876944431362,physics
2025-03-20 01:55:00,17.71213378410937,0.19081435885292786,1.6400370355064597,23.829777823690478,418.4684688699167,1.0,0.2,0.0,0.0,1.0708959305067955,23333.40915167523,1958.5630425535371,physics
2025-03-20 02:00:00,18.198023657557435,0.18550968769284468,1.7020165913132368,24.284795502526606,418.6051447411376,0.0,0.1,0.0,0.0,0.6275001443873759,0.0,1122.6596308725668,physics
2025-03-20 02:05:00,17.801976136041933,0.190427048667688,1.6501346580414458,23.87229901534098,418.6780840641656,1.0,0.2,0.0,0.0,1.0089295012027337,23333.40915167523,1854.5628817543009,physics
2025-03-20 02:10:00,18.29004106382798,0.18502882549917274,1.7128839603534598,24.335334693429907,418.7892273963134,0.0,0.1,0.0,0.0,0.6353615570602792,0.0,1142.4366000420564,physics
2025-03-20 02:15:00,17.89143241719446,0.1899309916791652,1.6604700273499557,23.92230873121693,418.85333392687374,0.0,0.0,0.0,0.0,0.21555000895956952,0.0,379.7633504727661,physics
2025-03-20 02:20:00,17.530687305180948,0.19442183266701396,1.6141499411902602,23.55325808749344,418.87393091706844,1.0,0.1,0.0,0.0,0.6584833590394067,23333.40915167523,1194.4339872403364,physics
2025-03-20 02:25:00,18.048922774998324,0.1885379574644389,1.6798815725355623,24.046604849711038,418.9357223964217,0.0,0.0,0.0,0.0,0.21555000895956952,0.0,383.1062390996863,physics
2025-03-20 02:30:00,17.685002183490372,0.1930199648063729,1.6327724759897597,23.67499269234122,418.9548394836706,1.0,0.1,0.0,0.0,0.6506219463665034,23333.40915167523,1190.078805949527,physics
2025-03-20 02:35:00,18.2004007470588,0.18718884815649686,1.69876117739657,24.167615439384267,419.0115065144539,0.0,0.0,0.0,0.0,0.21555000895956952,0.0,386.3215088920156,physics
2025-03-20 02:40:00,17.833425903843978,0.19166214561709435,1.6508830477097587,23.793511360173206,419.02926232942605,1.0,0.1,0.0,0.0,0.6584833590394067,23333.40915167523,1214.0300678141034,physics
2025-03-20 02:45:00,18.34503637252391,0.1859030745218945,1.716958432354231,24.28375463565068,419.0825302129315,0.0,0.2,0.0,0.0,1.0856938837734371,0.0,1954.5425474398626,physics
2025-03-20 02:50:00,17.913138171181664,0.1915018316371484,1.6595151233455607,23.81862151021788,419.1655378242954,0.0,0.1,0.0,0.0,0.6663447717123101,0.0,1173.3125803320809,physics
2025-03-20 02:55:00,17.520587747848015,0.1967457220428221,1.6084680118554602,23.396296175758543,419.2118744499598,1.0,0.2,0.0,0.0,1.1014167091192437,23333.40915167523,1993.44787845035,physics
2025-03-20 03:00:00,18.008899001540716,0.19173552480752404,1.6690575314387424,23.819718097450185,419.2842123374346,0.0,0.1,0.0,0.0,0.6737437483456309,0.0,1192.6477847230133,physics
2025-03-20 03:05:00,17.613732469780995,0.19727722621803276,1.6168771338884473,23.37733082983923,419.3244004593343,1.0,0.2,0.0,0.0,1.1014167091192437,23333.40915167523,2003.5149210596371,physics
2025-03-20 03:10:00,18.099845123360463,0.1921263096615475,1.6778131567010184,23.809254427110883,419.38641017789786,0.0,0.1,0.0,0.0,0.6584833590394067,0.0,1171.5916800053224,physics
2025-03-20 03:15:00,17.703755906262366,0.19741686632470198,1.6257966566390318,23.38382492225432,419.42008006849204,1.0,0.2,0.0,0.0,1.0089295012027337,23333.40915167523,1844.8351064375875,physics
2025-03-20 03:20:00,18.194103950154016,0.1917957932713324,1.6884651670611373,23.848559525306108,419.4688382624282,0.0,0.1,0.0,0.0,0.6122397550811517,0.0,1095.187719968438,physics
2025-03-20 03:25:00,17.799220253179623,0.1968570200324678,1.6367445155661078,23.437729647629716,419.4959381234382,1.0,0.2,0.0,0.0,1.0089295012027337,23333.40915167523,1854.2899378878092,physics
2025-03-20 03:30:00,18.287349241094244,0.19147524432819257,1.6990481218637268,23.88707207721605,419.53831836491275,0.0,0.1,0.0,0.0,0.6584833590394067,0.0,1183.7287045382068,physics
2025-03-20 03:35:00,17.887156764620737,0.19653437599296775,1.6464914190127826,23.474641119019385,419.5636525044027,0.0,0.0,0.0,0.0,0.21555000895956952,0.0,379.67259551760145,physics
2025-03-20 03:40:00,17.52649786262835,0.20105574255750067,1.6004342842473696,23.113766423956044,419.5714903966181,1.0,0.1,0.0,0.0,0.6122397550811517,23333.40915167523,1110.493520440048,physics
2025-03-20 03:45:00,18.047973328819715,0.19441829061861815,1.6676086442242322,23.64478011363618,419.5933529478368,0.0,0.0,0.0,0.0,0.21555000895956952,0.0,383.08608616539493,physics
2025-03-20 03:50:00,17.68407188100356,0.1988742500390952,1.6208323863179794,23.284066811634997,419.6006573458149,1.0,0.1,0.0,0.0,0.6122397550811517,23333.40915167523,1119.9786333306527,physics
2025-03-20 03:55:00,18.202127370531407,0.19266548354011603,1.687498001512224,23.790728884556284,419.6210317998809,0.0,0.0,0.0,0.0,0.21555000895956952,0.0,386.35815818312165,physics
2025-03-20 04:00:00,17.835117713392048,0.19721962675944602,1.6397075386023512,23.419914582255924,419.6278390164585,1.0,0.1,0.0,0.0,0.6122397550811517,23333.40915167523,1129.0707843504276,physics
2025-03-20 04:05:00,18.34989491359773,0.19109767126419752,1.7065226580505313,23.924084506678675,419.64682666224303,0.0,0.0,0.0,0.0,0.21555000895956952,0.0,389.4946704498569,physics
2025-03-20 04:10:00,17.979905818164532,0.19564226323618195,1.6579649200790967,23.550553159022304,419.65317053858615,0.0,0.0,0.0,0.0,0.21555000895956952,0.0,381.64128592235176,physics
2025-03-20 04:15:00,17.617376816175142,0.20021323769750618,1.6113335853411153,23.184546358854675,419.65940046304576,1.0,0.1,0.0,0.0,0.6122397550811517,23333.40915167523,1115.9639472442866,physics
2025-03-20 04:20:00,18.136879851228812,0.19406626871670465,1.6776825833619073,23.684239778156666,419.67677784446954,0.0,0.0,0.0,0.0,0.21555000895956952,0.0,384.9732150459485,physics
2025-03-20 04:25:00,17.771185780405325,0.19868194545924503,1.6301446999758955,23.311933120415677,419.68258372267957,1.0,0.1,0.0,0.0,0.6122397550811517,23333.40915167523,1125.222424018271,physics
2025-03-20 04:30:00,18.287350555295735,0.19275784935319643,1.696352972991368,23.799579602012827,419.69877829467003,0.0,0.0,0.0,0.0,0.21555000895956952,0.0,388.1671045787695,physics
2025-03-20 04:35:00,17.918622542318953,0.19741841147826486,1.6479393408392613,23.42133572043466,419.7041889897769,0.0,0.0,0.0,0.0,0.21555000895956952,0.0,380.340487773809,physics
2025-03-20 04:40:00,17.557329195569118,0.20210764348468363,1.6014396621986657,23.05070339120194,419.7095024952689,1.0,0.1,0.0,0.0,0.6122397550811517,23333.40915167523,1112.3494017365106,physics
2025-03-20 04:45:00,18.07813550043395,0.1961262747797641,1.6672302262553447,23.5354394896497,419.7243236720313,0.0,0.0,0.0,0.0,0.21555000895956952,0.0,383.7263080930003,physics
2025-03-20 04:50:00,17.71362589248149,0.20086097107899656,1.619827115212826,23.158898208866685,419.72927550827825,1.0,0.1,0.0,0.0,0.6122397550811517,23333.40915167523,1121.7576267086786,physics
2025-03-20 04:55:00,18.231039943588144,0.19507636383163557,1.6855148190722642,23.632789410052176,419.7430878663204,0.0,0.0,0.0,0.0,0.21555000895956952,0.0,386.97185614529616,physics
2025-03-20 05:00:00,17.863447321979383,0.19980307166014252,1.637348057538498,23.25420544695359,419.74770265071345,1.0,0.1,0.0,0.0,0.6122397550811517,23333.40915167523,1130.7760752249528,physics
2025-03-20 05:05:00,18.377609658127817,0.19405230947602528,1.7032463013403254,23.72777307015981,419.7605748563247,0.0,0.1,0.0,0.0,0.6122397550811517,0.0,1106.2337818392298,physics
2025-03-20 05:10:00,17.97874316471678,0.1994052912665141,1.6500878131481487,23.300438991919656,419.77279032226835,0.0,0.0,0.0,0.0,0.21555000895956952,0.0,381.61660745287753,physics
2025-03-20 05:15:00,17.616237605319263,0.20415739402910763,1.6032720904170819,22.928434441098748,419.77687157627423,1.0,0.1,0.0,0.0,0.6122397550811517,23333.40915167523,1115.8953728455017,physics
2025-03-20 05:20:00,18.135765365734272,0.19783887321577762,1.6697124112312292,23.431434279209796,419.7882555838987,0.0,0.0,0.0,0.0,0.21555000895956952,0.0,384.9495589889269,physics
2025-03-20 05:25:00,17.77009376629179,0.202634799265326,1.6219917245406732,23.05325044214008,419.792059043131,1.0,0.1,0.0,0.0,0.6122397550811517,23333.40915167523,1125.1566906108744,physics
2025-03-20 05:30:00,18.28628224218839,0.1966862285704465,1.6879846767303806,23.534593771705055,419.8026681865064,0.0,0.0,0.0,0.0,0.21555000895956952,0.0,388.1444285763377,physics
2025-03-20 05:35:00,17.917575769618352,0.20147351979800196,1.6395050171191323,23.15426358397624,419.8062127593536,0.0,0.0,0.0,0.0,0.21555000895956952,0.0,380.3182689878173,physics
2025-03-20 05:40:00,17.55630352895585,0.20634560792631654,1.5928306178319454,22.77810301113023,419.8096936628084,1.0,0.1,0.0,0.0,0.6122397550811517,23333.40915167523,1112.2876620936731,physics
2025-03-20 05:45:00,18.07713209482487,0.2003191445421991,1.6584296671484107,23.257481803651785,419.8194030882478,0.0,0.0,0.0,0.0,0.21555000895956952,0.0,383.70500981642283,physics
2025-03-20 05:50:00,17.71264271854869,0.20523646454959765,1.6108583368806602,22.875701115165572,419.82264706040996,1.0,0.1,0.0,0.0,0.6122397550811517,23333.40915167523,1121.6984448978706,physics
2025-03-20 05:55:00,18.230078108401038,0.19954249394100645,1.6760615367910614,23.33519592540696,419.8316956037681,0.0,0.0,0.0,0.0,0.21555000895956952,0.0,386.9514402420448,physics
2025-03-20 06:00:00,17.862504880283765,0.20450598469688816,1.6276284922028086,22.94831475429428,419.83471877161105,1.0,0.1,0.0,0.0,0.6122397550811517,23333.40915167523,1130.7193452769075,physics
2025-03-20 06:05:00,18.37668767112796,0.19881614645899498,1.6930808054440276,23.40877348366493,419.84315141651007,0.0,0.1,0.0,0.0,0.6122397550811517,0.0,1106.1782831544372,physics
2025-03-20 06:10:00,17.977841188465245,0.20452042311924673,1.6394521358468188,22.967201793651284,419.85115382803843,0.0,0.0,0.0,0.0,0.21555000895956952,0.0,381.59746211474356,physics
2025-03-20 06:15:00,17.615353815622967,0.20946003437135302,1.5925008462163701,22.591049212965167,419.85382747751345,1.0,0.1,0.0,0.0,0.6122397550811517,23333.40915167523,1115.842173434029,physics
2025-03-20 06:20:00,18.1349007577544,0.20330825060713503,1.658237755074368,23.072545530805307,419.86128519662736,0.0,0.0,0.0,0.0,0.21555000895956952,0.0,384.931206829322,physics
2025-03-20 06:25:00,17.769246591410358,0.20829272140654537,1.6103965041707666,22.690787601641137,419.8637768613865,1.0,0.1,0.0,0.0,0.6122397550811517,23333.40915167523,1185.300345249737,physics
2025-03-20 06:30:00,18.26374951672935,0.20210654123011756,1.674226600098263,23.172928049260623,419.8707269631383,0.0,0.0,0.0,0.0,0.21555000895956952,0.0,408.9715278922546,physics
2025-03-20 06:35:00,17.878999153751547,0.20732871704338285,1.6235375601854727,22.770607764412194,300.0,1.0,0.1,0.0,0.0,0.6122397550811517,23333.40915167523,1192.2225552459804,physics
2025-03-20 06:40:00,18.376250723705496,0.20139665667945283,1.6875813830262874,23.238806175971177,300.0,1.0,0.0,0.0,0.0,0.21555000895956952,23333.40915167523,430.99174123336275,physics
2025-03-20 06:45:00,18.89549922937963,0.19544778555741157,1.756289361625967,23.725060529481055,300.0,1.0,0.0,0.0,0.0,0.21555000895956952,23333.40915167523,442.0926939302344,physics
2025-03-20 06:50:00,19.407942913785185,0.18999561593701955,1.8255620238764851,24.18951082433319,300.0,1.0,0.0,0.0,0.0,0.21555000895956952,23333.40915167523,453.04920756465054,physics
2025-03-20 06:55:00,19.913718982594318,0.18499863860177654,1.8953976093892297,24.632761091659614,300.0,1.0,0.0,0.0,0.0,0.21555000895956952,23333.40915167523,463.84831655348853,physics
2025-03-20 07:00:00,20.412228916799947,0.18040806112294058,1.9657316410995178,25.056113723927876,300.0,1.0,0.0,0.0,0.0,0.21555000895956952,23333.40915167523,453.31483921971784,physics
2025-03-20 07:05:00,20.925981107092497,0.1763187924109399,2.0390385285657415,25.454772488208242,300.0,1.0,0.0,0.0,0.0,0.21555000895956952,23333.40915167523,464.2991271859019,physics
2025-03-20 07:10:00,21.433039298372712,0.17262046527796948,2.112896613894212,25.83082179456342,300.0,1.0,0.0,0.0,0.0,0.21555000895956952,23333.40915167523,475.3159854031933,physics
2025-03-20 07:15:00,21.94160100200319,0.16961505870407095,2.187495223682488,26.1604524334565,300.0,1.0,0.1,1.0,0.0,0.6122397550811517,23333.40915167523,1376.2591087803569,physics
2025-03-20 07:20:00,22.36725134512303,0.16560426717096988,2.2557620991172636,26.559827336011672,306.1223975508115,0.0,0.0,0.0,0.0,0.21555000895956952,0.0,475.9419997843971,physics
2025-03-20 07:25:00,21.970499162796663,0.17293626028030384,2.182588304548483,25.908584619056324,300.0,0.0,0.0,0.0,0.0,0.21555000895956952,0.0,467.7110771755018,physics
2025-03-20 07:30:00,21.590542196675376,0.18070131008847348,2.112518796972791,25.25289347599663,300.0,1.0,0.1,1.0,0.0,0.6122397550811517,23333.40915167523,1355.1272468521659,physics
2025-03-20 07:35:00,22.023811898202922,0.17571610472253751,2.1823322859007406,25.70652664229459,306.1223975508115,0.0,0.0,0.0,0.0,0.21555000895956952,0.0,469.39841954223635,physics
2025-03-20 07:40:00,21.668433523922154,0.1844967940892944,2.1127673851320137,24.989988395187584,300.0,1.0,0.1,1.0,0.0,0.6122397550811517,23333.40915167523,1299.6212380021298,physics
2025-03-20 07:45:00,22.121716614551275,0.1792405169334129,2.1859995000679873,25.460019298460924,306.1223975508115,0.0,0.0,0.0,0.0,0.21555000895956952,0.0,450.75864792919117,physics
2025-03-20 07:50:00,21.807981857953095,0.18912406724838415,2.1187598730790542,24.683915583710395,300.0,1.0,0.1,1.0,0.0,0.6122397550811517,23333.40915167523,1308.0213011320013,physics
2025-03-20 07:55:00,22.258236200247055,0.18322590609492664,2.1935346071363524,25.19111662664242,306.1223975508115,0.0,0.0,0.0,0.0,0.21555000895956952,0.0,432.9861488418714,physics
2025-03-20 08:00:00,21.98756534397524,0.19420416461562845,2.12867655333008,24.360068653475643,300.0,0.0,0.0,0.0,0.0,0.21555000895956952,0.0,427.54257245720964,physics
2025-03-20 08:05:00,21.736278232402803,0.20579805729896816,2.066126638796861,23.532933427966324,300.0,1.0,0.1,1.0,0.0,0.6122397550811517,23333.40915167523,1183.3158264170697,physics
2025-03-20 08:10:00,22.231496700928748,0.19915129370551193,2.1472694943734263,24.063922937503417,306.1223975508115,0.0,0.0,0.1,0.0,0.21555000895956952,0.0,411.5942984668717,physics
2025-03-20 08:15:00,22.00007184483562,0.21077067197354626,2.086502630674072,23.254539886335557,300.0,0.0,0.0,0.0,0.0,0.21555000895956952,0.0,407.28067415906,physics
2025-03-20 08:20:00,21.800945734329872,0.2235651340738492,2.027896709183328,22.417582222022226,300.0,1.0,0.1,1.0,0.0,0.6122397550811517,23333.40915167523,1187.2084640641663,physics
2025-03-20 08:25:00,22.2947606634287,0.21535046191383464,2.1119469463359177,23.011818442030435,306.1223975508115,0.0,0.0,0.8,0.0,0.21555000895956952,0.0,410.44907027218784,physics
2025-03-20 08:30:00,21.947205665545056,0.22183913230757732,2.0506212566353224,22.54780889049387,300.0,0.0,0.0,0.0,0.0,0.21555000895956952,0.0,385.7264435163203,physics
2025-03-20 08:35:00,21.80595641524149,0.23617428997008175,1.9955743255619027,21.66597943613167,300.0,0.0,0.0,0.0,0.0,0.21555000895956952,0.0,382.998212918029,physics
2025-03-20 08:40:00,21.680015464237318,0.250840059113306,1.9422624055605682,20.81482721109002,300.0,1.0,0.1,1.0,0.0,0.6122397550811517,23333.40915167523,1119.7344587430152,physics
2025-03-20 08:45:00,22.198158993981572,0.24087261430075008,2.0312797803739153,21.45681289055093,306.1223975508115,0.0,0.1,0.3,0.0,0.6122397550811517,0.0,1106.323217505558,physics
2025-03-20 08:50:00,21.98019669190161,0.25211843613794627,1.974796791650256,20.79063119041157,300.0,0.0,0.0,0.0,0.0,0.21555000895956952,0.0,387.45877478409795,physics
2025-03-20 08:55:00,21.88592452624165,0.26802916505930047,1.921704855895441,19.924294531205675,300.0,0.0,0.0,0.0,0.0,0.21555000895956952,0.0,385.6165339104078,physics
2025-03-20 09:00:00,21.800882753102453,0.28405881521617954,1.8698918023314737,19.0980496471199,300.0,0.0,0.0,0.0,0.0,0.21555000895956952,0.0,362.8394955476567,physics
2025-03-20 09:05:00,21.7494460181505,0.30024607078527793,1.821883412240842,18.309507003700148,300.0,0.0,0.0,0.0,0.0,0.21555000895956952,0.0,362.0493802447566,physics
2025-03-20 09:10:00,21.712972608346902,0.31666708870801463,1.775170685420778,17.549307985141475,300.0,0.0,0.0,0.0,0.0,0.21555000895956952,0.0,361.4498530453363,physics
2025-03-20 09:15:00,21.685297152432305,0.3331225785934647,1.7294958340294655,16.82291330104797,300.0,1.0,0.1,1.0,0.0,0.6968655503247584,23333.40915167523,1205.9706305729478,physics
2025-03-20 09:20:00,22.21954509202358,0.315820923114726,1.833116450861512,17.6538870416178,306.9686555032476,0.0,0.0,0.9,0.0,0.21555000895956952,0.0,366.2354368011559,physics
2025-03-20 09:25:00,21.906209919005455,0.32197486625691546,1.7822806371803546,17.33755736274881,300.0,0.0,0.0,0.0,0.0,0.21555000895956952,0.0,345.18292404844,physics
2025-03-20 09:30:00,21.934380969221994,0.3397429393496828,1.7385592536772445,16.571797964171424,300.0,0.0,0.0,0.0,0.0,0.21555000895956952,0.0,346.00317318409924,physics
2025-03-20 09:35:00,21.97224542110153,0.3574655501049382,1.6958033707420286,15.84341057915365,300.0,0.0,0.0,0.1,0.0,0.21555000895956952,0.0,346.1860573781163,physics
2025-03-20 09:40:00,21.980687746076757,0.3738514161928863,1.6534078236317917,15.194550757352589,300.0,0.0,0.1,0.0,0.0,0.6737437483456309,0.0,1083.7884832852915,physics
2025-03-20 09:45:00,22.006033502045447,0.3865206694798998,1.622457979244521,14.711867428311837,300.0,0.0,0.2,0.1,0.0,1.1633831384233055,0.0,1754.0100838350397,physics
2025-03-20 09:50:00,22.00179612258114,0.3925327648931492,1.6061430431526982,14.485871813819646,300.0,0.0,0.1,0.2,0.0,0.6584833590394067,0.0,990.4978650358428,physics
2025-03-20 09:55:00,21.967272922413468,0.4015503525906254,1.5789742194600493,14.149571840218039,300.0,0.0,0.0,0.0,0.0,0.21555000895956952,0.0,321.96633032955697,physics
2025-03-20 10:00:00,21.862653420287927,0.4124809056985121,1.5402751605601468,13.744373860632962,300.0,0.0,0.0,0.0,0.0,0.21555000895956952,0.0,320.03148027811176,physics
2025-03-20 10:05:00,21.773336609721365,0.4236799517873502,1.5027007851060483,13.341059186822989,300.0,0.0,0.0,0.0,0.0,0.21555000895956952,0.0,319.40587536414694,physics
2025-03-20 10:10:00,21.744457350810126,0.4365276494500928,1.4666130258646355,12.897281543090246,300.0,0.0,0.0,0.0,0.0,0.21555000895956952,0.0,317.82433206450395,physics
2025-03-20 10:15:00,21.671449934451676,0.4478149049251306,1.4308389014103218,12.512386883698785,300.0,1.0,0.1,1.0,0.0,0.6894665736914376,23333.40915167523,1056.7276579431975,physics
2025-03-20 10:20:00,22.250489966199794,0.4205246103317917,1.5555102993042442,13.499461327282567,306.89466573691436,0.0,0.1,1.0,0.0,0.6122397550811517,0.0,917.997906368041,physics
2025-03-20 10:25:00,21.919494283476276,0.41924243105973086,1.5278370883811305,13.510940775807109,312.66529758254796,0.0,0.0,0.0,0.0,0.21555000895956952,0.0,302.01261123100824,physics
2025-03-20 10:30:00,21.941547132236153,0.43293431484102796,1.493824540232294,13.038747577688008,300.0,0.0,0.0,0.0,0.0,0.21555000895956952,0.0,302.65536176119775,physics
2025-03-20 10:35:00,21.971217869409617,0.4466822386813067,1.4602475372932815,12.578284005552216,300.0,0.0,0.0,0.0,0.0,0.21555000895956952,0.0,302.91996059435354,physics
2025-03-20 10:40:00,21.9834323166426,0.4596019811778173,1.4272136566443359,12.155238787264915,300.0,0.0,0.0,0.0,0.0,0.21555000895956952,0.0,302.33769512956485,physics
2025-03-20 10:45:00,21.956553699263882,0.4713212567150988,1.3939764964686883,11.777041251140632,300.0,0.0,0.0,0.0,0.0,0.21555000895956952,0.0,302.1641176193589,physics
2025-03-20 10:50:00,21.948540990689335,0.4833521609400258,1.361589035011801,11.399074071874807,300.0,0.0,0.0,0.5,0.0,0.21555000895956952,0.0,301.6844207240189,physics
2025-03-20 10:55:00,21.92639715752849,0.49485570121976663,1.329475851860611,11.044150195320064,300.0,0.0,0.0,0.0,0.0,0.21555000895956952,0.0,299.6504219021103,physics
2025-03-20 11:00:00,21.832503427968764,0.5042370050527717,1.2973328732897604,10.753924843965228,300.0,0.0,0.0,0.1,0.0,0.21555000895956952,0.0,302.6827928886257,physics
2025-03-20 11:05:00,21.972484148835395,0.5194327852838453,1.2683512348416337,10.31706502718826,300.0,0.0,0.1,0.5,0.0,0.858718164178651,0.0,1200.3704289775997,physics
2025-03-20 11:10:00,21.909085502296936,0.5173750442042692,1.2688674063577157,10.37211092909277,300.0,0.0,0.2,0.3,0.0,1.4093991114812223,0.0,1833.5175355198269,physics
2025-03-20 11:15:00,21.944492038268734,0.5081846089524585,1.2958249080845607,10.645478773993611,300.0,0.0,0.2,0.4,0.0,1.3946011582145807,0.0,1813.262225559846,physics
2025-03-20 11:20:00,21.93732627303575,0.49917677860463744,1.3189820976277322,10.914307795111746,300.0,0.0,0.2,0.4,0.0,1.3483575542563258,0.0,1753.0404897503172,physics
2025-03-20 11:25:00,21.936619739828657,0.4921251871973688,1.3374957411494839,11.12814471184351,300.0,0.0,0.2,0.4,0.0,1.316911903564712,0.0,1712.5659940955254,physics
2025-03-20 11:30:00,21.93970963932018,0.4864502984079443,1.3526954913303415,11.302509258483914,300.0,0.0,0.1,0.5,0.0,0.7972141709141718,0.0,1035.2706478230214,physics
2025-03-20 11:35:00,21.921496947349155,0.4876208104175415,1.3481142373016546,11.264903893553594,300.0,0.0,0.2,0.4,0.0,1.425121936827029,0.0,1851.718527347632,physics
2025-03-20 11:40:00,21.92876033796158,0.4788859319576848,1.3717039320559197,11.536427502562077,300.0,0.0,0.3,0.4,0.0,1.984126732842086,0.0,2380.2068542751676,physics
2025-03-20 11:45:00,21.93656125854948,0.4639061555296176,1.4118059386979243,12.012001419208826,300.0,0.0,0.2,0.5,0.0,1.3483575542563258,0.0,1614.8880184533718,physics
2025-03-20 11:50:00,21.917119050748322,0.45786378947206813,1.4260267538144935,12.205596000325748,300.0,0.0,0.3,0.4,0.0,1.8675928508672834,0.0,2239.9569039769553,physics
2025-03-20 11:55:00,21.934147417318695,0.4464300099909576,1.457614888740672,12.583160018826337,300.0,0.0,0.3,0.5,0.0,1.706665109092556,0.0,1902.8573880083036,physics
2025-03-20 12:00:00,21.924094709863056,0.4383941504078609,1.4778679787361728,12.851548185789836,300.0,0.0,0.3,0.5,0.0,1.7982274449299007,0.0,1973.276884360229,physics
2025-03-20 12:05:00,21.91886119280439,0.4293628597367028,1.501154650204982,13.158968716874192,300.0,0.0,0.3,0.5,0.0,1.9147613269047035,0.0,2099.364126326661,physics
2025-03-20 12:10:00,21.909555668016733,0.42028842561300933,1.5241611669786126,13.473218591673858,300.0,0.0,0.3,0.5,0.0,1.7288620389925182,0.0,1895.5284921396883,physics
2025-03-20 12:15:00,21.9094766360198,0.41412825212045445,1.5403498947444352,13.69059431107778,300.0,0.0,0.3,0.5,0.0,1.706665109092556,0.0,1872.2198807235623,physics
2025-03-20 12:20:00,21.915471020230274,0.40927454907501265,1.5536789743726782,13.864512602039214,300.0,0.0,0.4,0.5,0.0,1.987283409278918,0.0,2179.5080153495387,physics
2025-03-20 12:25:00,21.912709690848697,0.40129158060705283,1.5744099677796892,14.153226488243803,300.0,0.0,0.5,0.4,0.0,2.6614347791500306,0.0,2925.7976344538706,physics
2025-03-20 12:30:00,21.938616456522873,0.38926717438479475,1.6085696643161707,14.60107438918002,300.0,0.0,0.6,0.4,0.0,3.891434268599368,0.0,3885.7906418809894,physics
2025-03-20 12:35:00,21.935818218309468,0.3706058873886408,1.657437581482892,15.316101407204549,300.0,0.0,0.5,0.5,0.0,2.8926527989413056,0.0,2881.043910665521,physics
2025-03-20 12:40:00,21.910316094348982,0.36195257208721215,1.6776139378356418,15.65564405239612,300.0,0.0,0.4,0.5,0.0,2.172257825111938,0.0,2165.877270947326,physics
2025-03-20 12:45:00,21.92102197641106,0.3589167146609421,1.6866970546842939,15.778766806144311,300.0,0.0,0.4,0.6,0.0,2.603248214002875,0.0,2326.3246126161525,physics
2025-03-20 12:50:00,21.89177930046579,0.3530895117787453,1.6989954338341573,16.011754216216474,300.0,0.0,0.3,0.5,0.0,2.0534921387794687,0.0,2046.044275974345,physics
2025-03-20 12:55:00,21.914159946228516,0.3518864984231781,1.7044801501127922,16.063682202135222,300.0,0.0,0.2,0.6,0.0,1.4870883661310907,0.0,1479.2477533692818,physics
2025-03-20 13:00:00,21.89778647545737,0.3523464952644629,1.7015702293156867,16.042869492148956,300.0,0.0,0.2,0.6,0.0,1.378878332868774,0.0,1234.2876684020443,physics
2025-03-20 13:05:00,21.90685497376844,0.35489214003115965,1.6958198565081093,15.940044586557292,300.0,0.0,0.1,0.7,0.0,0.7972141709141718,0.0,711.3050849390465,physics
2025-03-20 13:10:00,21.877993887879487,0.3587640577785715,1.6826765880947474,15.77983853005144,300.0,0.0,0.2,0.6,0.0,1.2096267423815605,0.0,1081.146806763585,physics
2025-03-20 13:15:00,21.89338776365779,0.3612479903841452,1.677733244464283,15.681858928398988,300.0,0.0,0.2,0.6,0.0,1.471365540785284,0.0,1314.9292249477437,physics
2025-03-20 13:20:00,21.892333361340764,0.3611337284241314,1.6779254376822255,15.686312585961666,300.0,0.0,0.2,0.6,0.0,1.286391124952264,0.0,1150.8451609136512,physics
2025-03-20 13:25:00,21.90179931193675,0.36203824017021313,1.6765175649358577,15.651220936029269,300.0,0.0,0.3,0.6,0.0,1.706665109092556,0.0,1525.6752780030604,physics
2025-03-20 13:30:00,21.89503655782571,0.35839515186478316,1.6853959535047685,15.796724295117427,300.0,0.0,0.2,0.6,0.0,1.316911903564712,0.0,1178.3594838914544,physics
2025-03-20 13:35:00,21.903382190738576,0.3586096874398704,1.6856902970495304,15.78905871372349,300.0,0.0,0.2,0.7,0.0,1.378878332868774,0.0,1091.6597696320118,physics
2025-03-20 13:40:00,21.87762488253479,0.3570139226483801,1.687231160020028,15.850468433125155,300.0,0.0,0.3,0.6,0.0,2.0534921387794687,0.0,1628.6810727033912,physics
2025-03-20 13:45:00,21.8918158545162,0.3514877941793507,1.7032058582875513,16.07735073443593,300.0,0.0,0.3,0.6,0.0,1.8675928508672834,0.0,1483.3588973942437,physics
2025-03-20 13:50:00,21.903109083422056,0.34899026555628027,1.7109433844000934,16.18152088391425,300.0,0.0,0.4,0.6,0.0,2.4497194488614684,0.0,1943.3050850016723,physics
2025-03-20 13:55:00,21.8932993792324,0.3425938083980756,1.7267206360251852,16.44661807680919,300.0,0.0,0.5,0.5,0.0,3.355088838523856,0.0,2668.193388888989,physics
2025-03-20 14:00:00,21.913110271269318,0.33193416056737485,1.7568405259415927,16.90277509522383,300.0,0.0,0.4,0.6,0.0,2.7271810726109984,0.0,2163.4119996537042,physics
2025-03-20 14:05:00,21.893310706404215,0.32318925980775565,1.777689188503078,17.282141800570113,300.0,0.0,0.2,0.6,0.0,1.4870883661310907,0.0,1182.2670433973894,physics
2025-03-20 14:10:00,21.91066048663208,0.32455041774860105,1.7759924825031494,17.224338820183796,300.0,0.0,0.1,0.7,0.0,0.858718164178651,0.0,681.2141086752167,physics
2025-03-20 14:15:00,21.893451099928257,0.32740856409961755,1.766622029589671,17.096792107619102,300.0,0.0,0.0,0.7,0.0,0.21555000895956952,0.0,170.97117247190204,physics
2025-03-20 14:20:00,21.892394458480048,0.33464906817718587,1.7474915548856185,16.783414452888557,300.0,0.0,0.0,0.7,0.0,0.21555000895956952,0.0,170.85824012935748,physics
2025-03-20 14:25:00,21.88718126036252,0.34160754972352314,1.7286658301024822,16.487311607145415,300.0,0.0,0.0,0.7,0.0,0.21555000895956952,0.0,170.79521857034314,physics
2025-03-20 14:30:00,21.88427205060547,0.34852158184373644,1.7102089062049877,16.198605751780143,300.0,0.0,0.0,0.7,0.0,0.21555000895956952,0.0,149.40744773142004,physics
2025-03-20 14:35:00,21.89696687156367,0.3549810654812569,1.694563742826469,15.935248080394599,300.0,0.0,0.1,0.6,0.0,0.8281973855662027,0.0,658.9982518626871,physics
2025-03-20 14:40:00,21.917432064174246,0.3573609890574851,1.6904200450956013,15.841145415516596,300.0,0.0,0.1,0.7,0.0,0.8744409895244577,0.0,606.9115950618854,physics
2025-03-20 14:45:00,21.906036446419865,0.3578693293885367,1.6879093335875508,15.819249490061482,300.0,0.0,0.2,0.6,0.0,1.5018863193977323,0.0,1044.7109972954458,physics
2025-03-20 14:50:00,21.92138557172273,0.3559156532199075,1.694630456807333,15.900177874042349,300.0,0.0,0.2,0.7,0.0,1.3483575542563258,0.0,934.0971424514594,physics
2025-03-20 14:55:00,21.893200472326914,0.3537840092170825,1.697318596531929,15.983565114473041,300.0,0.0,0.1,0.6,0.0,0.9359449827889369,0.0,650.9049479547423,physics
2025-03-20 15:00:00,21.919921862825934,0.3549431222370689,1.6970377570000825,15.939527753208765,300.0,0.0,0.1,0.7,0.0,0.8434577748724268,0.0,584.8642145284615,physics
2025-03-20 15:05:00,21.899627457994537,0.35508628481202925,1.6945623013602522,15.93128545554017,300.0,0.0,0.1,0.6,0.0,0.7972141709141718,0.0,554.4031693745675,physics
2025-03-20 15:10:00,21.919658038927423,0.3565896568360418,1.6926787620895745,15.872636599363327,300.0,0.0,0.0,0.7,0.0,0.21555000895956952,0.0,149.66315956777407,physics
2025-03-20 15:15:00,21.908771076044633,0.36221646668680857,1.676762066403967,15.644913058648019,300.0,0.0,0.1,0.6,0.0,0.7509705669559168,0.0,522.5477913861998,physics
2025-03-20 15:20:00,21.923680820650176,0.36416320515138084,1.6731647669264704,15.569031910245718,300.0,0.0,0.0,0.7,0.0,0.21555000895956952,0.0,149.69138661576255,physics
2025-03-20 15:25:00,21.910074096863305,0.36933484629153973,1.6581792978088283,15.363008204954781,300.0,0.0,0.0,0.6,0.0,0.21555000895956952,0.0,150.19170253305023,physics
2025-03-20 15:30:00,21.93316974811258,0.375667769346799,1.6438421836366723,15.118686252172719,300.0,0.0,0.1,0.6,0.0,0.904961768136906,0.0,630.3720456996981,physics
2025-03-20 15:35:00,21.931075858145736,0.3734291747855493,1.6495256763555826,15.20532910080114,300.0,0.0,0.1,0.6,0.0,0.8434577748724268,0.0,587.2732725271347,physics
2025-03-20 15:40:00,21.928047050615618,0.37243888902987926,1.6518275985867747,15.243562846525336,300.0,0.0,0.0,0.6,0.0,0.21555000895956952,0.0,150.2683403972414,physics
2025-03-20 15:45:00,21.93670751559646,0.3782348636010134,1.637436336989623,15.020013324016706,300.0,0.0,0.1,0.6,0.0,0.8050755835870751,0.0,560.7933334541835,physics
2025-03-20 15:50:00,21.931067445662784,0.37722472051316924,1.639532588763029,15.05829133244406,300.0,0.0,0.1,0.5,0.0,0.9438063954618403,0.0,659.1036145283148,physics
2025-03-20 15:55:00,21.948718457741062,0.3753744799491833,1.6461744301591592,15.131805069709827,300.0,0.0,0.2,0.5,0.0,1.3483575542563258,0.0,941.3849956912441,physics
2025-03-20 16:00:00,21.94698142412695,0.3683567846246579,1.6644929703913207,15.405733231032931,300.0,0.0,0.1,0.5,0.0,0.9669281974409678,0.0,675.5969039294422,physics
2025-03-20 16:05:00,21.952281742140098,0.366293527146049,1.6704697936879054,15.487817672054518,300.0,0.0,0.1,0.5,0.0,0.7893527582412685,0.0,551.7920708971784,physics
2025-03-20 16:10:00,21.955658683412015,0.36655113156970504,1.6701345789232116,15.478014599817321,300.0,0.0,0.2,0.4,0.0,1.425121936827029,0.0,997.0274521210118,physics
2025-03-20 16:15:00,21.961278827460294,0.36154034176782396,1.6839228001534265,15.678114748209335,300.0,0.0,0.3,0.3,0.0,2.0756890686794307,0.0,1455.1017564054232,physics
2025-03-20 16:20:00,21.97533395551214,0.3518041218566913,1.7110673791310063,16.074409246916254,300.0,0.0,0.3,0.3,0.0,2.0534921387794687,0.0,1439.521765793919,physics
2025-03-20 16:25:00,21.975239587795297,0.34340572858566143,1.7332269672637524,16.42262638381286,300.0,0.0,0.2,0.3,0.0,1.5333319700893457,0.0,1075.9342730034025,physics
2025-03-20 16:30:00,21.98205859563574,0.3408273928727464,1.7407565124049014,16.531881892666895,300.0,0.0,0.2,0.4,0.0,1.224424695648202,0.0,857.6956986276095,physics
2025-03-20 16:35:00,21.97003710298875,0.3397301386006391,1.7423768142359637,16.576752777090057,300.0,0.0,0.1,0.3,0.0,0.9206845934827127,0.0,645.7778467750422,physics
2025-03-20 16:40:00,21.979209017021244,0.341484562420934,1.7387189930039901,16.50382821440826,300.0,0.0,0.0,0.4,0.0,0.21555000895956952,0.0,151.14153975765672,physics
2025-03-20 16:45:00,21.977016262934686,0.3477384938861872,1.721976159844834,16.24226371207758,300.0,0.0,0.0,0.4,0.0,0.21555000895956952,0.0,150.96162194564374,physics
2025-03-20 16:50:00,21.968710872487964,0.3535445887969769,1.705784134786537,16.002368445000243,300.0,0.0,0.1,0.1,0.0,0.8203359728932993,0.0,576.766284732075,physics
2025-03-20 16:55:00,21.995875101079825,0.3556721967098278,1.7029876696527695,15.91892752378004,300.0,0.0,0.1,0.2,0.0,0.858718164178651,0.0,603.1262526119659,physics
2025-03-20 17:00:00,21.988621523611627,0.3561233126297233,1.7010431044377352,15.89974291845041,300.0,0.0,0.0,0.1,0.0,0.21555000895956952,0.0,162.39731776605373,physics
2025-03-20 17:05:00,21.996607014375275,0.3628826332285996,1.6840052817322317,15.628578684877146,300.0,0.0,0.0,0.0,0.0,0.21555000895956952,0.0,173.24491171226256,physics
2025-03-20 17:10:00,21.997355117760776,0.36975139772513604,1.6659259755087525,15.35668223595087,300.0,0.0,0.0,0.0,0.0,0.21555000895956952,0.0,173.1020118542895,physics
2025-03-20 17:15:00,21.99075855513049,0.37635363390951826,1.64781171313771,15.098669609721846,300.0,0.0,0.0,0.0,0.0,0.21555000895956952,0.0,172.54916764739693,physics
2025-03-20 17:20:00,21.965238085850217,0.38208179611907384,1.6301386228230228,14.875829210674059,300.0,0.0,0.0,0.0,0.0,0.21555000895956952,0.0,171.8328134416443,physics
2025-03-20 17:25:00,21.932169645819954,0.3875476904865375,1.6124644760073699,14.665000608822682,300.0,0.0,0.0,0.0,0.0,0.21555000895956952,0.0,170.71807745212075,physics
2025-03-20 17:30:00,21.880711051840727,0.3922816960108202,1.5949868341434064,14.482072611244536,300.0,0.0,0.0,0.0,0.0,0.21555000895956952,0.0,169.40352716508465,physics
2025-03-20 17:35:00,21.820028603151886,0.3966120520798177,1.577768552604035,14.315038537701067,300.0,0.0,0.0,0.0,0.0,0.21555000895956952,0.0,167.79792398261307,physics
2025-03-20 17:40:00,21.745910531218215,0.400474701885537,1.5605905862790617,14.165335550370125,300.0,0.0,0.0,0.0,0.0,0.21555000895956952,0.0,165.9547701345388,physics
2025-03-20 17:45:00,21.66082661323164,0.40386020186910854,1.5437332222524056,14.033117249929408,300.0,1.0,0.1,1.0,0.0,0.7972141709141718,23333.40915167523,672.280831866812,physics
2025-03-20 17:50:00,22.39092148028655,0.37631341238016575,1.6885438628481235,15.145507790597073,307.97214170914174,0.0,0.2,1.0,0.0,1.5638527487017941,0.0,1285.280102053201,physics
2025-03-20 17:55:00,22.177788316364328,0.3635006046403368,1.7010404875453633,15.625080863102157,322.57173121908625,0.0,0.1,0.3,0.0,0.9821885867471919,0.0,888.1147263427282,physics
2025-03-20 18:00:00,21.997215575918716,0.3578306448320589,1.6974214726216164,15.83160451677557,300.0,0.0,0.0,0.0,0.0,0.21555000895956952,0.0,191.78457361952832,physics
2025-03-20 18:05:00,21.853185505910247,0.36076972351677655,1.6748764342607225,15.696304406970295,300.0,0.0,0.0,0.0,0.0,0.21555000895956952,0.0,188.5844917323008,physics
2025-03-20 18:10:00,21.705462891692417,0.3634226246599755,1.6529501251662433,15.57305738173681,300.0,1.0,0.1,1.0,0.0,0.7278487649767893,23333.40915167523,688.6579306303796,physics
2025-03-20 18:15:00,22.414480105539145,0.34062793559786236,1.7877144491148809,16.59375040524486,307.2784876497679,0.0,0.2,1.0,0.0,1.2558703463398155,0.0,1159.487840942698,physics
2025-03-20 18:20:00,22.186611086738147,0.33268175860550947,1.7843615768662822,16.904996888539088,319.0754547127041,0.0,0.1,0.0,0.0,0.7199873523038859,0.0,651.0336745974848,physics
2025-03-20 18:25:00,21.997306675167945,0.3310921165450167,1.768108210010309,16.949807608086545,300.0,0.0,0.2,0.0,0.0,1.2558703463398155,0.0,1109.4038845401299,physics
2025-03-20 18:30:00,21.789796378632655,0.3260350335431642,1.759067614991777,17.143637377570812,300.0,0.0,0.2,0.0,0.0,1.240147520994009,0.0,1069.8878699668244,physics
2025-03-20 18:35:00,21.58418072625613,0.32224103393856973,1.7468864157117505,17.2841728477107,300.0,0.0,0.2,0.0,0.0,1.1939039170357537,0.0,1044.5735073585518,physics
2025-03-20 18:40:00,21.375697413389414,0.31941715979855295,1.7319271862901777,17.3823901520163,300.0,0.0,0.2,0.0,0.0,1.1319374877316921,0.0,1041.2746244601692,physics
2025-03-20 18:45:00,21.15328067955375,0.3164460517854069,1.7159337341526264,17.48599923916108,311.31937487731693,0.0,0.2,0.0,0.0,1.2096267423815605,0.0,1086.008316664527,physics
2025-03-20 18:50:00,20.933377978118454,0.3135319786647448,1.7001373442471976,17.58806608737994,322.2746240879122,0.0,0.2,0.0,0.0,1.270668299606457,0.0,1113.1338036926913,physics
2025-03-20 18:55:00,20.716640093349927,0.31022449720215955,1.6857068680394858,17.709094804939816,332.6226688577967,0.0,0.2,0.0,0.0,1.1014167091192437,0.0,942.0908174777503,physics
2025-03-20 19:00:00,20.510891388554708,0.3088166415682695,1.6678718864567377,17.745814012752177,340.64257323431906,0.0,0.2,0.0,0.0,1.1939039170357537,0.0,996.7278504654175,physics
2025-03-20 19:05:00,20.306941549371984,0.30737879934106926,1.650440120150022,17.784229180956807,348.53800178943777,0.0,0.2,0.0,0.0,1.1476603130774987,0.0,935.333754383605,physics
2025-03-20 19:10:00,20.109371231325795,0.307037802705435,1.631213511698322,17.77345597406005,355.37251005939424,0.0,0.2,0.0,0.0,1.224424695648202,0.0,973.8648129939178,physics
2025-03-20 19:15:00,19.914081755014067,0.3067509365216113,1.6122821464637562,17.76050663927309,361.96680128448037,0.0,0.2,0.0,0.0,1.1633831384233055,0.0,903.2505091105786,physics
2025-03-20 19:20:00,19.725371769623703,0.30708466479027957,1.5927649697362982,17.72015997788354,367.59303835568073,0.0,0.2,0.0,0.0,1.316911903564712,0.0,1126.5751568409823,physics
2025-03-20 19:25:00,19.512113090329635,0.3068747715994232,1.572291768836243,17.701318305637805,373.34431765726936,0.0,0.2,0.0,0.0,1.1781810916899471,0.0,983.8044358663885,physics
2025-03-20 19:30:00,19.308653850742918,0.30731141679739776,1.5515461177210228,17.654437180331758,377.92505455361083,0.0,0.2,0.0,0.0,1.1476603130774987,0.0,935.5265537743787,physics
2025-03-20 19:35:00,19.11104280772901,0.308597925449107,1.5297207427927257,17.570052236906882,381.949033308921,0.0,0.2,0.0,0.0,1.3483575542563258,0.0,939.9472695502947,physics
2025-03-20 19:40:00,18.936371676956693,0.3107664486660366,1.5083993732557075,17.449550629694706,386.2245590076437,0.0,0.2,0.0,0.0,1.378878332868774,0.0,937.4986263193906,physics
2025-03-20 19:45:00,18.765168701348514,0.3129953057988631,1.4875301439965893,17.327680744150996,390.105577654931,0.0,0.2,0.0,0.0,1.2558703463398155,0.0,833.1985158186799,physics
2025-03-20 19:50:00,18.601423880952908,0.3158798012146385,1.466192892411808,17.178773290359207,393.2342042002752,0.0,0.2,0.0,0.0,1.270668299606457,0.0,822.5632109591501,physics
2025-03-20 19:55:00,18.44126289236351,0.3188741534327532,1.4452085161238015,17.026875949061477,396.06840821997935,0.0,0.2,0.0,0.0,1.224424695648202,0.0,893.6308239431036,physics
2025-03-20 20:00:00,18.262062767977298,0.32085325659686037,1.4249085485183408,16.917860012979684,398.51027755178177,0.0,0.2,0.0,0.0,1.0708959305067955,0.0,763.2239538327451,physics
2025-03-20 20:05:00,18.091509063580812,0.323582770545478,1.4040654032464466,16.778397877005,400.4280489115749,0.0,0.1,0.0,0.0,0.6737437483456309,0.0,469.6385145088128,physics
2025-03-20 20:10:00,17.935901158768967,0.3267029383150314,1.3839832264375875,16.625378610068474,401.5269222189709,0.0,0.0,0.0,0.0,0.21555000895956952,0.0,147.22136278315273,physics
2025-03-20 20:15:00,17.796052521606182,0.32968848790742766,1.3657715742843464,16.481434291878816,401.85874489240524,0.0,0.0,0.0,0.0,0.21555000895956952,0.0,144.2529371272533,physics
2025-03-20 20:20:00,17.6590236537666,0.33264360502305135,1.3480608979090345,16.340384349598782,402.1846072008202,1.0,0.1,0.0,0.0,0.7047269629976618,23333.40915167523,525.0951345770095,physics
2025-03-20 20:25:00,18.41397375729304,0.31788583615546906,1.4448326677369576,17.0665120832339,403.23085617265156,0.0,0.2,0.0,0.0,1.2096267423815605,0.0,998.2918471000943,physics
2025-03-20 20:30:00,18.211832511568165,0.3214466193722018,1.4191828173292576,16.88576030945466,404.9212232410185,0.0,0.2,0.0,0.0,1.1939039170357537,0.0,961.7044553810615,physics
2025-03-20 20:35:00,18.01504913792742,0.32559133850233335,1.3931852721808875,16.68272534848936,406.42144079407313,0.0,0.1,0.0,0.0,0.6737437483456309,0.0,530.8003891841151,physics
2025-03-20 20:40:00,17.839176133728355,0.32928900454802784,1.3703011871894861,16.50367639844825,407.18381324211765,0.0,0.0,0.0,0.0,0.21555000895956952,0.0,166.39426760653137,physics
2025-03-20 20:45:00,17.68111475515826,0.3326069647260253,1.3500135780490563,16.34465611741456,407.41402400632506,1.0,0.1,0.0,0.0,0.6894665736914376,23333.40915167523,583.0156532724477,physics
2025-03-20 20:50:00,18.413969581977966,0.31803624339995246,1.4445137018772498,17.059937305984732,408.1371581517352,0.0,0.2,0.0,0.0,1.1171395344650505,0.0,922.3020798659406,physics
2025-03-20 20:55:00,18.214851269621136,0.32265450955985076,1.416924997009215,16.83401835369309,409.24152895338545,0.0,0.2,0.0,0.0,1.0708959305067955,0.0,863.3595531279757,physics
2025-03-20 21:00:00,18.021920781430065,0.3273104775241981,1.3902343295698094,16.61039038197702,410.20162919191,0.0,0.1,0.0,0.0,0.6432229697331826,0.0,507.2509269380923,physics
2025-03-20 21:05:00,17.846848048586192,0.33155015854458664,1.3663412485771338,16.409497799566218,410.72684062272054,0.0,0.0,0.0,0.0,0.21555000895956952,0.0,166.55711158810962,physics
2025-03-20 21:10:00,17.68863198112813,0.33517684458873054,1.3454525200895064,16.23857848364888,410.89340975495855,0.0,0.0,0.0,0.0,0.21555000895956952,0.0,163.198819055939,physics
2025-03-20 21:15:00,17.533606025654763,0.33877335429309857,1.3251545275094037,16.0710874291551,411.05698688903436,1.0,0.1,0.0,0.0,0.6584833590394067,23333.40915167523,568.6898485564968,physics
2025-03-20 21:20:00,18.263391739661206,0.32402981725753194,1.418362117090964,16.78103980937558,411.54772233180455,0.0,0.2,0.0,0.0,1.1014167091192437,0.0,893.103924882194,physics
2025-03-20 21:25:00,18.068341567869908,0.32945221436475247,1.3898572426886475,16.52547870623553,412.32351231962673,0.0,0.1,0.0,0.0,0.6968655503247584,0.0,621.1082201124974,physics
2025-03-20 21:30:00,17.868541846804714,0.3334053833514494,1.3644109246984644,16.334554023808558,412.76930230395544,0.0,0.0,0.0,0.0,0.21555000895956952,0.0,188.24357306985354,physics
2025-03-20 21:35:00,17.68972535814574,0.33713623388488884,1.3415796060501308,16.15760910743346,412.8991837167193,1.0,0.1,0.0,0.0,0.6737437483456309,23333.40915167523,636.54784538737,physics
2025-03-20 21:40:00,18.40091751855522,0.3225695843542509,1.4337380091746983,16.86140000015158,413.2978612649702,0.0,0.2,0.0,0.0,1.0708959305067955,0.0,988.0120383709776,physics
2025-03-20 21:45:00,18.180131585034296,0.3273291627495774,1.4040825062441167,16.629516983632595,413.89596902305647,0.0,0.1,0.0,0.0,0.6584833590394067,0.0,594.2241888301521,physics
2025-03-20 21:50:00,17.97923753828465,0.33163521962958487,1.3775944977332109,16.422411798850895,414.23091925817135,0.0,0.0,0.0,0.0,0.21555000895956952,0.0,190.59319861682312,physics
2025-03-20 21:55:00,17.798189091407284,0.33548151249123415,1.3541503716495713,16.239442241874052,414.33454637530383,0.0,0.0,0.0,0.0,0.21555000895956952,0.0,186.7502662466926,physics
2025-03-20 22:00:00,17.62079112598527,0.3392989409094196,1.3314037030220747,16.060157902184432,414.43631209026745,1.0,0.1,0.0,0.0,0.6122397550811517,23333.40915167523,574.417620119102,physics
2025-03-20 22:05:00,18.3355554955472,0.3247862352819054,1.4232026958261563,16.757743843464212,414.72017133386765,0.0,0.2,0.0,0.0,1.0089295012027337,0.0,924.597575481186,physics
2025-03-20 22:10:00,18.11855175655732,0.330339063833131,1.3924046422344933,16.49432613641178,415.1640859090807,0.0,0.1,0.0,0.0,0.6122397550811517,0.0,609.0826818406099,physics
2025-03-20 22:15:00,17.89893934054591,0.3344351735978221,1.3649116421539857,16.295377831762657,415.4108141472989,0.0,0.0,0.0,0.0,0.21555000895956952,0.0,210.11477909837888,physics
2025-03-20 22:20:00,17.699346937995273,0.33857620180400494,1.339477247645561,16.099446699044478,415.49324740160444,1.0,0.1,0.0,0.0,0.6122397550811517,23333.40915167523,639.3409097655781,physics
2025-03-20 22:25:00,18.390702399506193,0.32420004344010606,1.4293717532751016,16.789899384920762,415.7231818271922,0.0,0.2,0.0,0.0,1.1014167091192437,0.0,1123.022771719919,physics
2025-03-20 22:30:00,18.145438910625654,0.32973672145447447,1.3960126213257005,16.52311199050829,416.11572841030846,0.0,0.1,0.0,0.0,0.6432229697331826,0.0,641.5275632641223,physics
2025-03-20 22:35:00,17.924021900363538,0.3345394291700777,1.3668532283571375,16.294137046810082,416.32393280257276,0.0,0.0,0.0,0.0,0.21555000895956952,0.0,210.64718124107273,physics
2025-03-20 22:40:00,17.72392375793473,0.33877538254243783,1.3411493727507602,16.094259749199946,416.3899641623512,1.0,0.1,0.0,0.0,0.6584833590394067,23333.40915167523,689.107054474606,physics
2025-03-20 22:45:00,18.412999079719008,0.32468129439516646,1.430351368325171,16.772068022699354,416.58805987273684,0.0,0.2,0.0,0.0,1.1939039170357537,0.0,1219.4875619707814,physics
2025-03-20 22:50:00,18.16346828549756,0.33026064990304527,1.3965016369240089,16.50324848714161,416.9275205962894,0.0,0.1,0.0,0.0,0.6584833590394067,0.0,593.1455838495228,physics
2025-03-20 22:55:00,17.962938891219956,0.33537095045012905,1.3684912065446613,16.264350774135224,417.0961186428173,0.0,0.0,0.0,0.0,0.21555000895956952,0.0,190.2472437109704,physics
2025-03-20 23:00:00,17.782219074109282,0.3394957591818632,1.3446171347681988,16.07177941600331,417.14827961386385,0.0,0.0,0.0,0.0,0.21555000895956952,0.0,207.63727598870898,physics
2025-03-20 23:05:00,17.584980103335827,0.34370172953636396,1.3195477584399302,15.876203529266462,417.199503643429,1.0,0.1,0.0,0.0,0.6894665736914376,23333.40915167523,712.0343408712781,physics
2025-03-20 23:10:00,18.27594242416508,0.32895857045153143,1.409129488979053,16.57239104173229,417.36040769572907,0.0,0.2,0.0,0.0,1.1014167091192437,0.0,1110.6195615580912,physics
2025-03-20 23:15:00,18.033387744646394,0.3338190703744001,1.3777759201128856,16.33770723197179,417.6026819514946,0.0,0.1,0.0,0.0,0.7047269629976618,0.0,694.9368387635367,physics
2025-03-20 23:20:00,17.81201909196785,0.33838953164714464,1.3493990885144478,16.12091422139437,417.7434698404665,0.0,0.0,0.0,0.0,0.21555000895956952,0.0,208.26981084462372,physics
2025-03-20 23:25:00,17.614179263167507,0.34269792889966055,1.3240020961102978,15.92050092209448,417.7840027651419,1.0,0.1,0.0,0.0,0.6894665736914376,23333.40915167523,714.013071816761,physics
2025-03-20 23:30:00,18.304499087940336,0.328034607769963,1.4135997955149784,16.61518278522961,417.91132410021083,0.0,0.2,0.0,0.0,1.1939039170357537,0.0,1206.7809066224943,physics
2025-03-20 23:35:00,18.05756832171412,0.3324744921531893,1.382656497328253,16.39695387502482,418.1191306283922,0.0,0.1,0.0,0.0,0.6894665736914376,0.0,681.5682981704763,physics
2025-03-20 23:40:00,17.836262365612694,0.3367735219148933,1.3547613546606783,16.19059451519983,418.2271970084925,0.0,0.0,0.0,0.0,0.21555000895956952,0.0,208.78439830811521,physics
2025-03-20 23:45:00,17.637933719468794,0.3409957427189733,1.3294206948466665,15.99276985975092,418.2590409835511,1.0,0.1,0.0,0.0,0.6584833590394067,23333.40915167523,683.5409729449909,physics
2025-03-20 23:50:00,18.328890810228554,0.3264615809844066,1.419078207621021,16.685239031686574,418.3545736953095,0.0,0.2,0.0,0.0,1.0708959305067955,0.0,1085.539623487042,physics
2025-03-20 23:55:00,18.086310892335337,0.33141544443213977,1.3873536298864895,16.444983564189215,418.501413723113,0.0,0.1,0.0,0.0,0.6663447717123101,0.0,660.6545065429412,physics
2025-03-21 00:00:00,17.865278398038452,0.33602247664721424,1.3587750369877476,16.22526849358307,418.58462831732663,0.0,0.0,0.0,0.0,0.21555000895956952,0.0,209.40029229773467,physics
2025-03-21 00:05:00,17.666364701372967,0.34015399526243456,1.3335068834763397,16.030661725637813,418.61005193223343,1.0,0.1,0.0,0.0,0.6432229697331826,23333.40915167523,669.53458366154,physics
2025-03-21 00:10:00,18.357272628319354,0.32567252128997537,1.4232714229393992,16.72254026292221,418.68455580922705,0.0,0.2,0.0,0.0,1.1633831384233055,0.0,1182.0969335576299,physics
2025-03-21 00:15:00,18.110305156049325,0.3307201623241395,1.3908915191598532,16.47723435142359,418.81208627515053,0.0,0.1,0.0,0.0,0.6737437483456309,0.0,680.8180316625605,physics
2025-03-21 00:20:00,17.88472598357465,0.3354972607997203,1.3615152578092689,16.249457047071306,418.87878206229146,0.0,0.0,0.0,0.0,0.21555000895956952,0.0,209.81308653743653,physics
2025-03-21 00:25:00,17.68542016506788,0.3398225690750166,1.3357801802955787,16.046564099498383,418.8989219403347,1.0,0.1,0.0,0.0,0.7509705669559168,23333.40915167523,782.7905233190787,physics
2025-03-21 00:30:00,18.371858463918777,0.32575786003085744,1.4243932592548358,16.720735588150994,418.9678283748955,0.0,0.2,0.0,0.0,1.378878332868774,0.0,1401.8284364152173,physics
2025-03-21 00:35:00,18.11586107590268,0.33094194794779025,1.390915972702035,16.468588253234348,419.086431632367,0.0,0.1,0.0,0.0,0.7893527582412685,0.0,784.5214604464813,physics
2025-03-21 00:40:00,17.88934744894963,0.33495323156262063,1.3630262817976795,16.272633973325693,419.14652560826977,0.0,0.0,0.0,0.0,0.21555000895956952,0.0,209.9111817113706,physics
2025-03-21 00:45:00,17.689948447795125,0.3389007887010465,1.3380271114631919,16.08495245677823,419.16185614266846,1.0,0.1,0.0,0.0,0.7509705669559168,23333.40915167523,709.3308637639071,physics
2025-03-21 00:50:00,18.398528857827813,0.324223864827204,1.430022717029885,16.78987014703564,419.2143079233127,0.0,0.2,0.0,0.0,1.2558703463398155,0.0,1157.5232844762957,physics
2025-03-21 00:55:00,18.171045924623034,0.3290196014007376,1.399755265824107,16.556646976032955,419.29653520501813,0.0,0.1,0.0,0.0,0.6968655503247584,0.0,696.634570240276,physics
2025-03-21 01:00:00,17.94695068918537,0.3327819641274675,1.372441182998827,16.37033626307111,419.33738690347553,0.0,0.0,0.0,0.0,0.21555000895956952,0.0,211.13386746396523,physics
2025-03-21 01:05:00,17.74639023338226,0.33674329865888236,1.3471765892880385,16.180801429916187,419.34928909171657,0.0,0.0,0.0,0.0,0.21555000895956952,0.0,206.876773403965,physics
2025-03-21 01:10:00,17.549873679845167,0.34067625969836307,1.3226979953446139,15.995119963233273,419.36097748689247,1.0,0.1,0.0,0.0,0.6968655503247584,23333.40915167523,717.2517022398866,physics
2025-03-21 01:15:00,18.241334005938974,0.32566209206829694,1.4129800793088747,16.70831796862487,419.39808688483134,0.0,0.2,0.0,0.0,1.1014167091192437,0.0,1106.8790981835486,physics
2025-03-21 01:20:00,17.9995962280187,0.32939857901423597,1.3839750862617697,16.519135570397292,419.45333331503844,0.0,0.1,0.0,0.0,0.6584833590394067,0.0,647.2676238007607,physics
2025-03-21 01:25:00,17.78076936987387,0.33356896838880945,1.3565586930848803,16.316854316486218,419.4833308912875,0.0,0.0,0.0,0.0,0.21555000895956952,0.0,228.83249373833374,physics
2025-03-21 01:30:00,17.56339662054669,0.33765332397707204,1.3298966307614934,16.12079555462664,419.4926115605385,1.0,0.1,0.0,0.0,0.6584833590394067,23333.40915167523,743.4456090159952,physics
2025-03-21 01:35:00,18.234101279672757,0.32221048317998324,1.4195679411880389,16.85561641509126,419.5204537975347,0.0,0.1,0.0,0.0,0.7199873523038859,0.0,794.9022506917986,physics
2025-03-21 01:40:00,17.985575102051676,0.32571734724258544,1.3903460483421388,16.673623810858334,419.54922606425305,0.0,0.0,0.0,0.0,0.21555000895956952,0.0,211.95370883262254,physics
2025-03-21 01:45:00,17.784235861866133,0.3297183061124907,1.3646948523531028,16.4787002897816,419.55732309141047,0.0,0.0,0.0,0.0,0.21555000895956952,0.0,207.68008430376588,physics
2025-03-21 01:50:00,17.58695622658308,0.3336923296896249,1.3398395756858346,16.287723679962724,419.5652746757115,1.0,0.1,0.0,0.0,0.6584833590394067,23333.40915167523,680.2412316419368,physics
2025-03-21 01:55:00,18.279028886846838,0.3190412804135573,1.4302318686569595,16.99872074800328,419.5891296250279,0.0,0.2,0.0,0.0,1.1939039170357537,0.0,1203.7980394200079,physics
2025-03-21 02:00:00,18.03270847307136,0.3232577330107284,1.3995588100418064,16.784882638733535,419.630007937534,0.0,0.1,0.0,0.0,0.7047269629976618,0.0,694.889790762101,physics
2025-03-21 02:05:00,17.811354807298258,0.32707401635613764,1.3724204366997672,16.593927234871586,419.65173655274356,0.0,0.0,0.0,0.0,0.21555000895956952,0.0,208.25571074543046,physics
2025-03-21 02:10:00,17.613528372475656,0.3308722873850138,1.3477671346315516,16.40887619110323,419.6579922351749,1.0,0.1,0.0,0.0,0.6894665736914376,23333.40915167523,713.9689630971433,physics
2025-03-21 02:15:00,18.30386251939697,0.31589746044409867,1.439075001664421,17.1394078918125,419.6776424786574,0.0,0.2,0.0,0.0,1.0394502798151821,0.0,1051.2422885161498,physics
2025-03-21 02:20:00,18.063129018207952,0.3193864096184877,1.410258799340173,16.955972468076826,419.70556536330406,0.0,0.1,0.0,0.0,0.6737437483456309,0.0,666.4354400522096,physics
2025-03-21 02:25:00,17.842315308694914,0.3230596827574064,1.3833013913232572,16.769179643645863,419.7220964879516,0.0,0.0,0.0,0.0,0.21555000895956952,0.0,208.91287801234034,physics
2025-03-21 02:30:00,17.643864617005455,0.3268814939578789,1.358401495772776,16.581016627485063,419.7270883299943,1.0,0.1,0.0,0.0,0.6663447717123101,23333.40915167523,692.0703048023831,physics
2025-03-21 02:35:00,18.334397419942622,0.31228655298807584,1.4494440216668663,17.30282256837223,419.74224276869825,0.0,0.2,0.0,0.0,1.0708959305067955,0.0,1086.118353879833,physics
2025-03-21 02:40:00,18.091688176165643,0.3164547829571034,1.4188772100090712,17.087493389342228,419.7652453662032,0.0,0.1,0.0,0.0,0.7047269629976618,0.0,698.9748684509824,physics
2025-03-21 02:45:00,17.869033229335567,0.3205364090670964,1.3907946377446834,16.881271490422353,419.779031859547,0.0,0.0,0.0,0.0,0.21555000895956952,0.0,230.70598146213484,physics
2025-03-21 02:50:00,17.649880815019817,0.32459170694374884,1.363539560650529,16.679199572553994,419.78300099993487,1.0,0.1,0.0,0.0,0.6584833590394067,23333.40915167523,749.0436769555879,physics
2025-03-21 02:55:00,18.318692891273116,0.31033294650366616,1.4521306028190388,17.387709850572023,419.7949085191408,0.0,0.2,0.0,0.0,1.0708959305067955,0.0,1189.5652539370972,physics
2025-03-21 03:00:00,18.05286690446875,0.31416356655096284,1.4201645379790304,17.18309936782939,419.8132111551603,0.0,0.1,0.0,0.0,0.6894665736914376,0.0,749.0164068504827,physics
2025-03-21 03:05:00,17.809660475269137,0.31817826626785917,1.3904148100447673,16.975899252822913,419.8239432105649,0.0,0.0,0.0,0.0,0.21555000895956952,0.0,229.44573602815865,physics
2025-03-21 03:10:00,17.591705194325204,0.3223312933690972,1.3630930817114026,16.76856978314503,419.82710563077654,1.0,0.1,0.0,0.0,0.6584833590394067,23333.40915167523,745.278005331305,physics
2025-03-21 03:15:00,18.261790360812043,0.3083135077035832,1.4511932206965117,17.470575988697803,419.836592969527,0.0,0.2,0.0,0.0,1.0394502798151821,0.0,1148.9740133277742,physics
2025-03-21 03:20:00,17.998676386017504,0.31237085446401835,1.4190345242723692,17.255207362039677,419.85074742648936,0.0,0.1,0.0,0.0,0.6584833590394067,0.0,711.9374589729459,physics
2025-03-21 03:25:00,17.757986087887254,0.31650397023492466,1.3893002967479413,17.042210086314434,419.8589374544852,0.0,0.0,0.0,0.0,0.21555000895956952,0.0,228.34889604194765,physics
2025-03-21 03:30:00,17.541072718078755,0.3207528642600256,1.3619106642420455,16.83000592591533,419.86147129056434,1.0,0.1,0.0,0.0,0.6737437483456309,23333.40915167523,759.154192804167,physics
2025-03-21 03:35:00,18.21164104494657,0.3071763656886446,1.4490113945218985,17.515038271319202,419.8692490282267,0.0,0.0,0.0,0.0,0.21555000895956952,0.0,237.97817124105663,physics
2025-03-21 03:40:00,17.98558062617722,0.31147164231572727,1.41972066149564,17.293348129259908,419.8715976426548,0.0,0.0,0.0,0.0,0.21555000895956952,0.0,233.17981524365644,physics
2025-03-21 03:45:00,17.76407826565548,0.3157460243074242,1.3913747778479402,17.076138733333057,419.8739040700945,0.0,0.0,0.0,0.0,0.21555000895956952,0.0,228.47820854119246,physics
2025-03-21 03:50:00,17.547042059212096,0.31996877923607614,1.3639964475245752,16.864598231864253,419.8761690683296,1.0,0.1,0.0,0.0,0.6894665736914376,23333.40915167523,777.2301127543764,physics
2025-03-21 03:55:00,18.216835243112463,0.30646935201448644,1.4509630704044891,17.547572735773826,419.88328384234427,0.0,0.2,0.0,0.0,1.1014167091192437,0.0,1212.3108641090982,physics
2025-03-21 04:00:00,17.952071607301406,0.3111626270927493,1.4173677695693552,17.302677285566357,419.8939966028665,0.0,0.1,0.0,0.0,0.6584833590394067,0.0,708.9207607293904,physics
2025-03-21 04:05:00,17.712401188081106,0.31564653373753876,1.3870537067020163,17.07380543439971,419.89981339228433,1.0,0.2,0.0,0.0,1.1319374877316921,23333.40915167523,1292.3267418447676,physics
2025-03-21 04:10:00,18.36014373146845,0.3026681458360473,1.4720906514866425,17.739108105641566,419.90926380703786,0.0,0.2,0.0,0.0,1.1014167091192437,0.0,1227.799585623457,physics
2025-03-21 04:15:00,18.091997423486735,0.30790300119668285,1.436656587496165,17.46656749135566,419.9175920036254,0.0,0.1,0.0,0.0,0.6584833590394067,0.0,717.9780714932874,physics
2025-03-21 04:20:00,17.849264927955453,0.3126932412422148,1.405099383980999,17.22144950324658,419.9221140281474,0.0,0.0,0.0,0.0,0.21555000895956952,0.0,230.28637971140793,physics
2025-03-21 04:25:00,17.63051110207742,0.31704957277864404,1.377083047813712,17.001957725899672,419.92351305497493,1.0,0.1,0.0,0.0,0.6584833590394067,23333.40915167523,812.5192634950052,physics
2025-03-21 04:30:00,18.277863487376678,0.30333238900353876,1.4631186039114974,17.69782066494841,419.9277101700152,0.0,0.2,0.0,0.0,1.1014167091192437,0.0,1326.9863532082127,physics
2025-03-21 04:35:00,17.988055203092056,0.3076022650885495,1.427921350072967,17.466326366869723,419.9343452722356,0.0,0.1,0.0,0.0,0.6122397550811517,0.0,721.6167875428138,physics
2025-03-21 04:40:00,17.727867200918418,0.3120132435916374,1.3957772846133945,17.235660859621348,419.9376949751061,1.0,0.2,0.0,0.0,1.0089295012027337,23333.40915167523,1252.980426666059,physics
2025-03-21 04:45:00,18.357123978571604,0.2989091954422044,1.479745729654252,17.91119876027925,419.94293342324687,0.0,0.2,0.0,0.0,1.1014167091192437,0.0,1335.5527939633478,physics
2025-03-21 04:50:00,18.065444819359243,0.30340936704261545,1.443573945374377,17.66593301254233,419.9481712633442,0.0,0.1,0.0,0.0,0.6584833590394067,0.0,780.9887139686267,physics
2025-03-21 04:55:00,17.801409820171745,0.3079262682193284,1.4105882896887147,17.427157432578884,419.95101529339485,0.0,0.0,0.0,0.0,0.21555000895956952,0.0,229.27060771253153,physics
2025-03-21 05:00:00,17.583620897260413,0.3124669034838645,1.382229720937913,17.196799046574025,419.9518951812238,1.0,0.1,0.0,0.0,0.7047269629976618,23333.40915167523,796.9222852090516,physics
2025-03-21 05:05:00,18.2519818221157,0.3002439291479827,1.4672203020933305,17.83556379751386,419.9547202447939,0.0,0.2,0.0,0.0,1.1633831384233055,0.0,1284.2119432099441,physics
2025-03-21 05:10:00,17.983680155416486,0.30636444097868776,1.430080614310201,17.521384365282834,419.95911005343714,0.0,0.1,0.0,0.0,0.6275001443873759,0.0,677.5974435982947,physics
2025-03-21 05:15:00,17.744639950582748,0.31151176852154583,1.3982715234614904,17.260046607624247,419.96124825738485,1.0,0.2,0.0,0.0,1.1014167091192437,23333.40915167523,1261.1062730670642,physics
2025-03-21 05:20:00,18.39289155607579,0.3003149778159375,1.4800936903828068,17.851284888629596,419.9648050754535,0.0,0.2,0.0,0.0,1.1476603130774987,0.0,1357.1151600525116,physics
2025-03-21 05:25:00,18.106228455829207,0.30560696566626483,1.4427120158305033,17.57180744249719,419.96817106029715,0.0,0.1,0.0,0.0,0.6894665736914376,0.0,820.3992517841773,physics
2025-03-21 05:30:00,17.83984394045731,0.3105319809770863,1.408682087275964,17.315985178309,419.9699998094639,0.0,0.0,0.0,0.0,0.21555000895956952,0.0,230.08640993293352,physics
2025-03-21 05:35:00,17.62128007003455,0.31507620945507714,1.3802584032268852,17.086979249154968,419.9705386879088,1.0,0.1,0.0,0.0,0.6353615570602792,23333.40915167523,721.0165770477814,physics
2025-03-21 05:40:00,18.29167199252228,0.3027285027883607,1.4656559655295203,17.72718402371282,419.9720985700024,0.0,0.2,0.0,0.0,1.1014167091192437,0.0,1328.4787706719887,physics
2025-03-21 05:45:00,18.001537770488888,0.3074418067747953,1.4294635635042807,17.475310043341178,419.974659495103,0.0,0.1,0.0,0.0,0.6432229697331826,0.0,758.8944499247157,physics
2025-03-21 05:50:00,17.739612718739142,0.3123387772653795,1.3961496632398696,17.222804203580157,419.9760177946709,1.0,0.2,0.0,0.0,1.0089295012027337,23333.40915167523,1254.1437079839188,physics
2025-03-21 05:55:00,18.36859647340139,0.29992852926114144,1.4786574748885122,17.86578103819522,419.9780341575426,0.0,0.2,0.0,0.0,1.1014167091192437,0.0,1336.7927364087113,physics
2025-03-21 06:00:00,18.07664651593113,0.30550877146171435,1.4402366980945898,17.572311934779737,419.9800502863686,0.0,0.1,0.0,0.0,0.6122397550811517,0.0,726.9495106152469,physics
2025-03-21 06:05:00,17.814535733430986,0.31052755082586325,1.406448327575859,17.31286350019001,419.9810681203509,0.0,0.0,0.0,0.0,0.21555000895956952,0.0,250.7752073610398,physics
2025-03-21 06:10:00,17.576319143659884,0.3151903025789631,1.3761205501064784,17.07615858585116,419.98140818425327,1.0,0.1,0.0,0.0,0.6122397550811517,23333.40915167523,752.3245948097956,physics
2025-03-21 06:15:00,18.22693691752641,0.30260758902319207,1.4599677934243518,17.724029576115278,419.98235673831323,0.0,0.2,0.0,0.0,1.0089295012027337,0.0,1210.9612796901579,physics
2025-03-21 06:20:00,17.942723404065728,0.3081559425260779,1.4227175835041246,17.435521461215185,419.98384013891433,0.0,0.1,0.0,0.0,0.6122397550811517,0.0,718.8880557649956,physics
2025-03-21 06:25:00,17.68351928042983,0.31328084803309375,1.3893173126612848,17.173930903782708,419.9846646146971,1.0,0.2,0.0,0.0,1.0089295012027337,23333.40915167523,1248.5881888628628,physics
2025-03-21 06:30:00,18.31380691956384,0.3015634260957053,1.4701447098274194,17.783382861909473,419.9859539749175,0.0,0.2,0.0,0.0,1.0089295012027337,0.0,1219.9365237279746,physics
2025-03-21 06:35:00,18.03123891552375,0.3079760359686785,1.4310304230571753,17.45526704555047,300.0,0.0,0.1,0.0,0.0,0.6122397550811517,0.0,724.5319089155647,physics
2025-03-21 06:40:00,17.77524436415016,0.31371299581521367,1.3964906235713666,17.166835212880052,300.0,1.0,0.0,0.0,0.0,0.21555000895956952,23333.40915167523,269.66874057994823,physics
2025-03-21 06:45:00,18.448484987305413,0.3013302780961075,1.483103961491191,17.812160032179825,300.0,1.0,0.0,0.0,0.0,0.21555000895956952,23333.40915167523,305.21668372089295,physics
2025-03-21 06:50:00,19.08945396119523,0.2898178570814817,1.5691583399093143,18.437868259125732,300.0,1.0,0.0,0.0,0.0,0.21555000895956952,23333.40915167523,318.9647853931029,physics
2025-03-21 06:55:00,19.72409569572625,0.2793583063082391,1.6563668472334856,19.03507271084871,300.0,1.0,0.0,0.0,0.0,0.21555000895956952,23333.40915167523,332.51507351436715,physics
2025-03-21 07:00:00,20.349605934282106,0.2697064360533252,1.7447993689014152,19.611544838211366,300.0,1.0,0.0,0.0,0.0,0.21555000895956952,23333.40915167523,345.8715366010845,physics
2025-03-21 07:05:00,20.966168795297904,0.26087134596277795,1.8342510771248852,20.163594933464857,300.0,1.0,0.0,0.0,0.0,0.21555000895956952,23333.40915167523,359.06983856762616,physics
2025-03-21 07:10:00,21.575430601227197,0.2527922753782215,1.924856600250469,20.691418582185257,300.0,1.0,0.1,1.0,0.0,0.6122397550811517,23333.40915167523,1053.2443594808603,physics
2025-03-21 07:15:00,22.117547971921375,0.24401045499105298,2.0129810947568796,21.26504088995482,306.1223975508115,0.0,0.0,0.0,0.0,0.21555000895956952,0.0,343.11120675501746,physics
2025-03-21 07:20:00,21.838746074463156,0.2509790763340983,1.960815442380947,20.831645774952264,300.0,1.0,0.1,1.0,0.0,0.6122397550811517,23333.40915167523,1008.8998922065648,physics
2025-03-21 07:25:00,22.396852400163276,0.2427222404466462,2.050962217604109,21.382357111235628,306.1223975508115,0.0,0.2,1.0,0.0,1.0089295012027337,0.0,1623.9515668826523,physics
2025-03-21 07:30:00,22.015709758978424,0.2486248676679668,1.9883207708767465,20.989656767975656,315.69693693724673,0.0,0.1,0.0,0.0,0.6122397550811517,0.0,968.6601407659408,physics
2025-03-21 07:35:00,21.742867530021098,0.25745118313727755,1.9325278986025851,20.463739253921307,300.0,1.0,0.2,1.0,0.0,1.0089295012027337,23333.40915167523,1650.627848034305,physics
2025-03-21 07:40:00,22.27879616197621,0.24927869888488333,2.0186655525793333,20.994066149954442,310.0892950120273,0.0,0.1,0.3,0.0,0.6122397550811517,0.0,984.0004458556012,physics
2025-03-21 07:45:00,21.992181381942032,0.25760778899252995,1.9617346405630296,20.4931281390487,300.0,0.0,0.0,0.0,0.0,0.21555000895956952,0.0,341.76804334185687,physics
2025-03-21 07:50:00,21.77674278276435,0.2670658738011052,1.9114548641795996,19.958402308704994,300.0,1.0,0.1,1.0,0.0,0.6432229697331826,23333.40915167523,992.679636999722,physics
2025-03-21 07:55:00,22.356120331768622,0.2578989373906168,2.004889570299529,20.53265696945724,306.4322296973318,0.0,0.2,1.0,0.0,1.1014167091192437,0.0,1659.683066148345,physics
2025-03-21 08:00:00,21.993652473155144,0.2634609552422549,1.946442462795116,20.180305743870292,316.8560163497297,0.0,0.1,0.0,0.0,0.7047269629976618,0.0,1048.5158174045332,physics
2025-03-21 08:05:00,21.804305434301824,0.27460396171191404,1.8949818185835499,19.57341657622388,300.0,0.0,0.0,0.0,0.0,0.21555000895956952,0.0,296.40791003034605,physics
2025-03-21 08:10:00,21.682822155048477,0.28578471488505586,1.8519829060675153,18.99618890452193,300.0,1.0,0.1,1.0,0.0,0.7047269629976618,23333.40915167523,1011.580502313081,physics
2025-03-21 08:15:00,22.282804778947312,0.2747995656014166,1.9505162264750495,19.633033386247156,307.0472696299766,0.0,0.2,0.9,0.0,1.286391124952264,0.0,1803.8855218521655,physics
2025-03-21 08:20:00,21.95307330873949,0.28013887904135,1.8976676867039037,19.31503562892874,300.0,0.0,0.1,0.0,0.0,0.6584833590394067,0.0,850.6192071157161,physics
2025-03-21 08:25:00,21.853586338106002,0.2926055705008767,1.8535217770902275,18.68797610563071,300.0,0.0,0.0,0.0,0.0,0.21555000895956952,0.0,277.2123871764782,physics
2025-03-21 08:30:00,21.79671582490448,0.3050308539732078,1.8146554840530738,18.092071295687063,300.0,0.0,0.0,0.0,0.0,0.21555000895956952,0.0,276.2910566461446,physics
2025-03-21 08:35:00,21.754185239970763,0.3177744913359751,1.776760446408271,17.50501133275517,300.0,0.0,0.0,0.0,0.0,0.21555000895956952,0.0,254.43223821248404,physics
2025-03-21 08:40:00,21.745135497955943,0.33064351260780017,1.7422817623802374,16.937326003514073,300.0,0.0,0.0,0.0,0.0,0.21555000895956952,0.0,254.525950852791,physics
2025-03-21 08:45:00,21.749461473571333,0.34368209938148875,1.708794727594698,16.38338201121454,300.0,0.0,0.0,0.0,0.0,0.21555000895956952,0.0,254.95121005816708,physics
2025-03-21 08:50:00,21.769092346702763,0.35702938551516966,1.6760515288622133,15.836976550088117,300.0,0.0,0.0,0.0,0.0,0.21555000895956952,0.0,255.55842966916316,physics
2025-03-21 08:55:00,21.797122900764112,0.37034340614571104,1.6441567108557296,15.310476205774691,300.0,0.0,0.0,0.0,0.0,0.21555000895956952,0.0,256.4074524534202,physics
2025-03-21 09:00:00,21.8363156057138,0.38379574236640773,1.6128836827856905,14.796274665852144,300.0,0.0,0.0,0.0,0.0,0.21555000895956952,0.0,236.2674137753857,physics
2025-03-21 09:05:00,21.90660840795673,0.3971419590902657,1.5847322985249905,14.304802183682265,300.0,0.0,0.0,0.0,0.0,0.21555000895956952,0.0,238.0293724904854,physics
2025-03-21 09:10:00,21.987944185199577,0.4106023823703623,1.5570518076603201,13.82444433473479,300.0,0.0,0.0,0.4,0.0,0.21555000895956952,0.0,237.27885097602604,physics
2025-03-21 09:15:00,21.95329850922948,0.42017172442342243,1.5285399624578078,13.481741489399111,300.0,0.0,0.1,0.1,0.0,0.7819537816079476,0.0,864.3916702004772,physics
2025-03-21 09:20:00,21.999258963377667,0.4273967394673503,1.5137286152215426,13.23475570874762,300.0,0.0,0.0,0.5,0.0,0.21555000895956952,0.0,237.11413164951765,physics
2025-03-21 09:25:00,21.945694713332525,0.4360359821815087,1.4860295729171973,12.933513273138587,300.0,0.0,0.1,0.3,0.0,0.7893527582412685,0.0,790.57643410113,physics
2025-03-21 09:30:00,21.965673899256007,0.44102139289123893,1.474688432874079,12.76700947843284,300.0,0.0,0.2,0.3,0.0,1.378878332868774,0.0,1381.271054848245,physics
2025-03-21 09:35:00,21.967515093888217,0.4393061614178384,1.4793795783573083,12.824951670970343,300.0,0.0,0.1,0.4,0.0,0.8281973855662027,0.0,829.12449339951,physics
2025-03-21 09:40:00,21.961387349175148,0.44221281477382146,1.4711607244949771,12.72659117667861,300.0,0.0,0.0,0.5,0.0,0.21555000895956952,0.0,215.528861479629,physics
2025-03-21 09:45:00,21.949272543380914,0.4507599224480148,1.4475481536977792,12.441202575102423,300.0,0.0,0.1,0.5,0.0,0.7199873523038859,0.0,647.207363367816,physics
2025-03-21 09:50:00,21.944426928833387,0.45366187324397667,1.4394745571663021,12.34532707062741,300.0,0.0,0.1,0.5,0.0,0.8281973855662027,0.0,744.1986939582205,physics
2025-03-21 09:55:00,21.941059532414563,0.4545921835287537,1.4367283686363208,12.31453802715607,300.0,0.0,0.0,0.6,0.0,0.21555000895956952,0.0,193.28867503667962,physics
2025-03-21 10:00:00,21.92261803958295,0.4615243583917056,1.4168731434426147,12.087479056147924,300.0,0.0,0.1,0.5,0.0,0.7357101776496926,0.0,660.2946475143709,physics
2025-03-21 10:05:00,21.930277430926356,0.4632822388013673,1.4129075070125166,12.031502314986465,300.0,0.0,0.0,0.6,0.0,0.21555000895956952,0.0,189.65463334906232,physics
2025-03-21 10:10:00,21.9248629141863,0.4701742935076275,1.3943037286075082,11.81062748102474,300.0,0.0,0.1,0.6,0.0,0.7357101776496926,0.0,585.7249878398912,physics
2025-03-21 10:15:00,21.92174623757245,0.4699479095695712,1.3946343802868015,11.817543499558084,300.0,0.0,0.1,0.6,0.0,0.7972141709141718,0.0,634.9524130320663,physics
2025-03-21 10:20:00,21.925015245007103,0.4687710402089423,1.3980095553792742,11.85528088114432,300.0,0.0,0.0,0.7,0.0,0.21555000895956952,0.0,171.20768575102727,physics
2025-03-21 10:25:00,21.90331241655764,0.47412376168239084,1.3820924363069447,11.683715211360795,300.0,0.0,0.1,0.6,0.0,0.6968655503247584,0.0,554.3105688400178,physics
2025-03-21 10:30:00,21.91476640736365,0.47419541463483006,1.382869862203081,11.682465141915872,300.0,0.0,0.0,0.7,0.0,0.21555000895956952,0.0,171.0806481169688,physics
2025-03-21 10:35:00,21.89744808805965,0.47946326868148625,1.3675700305657326,11.515667665847339,300.0,0.0,0.1,0.6,0.0,0.7509705669559168,0.0,597.2098448230647,physics
2025-03-21 10:40:00,21.91294196753947,0.4774702909562137,1.3741040052048064,11.579359291364613,300.0,0.0,0.2,0.7,0.0,1.1319374877316921,0.0,784.2429116410648,physics
2025-03-21 10:45:00,21.89385424610981,0.4688012758821632,1.395275639634318,11.851533141585934,300.0,0.0,0.1,0.7,0.0,0.7047269629976618,0.0,488.1374156382503,physics
2025-03-21 10:50:00,21.89215677538157,0.4670893454262283,1.3996273574087246,11.905983900813213,300.0,0.0,0.1,0.7,0.0,0.7278487649767893,0.0,503.9219562187004,physics
2025-03-21 10:55:00,21.888998181176305,0.4647397078476732,1.4055275657894732,11.980928122827514,300.0,0.0,0.1,0.7,0.0,0.7819537816079476,0.0,541.3876350483117,physics
2025-03-21 11:00:00,21.88907934071817,0.4619015376001136,1.4129872466005309,12.072251746293585,300.0,0.0,0.0,0.8,0.0,0.21555000895956952,0.0,127.25619733589852,physics
2025-03-21 11:05:00,21.874417845652594,0.4652054944496535,1.4030559290255429,11.964673466760575,300.0,0.0,0.1,0.7,0.0,0.7972141709141718,0.0,472.73684379880586,physics
2025-03-21 11:10:00,21.900358226991848,0.4614758608756912,1.415078266823678,12.087017513287103,300.0,0.0,0.1,0.8,0.0,0.6663447717123101,0.0,393.4146791497695,physics
2025-03-21 11:15:00,21.874697436026924,0.4582563112132135,1.4213116478363033,12.188940177225309,300.0,0.0,0.0,0.8,0.0,0.21555000895956952,0.0,127.03031672904012,physics
2025-03-21 11:20:00,21.863990714434667,0.4614768769303601,1.4119395951856295,12.083672236614511,300.0,0.0,0.0,0.8,0.0,0.21555000895956952,0.0,105.60564705323934,physics
2025-03-21 11:25:00,21.874982206279032,0.4643002578567163,1.405479246258133,11.993767748151635,300.0,0.0,0.1,0.8,0.0,0.7125883756705651,0.0,349.17772481204685,physics
2025-03-21 11:30:00,21.875753437236337,0.45958554918140865,1.417915622361113,12.1459137482789,300.0,0.0,0.2,0.8,0.0,1.286391124952264,0.0,629.1359242814493,physics
2025-03-21 11:35:00,21.866372930166495,0.4453276448661234,1.454492230579443,12.6134200852141,300.0,0.0,0.1,0.8,0.0,0.7047269629976618,0.0,344.9578025406727,physics
2025-03-21 11:40:00,21.87056140306884,0.4415073969060525,1.4648841891580928,12.741554396352969,300.0,0.0,0.2,0.8,0.0,1.1319374877316921,0.0,498.0062820614407,physics
2025-03-21 11:45:00,21.877703223347634,0.43263050798474306,1.4888161580572945,13.042865731397333,300.0,0.0,0.1,0.9,0.0,0.8818399661577785,0.0,340.7857560145733,physics
2025-03-21 11:50:00,21.845258975611486,0.4251025529331094,1.5055866519459762,13.298847633305977,300.0,0.0,0.0,0.8,0.0,0.21555000895956952,0.0,105.33507064196235,physics
2025-03-21 11:55:00,21.86249182127387,0.4282506305486136,1.498917528552931,13.191690939402111,300.0,0.0,0.0,0.9,0.0,0.21555000895956952,0.0,83.2125718971604,physics
2025-03-21 12:00:00,21.84127003296391,0.4293082788582925,1.4942086043577367,13.153169220262274,300.0,0.0,0.1,0.8,0.0,0.858718164178651,0.0,334.0260021995639,physics
2025-03-21 12:05:00,21.870468742337586,0.4236687790136134,1.5116649994263371,13.351195852685578,300.0,0.0,0.1,0.9,0.0,0.9280835701160335,0.0,358.1715314338509,physics
2025-03-21 12:10:00,21.840059182081113,0.4150956277209303,1.531307599009363,13.64914856656384,300.0,0.0,0.2,0.8,0.0,1.5638527487017941,0.0,606.3794723924094,physics
2025-03-21 12:15:00,21.85818076284865,0.40108340774036055,1.5697270854515775,14.155035750815157,300.0,0.0,0.2,0.8,0.0,1.6563399566183041,0.0,644.9259250558074,physics
2025-03-21 12:20:00,21.87430935177197,0.3867388383439949,1.6089058595246766,14.689117684891531,300.0,0.0,0.2,0.9,0.0,1.6563399566183041,0.0,475.81404888290535,physics
2025-03-21 12:25:00,21.85839155734359,0.3736603177043554,1.6416225937678481,15.18806643018248,300.0,0.0,0.1,0.9,0.0,0.8975627915035852,0.0,257.02396418426235,physics
2025-03-21 12:30:00,21.84932976740123,0.36919695173603373,1.6524070528924808,15.361437726688617,300.0,0.0,0.1,0.9,0.0,0.9821885867471919,0.0,280.4208976613878,physics
2025-03-21 12:35:00,21.840857372832826,0.3630538863409919,1.6676365923096568,15.603546170253901,300.0,0.0,0.0,0.9,0.0,0.21555000895956952,0.0,61.5670649462299,physics
2025-03-21 12:40:00,21.84206720455381,0.36437835550538056,1.664291768059949,15.550972551014574,300.0,0.0,0.0,0.9,0.0,0.21555000895956952,0.0,61.58956923937372,physics
2025-03-21 12:45:00,21.843106050786965,0.36567401674390704,1.6610045438421208,15.499687866619901,300.0,0.0,0.0,0.9,0.0,0.21555000895956952,0.0,61.58462733255878,physics
2025-03-21 12:50:00,21.84287792181413,0.3667523022378591,1.6581579322527995,15.457002476433221,300.0,0.0,0.1,0.9,0.0,0.8434577748724268,0.0,157.6558362187744,physics
2025-03-21 12:55:00,21.859861672961376,0.36215800285417965,1.6719198739891628,15.641523588800451,300.0,0.0,0.0,1.0,0.0,0.21555000895956952,0.0,39.47740370194752,physics
2025-03-21 13:00:00,21.82236126539774,0.3608035099441232,1.6716404697791025,15.6913296264877,302.1555000895957,0.0,0.0,0.9,0.0,0.21555000895956952,0.0,39.92942412330085,physics
2025-03-21 13:05:00,21.843227493411675,0.3614979932306832,1.6719519964604026,15.665966197968691,300.0,0.0,0.1,0.9,0.0,0.8975627915035852,0.0,167.54001448896926,physics
2025-03-21 13:10:00,21.857323895961773,0.3554014241843532,1.6893686967389043,15.913437967451596,300.0,0.0,0.0,1.0,0.0,0.21555000895956952,0.0,39.42353687487358,physics
2025-03-21 13:15:00,21.8198746576185,0.3539920608248502,1.6891975351793755,15.966320002365961,302.1555000895957,0.0,0.0,0.9,0.0,0.21555000895956952,0.0,39.84329980415605,physics
2025-03-21 13:20:00,21.839251810907243,0.3546018208679357,1.6896000280855499,15.943798364868186,300.0,0.0,0.1,0.9,0.0,0.904961768136906,0.0,168.58963767652907,physics
2025-03-21 13:25:00,21.8536792289644,0.34829783173808987,1.707606050288047,16.204151547115764,300.0,0.0,0.2,0.9,0.0,1.332634728910519,0.0,249.63058056146878,physics
2025-03-21 13:30:00,21.86389137237676,0.33885400727080345,1.7334307613470894,16.600695762541804,300.0,0.0,0.3,1.0,0.0,1.984126732842086,0.0,167.6072199702869,physics
2025-03-21 13:35:00,21.840537806601585,0.32249250098831145,1.773798818412363,17.30614384669639,319.8412673284209,0.0,0.2,1.0,0.0,1.316911903564712,0.0,108.52592145122952,physics
2025-03-21 13:40:00,21.81999404213339,0.313553723697859,1.794949778067296,17.70392028758091,330.83295293685075,0.0,0.1,0.9,0.0,0.7819537816079476,0.0,67.19256891096269,physics
2025-03-21 13:45:00,21.855015719546287,0.3097690742385025,1.808707542387592,17.88116784114752,300.0,0.0,0.1,1.0,0.0,0.8434577748724268,0.0,70.8394058585152,physics
2025-03-21 13:50:00,21.835690571637198,0.30302791814349084,1.8242198205819005,18.190689211561306,308.4345777487243,0.0,0.2,0.9,0.0,1.5176091447435391,0.0,132.36065986947685,physics
2025-03-21 13:55:00,21.867826538737113,0.293611660863866,1.852494479673508,18.641508349300203,300.0,0.0,0.3,1.0,0.0,2.099273306698141,0.0,178.06000952752183,physics
2025-03-21 14:00:00,21.843978429431015,0.2791487253316393,1.8876745025425974,19.349081112466187,320.99273306698143,0.0,0.2,1.0,0.0,1.4093991114812223,0.0,116.58022307215164,physics
2025-03-21 14:05:00,21.8230473612292,0.2697614573330803,1.9098155833598969,19.82501311829781,332.6211292374465,0.0,0.2,0.9,0.0,1.6100963526600491,0.0,138.5510153632873,physics
2025-03-21 14:10:00,21.85623265093036,0.2639889883239596,1.928814649013006,20.13184215062708,300.0,0.0,0.1,1.0,0.0,0.858718164178651,0.0,72.21934724605495,physics
2025-03-21 14:15:00,21.83682924163754,0.25898552872608976,1.9396289431936036,20.39538396958308,308.5871816417865,0.0,0.2,0.9,0.0,1.316911903564712,0.0,114.91516910841908,physics
2025-03-21 14:20:00,21.86826955956325,0.2559823230355724,1.9512296817409875,20.56229059180133,300.0,0.0,0.2,1.0,0.0,1.3483575542563258,0.0,114.76904637081638,physics
2025-03-21 14:25:00,21.84694193858208,0.24991917272818948,1.9645724132376579,20.891546599396374,313.48357554256324,0.0,0.3,0.9,0.0,1.845395920967321,0.0,162.3345829561313,physics
2025-03-21 14:30:00,21.87529698304734,0.24463436379837813,1.9818398808123168,21.191681753311137,300.0,0.0,0.3,1.0,0.0,2.099273306698141,0.0,179.59278978449498,physics
2025-03-21 14:35:00,21.85124358389987,0.23728869438525035,1.9981779303224332,21.608436579613812,320.99273306698143,0.0,0.4,0.9,0.0,2.7271810726109984,0.0,239.9300743062078,physics
2025-03-21 14:40:00,21.875396191115097,0.23116487973446773,2.0171917444384517,21.971826827620333,300.0,0.0,0.2,1.0,0.0,1.7488271645348141,0.0,149.83853184847283,physics
2025-03-21 14:45:00,21.852531739782027,0.2267997350349246,2.025816502659649,22.229528240394234,317.48827164534816,0.0,0.2,0.9,0.0,1.5333319700893457,0.0,135.55341281042337,physics
2025-03-21 14:50:00,21.879646549820226,0.22691336201546317,2.02887246870056,22.227118403777055,300.0,0.0,0.2,1.0,0.0,1.5018863193977323,0.0,129.4329301498787,physics
2025-03-21 14:55:00,21.857514870202728,0.22490815800511482,2.0313900810021726,22.34501476918704,315.0188631939773,0.0,0.3,0.9,0.0,1.9605424948233758,0.0,173.3908194464526,physics
2025-03-21 15:00:00,21.880002239223217,0.2230230096837478,2.0391264752343226,22.46387415050537,300.0,0.0,0.2,1.0,0.0,1.4408447621728357,0.0,124.25277863833396,physics
2025-03-21 15:05:00,21.858070271386058,0.22043175228806808,2.0431912544497615,22.61990478896134,314.4084476217283,0.0,0.2,1.0,0.0,1.5943735273142425,0.0,0.0,physics
2025-03-21 15:10:00,21.861692176825116,0.21789993310777594,2.0502800124191998,22.778130317327395,328.4378122733893,0.0,0.1,1.0,0.0,0.8203359728932993,0.0,0.0,physics
2025-03-21 15:15:00,21.864805801366664,0.21675089238685522,2.0536823389540397,22.85072492465433,334.6971253024683,0.0,0.2,0.9,0.0,1.5018863193977323,0.0,133.82079763758082,physics
2025-03-21 15:20:00,21.88658522822388,0.21675630318842393,2.0563987117660716,22.854056130578783,300.0,0.0,0.1,1.0,0.0,0.858718164178651,0.0,74.77944971001928,physics
2025-03-21 15:25:00,21.86649398779115,0.2150646631788782,2.0583156359781976,22.957390567608215,308.5871816417865,0.0,0.0,0.9,0.0,0.21555000895956952,0.0,19.273415950981356,physics
2025-03-21 15:30:00,21.889702041860332,0.21663158738490554,2.057117238839729,22.862425633895544,300.0,0.0,0.0,1.0,0.0,0.21555000895956952,0.0,18.88480589260292,physics
2025-03-21 15:35:00,21.87176297162462,0.21637909925299825,2.055529501310783,22.875291215346323,302.1555000895957,0.0,0.0,0.9,0.0,0.21555000895956952,0.0,19.361438480845568,physics
2025-03-21 15:40:00,21.893765349825514,0.2178726225747715,2.0543674328735255,22.78523021169857,300.0,0.0,0.0,1.0,0.0,0.21555000895956952,0.0,18.971053623409414,physics
2025-03-21 15:45:00,21.87574435107492,0.21759941293364296,2.052827045439829,22.79931041864716,302.1555000895957,0.0,0.0,0.9,0.0,0.21555000895956952,0.0,19.412603588496147,physics
2025-03-21 15:50:00,21.896127240466203,0.2190021648109642,2.051696103625115,22.715082491099455,300.0,0.0,0.1,0.9,0.0,0.8355963621995235,0.0,76.4980390730532,physics
2025-03-21 15:55:00,21.910935653353263,0.2194032392154587,2.0524955262771876,22.692590348307377,300.0,0.0,0.0,1.0,0.0,0.21555000895956952,0.0,19.335510299894704,physics
2025-03-21 16:00:00,21.89256844961891,0.21927529473689733,2.050533401277102,22.697476695186662,302.1555000895957,0.0,0.0,0.9,0.0,0.21555000895956952,0.0,19.668093102664795,physics
2025-03-21 16:05:00,21.907921182080283,0.2206115716787192,2.048941594875366,22.617090465946493,300.0,0.0,0.1,0.9,0.0,0.7278487649767893,0.0,67.3440423790395,physics
2025-03-21 16:10:00,21.9206445159554,0.22156186708190548,2.048031997269235,22.560483418715886,300.0,0.0,0.0,1.0,0.0,0.21555000895956952,0.0,19.541590512204802,physics
2025-03-21 16:15:00,21.902081552337474,0.221228059438633,2.0465918127358638,22.577994977210277,302.1555000895957,0.0,0.0,0.9,0.0,0.21555000895956952,0.0,19.811269853650185,physics
2025-03-21 16:20:00,21.914530526683368,0.2223535307002128,2.045186415486587,22.51071075560173,300.0,0.0,0.1,0.9,0.0,0.9512053720951611,0.0,88.17367348732033,physics
2025-03-21 16:25:00,21.922356002906056,0.22201614504887718,2.0470504692274476,22.532771219031034,300.0,0.0,0.2,0.9,0.0,1.5176091447435391,0.0,141.3328033723319,physics
2025-03-21 16:30:00,21.92665266009986,0.220559372507068,2.05142103198669,22.623449422471463,300.0,0.0,0.2,0.9,0.0,1.7645499898806207,0.0,164.7071967116359,physics
2025-03-21 16:35:00,21.928779342392637,0.22017614682335307,2.0526958511087328,22.647558377721936,300.0,0.0,0.2,0.9,0.0,1.6563399566183041,0.0,154.8699401525679,physics
2025-03-21 16:40:00,21.930361199837854,0.21991348280664808,2.053585341130349,22.664125043309067,300.0,0.0,0.1,0.9,0.0,0.8744409895244577,0.0,82.08716318550474,physics
2025-03-21 16:45:00,21.934068397036484,0.22040568621816262,2.052753624210798,22.63420943345428,300.0,0.0,0.0,0.9,0.0,0.21555000895956952,0.0,20.31715306173603,physics
2025-03-21 16:50:00,21.937883175965755,0.22142442776328342,2.0505481212959866,22.571834870914618,300.0,0.0,0.1,0.7,0.0,0.7893527582412685,0.0,155.38336912947142,physics
2025-03-21 16:55:00,21.958697374875143,0.22358435467023272,2.047456304714366,22.442529310072782,300.0,0.0,0.2,0.8,0.0,1.6258191780058557,0.0,318.4935420121793,physics
2025-03-21 17:00:00,21.94922658875108,0.22338356743297355,2.046803536481191,22.453254435169377,300.0,0.0,0.2,0.7,0.0,1.2558703463398155,0.0,247.22714121370262,physics
2025-03-21 17:05:00,21.958778277976457,0.22447762025172005,2.0451107954962096,22.387964270066444,300.0,0.0,0.3,0.7,0.0,1.9605424948233758,0.0,386.6836304125934,physics
2025-03-21 17:10:00,21.96251717201863,0.22430473504805448,2.046033052590359,22.39913066656227,300.0,0.0,0.2,0.7,0.0,1.5333319700893457,0.0,302.7745582567644,physics
2025-03-21 17:15:00,21.96479446752392,0.22576771064634898,2.0424577493163953,22.31046878502924,300.0,0.0,0.1,0.7,0.0,0.9512053720951611,0.0,188.12736096767514,physics
2025-03-21 17:20:00,21.96793888511816,0.22675715824763035,2.04023862132348,22.25105522471904,300.0,0.0,0.2,0.6,0.0,1.5333319700893457,0.0,304.3117929082833,physics
2025-03-21 17:25:00,21.974770041944637,0.22810272722455183,2.0375366227240423,22.17104161934224,300.0,0.0,0.1,0.5,0.0,0.8355963621995235,0.0,208.42737582588381,physics
2025-03-21 17:30:00,21.981945028595355,0.23007915208172272,2.033208657836114,22.053798813865196,300.0,0.0,0.2,0.2,0.0,1.7950707684930691,0.0,540.2055274030027,physics
2025-03-21 17:35:00,21.994410845237415,0.230350860951736,2.0340361123637685,22.039618816581864,300.0,0.0,0.2,0.3,0.0,1.286391124952264,0.0,386.6631335230863,physics
2025-03-21 17:40:00,21.99084336698651,0.23106410499364669,2.0317093044426926,21.99656653426916,300.0,0.0,0.1,0.3,0.0,0.8513191875453302,0.0,255.89228234880073,physics
2025-03-21 17:45:00,21.990878041300572,0.23270823387682146,2.027369414529264,21.89910893366645,300.0,0.0,0.0,0.0,0.0,0.21555000895956952,0.0,65.04037997632756,physics
2025-03-21 17:50:00,22.00240284418103,0.2362098745953863,2.0195353596260643,21.695393774225717,300.0,0.0,0.0,0.1,0.0,0.21555000895956952,0.0,64.91505003218481,physics
2025-03-21 17:55:00,21.996617346296606,0.2387688459429977,2.0120595641964094,21.545933270843793,300.0,0.0,0.0,0.0,0.0,0.21555000895956952,0.0,64.70174303420478,physics
2025-03-21 18:00:00,21.986770639717523,0.24125380417105674,2.004288094717598,21.40147861578984,300.0,0.0,0.0,0.0,0.0,0.21555000895956952,0.0,64.2863241271172,physics
2025-03-21 18:05:00,21.967594015770672,0.24329026232017534,1.9965732488571755,21.282328788304504,300.0,0.0,0.0,0.0,0.0,0.21555000895956952,0.0,84.91473556039212,physics
2025-03-21 18:10:00,21.919845542910323,0.24499189425295242,1.9862919732010145,21.17847791081473,300.0,0.0,0.0,0.0,0.0,0.21555000895956952,0.0,83.72656999168917,physics
2025-03-21 18:15:00,21.86499728273518,0.2464634881418531,1.9757988751418496,21.087079283908754,300.0,0.0,0.0,0.0,0.0,0.21555000895956952,0.0,82.45121605136099,physics
2025-03-21 18:20:00,21.80612422112065,0.24783417089494814,1.9651317993940174,21.001188429987575,300.0,0.0,0.0,0.0,0.0,0.21555000895956952,0.0,81.09043171932531,physics
2025-03-21 18:25:00,21.74330751017419,0.248964363585243,1.9546678770488366,20.928485151807582,300.0,0.0,0.0,0.0,0.0,0.21555000895956952,0.0,79.67769534779922,physics
2025-03-21 18:30:00,21.67809258213269,0.2499196933896937,1.944420071872326,20.86539850761342,300.0,0.0,0.1,0.0,0.0,0.7972141709141718,0.0,288.72718677625176,physics
2025-03-21 18:35:00,21.603683220799496,0.24972107278104064,1.9361098610303906,20.864886442322742,300.0,0.0,0.2,0.0,0.0,1.5333319700893457,0.0,692.281940048663,physics
2025-03-21 18:40:00,21.49242411121229,0.24760871472351317,1.9283935971517745,20.964985287546693,300.0,0.0,0.2,0.0,0.0,1.471365540785284,0.0,647.6698232178564,physics
2025-03-21 18:45:00,21.37992849110392,0.2458165527758067,1.9197212268056387,21.047639977069615,314.71365540785285,0.0,0.2,0.0,0.0,1.5333319700893457,0.0,657.8824596408871,physics
2025-03-21 18:50:00,21.269195616783843,0.24524430425713983,1.9081879028361448,21.062442604765675,328.1668985892681,0.0,0.2,0.0,0.0,1.286391124952264,0.0,538.5070231822245,physics
2025-03-21 18:55:00,21.165357435774375,0.24598388051772777,1.8942186203568079,21.004792668195968,338.011339141902,0.0,0.2,0.0,0.0,1.4556427154394773,0.0,594.1370060011635,physics
2025-03-21 19:00:00,21.061306350990016,0.24671884155873694,1.8803271129860497,20.947543668326077,347.9568555524627,0.0,0.2,0.0,0.0,1.4408447621728357,0.0,692.0447538926622,physics
2025-03-21 19:05:00,20.93915291948868,0.24721643380616665,1.865039140525014,20.900851271546514,356.6071044964373,0.0,0.2,0.0,0.0,1.471365540785284,0.0,712.0744210741834,physics
2025-03-21 19:10:00,20.815470680961564,0.24848047879058885,1.8478030548718005,20.811582627251916,364.379947994316,0.0,0.2,0.0,0.0,1.378878332868774,0.0,650.8441817615353,physics
2025-03-21 19:15:00,20.696615615528238,0.2500710348167703,1.8304549384762434,20.705553649203537,370.77105504295537,0.0,0.2,0.0,0.0,1.286391124952264,0.0,592.4208495404064,physics
2025-03-21 19:20:00,20.582381444458676,0.25218136607453584,1.8125059196417492,20.57253035794766,376.0483615332475,0.0,0.2,0.0,0.0,1.378878332868774,0.0,619.3405586559223,physics
2025-03-21 19:25:00,20.469279469074447,0.25427793536304905,1.794865870258432,20.44146862518181,381.0986916979047,0.0,0.2,0.0,0.0,1.378878332868774,0.0,604.0540441069719,physics
2025-03-21 19:30:00,20.35896906767655,0.2571844022855849,1.7757427707666444,20.268480335048896,385.56870595940535,0.0,0.2,0.0,0.0,1.224424695648202,0.0,564.3052342553659,physics
2025-03-21 19:35:00,20.245808727342553,0.25932551133710063,1.7582938674237758,20.137407799342697,389.0819165199411,0.0,0.2,0.0,0.0,1.332634728910519,0.0,576.9174787464619,physics
2025-03-21 19:40:00,20.137611306236174,0.26171845821622,1.7409316883863335,19.994852413762953,392.5154591696812,0.0,0.2,0.0,0.0,1.3483575542563258,0.0,679.0964208594934,physics
2025-03-21 19:45:00,20.011414291172006,0.26279368190293934,1.724877123950149,19.91964737362736,395.60370819083346,0.0,0.2,0.0,0.0,1.316911903564712,0.0,647.048055961027,physics
2025-03-21 19:50:00,19.888929241669427,0.263941893833131,1.7091774610583328,19.84150478735323,398.2810221146943,0.0,0.2,0.0,0.0,1.316911903564712,0.0,631.2334159093065,physics
2025-03-21 19:55:00,19.76943787548257,0.2659512222399381,1.6919339553528419,19.719573253791705,400.66452049056244,0.0,0.2,0.0,0.0,1.4093991114812223,0.0,658.8108322002744,physics
2025-03-21 20:00:00,19.651153537903774,0.26795536338734144,1.6749776799608143,19.598964328683355,402.9354711272845,0.0,0.2,0.0,0.0,1.4408447621728357,0.0,656.7241822795742,physics
2025-03-21 20:05:00,19.53523457173269,0.2708336016815808,1.656425725581194,19.435113282847816,404.98441588105106,0.0,0.2,0.0,0.0,1.316911903564712,0.0,585.566178022091,physics
2025-03-21 20:10:00,19.424387932690486,0.27346912512707233,1.6391073769627078,19.285824467394832,406.63226600315284,0.0,0.2,0.0,0.0,1.3483575542563258,0.0,584.8215893516492,physics
2025-03-21 20:15:00,19.31571008275004,0.2760245299864872,1.6223375585285948,19.142188537735066,408.13430642964767,0.0,0.2,0.0,0.0,1.378878332868774,0.0,583.2980789671383,physics
2025-03-21 20:20:00,19.209190068765842,0.27850111700557717,1.6061013809494584,19.004003899586976,409.4977520770326,0.0,0.2,0.0,0.0,1.3946011582145807,0.0,575.3520946462651,physics
2025-03-21 20:25:00,19.105042097821833,0.28089092469354354,1.5904272380286297,18.871564729444266,410.7182893368015,0.0,0.2,0.0,0.0,1.378878332868774,0.0,689.981762354242,physics
2025-03-21 20:30:00,18.97903985364342,0.2823838942503955,1.5747024888624552,18.780762107423012,411.7848184805883,0.0,0.2,0.0,0.0,1.286391124952264,0.0,628.0452269158542,physics
2025-03-21 20:35:00,18.85793637467811,0.28392524219203247,1.5594861391694959,18.688783997159813,412.6654798636252,0.0,0.2,0.0,0.0,1.240147520994009,0.0,590.8502235600749,physics
2025-03-21 20:40:00,18.74065109397473,0.28549203632339154,1.5447122781246132,18.596610813762226,413.42347044402567,0.0,0.2,0.0,0.0,1.1939039170357537,0.0,555.1873192810618,physics
2025-03-21 20:45:00,18.627049006473325,0.28707414395368386,1.5303805114605389,18.50471860864871,414.0777824771406,0.0,0.2,0.0,0.0,1.316911903564712,0.0,597.4207859344206,physics
2025-03-21 20:50:00,18.51395831117657,0.2878369276829529,1.5179596060202685,18.45248277150053,414.7277023730867,0.0,0.2,0.0,0.0,1.316911903564712,0.0,582.8190966133141,physics
2025-03-21 20:55:00,18.403631689773306,0.28896241998056216,1.5051214384695495,18.383521354863607,415.3062983317549,0.0,0.2,0.0,0.0,1.378878332868774,0.0,595.1812925039698,physics
2025-03-21 21:00:00,18.29494160165761,0.2898328208234269,1.4930687290916698,18.32714804238537,415.845635292696,0.0,0.2,0.0,0.0,1.1939039170357537,0.0,502.9893715071427,physics
2025-03-21 21:05:00,18.192020226096968,0.29085803269666466,1.48131484336712,18.26443970020173,416.2589613174331,0.0,0.2,0.0,0.0,1.2558703463398155,0.0,516.289420834348,physics
2025-03-21 21:10:00,18.090556148951315,0.29271042252044527,1.4680604328967441,18.16330407312975,416.65048294626195,0.0,0.1,0.0,0.0,0.7509705669559168,0.0,301.8577593711211,physics
2025-03-21 21:15:00,17.999570591577974,0.2943853528073266,1.4562324020968402,18.07249436662549,416.86009867300146,0.0,0.0,0.0,0.0,0.21555000895956952,0.0,84.8948420055106,physics
2025-03-21 21:20:00,17.91892721393102,0.2958812539660939,1.4457934754117798,17.99189830482084,416.91649915293203,0.0,0.0,0.0,0.0,0.21555000895956952,0.0,83.18310654607279,physics
2025-03-21 21:25:00,17.83990984942958,0.2973552884843827,1.4356099172210046,17.912927406391145,416.9718865391997,0.0,0.0,0.0,0.0,0.21555000895956952,0.0,84.90204308898996,physics
2025-03-21 21:30:00,17.75925963132353,0.29881286931398193,1.4253742541462358,17.834872050240772,417.02627902950024,0.0,0.0,0.0,0.0,0.21555000895956952,0.0,90.40699874708316,physics
2025-03-21 21:35:00,17.67338014124314,0.3003538221649203,1.4145659373797472,17.752672358380597,417.0796944946531,0.0,0.0,0.0,0.0,0.21555000895956952,0.0,99.19711619991604,physics
2025-03-21 21:40:00,17.579150735613535,0.3019367499573659,1.4030040652936049,17.667857486831466,417.1321504844733,1.0,0.1,0.0,0.0,0.766230956262141,23333.40915167523,414.208361423724,physics
2025-03-21 21:45:00,18.37889548756609,0.2864398620060518,1.5081209994590834,18.500512427962796,417.3152700741981,0.0,0.2,0.0,0.0,1.4408447621728357,0.0,759.4784201063317,physics
2025-03-21 21:50:00,18.244839280008176,0.2876380416032308,1.4929824990940022,18.42456010154249,417.63762666181816,0.0,0.2,0.0,0.0,1.3021139502980705,0.0,669.6166925109395,physics
2025-03-21 21:55:00,18.11695052516347,0.28897864564037395,1.4782553459727517,18.343031718677565,417.89396660177306,0.0,0.2,0.0,0.0,1.378878332868774,0.0,691.5912687063166,physics
2025-03-21 22:00:00,17.99065435812587,0.29118494817541196,1.4620174572909448,18.22128346319574,418.13596358686584,0.0,0.1,0.0,0.0,0.7819537816079476,0.0,383.4265532407684,physics
2025-03-21 22:05:00,17.879047424823504,0.2931876750440127,1.4476869142803859,18.1119597718308,418.2574294470579,0.0,0.0,0.0,0.0,0.21555000895956952,0.0,103.56260773093784,physics
2025-03-21 22:10:00,17.780671147913687,0.2949965381327342,1.4350662155521148,18.014171925294104,418.2887303719162,0.0,0.0,0.0,0.0,0.21555000895956952,0.0,101.47447394404192,physics
2025-03-21 22:15:00,17.684278432755985,0.29678110062070123,1.422766408376704,17.918357092558104,418.3194690538883,0.0,0.0,0.0,0.0,0.21555000895956952,0.0,120.65443237339173,physics
2025-03-21 22:20:00,17.56966627582383,0.2987063085701359,1.4086536945303898,17.814184296936663,418.3496555922626,1.0,0.1,0.0,0.0,0.7047269629976618,23333.40915167523,449.6435930061954,physics
2025-03-21 22:25:00,18.348651090374897,0.2837287906102246,1.5109830661212098,18.626734449399613,418.446575775793,0.0,0.2,0.0,0.0,1.1939039170357537,0.0,743.5034787512288,physics
2025-03-21 22:30:00,18.196515866248973,0.2853303268377984,1.4932829668450305,18.528274833913418,418.6011290479679,0.0,0.2,0.0,0.0,1.1319374877316921,0.0,688.1914429507291,physics
2025-03-21 22:35:00,18.04951786072847,0.2863733440744945,1.477398872424015,18.457777351925955,418.7330819205599,0.0,0.1,0.0,0.0,0.7047269629976618,0.0,419.0043208906564,physics
2025-03-21 22:40:00,17.916046130913305,0.287806883906856,1.4621078322880103,18.37085169648017,418.80748453143417,0.0,0.0,0.0,0.0,0.21555000895956952,0.0,125.57393102119121,physics
2025-03-21 22:45:00,17.79676083980814,0.2897127055292621,1.447287495161034,18.264000048164984,418.8289050914287,0.0,0.0,0.0,0.0,0.21555000895956952,0.0,123.04198272572205,physics
2025-03-21 22:50:00,17.679880699095513,0.29146896129761657,1.433116726768226,18.165186601982338,418.84994088459825,0.0,0.0,0.0,0.0,0.21555000895956952,0.0,120.56108612640351,physics
2025-03-21 22:55:00,17.565357213706527,0.2933261547931084,1.4190747139342146,18.06257246560958,418.87059882231733,1.0,0.1,0.0,0.0,0.6584833590394067,23333.40915167523,419.925637133192,physics
2025-03-21 23:00:00,18.3454368151146,0.2785521908805836,1.5215964637083863,18.878435515762273,418.9325731457493,0.0,0.2,0.0,0.0,1.1939039170357537,0.0,743.1270484192297,physics
2025-03-21 23:05:00,18.19337861593148,0.2799603460180185,1.5042071114516449,18.78788970373259,419.03877357095257,0.0,0.2,0.0,0.0,1.316911903564712,0.0,799.6572145967713,physics
2025-03-21 23:10:00,18.042004923339967,0.28136954594614527,1.487055722772864,18.697858771889763,419.14426111482203,0.0,0.1,0.0,0.0,0.766230956262141,0.0,454.89536067468833,physics
2025-03-21 23:15:00,17.90725545577479,0.28310286604686996,1.4709512240142444,18.59498003985333,419.1989022501804,0.0,0.0,0.0,0.0,0.21555000895956952,0.0,125.38734024602715,physics
2025-03-21 23:20:00,17.78814741113115,0.2850580691510056,1.4559818177320123,18.484276090175904,419.21329196910966,0.0,0.0,0.0,0.0,0.21555000895956952,0.0,122.85915418202825,physics
2025-03-21 23:25:00,17.671440943058055,0.28698840220697236,1.4414123422674807,18.37582721166471,419.2274232127019,0.0,0.0,0.0,0.0,0.21555000895956952,0.0,120.38194395627313,physics
2025-03-21 23:30:00,17.557087628545617,0.28889389240541463,1.4272303262489237,18.269587459285738,419.2413006238206,1.0,0.1,0.0,0.0,0.7819537816079476,23333.40915167523,497.8196414653072,physics
2025-03-21 23:35:00,18.33468292477041,0.27452128602943887,1.529066526625151,19.076122434581787,419.2907396110129,0.0,0.2,0.0,0.0,1.240147520994009,0.0,770.4606511094516,physics
2025-03-21 23:40:00,18.181744514775726,0.27560238725705133,1.512206217200721,19.00053095028695,419.3640385704414,0.0,0.2,0.0,0.0,1.1781810916899471,0.0,714.4674431003783,physics
2025-03-21 23:45:00,18.033986487485826,0.2774918479716564,1.4943264733747763,18.88620171821707,419.4264783813872,0.0,0.1,0.0,0.0,0.7357101776496926,0.0,436.24905204068455,physics
2025-03-21 23:50:00,17.900131219248074,0.279451139994932,1.477781352848031,18.771203366289733,419.46164052238015,0.0,0.0,0.0,0.0,0.21555000895956952,0.0,125.23612127876622,physics
2025-03-21 23:55:00,17.781166820649304,0.2814447382825389,1.4626971756107705,18.657429037256836,419.47131080489885,0.0,0.0,0.0,0.0,0.21555000895956952,0.0,122.71098424415806,physics
2025-03-22 00:00:00,17.664601102284593,0.2835382468996397,1.4477627507140864,18.53996337728971,419.4808073849606,0.0,0.0,0.0,0.0,0.21555000895956952,0.0,120.2367615701868,physics
2025-03-22 00:05:00,17.550385699542908,0.28560654952949116,1.4332220349068485,18.424864249263397,419.4901333826959,1.0,0.1,0.0,0.0,0.6122397550811517,23333.40915167523,389.5956400107789,physics
2025-03-22 00:10:00,18.331789956912754,0.2722962393018584,1.5334779530278175,19.186782312546345,419.51614676710443,0.0,0.2,0.0,0.0,1.0708959305067955,0.0,770.5521004667329,physics
2025-03-22 00:15:00,18.159598669538806,0.27485332458676254,1.5116664097903172,19.034487947446,419.5593264719436,0.0,0.2,0.0,0.0,1.0246523265485403,0.0,720.0950356421533,physics
2025-03-22 00:20:00,17.992737484813894,0.27794036208391076,1.4895311223137664,18.858297405877483,419.5969545682579,0.0,0.1,0.0,0.0,0.6122397550811517,0.0,420.9253856805807,physics
2025-03-22 00:25:00,17.84096754673176,0.28103963524836156,1.4690430893448347,18.685511736984857,419.61751793795924,0.0,0.0,0.0,0.0,0.21555000895956952,0.0,145.20630296351055,physics
2025-03-22 00:30:00,17.70303305683844,0.28363775643624567,1.4510724651991183,18.54056215387187,419.6243882722842,0.0,0.0,0.0,0.0,0.21555000895956952,0.0,163.50449613280082,physics
2025-03-22 00:35:00,17.54771673234659,0.28634244137257114,1.4315045913434608,18.389388278881007,419.6311351982237,1.0,0.1,0.0,0.0,0.6122397550811517,23333.40915167523,509.8242825331797,physics
2025-03-22 00:40:00,18.285771041597197,0.27341672144278084,1.5267037026169672,19.124117714542127,419.64995467288185,0.0,0.2,0.0,0.0,1.0089295012027337,0.0,820.6264554591396,physics
2025-03-22 00:45:00,18.093169401844932,0.27734563198747175,1.5001981082188722,18.901827212966875,419.67938559432247,0.0,0.1,0.0,0.0,0.6122397550811517,0.0,487.16549981291314,physics
2025-03-22 00:50:00,17.917515758093298,0.2804591206348634,1.4773291267481965,18.72453809187162,419.6957433347564,0.0,0.0,0.0,0.0,0.21555000895956952,0.0,168.05710362378713,physics
2025-03-22 00:55:00,17.75787481697574,0.2833033137565241,1.4567750158915542,18.564350767460805,419.70120854533303,0.0,0.0,0.0,0.0,0.21555000895956952,0.0,143.44257758276643,physics
2025-03-22 01:00:00,17.621615726536437,0.2861130642868639,1.4386553841013432,18.41060890255014,419.70657558706057,1.0,0.1,0.0,0.0,0.7125883756705651,23333.40915167523,528.3183594740841,physics
2025-03-22 01:05:00,18.37718896171683,0.2736036657264166,1.5350862781182388,19.127956292850406,419.72399982254376,0.0,0.2,0.0,0.0,1.3483575542563258,0.0,975.1268286538144,physics
2025-03-22 01:10:00,18.19598038616676,0.27740296421816113,1.5097962222484775,18.913661869479263,419.7550120662312,0.0,0.2,0.0,0.0,1.3483575542563258,0.0,951.1744337079906,physics
2025-03-22 01:15:00,18.01922290276348,0.28038916539855097,1.4869534824753043,18.742324144293537,419.78253967716444,0.0,0.1,0.0,0.0,0.7588319796288201,0.0,523.3812558185276,physics
2025-03-22 01:20:00,17.862881150955126,0.2831040922061109,1.4668467868999313,18.5886905262278,419.7962909977701,0.0,0.0,0.0,0.0,0.21555000895956952,0.0,145.6714408891247,physics
2025-03-22 01:25:00,17.724504816863654,0.2855668848891065,1.4491242166036984,18.45103488620096,419.7999501208747,0.0,0.0,0.0,0.0,0.21555000895956952,0.0,142.7342663222514,physics
2025-03-22 01:30:00,17.588918566035378,0.2880034088348167,1.4318900138135553,18.316156416710772,419.80354351697787,1.0,0.1,0.0,0.0,0.6122397550811517,23333.40915167523,452.1097624584824,physics
2025-03-22 01:35:00,18.347782570866627,0.27454158446086524,1.5302802526087032,19.076994836278026,419.813566722732,0.0,0.2,0.0,0.0,1.286391124952264,0.0,926.8332665928442,physics
2025-03-22 01:40:00,18.16906497507123,0.2775575910912793,1.506924483247235,18.902214827012177,419.8335522321714,0.0,0.2,0.0,0.0,1.2096267423815605,0.0,850.5872875751584,physics
2025-03-22 01:45:00,17.99683200090877,0.2805097050011266,1.4846130102256039,18.733288325120082,419.8503305381027,0.0,0.1,0.0,0.0,0.7047269629976618,0.0,484.6176023313307,physics
2025-03-22 01:50:00,17.842459488604966,0.2832114068922863,1.4647430984664762,18.58064826194245,419.8591202135474,0.0,0.0,0.0,0.0,0.21555000895956952,0.0,145.23797090553262,physics
2025-03-22 01:55:00,17.7044949166743,0.2856727589392631,1.4470836477868327,18.44318249928561,419.86165076681675,0.0,0.0,0.0,0.0,0.21555000895956952,0.0,142.30953639781936,physics
2025-03-22 02:00:00,17.569312125642693,0.28810783568629217,1.429910371159853,18.308489573351512,419.8641358650211,1.0,0.1,0.0,0.0,0.7509705669559168,23333.40915167523,479.0471923715553,physics
2025-03-22 02:05:00,18.34730432830004,0.2750725795373773,1.529114317887751,19.050535060656486,419.8726383622273,0.0,0.2,0.0,0.0,1.378878332868774,0.0,857.8820982706063,physics
2025-03-22 02:10:00,18.190640666272575,0.279046504378508,1.5058573216325843,18.8321943970971,419.8872730457909,0.0,0.2,0.0,0.0,1.316911903564712,0.0,799.3037046091349,physics
2025-03-22 02:15:00,18.0393338924948,0.2820400381690416,1.4854188774339903,18.664953152598958,419.8996440014451,0.0,0.1,0.0,0.0,0.6968655503247584,0.0,413.6456370283844,physics
2025-03-22 02:20:00,17.9062712792144,0.2849631282943055,1.4670434326844204,18.505332653534133,419.9054718879585,0.0,0.0,0.0,0.0,0.21555000895956952,0.0,146.5924392810337,physics
2025-03-22 02:25:00,17.767020069578354,0.28752547822116964,1.4490274477405038,18.36355026752826,419.90716984924165,0.0,0.0,0.0,0.0,0.21555000895956952,0.0,164.86268377134343,physics
2025-03-22 02:30:00,17.61041357437574,0.2903092648047084,1.4291890128215878,18.21016043324739,419.90883731089394,1.0,0.1,0.0,0.0,0.7047269629976618,23333.40915167523,590.990714483446,physics
2025-03-22 02:35:00,18.34437297064983,0.27700499434949716,1.5247579192140344,18.954452118218807,419.91419104464666,0.0,0.2,0.0,0.0,1.1781810916899471,0.0,964.4175372123715,physics
2025-03-22 02:40:00,18.14492310885639,0.28073897415113747,1.4980157442744224,18.743060393368758,419.9226159187046,0.0,0.1,0.0,0.0,0.7357101776496926,0.0,588.8669112123549,physics
2025-03-22 02:45:00,17.96423976298332,0.2840846839694412,1.474211779402052,18.555656206078204,419.9273602733877,0.0,0.0,0.0,0.0,0.21555000895956952,0.0,169.04886684490782,physics
2025-03-22 02:50:00,17.803656725336833,0.2870089104369828,1.4534277904697608,18.393225316641214,419.92866506453123,0.0,0.0,0.0,0.0,0.21555000895956952,0.0,165.6403330291852,physics
2025-03-22 02:55:00,17.646311524916147,0.2897977551280724,1.4334602764227373,18.239220374899237,419.9299464183629,1.0,0.1,0.0,0.0,0.7278487649767893,23333.40915167523,612.89859765452,physics
2025-03-22 03:00:00,18.37879213712024,0.27653100445453227,1.5290536251043259,18.982782622630914,419.93419545276925,0.0,0.2,0.0,0.0,1.1014167091192437,0.0,905.5763515988117,physics
2025-03-22 03:05:00,18.181018039360247,0.2796607742983556,1.503665600976657,18.800774364440347,419.9402353050906,0.0,0.2,0.0,0.0,1.2096267423815605,0.0,852.0054815191609,physics
2025-03-22 03:10:00,18.00849789918381,0.28368666114413865,1.4791421139154832,18.58103165350738,419.94625971952496,0.0,0.1,0.0,0.0,0.6968655503247584,0.0,548.5174812515496,physics
2025-03-22 03:15:00,17.832049357360304,0.2866064239672125,1.4568503671441086,18.416362182378784,419.9493805320356,0.0,0.0,0.0,0.0,0.21555000895956952,0.0,166.24299472862583,physics
2025-03-22 03:20:00,17.674131676045924,0.28939919111337914,1.4367824072950908,18.261878035516965,419.9502897842667,1.0,0.1,0.0,0.0,0.7199873523038859,23333.40915167523,608.2641420118088,physics
2025-03-22 03:25:00,18.40623033604488,0.2765042904305704,1.5317422122758746,18.98802685562119,419.9532723448174,0.0,0.2,0.0,0.0,1.2096267423815605,0.0,997.3731142250369,physics
2025-03-22 03:30:00,18.20427512189824,0.27962949596816383,1.5059280472743055,18.80560068464259,419.95798259659387,0.0,0.2,0.0,0.0,1.1781810916899471,0.0,948.2254491145601,physics
2025-03-22 03:35:00,18.008173923529764,0.28274129753392835,1.481064063228279,18.626623744927457,419.9621079391118,0.0,0.1,0.0,0.0,0.6584833590394067,0.0,518.3641007366314,physics
2025-03-22 03:40:00,17.832926493613225,0.28569528518785103,1.4587915959916302,18.460014560369352,419.9641872134063,0.0,0.0,0.0,0.0,0.21555000895956952,0.0,166.26161281321865,physics
2025-03-22 03:45:00,17.674991126592722,0.2883864133318564,1.438908120566082,18.30992141249032,419.96483050061227,1.0,0.1,0.0,0.0,0.7047269629976618,23333.40915167523,595.4635128178571,physics
2025-03-22 03:50:00,18.40752573533827,0.274901829895102,1.5352594868498324,19.06766204167683,419.9668959084867,0.0,0.2,0.0,0.0,1.0856938837734371,0.0,895.7663770580706,physics
2025-03-22 03:55:00,18.209586894057487,0.2775909526971212,1.510693235172122,18.90634800652164,419.9698909842937,0.0,0.2,0.0,0.0,1.0394502798151821,0.0,837.5757050363154,physics
2025-03-22 04:00:00,18.017782840713267,0.2802991173218936,1.4870049271519679,18.746507203690168,419.97249905302715,0.0,0.1,0.0,0.0,0.6122397550811517,0.0,482.627632148298,physics
2025-03-22 04:05:00,17.843765382180944,0.28302726827681135,1.4652398317902375,18.589712857790477,419.9739021507804,0.0,0.0,0.0,0.0,0.21555000895956952,0.0,166.49167894442022,physics
2025-03-22 04:10:00,17.68561147055321,0.28574039437683385,1.4452256083185635,18.437317567409288,419.97437093341654,1.0,0.1,0.0,0.0,0.620101167754055,23333.40915167523,524.7631192564156,physics
2025-03-22 04:15:00,18.420438222367075,0.27251907156439203,1.5415515075552695,19.188424945925927,419.9756953179263,0.0,0.2,0.0,0.0,1.0089295012027337,0.0,833.9639530398786,physics
2025-03-22 04:20:00,18.224706262007725,0.2758703026745932,1.5157291904392087,18.993419818423288,419.9777387938231,0.0,0.2,0.0,0.0,1.0089295012027337,0.0,814.5785724828507,physics
2025-03-22 04:25:00,18.03352406489043,0.27918939222122424,1.4907721972168155,18.802903373938,419.9796104594601,0.0,0.1,0.0,0.0,0.6122397550811517,0.0,483.57516962875474,physics
2025-03-22 04:30:00,17.859164959810684,0.2825668020668971,1.4676028171760933,18.614109133991885,419.9806507334023,0.0,0.0,0.0,0.0,0.21555000895956952,0.0,188.0445393682011,physics
2025-03-22 04:35:00,17.68053753740812,0.2856262976547652,1.444994267640451,18.44206322878965,419.980998294618,1.0,0.1,0.0,0.0,0.6122397550811517,23333.40915167523,578.0140344455098,physics
2025-03-22 04:40:00,18.394005174584205,0.2727328388917005,1.538547549454872,19.17390380524333,419.98196776123876,0.0,0.2,0.0,0.0,1.0089295012027337,0.0,930.3864577336718,physics
2025-03-22 04:45:00,18.175642780621963,0.2763748884992933,1.5100149863664707,18.961455874761914,419.9834838660437,0.0,0.2,0.0,0.0,1.0089295012027337,0.0,908.7597489502408,physics
2025-03-22 04:50:00,17.96235619130436,0.2799928958372324,1.4824619572363276,18.753588465567514,419.98487250060987,0.0,0.1,0.0,0.0,0.6122397550811517,0.0,539.4858944189194,physics
2025-03-22 04:55:00,17.767837771704276,0.2833794053727477,1.4575347821238955,18.562082855651923,419.98564430532,0.0,0.0,0.0,0.0,0.21555000895956952,0.0,186.1060294638061,physics
2025-03-22 05:00:00,17.591051780213174,0.2865337025560182,1.4350388075062606,18.386303591477102,419.98590216949646,1.0,0.1,0.0,0.0,0.6122397550811517,23333.40915167523,572.6274706080995,physics
2025-03-22 05:05:00,18.306461610680255,0.2738693966942443,1.5277340863951774,19.10452187453134,419.986621440521,0.0,0.2,0.0,0.0,1.0856938837734371,0.0,991.5420615591679,physics
2025-03-22 05:10:00,18.08735907259352,0.27706575532601285,1.500231341662976,18.914776687083705,419.987831858871,0.0,0.1,0.0,0.0,0.6584833590394067,0.0,588.2190819926068,physics
2025-03-22 05:15:00,17.88849521955937,0.2799114481782904,1.47575634002333,18.747104595804487,419.9884995687413,0.0,0.0,0.0,0.0,0.21555000895956952,0.0,188.66710314356956,physics
2025-03-22 05:20:00,17.709276410866895,0.28278621511145413,1.4533690764449898,18.582456334609148,419.9887061452464,0.0,0.0,0.0,0.0,0.21555000895956952,0.0,184.86300665371095,physics
2025-03-22 05:25:00,17.53367119261867,0.28563506299129265,1.4316540775338564,18.421173352665686,419.9889090111208,1.0,0.1,0.0,0.0,0.6122397550811517,23333.40915167523,569.1734662190821,physics
2025-03-22 05:30:00,18.250326407778836,0.2722396363444701,1.5257800694861399,19.17784862756523,419.98947487314706,0.0,0.2,0.0,0.0,1.1014167091192437,0.0,999.7714112446765,physics
2025-03-22 05:35:00,18.03198050190789,0.27410420628777693,1.501143663782217,19.053369078283925,419.99044091902886,0.0,0.1,0.0,0.0,0.6584833590394067,0.0,519.90508569905,physics
2025-03-22 05:40:00,17.856212099080956,0.27709753877439175,1.4785160739827465,18.880256350793626,419.9909654603411,0.0,0.0,0.0,0.0,0.21555000895956952,0.0,166.75587282236773,physics
2025-03-22 05:45:00,17.697807224188928,0.27985910297659505,1.4582462111126029,18.722673183206734,419.9911277432665,0.0,0.0,0.0,0.0,0.21555000895956952,0.0,163.39357266565122,physics
2025-03-22 05:50:00,17.54259626820758,0.28259504021706233,1.4385565255787895,18.568269217289686,419.99128711118465,1.0,0.1,0.0,0.0,0.6584833590394067,23333.40915167523,547.9110872763661,physics
2025-03-22 05:55:00,18.27940682152295,0.2697453318462061,1.533805549320446,19.307501014525656,419.9917652188758,0.0,0.2,0.0,0.0,1.0089295012027337,0.0,819.9961402675813,physics
2025-03-22 06:00:00,18.08695311721518,0.27295417022709567,1.5087252096340036,19.11855424791541,419.9924575783435,0.0,0.1,0.0,0.0,0.6432229697331826,0.0,511.36312319466873,physics
2025-03-22 06:05:00,17.910461099756148,0.27563778641398046,1.486568105847953,18.959949117690755,419.99286186658156,0.0,0.0,0.0,0.0,0.21555000895956952,0.0,167.90736152242349,physics
2025-03-22 06:10:00,17.750962401777805,0.2783035668104086,1.466298982326214,18.806127532310434,419.9929900853084,0.0,0.0,0.0,0.0,0.21555000895956952,0.0,164.52184388873823,physics
2025-03-22 06:15:00,17.594679677474822,0.2809437218521443,1.446613272672703,18.655421983779956,419.9931160009063,1.0,0.1,0.0,0.0,0.6584833590394067,23333.40915167523,551.2824138566725,physics
2025-03-22 06:20:00,18.330350459888297,0.2679113939347484,1.5425788045702364,19.40783656622042,419.9934937508102,0.0,0.2,0.0,0.0,1.0394502798151821,0.0,849.896499017637,physics
2025-03-22 06:25:00,18.13572495624194,0.27070608836015453,1.5180341760151095,19.238225571449426,419.9940573276886,0.0,0.1,0.0,0.0,0.6275001443873759,0.0,501.9034016071411,physics
2025-03-22 06:30:00,17.958665415860843,0.2737697945466348,1.494927987247022,19.059457315876493,419.99436807999973,0.0,0.0,0.0,0.0,0.21555000895956952,0.0,169.0416911779592,physics
2025-03-22 06:35:00,17.803325481225663,0.2766528488677426,1.474507799097656,18.894589011158896,300.0,1.0,0.0,0.0,0.0,0.21555000895956952,23333.40915167523,185.34495553322918,physics
2025-03-22 06:40:00,18.555918982178664,0.26421878576843943,1.5724268467952145,19.629938893838045,300.0,1.0,0.0,0.0,0.0,0.21555000895956952,23333.40915167523,222.5931199070388,physics
2025-03-22 06:45:00,19.275373799280782,0.2528748126252181,1.6700151897354307,20.335372200640347,300.0,1.0,0.0,0.0,0.0,0.21555000895956952,23333.40915167523,237.94364959924457,physics
2025-03-22 06:50:00,19.98398703346451,0.2425523623617128,1.7692303700257908,21.012477111591668,300.0,1.0,0.0,0.0,0.0,0.21555000895956952,23333.40915167523,253.0481780607585,physics
2025-03-22 06:55:00,20.68124432546324,0.23288672829127996,1.8706278082302372,21.677254821887335,300.0,1.0,0.0,0.0,0.0,0.21555000895956952,23333.40915167523,267.92754332582956,physics
2025-03-22 07:00:00,21.368107603440976,0.22403212403147582,1.9737425227530458,22.317535267636703,300.0,1.0,0.1,1.0,0.0,0.620101167754055,23333.40915167523,779.7518034519607,physics
2025-03-22 07:05:00,22.012029997554514,0.2146955482483931,2.0776400017151695,23.005447361977374,306.2010116775406,0.0,0.0,0.0,0.0,0.21555000895956952,0.0,255.5864569297518,physics
2025-03-22 07:10:00,21.798416698969728,0.2190631646592055,2.039340115501956,22.69491164318084,300.0,0.0,0.0,0.0,0.0,0.21555000895956952,0.0,251.32222782735877,physics
2025-03-22 07:15:00,21.601570776637722,0.22387184759763212,2.002555663949203,22.36586959121485,300.0,1.0,0.1,1.0,0.0,0.6122397550811517,23333.40915167523,753.8446080196927,physics
2025-03-22 07:20:00,22.251640490637584,0.214460309704734,2.10880500407555,23.061055404608148,306.1223975508115,0.0,0.2,1.0,0.0,1.1014167091192437,0.0,1216.0726007119977,physics
2025-03-22 07:25:00,21.986055307243777,0.2175645004723309,2.066775143290229,22.820057397593114,316.5746220618094,0.0,0.1,0.0,0.0,0.6353615570602792,0.0,690.6596306766745,physics
2025-03-22 07:30:00,21.816258954835057,0.22338493554671673,2.0302641784977387,22.431140718114655,300.0,0.0,0.0,0.0,0.0,0.21555000895956952,0.0,231.34824320863677,physics
2025-03-22 07:35:00,21.679528988894383,0.22973114261180594,1.996929753178558,22.025307724234057,300.0,1.0,0.1,1.0,0.0,0.6737437483456309,23333.40915167523,768.3235242916244,physics
2025-03-22 07:40:00,22.34705919086995,0.21965229475266168,2.1070573734956595,22.75012670143972,306.7374374834563,0.0,0.2,1.0,0.0,1.1939039170357537,0.0,1328.8772468215323,physics
2025-03-22 07:45:00,22.075145146673957,0.221589220017275,2.0673365286088234,22.584523799004547,318.00615557029033,0.0,0.1,0.0,0.0,0.7199873523038859,0.0,780.0056570003632,physics
2025-03-22 07:50:00,21.94970369003895,0.22896459020729262,2.0321536440196333,22.115200305898025,300.0,0.0,0.0,0.0,0.0,0.21555000895956952,0.0,213.98681465508363,physics
2025-03-22 07:55:00,21.878088368664216,0.23719232923209405,2.0017062717887852,21.618320724564523,300.0,0.0,0.0,0.0,0.0,0.21555000895956952,0.0,212.7366330771257,physics
2025-03-22 08:00:00,21.820377317056433,0.2458345587864838,1.972070947232303,21.11543779769706,300.0,0.0,0.0,0.0,0.0,0.21555000895956952,0.0,211.79746128769554,physics
2025-03-22 08:05:00,21.777023141499864,0.25490148322589545,1.9432122371177898,20.607119439957092,300.0,0.0,0.0,0.0,0.0,0.21555000895956952,0.0,211.1630283936425,physics
2025-03-22 08:10:00,21.747736364174145,0.2643710320233051,1.915087917510418,20.09549578206442,300.0,0.0,0.0,0.0,0.0,0.21555000895956952,0.0,210.66841084956943,physics
2025-03-22 08:15:00,21.724903762002274,0.2739232550821044,1.8875862723493868,19.596598947403514,300.0,0.0,0.0,0.0,0.0,0.21555000895956952,0.0,210.4060570127156,physics
2025-03-22 08:20:00,21.71279294859315,0.2837257173102939,1.8607257667446098,19.102024711349603,300.0,0.0,0.0,0.0,0.0,0.21555000895956952,0.0,189.28819577495702,physics
2025-03-22 08:25:00,21.737947373177636,0.29392916655749274,1.8370396747653734,18.608255713050376,300.0,0.0,0.0,0.0,0.0,0.21555000895956952,0.0,190.0444140476626,physics
2025-03-22 08:30:00,21.77285602367475,0.3043328284833991,1.8138340565119448,18.12131706965381,300.0,0.0,0.0,0.0,0.0,0.21555000895956952,0.0,191.1029428692075,physics
2025-03-22 08:35:00,21.82171997474039,0.31508794296236436,1.7911267020428945,17.63470918046686,300.0,0.0,0.0,0.0,0.0,0.21555000895956952,0.0,192.3782972031282,physics
2025-03-22 08:40:00,21.88059305452399,0.325931526668252,1.7691134098165278,17.15979597700769,300.0,0.0,0.0,0.0,0.0,0.21555000895956952,0.0,193.86610519467743,physics
2025-03-22 08:45:00,21.9492734488736,0.33674842299523106,1.7480309394335494,16.700800152505103,300.0,0.0,0.1,0.2,0.0,0.7047269629976618,0.0,565.2459082540387,physics
2025-03-22 08:50:00,21.980874424952624,0.3413470317226068,1.7392586867533608,16.50982703874933,300.0,0.0,0.2,0.3,0.0,1.3021139502980705,0.0,1043.7057904053763,physics
2025-03-22 08:55:00,21.975594025747345,0.3389055017429452,1.7451440260922924,16.61236687801855,300.0,0.0,0.1,0.4,0.0,0.6894665736914376,0.0,552.272655778594,physics
2025-03-22 09:00:00,21.970292565211434,0.34216345520896424,1.7359826051561185,16.47416279950785,300.0,0.0,0.0,0.5,0.0,0.21555000895956952,0.0,172.38468122425425,physics
2025-03-22 09:05:00,21.957645041270027,0.34868200612958056,1.7174558287153912,16.20085778122582,300.0,0.0,0.1,0.5,0.0,0.6663447717123101,0.0,465.9851966894686,physics
2025-03-22 09:10:00,21.958362728443014,0.35064602855399946,1.712351837267831,16.11994484209114,300.0,0.0,0.2,0.5,0.0,1.1633831384233055,0.0,812.7686735838279,physics
2025-03-22 09:15:00,21.951493636379805,0.34847520297201434,1.7173569201739078,16.20866490983056,300.0,0.0,0.2,0.5,0.0,1.1939039170357537,0.0,833.8913831260254,physics
2025-03-22 09:20:00,21.949827854131176,0.3464555241385659,1.7225056410476185,16.292217548483038,300.0,0.0,0.2,0.5,0.0,1.224424695648202,0.0,855.4485583456576,physics
2025-03-22 09:25:00,21.951775788205563,0.3438660663709843,1.7295359161762363,16.40047077096711,300.0,0.0,0.3,0.6,0.0,1.7760305150299383,0.0,1059.3887145909891,physics
2025-03-22 09:30:00,21.93524781838202,0.33601281697782687,1.748473667342175,16.73043737436447,300.0,0.0,0.2,0.6,0.0,1.224424695648202,0.0,730.5938604221708,physics
2025-03-22 09:35:00,21.937148014740426,0.3332324033345669,1.7559987757789746,16.849857867989993,300.0,0.0,0.3,0.6,0.0,1.8218116829486108,0.0,1085.6132697988344,physics
2025-03-22 09:40:00,21.92932968245505,0.32801164969630964,1.7689045902644285,17.07503946887302,300.0,0.0,0.3,0.7,0.0,1.6830808710738459,0.0,831.5701885996707,physics
2025-03-22 09:45:00,21.916181020786823,0.32288197829259063,1.7809789435377796,17.298675398930797,300.0,0.0,0.2,0.7,0.0,1.1939039170357537,0.0,589.8065056639277,physics
2025-03-22 09:50:00,21.915572656770642,0.32166849762774835,1.7841044840071663,17.352357944772642,300.0,0.0,0.2,0.7,0.0,1.2096267423815605,0.0,597.8393726430546,physics
2025-03-22 09:55:00,21.917757077979534,0.3205953831647007,1.7871650006804187,17.400332972411906,300.0,0.0,0.3,0.7,0.0,1.6372997031551733,0.0,808.7231738366721,physics
2025-03-22 10:00:00,21.91479766293655,0.31613541308791815,1.7985722379328775,17.599679905287864,300.0,0.0,0.3,0.8,0.0,1.5901312271177532,0.0,623.0384724274627,physics
2025-03-22 10:05:00,21.898664260926942,0.31157971045188515,1.8087730284881673,17.80414043560046,300.0,0.0,0.4,0.7,0.0,2.2961906837200616,0.0,903.804268578421,physics
2025-03-22 10:10:00,21.916520245051284,0.30705173448727446,1.8226538996692827,18.014512995096588,300.0,0.0,0.4,0.8,0.0,2.048324966503815,0.0,802.0801183058452,physics
2025-03-22 10:15:00,21.896303970352346,0.30149275886603377,1.8350115325542582,18.270861558479794,300.0,0.0,0.3,0.8,0.0,1.5443500591990806,0.0,603.1391464237914,physics
2025-03-22 10:20:00,21.88602603780302,0.2992848168985682,1.8396581453276113,18.3735219299717,300.0,0.0,0.4,0.8,0.0,2.2961906837200616,0.0,667.8918092054818,physics
2025-03-22 10:25:00,21.89422376414704,0.2966510858846643,1.8474963926719599,18.49966539494772,300.0,0.0,0.5,0.8,0.0,2.777043789045668,0.0,808.840047975322,physics
2025-03-22 10:30:00,21.898103268336378,0.2931547858097167,1.8571195955677462,18.66769448436544,300.0,0.0,0.6,0.8,0.0,3.4752418329750725,0.0,1011.277718248262,physics
2025-03-22 10:35:00,21.895471838164834,0.2862580852698994,1.8749385680605382,19.00295396009692,300.0,0.0,0.7,0.8,0.0,4.070316640077569,0.0,1181.5019935100281,physics
2025-03-22 10:40:00,21.88828604281982,0.27981262122430806,1.8910411543122398,19.322104511015837,300.0,0.0,0.6,0.9,0.0,3.982996604436712,0.0,748.8968385858582,physics
2025-03-22 10:45:00,21.870880288568323,0.27866646938788714,1.8920405324629928,19.37721255257884,300.0,0.0,0.5,0.9,0.0,2.737736725681151,0.0,512.7271512863721,physics
2025-03-22 10:50:00,21.863496460967248,0.27901330467975055,1.8902790259273563,19.358696419213643,300.0,0.0,0.4,0.9,0.0,2.481165099553082,0.0,463.6455589940089,physics
2025-03-22 10:55:00,21.85936383174886,0.27772152072327305,1.893188388598133,19.423202289322752,300.0,0.0,0.3,0.9,0.0,2.0534921387794687,0.0,383.673441642155,physics
2025-03-22 11:00:00,21.859099488816728,0.2773610289525561,1.894102735328198,19.441379022921925,300.0,0.0,0.2,0.9,0.0,1.4093991114812223,0.0,264.0265209578272,physics
2025-03-22 11:05:00,21.864006824162402,0.27800680848059905,1.8929767968730307,19.409471483595603,300.0,0.0,0.3,0.9,0.0,1.7288620389925182,0.0,324.4165850624591,physics
2025-03-22 11:10:00,21.86713899039372,0.2787614361803756,1.8913596644629598,19.371893114936316,300.0,0.0,0.4,0.9,0.0,2.4497194488614684,0.0,459.18360952973177,physics
2025-03-22 11:15:00,21.86510791744859,0.2776404986046757,1.894064457320968,19.428123264973575,300.0,0.0,0.5,0.9,0.0,3.355088838523856,0.0,626.2593960376697,physics
2025-03-22 11:20:00,21.857309024113913,0.27296227025565895,1.9054241097071698,19.66507780309293,300.0,0.0,0.4,0.9,0.0,2.481165099553082,0.0,463.07948376975776,physics
2025-03-22 11:25:00,21.85709369289472,0.2730895279148487,1.905065561775193,19.65852258660791,300.0,0.0,0.5,0.9,0.0,3.2001727652637015,0.0,595.679604440158,physics
2025-03-22 11:30:00,21.852137580671286,0.27243421610584595,1.9062064378540742,19.69142086727676,300.0,0.0,0.4,1.0,0.0,2.4182737981698548,0.0,201.15274187652244,physics
2025-03-22 11:35:00,21.827664684280844,0.2714958620214926,1.9058165297266343,19.73610288332842,324.18273798169855,0.0,0.5,0.9,0.0,2.8163508524101846,0.0,242.75487264356698,physics
2025-03-22 11:40:00,21.8576599636088,0.27289778421894584,1.9056339201433827,19.668435913229487,300.0,0.0,0.4,1.0,0.0,2.603248214002875,0.0,217.78104915490908,physics
2025-03-22 11:45:00,21.8324122155642,0.27174986729154227,1.9057041118708746,19.72372003909699,326.0324821400288,0.0,0.5,0.9,0.0,2.9319598623058223,0.0,254.07418595829188,physics
2025-03-22 11:50:00,21.862256467191408,0.27536044250912894,1.899712348342583,19.54330407984535,300.0,0.0,0.5,1.0,0.0,2.853345735576789,0.0,239.74264769020775,physics
2025-03-22 11:55:00,21.836035728950982,0.2734776269560474,1.901603327366166,19.63557305412319,328.5334573557679,0.0,0.6,0.9,0.0,3.891434268599368,0.0,337.0588044516457,physics
2025-03-22 12:00:00,21.86184648596795,0.2768346133095579,1.8958002441376718,19.468412466997577,300.0,0.0,0.5,1.0,0.0,3.278786891992735,0.0,274.8885703384077,physics
2025-03-22 12:05:00,21.83421391667397,0.27682596681169563,1.8926289318434253,19.464854837391584,332.78786891992735,0.0,0.6,0.9,0.0,3.5196356927749974,0.0,305.2036585461306,physics
2025-03-22 12:10:00,21.86283143737747,0.2764007357424314,1.8970516693974213,19.490542997340054,300.0,0.0,0.2,1.0,0.0,1.5481299233559875,0.0,130.84370990029413,physics
2025-03-22 12:15:00,21.84096782967168,0.2753736845781658,1.897211520468679,19.539540851347287,315.48129923355987,0.0,0.1,1.0,0.0,0.9206845934827127,0.0,76.03164874182299,physics
2025-03-22 12:20:00,21.821707915698713,0.274732808423045,1.8966587950947598,19.56937791195955,323.50036236076744,0.0,0.2,1.0,0.0,1.316911903564712,0.0,0.0,physics
2025-03-22 12:25:00,21.826065590698768,0.27446438041098214,1.8978654533927777,19.58369939071854,334.09048915216636,0.0,0.3,1.0,0.0,2.0299079007607586,0.0,0.0,physics
2025-03-22 12:30:00,21.830798489343664,0.2741170925980463,1.8993224330039138,19.602115379510984,348.6228553872088,0.0,0.2,1.0,0.0,1.3946011582145807,0.0,0.0,physics
2025-03-22 12:35:00,21.834985041560984,0.27389411576276496,1.9003913501426362,19.61411767477087,356.91807609946284,0.0,0.1,1.0,0.0,0.812474560220396,0.0,0.0,physics
2025-03-22 12:40:00,21.838694865500038,0.2737533813109388,1.9011900599035265,19.621853166998157,361.1891142977083,0.0,0.0,1.0,0.0,0.21555000895956952,0.0,0.0,physics
2025-03-22 12:45:00,21.841947262371157,0.27367958340956655,1.9017606671132148,19.626101422834726,362.2455048760457,0.0,0.0,1.0,0.0,0.21555000895956952,0.0,0.0,physics
2025-03-22 12:50:00,21.845134081135047,0.2734259203995311,1.9027948451685686,19.639546488448488,363.282920037831,0.0,0.0,1.0,0.0,0.21555000895956952,0.0,0.0,physics
2025-03-22 12:55:00,21.848256644043666,0.27317701791689836,1.9038094101297138,19.652749499807385,364.30170062899816,0.0,0.0,1.0,0.0,0.21555000895956952,0.0,0.0,physics
2025-03-22 13:00:00,21.851316246688402,0.2725702623547293,1.9057544862375018,19.684314927775716,365.30218137303586,0.0,0.0,1.0,0.0,0.21555000895956952,0.0,0.0,physics
2025-03-22 13:05:00,21.85431415853762,0.2721559577343106,1.9071887486399808,19.706037320873197,366.2846909809618,0.0,0.0,1.0,0.0,0.21555000895956952,0.0,0.0,physics
2025-03-22 13:10:00,21.87741463241658,0.27150615319725857,1.9115837741532946,19.742862919937142,367.2495522593218,0.0,0.0,1.0,0.0,0.21555000895956952,0.0,0.0,physics
2025-03-22 13:15:00,21.900049331233898,0.27087018285225933,1.915896137101549,19.778987790095417,368.1970822162488,0.0,0.0,1.0,0.0,0.21555000895956952,0.0,0.0,physics
2025-03-22 13:20:00,21.92222764641631,0.2702477254157113,1.9201273046240337,19.814425151116946,369.1275921656171,0.0,0.0,1.0,0.0,0.21555000895956952,0.0,0.0,physics
2025-03-22 13:25:00,21.94395878003113,0.269638468084565,1.9242787213856811,19.849187977575642,370.0413878293251,0.0,0.0,1.0,0.0,0.21555000895956952,0.0,0.0,physics
2025-03-22 13:30:00,21.965251748604313,0.2690421062744818,1.9283518097721228,19.883289003261737,370.9387694377415,0.0,0.0,1.0,0.0,0.21555000895956952,0.0,0.0,physics
2025-03-22 13:35:00,21.986115386861513,0.2684583433674473,1.9323479700900679,19.91674072551766,371.82003182834666,0.0,0.0,1.0,0.0,0.21555000895956952,0.0,0.0,physics
2025-03-22 13:40:00,22.00655835139374,0.2678868904684497,1.9362685807725835,19.94955540949956,372.68546454260263,0.0,0.0,1.0,0.0,0.21555000895956952,0.0,0.0,physics
2025-03-22 13:45:00,22.02658912424907,0.26732746617085146,1.9401149985888548,19.98174509236577,373.5353519210826,0.0,0.0,1.0,0.0,0.21555000895956952,0.0,0.0,physics
2025-03-22 13:50:00,22.046216016451982,0.26677979633009646,1.9438885588580619,20.013321587393282,374.3699731968921,0.0,0.0,1.0,0.0,0.21555000895956952,0.0,0.0,physics
2025-03-22 13:55:00,22.065447171451684,0.26624361384541667,1.9475905756669687,20.044296488023498,375.1896025874117,0.0,0.0,1.0,0.0,0.21555000895956952,0.0,0.0,physics
2025-03-22 14:00:00,22.084290568500943,0.2656237128838549,1.951474643079539,20.07967537793767,375.99450938439213,0.0,0.0,1.0,0.0,0.21555000895956952,0.0,0.0,physics
2025-03-22 14:05:00,22.102754025966792,0.26511154119027963,1.9550328994497317,20.109394805953347,376.78495804243084,0.0,0.0,1.0,0.0,0.21555000895956952,0.0,0.0,physics
2025-03-22 14:10:00,22.120845204574447,0.2646100591432105,1.9585235108553833,20.13854756913369,377.56120826585936,0.0,0.0,1.0,0.0,0.21555000895956952,0.0,0.0,physics
2025-03-22 14:15:00,22.138571610585863,0.2639297621314206,1.9624523092072028,20.17715853704422,378.32351509407,0.0,0.0,1.0,0.0,0.21555000895956952,0.0,0.0,physics
2025-03-22 14:20:00,22.155940598914164,0.2634525410939763,1.9658022364967032,20.20503667637756,379.0721289853097,0.0,0.0,1.0,0.0,0.21555000895956952,0.0,0.0,physics
2025-03-22 14:25:00,22.172959376175292,0.262985234990145,1.9690883114431186,20.23238263504341,379.8072958989691,0.0,0.0,1.0,0.0,0.21555000895956952,0.0,0.0,physics
2025-03-22 14:30:00,22.18963500367813,0.26252762287709946,1.9723117015327891,20.25920651002457,380.52925737639293,0.0,0.0,1.0,0.0,0.21555000895956952,0.0,0.0,physics
2025-03-22 14:35:00,22.205974400354332,0.2618909997373321,1.975978156910168,20.29556468863483,381.23825062023957,0.0,0.0,1.0,0.0,0.21555000895956952,0.0,0.0,physics
2025-03-22 14:40:00,22.22198434562906,0.26142368853397796,1.9791563211271752,20.322909114713017,381.93450857241425,0.0,0.0,1.0,0.0,0.21555000895956952,0.0,0.0,physics
2025-03-22 14:45:00,22.237671482233875,0.2609979867857565,1.9821880275842187,20.348024269440238,382.6182599906031,0.0,0.0,1.0,0.0,0.21555000895956952,0.0,0.0,physics
2025-03-22 14:50:00,22.253042318962876,0.2605810670723826,1.985161715862995,20.372659249822885,383.28972952343224,0.0,0.0,1.0,0.0,0.21555000895956952,0.0,0.0,physics
2025-03-22 14:55:00,22.268103233373292,0.2601727361483836,1.9880784558492284,20.396823188676045,383.9491377842766,0.0,0.0,1.0,0.0,0.21555000895956952,0.0,0.0,physics
2025-03-22 15:00:00,22.282860474431608,0.2595851954847186,1.9914439013321674,20.430608549966188,384.59670142374324,0.0,0.0,1.0,0.0,0.21555000895956952,0.0,0.0,physics
2025-03-22 15:05:00,22.29732016510634,0.2590095678972167,1.9947454203962662,20.463776895996855,385.23263320085243,0.0,0.0,1.0,0.0,0.21555000895956952,0.0,0.0,physics
2025-03-22 15:10:00,22.331651313861737,0.2583961456113029,2.0005683816134723,20.502067468326548,385.8571420529405,0.0,0.0,1.0,0.0,0.21555000895956952,0.0,0.0,physics
2025-03-22 15:15:00,22.345127234404206,0.2578456354151109,2.0036942267393854,20.533870978515388,386.47043316430666,0.0,0.0,1.0,0.0,0.21555000895956952,0.0,0.0,physics
2025-03-22 15:20:00,22.35833143984012,0.25749295875231815,2.006255991528699,20.554973053887363,387.072708033627,0.0,0.0,1.0,0.0,0.21555000895956952,0.0,0.0,physics
2025-03-22 15:25:00,22.371269408763613,0.25714748078575933,2.0087684445798657,20.575670872817724,387.6641645401575,0.0,0.0,1.0,0.0,0.21555000895956952,0.0,0.0,physics
2025-03-22 15:30:00,22.383946509303865,0.2566225854975206,2.011737108542448,20.606103248426578,388.2449970087479,0.0,0.0,1.0,0.0,0.21555000895956952,0.0,0.0,physics
2025-03-22 15:35:00,22.39636800135242,0.2561082098989495,2.014649222182432,20.63598053829349,388.8153962736875,0.0,0.0,1.0,0.0,0.21555000895956952,0.0,0.0,physics
2025-03-22 15:40:00,22.40853903874559,0.2557903116485981,2.0170012352042717,20.655159298556843,389.37554974140477,0.0,0.0,1.0,0.0,0.21555000895956952,0.0,0.0,physics
2025-03-22 15:45:00,22.420464671402833,0.255292830452279,2.0198124486766247,20.684127566382497,389.92564145203994,0.0,0.0,1.0,0.0,0.21555000895956952,0.0,0.0,physics
2025-03-22 15:50:00,22.432149847422036,0.2549911940097812,2.0220654469209784,20.70239863238362,390.4658521399121,0.0,0.0,1.0,0.0,0.21555000895956952,0.0,0.0,physics
2025-03-22 15:55:00,22.443599415132542,0.25469568086152905,2.024274895829473,20.72031846660745,390.9963592929,0.0,0.0,1.0,0.0,0.21555000895956952,0.0,0.0,physics
2025-03-22 16:00:00,22.454818125106794,0.25440616030455676,2.0264416148929794,20.737893803521732,391.5173372107563,0.0,0.0,1.0,0.0,0.21555000895956952,0.0,0.0,physics
2025-03-22 16:05:00,22.46581063213139,0.2541225046659699,2.0285664091006463,20.75513124936631,392.0289570623741,0.0,0.0,1.0,0.0,0.21555000895956952,0.0,0.0,physics
2025-03-22 16:10:00,22.47658149713843,0.2538445892237325,2.0306500691586704,20.772037284559474,392.5313869420253,0.0,0.0,1.0,0.0,0.21555000895956952,0.0,0.0,physics
2025-03-22 16:15:00,22.4871351890979,0.25351114462091934,2.0328598903598807,20.79197980896162,393.02479192458804,0.0,0.0,1.0,0.0,0.21555000895956952,0.0,0.0,physics
2025-03-22 16:20:00,22.4974760868719,0.25324548288128407,2.0348606070976705,20.808182823772533,393.50933411978315,0.0,0.0,1.0,0.0,0.21555000895956952,0.0,0.0,physics
2025-03-22 16:25:00,22.5076084810315,0.2528001169744654,2.03732713397352,20.834272538000008,393.9851727254353,0.0,0.0,1.0,0.0,0.21555000895956952,0.0,0.0,physics
2025-03-22 16:30:00,22.517536575636942,0.25254849800929674,2.0392419378819264,20.84967852035047,394.4524640797781,0.0,0.0,1.0,0.0,0.21555000895956952,0.0,0.0,physics
2025-03-22 16:35:00,22.527264489981967,0.25230195043117065,2.041119569088278,20.86478777781326,394.91136171281966,0.0,0.0,1.0,0.0,0.21555000895956952,0.0,0.0,physics
2025-03-22 16:40:00,22.536796260302957,0.2518756297873932,2.0434653352187766,20.889821448731528,395.36201639678507,0.0,0.1,1.0,0.0,0.9743271740742886,0.0,51.34827050131765,physics
2025-03-22 16:45:00,22.524390654684513,0.25060768209730305,2.045387853801858,20.958193593066447,397.3624711417025,0.0,0.2,1.0,0.0,1.4408447621728357,0.0,74.0418524321488,physics
2025-03-22 16:50:00,22.511321461834733,0.24940636467546828,2.0470419804048388,21.023047619036078,400.08056821537036,0.0,0.3,1.0,0.0,2.099273306698141,0.0,104.91256063499947,physics
2025-03-22 16:55:00,22.497270209000114,0.24668538433204232,2.052710817007736,21.173386164100062,403.5652625012093,0.0,0.4,1.0,0.0,2.5422066567779784,0.0,123.33852500809408,physics
2025-03-22 17:00:00,22.482749504956097,0.24396907110231858,2.058296924865251,21.324848725309934,407.0469707571947,0.0,0.2,1.0,0.0,1.7950707684930691,0.0,84.79988533159138,physics
2025-03-22 17:05:00,22.470053865484374,0.24252319992037424,2.0606440337965912,21.405291201728758,408.984604436961,0.0,0.2,1.0,0.0,1.5333319700893457,0.0,70.60393652925279,physics
2025-03-22 17:10:00,22.45817001493383,0.24151045959212708,2.061910421424419,21.461412400418787,410.39212595196,0.0,0.3,1.0,0.0,1.9605424948233758,0.0,87.84316820328833,physics
2025-03-22 17:15:00,22.445826284033615,0.24036587826085554,2.0634742761006715,21.525259951076535,411.9618463983011,0.0,0.4,1.0,0.0,2.172257825111938,0.0,94.62696225532918,physics
2025-03-22 17:20:00,22.433448462056912,0.2393168509608958,2.0647708365633255,21.58384131056451,413.41692490336294,0.0,0.5,1.0,0.0,2.968954745472426,0.0,125.34132671033045,physics
2025-03-22 17:25:00,22.42007288326109,0.23813367540063865,2.0663027331475985,21.650276950947713,415.04566257402644,0.0,0.6,1.0,0.0,3.982996604436712,0.0,162.30020484463694,physics
2025-03-22 17:30:00,22.40545538240995,0.23695303627772288,2.0676677044807037,21.71665450460995,416.6900883361003,0.0,0.7,1.0,0.0,3.9634939149339994,0.0,155.89774590381984,physics
2025-03-22 17:35:00,22.391377250872516,0.23622946154658697,2.0678587595464255,21.75665596780118,417.7833228976699,0.0,0.8,1.0,0.0,4.931754605979615,0.0,186.51771499904322,physics
2025-03-22 17:40:00,22.376315897679053,0.231656381694195,2.0783369642792784,22.023958988859427,418.6943318567854,0.0,0.9,1.0,0.0,5.5212801806071194,0.0,732.5636960648718,physics
2025-03-22 17:45:00,22.320199440561463,0.2273637429904531,2.0828314931344067,22.272240812082302,419.29507849358384,0.0,1.0,1.0,0.0,5.722359481985283,0.0,727.6933005982772,physics
2025-03-22 17:50:00,22.265339827387912,0.22526912926260942,2.0815222224161647,22.390344788342407,419.6312296824418,0.0,1.0,1.0,0.0,6.032191628505592,0.0,734.2945603180701,physics
2025-03-22 17:55:00,22.211236974133275,0.22443254316924183,2.0769225066406776,22.432455410329517,419.8166041176431,0.0,1.0,1.0,0.0,6.3420237750259005,0.0,738.0717967146712,physics
2025-03-22 18:00:00,22.157989663517213,0.22433263567267195,2.070469234668848,22.429752979173024,419.9135292048222,0.0,1.0,1.0,0.0,5.338537569131766,0.0,596.3973958443377,physics
2025-03-22 18:05:00,22.11159701872763,0.2246374708129183,2.0638177013636145,22.403467050646352,419.95199817054635,0.0,1.0,1.0,0.0,6.3420237750259005,0.0,677.3558158774454,physics
2025-03-22 18:10:00,22.062729990226924,0.22508898973666772,2.056485792703204,22.36787404919454,419.9773672325163,0.0,1.0,1.0,0.0,5.107319549340492,0.0,524.1201721311808,physics
2025-03-22 18:15:00,22.02110824288074,0.22557751991586128,2.0499839501149757,22.331295480851793,419.98699996383505,0.0,0.9,0.0,0.0,5.242431248738842,0.0,947.38691704988,physics
2025-03-22 18:20:00,21.9681610145677,0.2225096163868297,2.0514737467653124,22.51002379192808,300.0,0.0,0.8,0.0,0.0,5.175920834879201,0.0,991.434954705426,physics
2025-03-22 18:25:00,21.905945770741265,0.2161426216759652,2.060441788816944,22.895960859371712,300.0,0.0,0.2,0.0,0.0,1.5018863193977323,0.0,282.2147422709362,physics
2025-03-22 18:30:00,21.869719999443163,0.2158438272736134,2.056677217491794,22.90868828675395,300.0,0.0,0.2,0.0,0.0,1.316911903564712,0.0,242.5727175750311,physics
2025-03-22 18:35:00,21.832817271079506,0.21662690762773215,2.050001998395806,22.853128134301613,300.0,0.0,0.2,0.0,0.0,1.286391124952264,0.0,231.8508825493443,physics
2025-03-22 18:40:00,21.793368992498667,0.21720779012306116,2.0435554463963257,22.810000487333603,300.0,0.0,0.2,0.0,0.0,1.378878332868774,0.0,242.89408476510823,physics
2025-03-22 18:45:00,21.75276999225787,0.21769703956501582,2.0372220329098596,22.77252000151475,300.0,0.0,0.2,0.0,0.0,1.6868607352307525,0.0,289.4565973700552,physics
2025-03-22 18:50:00,21.707411339778893,0.21672306578428943,2.0341153662754317,22.825948007928783,316.86860735230755,0.0,0.2,0.0,0.0,1.471365540785284,0.0,246.15636752433568,physics
2025-03-22 18:55:00,21.664655737749,0.21610399009233447,2.030412177429837,22.857664712682904,329.51393879522516,0.0,0.2,0.0,0.0,1.3631555075229673,0.0,222.43819687862387,physics
2025-03-22 19:00:00,21.62367050539156,0.21567955727190427,2.02642916203579,22.87748192553996,339.7928198523376,0.0,0.2,0.0,0.0,1.4408447621728357,0.0,229.25574833319885,physics
2025-03-22 19:05:00,21.58320437051692,0.21530608633515153,2.0223846152360956,22.89420205673399,349.4233278027053,0.0,0.2,0.0,0.0,1.224424695648202,0.0,310.22033268135925,physics
2025-03-22 19:10:00,21.52099577081986,0.21503105258103455,2.015410789418496,22.901048647699668,356.6246461672916,0.0,0.2,0.0,0.0,1.316911903564712,0.0,325.4980166913071,physics
2025-03-22 19:15:00,21.459379573506336,0.21478102511723543,2.008465952017477,22.906421662544115,363.5796259885349,0.0,0.2,0.0,0.0,1.270668299606457,0.0,306.44830500699493,physics
2025-03-22 19:20:00,21.399711133649618,0.2146511763293778,2.0014737032451007,22.904531174074478,369.55392438089393,0.0,0.2,0.0,0.0,1.1476603130774987,0.0,270.19942426852896,physics
2025-03-22 19:25:00,21.342636975961582,0.21466063746264943,1.9944655909591722,22.89427537700214,374.37850429244014,0.0,0.2,0.0,0.0,1.3483575542563258,0.0,309.6529283594438,physics
2025-03-22 19:30:00,21.285093931904036,0.2146274739174572,1.9875297074126856,22.886634625525303,379.50467832358686,0.0,0.2,0.0,0.0,1.224424695648202,0.0,274.41986698929736,physics
2025-03-22 19:35:00,21.23006441302336,0.21471266861114277,1.980621575763093,22.8719475456092,383.6366343168217,0.0,0.2,0.0,0.0,1.5018863193977323,0.0,328.13608086062874,physics
2025-03-22 19:40:00,21.173956569338298,0.2141983076982817,1.9751110325938266,22.89494541859818,388.1877711040569,0.0,0.2,0.0,0.0,1.4556427154394773,0.0,310.0881658294212,physics
2025-03-22 19:45:00,21.119650896223433,0.21331399952074165,1.970756637892423,22.941742315754215,392.0467077085796,0.0,0.2,0.0,0.0,1.316911903564712,0.0,273.6784292876071,physics
2025-03-22 19:50:00,21.067844054907308,0.2136836705109287,1.9635768665029802,22.909530553895596,395.11437632211255,0.0,0.2,0.0,0.0,1.286391124952264,0.0,260.8333387290594,physics
2025-03-22 19:55:00,21.01754859305762,0.2140744402242682,1.9565494035135131,22.876295902567648,397.7820967752906,0.0,0.2,0.0,0.0,1.316911903564712,0.0,389.61036495133584,physics
2025-03-22 20:00:00,20.94379604191688,0.21338087343373072,1.9494236752952008,22.907677278083735,400.220348544363,0.0,0.2,0.0,0.0,1.240147520994009,0.0,358.0414429773387,physics
2025-03-22 20:05:00,20.872723899657174,0.2137769266703215,1.939948924085764,22.870577918163782,402.2644890209325,0.0,0.2,0.0,0.0,1.316911903564712,0.0,370.911344899255,physics
2025-03-22 20:10:00,20.802511039850994,0.2151093044270576,1.9283167794108653,22.774757461963194,404.2108311479439,0.0,0.2,0.0,0.0,1.2558703463398155,0.0,345.15739991877285,physics
2025-03-22 20:15:00,20.73467878212982,0.21635624654829855,1.917234248606134,22.68521821956167,405.863260227498,0.0,0.2,0.0,0.0,1.1781810916899471,0.0,316.06595071974334,physics
2025-03-22 20:20:00,20.669313618436426,0.21752148159993026,1.9066951220850958,22.601643929304814,407.25123018567325,0.0,0.2,0.0,0.0,1.1014167091192437,0.0,288.49830002913603,physics
2025-03-22 20:25:00,20.60630679312256,0.21861513342159175,1.8966551465042192,22.523302561724467,408.4213725268578,0.0,0.2,0.0,0.0,1.1939039170357537,0.0,422.341944447994,physics
2025-03-22 20:30:00,20.519887444440705,0.21947372473270074,1.8845072771303046,22.455895611386094,409.57335325136467,0.0,0.2,0.0,0.0,1.1633831384233055,0.0,401.7320296430714,physics
2025-03-22 20:35:00,20.435956303876573,0.22034025667050458,1.8726966318479912,22.3886671328654,410.5842020028362,0.0,0.2,0.0,0.0,1.1014167091192437,0.0,371.3567209923534,physics
2025-03-22 20:40:00,20.35485354505154,0.2219558338977349,1.8594861999599608,22.27646676101662,411.44842843981684,0.0,0.2,0.0,0.0,1.1476603130774987,0.0,377.7452559465084,physics
2025-03-22 20:45:00,20.275062507886446,0.22353716668607174,1.8465862216798599,22.16730478054927,412.26628671432223,0.0,0.2,0.0,0.0,1.1014167091192437,0.0,353.96738678007165,physics
2025-03-22 20:50:00,20.197757507117274,0.22503043313854132,1.8342527557529706,22.064553797565075,412.97612346735417,0.0,0.2,0.0,0.0,1.1319374877316921,0.0,391.7963871321355,physics
2025-03-22 20:55:00,20.11406962045652,0.2269044039318067,1.8203741668155415,21.938670480945998,413.63867256372924,0.0,0.2,0.0,0.0,1.2096267423815605,0.0,488.1215795264435,physics
2025-03-22 21:00:00,20.01523128531706,0.22799400300288858,1.806726397324398,21.85775285610001,414.2799085457258,0.0,0.2,0.0,0.0,1.1781810916899471,0.0,464.068358538626,physics
2025-03-22 21:05:00,19.919257947626857,0.22831929635589346,1.795265298532125,21.82286629365785,414.8415171785727,0.0,0.2,0.0,0.0,1.1014167091192437,0.0,423.5917606146056,physics
2025-03-22 21:10:00,19.82674727403626,0.229476892799007,1.7823263600753572,21.739480424386702,415.31498710967475,0.0,0.2,0.0,0.0,1.0394502798151821,0.0,390.4204422718029,physics
2025-03-22 21:15:00,19.73734135778786,0.23061904978848932,1.7698456976390189,21.657899887121093,415.72080693965694,0.0,0.2,0.0,0.0,1.0551731051609887,0.0,387.04224245420806,physics
2025-03-22 21:20:00,19.64979601237712,0.2323307034612527,1.756341803404977,21.543818887402246,416.09708105874574,0.0,0.2,0.0,0.0,1.0551731051609887,0.0,377.9759721940421,physics
2025-03-22 21:25:00,19.56430137274072,0.23410437551870442,1.7430066993800102,21.42726031515027,416.44026898361534,0.0,0.2,0.0,0.0,1.0708959305067955,0.0,374.5988258804812,physics
2025-03-22 21:30:00,19.480591713084923,0.23582487612553987,1.730069739504529,21.314852203685515,416.75794410521075,0.0,0.2,0.0,0.0,1.0089295012027337,0.0,344.7193539466607,physics
2025-03-22 21:35:00,19.39968582419627,0.23812366412387517,1.7162110708332667,21.170737827196195,417.0305279249442,0.0,0.2,0.0,0.0,1.0856938837734371,0.0,362.21408649110066,physics
2025-03-22 21:40:00,19.31964683366048,0.2404113851581822,1.702559167235516,21.02865445609914,417.2991893974379,0.0,0.2,0.0,0.0,1.1781810916899471,0.0,383.67479917240144,physics
2025-03-22 21:45:00,19.240299577191305,0.24269195879630986,1.6890839844722985,20.888314736557604,417.5643597294524,0.0,0.2,0.0,0.0,1.1939039170357537,0.0,379.4780928330407,physics
2025-03-22 21:50:00,19.16265100344018,0.24486967219492925,1.676100807388539,20.75513968726433,417.8066864344105,0.0,0.2,0.0,0.0,1.1014167091192437,0.0,341.8179983708288,physics
2025-03-22 21:55:00,19.08799937842086,0.24684713762746469,1.6639519083575869,20.634512054874655,418.0079991185337,0.0,0.2,0.0,0.0,1.1014167091192437,0.0,441.82926391594845,physics
2025-03-22 22:00:00,18.99150571018332,0.24835007957231053,1.6506680022255766,20.537309938850047,418.19083437315265,0.0,0.2,0.0,0.0,1.1633831384233055,0.0,455.55879714745953,physics
2025-03-22 22:05:00,18.89632890918843,0.24984223055618932,1.6376343711567567,20.441453546121796,418.3662304385601,0.0,0.2,0.0,0.0,1.0708959305067955,0.0,409.4940584398039,physics
2025-03-22 22:10:00,18.804821392627222,0.2505836363487614,1.6266921463229431,20.387267750196134,418.51203020312107,0.0,0.2,0.0,0.0,1.286391124952264,0.0,479.9318714346632,physics
2025-03-22 22:15:00,18.712278026630337,0.2521243644329354,1.6139851926197397,20.290039128370783,418.6715394648629,0.0,0.2,0.0,0.0,1.1014167091192437,0.0,401.22145727698614,physics
2025-03-22 22:20:00,18.624652933975465,0.25357691136398147,1.6020461329730395,20.198833489130863,418.79347185076335,0.0,0.2,0.0,0.0,1.0394502798151821,0.0,369.80194933852295,physics
2025-03-22 22:25:00,18.539968633331085,0.2549821951752153,1.590577118015469,20.11108090161755,418.89798235262407,0.0,0.2,0.0,0.0,1.0089295012027337,0.0,350.60007058160824,physics
2025-03-22 22:30:00,18.457682535872166,0.2563510553187242,1.5794936967780213,20.02607509711358,418.9906371955644,0.0,0.2,0.0,0.0,1.0246523265485403,0.0,347.7653069440141,physics
2025-03-22 22:35:00,18.37709799042928,0.2576970116019238,1.568692708792479,19.942961124406704,419.07682435772244,0.0,0.2,0.0,0.0,1.0089295012027337,0.0,334.46928954603953,physics
2025-03-22 22:40:00,18.29859779928287,0.2596939593887387,1.5567902386982966,19.826530308070968,419.1544426194129,0.0,0.2,0.0,0.0,1.1939039170357537,0.0,386.305516535031,physics
2025-03-22 22:45:00,18.219552202296764,0.260964418957155,1.5464294503182003,19.748565182783878,419.2385688084764,0.0,0.2,0.0,0.0,1.332634728910519,0.0,420.62871241242993,physics
2025-03-22 22:50:00,18.140665804149826,0.2631486598439051,1.534241082070694,19.623793042411297,419.3231279459347,0.0,0.2,0.0,0.0,1.1171395344650505,0.0,344.26587535276957,physics
2025-03-22 22:55:00,18.06634130505268,0.2650454607887866,1.5231628829592756,19.515363602721354,419.38614132354894,0.0,0.1,0.0,0.0,0.7199873523038859,0.0,216.9680995475773,physics
2025-03-22 23:00:00,17.998506231747328,0.26656849613741945,1.5135389437956497,19.42762949079277,419.42297219714453,0.0,0.0,0.0,0.0,0.21555000895956952,0.0,63.6462607592822,physics
2025-03-22 23:05:00,17.93804732375037,0.26769429101545333,1.5054805857936135,19.361575290375363,419.43333705948413,0.0,0.0,0.0,0.0,0.21555000895956952,0.0,62.3629606337549,physics
2025-03-22 23:10:00,17.87880744925666,0.26880266719019175,1.4976094592695528,19.2968426140438,419.4435157429762,0.0,0.0,0.0,0.0,0.21555000895956952,0.0,61.10553570014829,physics
2025-03-22 23:15:00,17.82076202888275,0.26989379680936126,1.4899207231156733,19.23340496928659,419.4535115918585,0.0,0.0,0.0,0.0,0.21555000895956952,0.0,59.87346423673595,physics
2025-03-22 23:20:00,17.763886978839533,0.27096785425164854,1.4824096806925162,19.171236396198672,419.46332789029776,0.0,0.0,0.0,0.0,0.21555000895956952,0.0,58.666235041271406,physics
2025-03-22 23:25:00,17.708158700939553,0.2721761815184884,1.4747654729145685,19.102767306537665,419.47296786346897,0.0,0.0,0.0,0.0,0.21555000895956952,0.0,57.48334721888355,physics
2025-03-22 23:30:00,17.653554072805814,0.27336610894794205,1.4672954809778234,19.035661009010724,419.4824346786149,0.0,0.0,0.0,0.0,0.21555000895956952,0.0,56.324309974249175,physics
2025-03-22 23:35:00,17.600050438278025,0.27453781226459684,1.459995313371746,18.96989016840711,419.4917314460867,1.0,0.1,0.0,0.0,0.6737437483456309,23333.40915167523,299.4817361476441,physics
2025-03-22 23:40:00,18.422924561349213,0.26074103607236293,1.5667535787890263,19.790430035325777,419.52026834281,0.0,0.2,0.0,0.0,1.1014167091192437,0.0,478.0278376782837,physics
2025-03-22 23:45:00,18.31852527559703,0.2627527245269396,1.5522969681678649,19.670536111238,419.56430038140354,0.0,0.2,0.0,0.0,1.1171395344650505,0.0,473.37761383972673,physics
2025-03-22 23:50:00,18.216326491019885,0.2647206747551224,1.5382580172992486,19.554077797987894,419.604861820494,0.0,0.2,0.0,0.0,1.1319374877316921,0.0,468.2695686475908,physics
2025-03-22 23:55:00,18.116303897972227,0.26737060192680334,1.5231178747481127,19.404048208361623,419.64213446367876,0.0,0.2,0.0,0.0,1.0708959305067955,0.0,537.7102642570351,physics
2025-03-23 00:00:00,17.996144569900157,0.2693230676816687,1.507630612220808,19.287635888576116,419.6740708592217,0.0,0.1,0.0,0.0,0.7047269629976618,0.0,346.0451247151904,physics
2025-03-23 00:05:00,17.885913626955073,0.27115220164102427,1.4934649761778633,19.179651134698783,419.69321178034943,0.0,0.0,0.0,0.0,0.21555000895956952,0.0,103.70834966292546,physics
2025-03-23 00:10:00,17.7873989067502,0.2728261256355638,1.4808224070772011,19.08178315468319,419.698722463974,0.0,0.0,0.0,0.0,0.21555000895956952,0.0,101.61727728015003,physics
2025-03-23 00:15:00,17.690870539730845,0.2744775676851532,1.4685013798316888,18.98588993728363,419.7041341619398,0.0,0.0,0.0,0.0,0.21555000895956952,0.0,99.56836720855028,physics
2025-03-23 00:20:00,17.596288475039938,0.27610661193019587,1.4564924647600452,18.891931638897386,419.7094486522769,1.0,0.1,0.0,0.0,0.6584833590394067,23333.40915167523,292.469046435468,physics
2025-03-23 00:25:00,18.41945832886703,0.2635246387494322,1.5605151198101894,19.64558810003617,419.72539225456205,0.0,0.2,0.0,0.0,1.0246523265485403,0.0,444.4983789921726,physics
2025-03-23 00:30:00,18.316458693463634,0.2665728493088754,1.544053435719087,19.47398268344102,419.74884037666635,0.0,0.2,0.0,0.0,1.0089295012027337,0.0,427.5039920811089,physics
2025-03-23 00:35:00,18.216123188401962,0.26947164134253515,1.528299145836839,19.312123148134273,419.76995723945737,0.0,0.2,0.0,0.0,1.1014167091192437,0.0,455.6768317391914,physics
2025-03-23 00:40:00,18.116605269114164,0.27238363078748873,1.512724552787856,19.15133329690734,419.7910716511468,0.0,0.2,0.0,0.0,1.1633831384233055,0.0,583.9687353895707,physics
2025-03-23 00:45:00,17.99460065310536,0.27461304551603904,1.4965703322114865,19.022737038573645,419.8113269609963,0.0,0.1,0.0,0.0,0.6584833590394067,0.0,323.2973834994318,physics
2025-03-23 00:50:00,17.8853009630294,0.2765759940907328,1.482294058422669,18.91006922746878,419.8216801323699,0.0,0.0,0.0,0.0,0.21555000895956952,0.0,103.69534526508293,physics
2025-03-23 00:55:00,17.78679859597275,0.2783177203429217,1.4695837200100355,18.810524978188017,419.82488320312535,0.0,0.0,0.0,0.0,0.21555000895956952,0.0,101.60453509009761,physics
2025-03-23 01:00:00,17.690282333024975,0.2800363135448322,1.4571961177693642,18.712985616429332,419.82802873872,0.0,0.0,0.0,0.0,0.21555000895956952,0.0,99.55588193939002,physics
2025-03-23 01:05:00,17.595712128351146,0.28186556195242013,1.4448527816354977,18.6109465953341,419.8311177726291,1.0,0.1,0.0,0.0,0.6122397550811517,23333.40915167523,332.1293984958303,physics
2025-03-23 01:10:00,18.3978365613465,0.2684120845727147,1.5480599102484156,19.392257078012847,419.8397341404227,0.0,0.2,0.0,0.0,1.0089295012027337,0.0,633.6445834173829,physics
2025-03-23 01:15:00,18.249119706101997,0.27064743676366904,1.5290023985274988,19.257618584681353,419.85320888656963,0.0,0.2,0.0,0.0,1.0089295012027337,0.0,618.9155998172272,physics
2025-03-23 01:20:00,18.103859754268782,0.27362350401610913,1.5089381875551355,19.087619666244187,419.8655507103075,0.0,0.1,0.0,0.0,0.6584833590394067,0.0,395.0990329077977,physics
2025-03-23 01:25:00,17.970285515656954,0.2762297062109844,1.4909535210019986,18.939275874624958,419.8729284286323,0.0,0.0,0.0,0.0,0.21555000895956952,0.0,126.7252156135883,physics
2025-03-23 01:30:00,17.849906595351587,0.27825922003588305,1.4755543655708176,18.822355155108603,419.87521095182785,0.0,0.0,0.0,0.0,0.21555000895956952,0.0,102.94406480056995,physics
2025-03-23 01:35:00,17.752117885247316,0.280112482974762,1.4627302073028587,18.71802277240042,419.8774524751988,0.0,0.0,0.0,0.0,0.21555000895956952,0.0,100.86840270031699,physics
2025-03-23 01:40:00,17.6563008897804,0.28194187680710314,1.4502295072138034,18.61578234882177,419.87965373520456,0.0,0.0,0.0,0.0,0.21555000895956952,0.0,98.83459219357529,physics
2025-03-23 01:45:00,17.562415853250954,0.2838814472970114,1.437773838937873,18.509156394352942,419.8818154550758,1.0,0.1,0.0,0.0,0.6122397550811517,23333.40915167523,390.3197909030942,physics
2025-03-23 01:50:00,18.3435590089153,0.27005392634358366,1.5393387816775221,19.301245064870276,419.8878452281457,0.0,0.2,0.0,0.0,1.0089295012027337,0.0,628.268910442713,physics
2025-03-23 01:55:00,18.19610382811817,0.27325429783772376,1.5184762243970154,19.11930530983682,419.8972749163144,0.0,0.2,0.0,0.0,1.0089295012027337,0.0,613.66488364193,physics
2025-03-23 02:00:00,18.052076223278533,0.27685402277351717,1.4973471656951611,18.92017284771206,419.90591178026807,0.0,0.1,0.0,0.0,0.6122397550811517,0.0,424.49726027594056,physics
2025-03-23 02:05:00,17.899018400919005,0.2793122311118238,1.4779627478725168,18.777827440186186,419.91071215931845,0.0,0.0,0.0,0.0,0.21555000895956952,0.0,146.4384897649858,physics
2025-03-23 02:10:00,17.759913431132965,0.2818111631386971,1.459995476353296,18.636688532674757,419.91231599222334,0.0,0.0,0.0,0.0,0.21555000895956952,0.0,143.4858491847609,physics
2025-03-23 02:15:00,17.623613236098155,0.2842841161454171,1.4425228531501895,18.498391195605265,419.9138910162785,1.0,0.1,0.0,0.0,0.6122397550811517,23333.40915167523,454.19819598096905,physics
2025-03-23 02:20:00,18.381724229975017,0.27116232334115653,1.5406835067148652,19.2509328467388,419.9182842948705,0.0,0.2,0.0,0.0,1.0089295012027337,0.0,731.0892564626733,physics
2025-03-23 02:25:00,18.210137037454892,0.27532718456757194,1.5154795335480542,19.01823273411791,419.9251547436719,0.0,0.2,0.0,0.0,1.0708959305067955,0.0,757.7666942880163,physics
2025-03-23 02:30:00,18.040802838586938,0.27891415198072605,1.4920239127994632,18.817401523259498,419.9318340337069,0.0,0.1,0.0,0.0,0.6122397550811517,0.0,484.0133128640956,physics
2025-03-23 02:35:00,17.86628575545702,0.28138029760992167,1.4706889770416596,18.672552433438334,419.9353118599159,0.0,0.0,0.0,0.0,0.21555000895956952,0.0,166.96969614336743,physics
2025-03-23 02:40:00,17.70767776534129,0.2839984874058218,1.450766352986747,18.52386940940118,419.9364738206804,0.0,0.0,0.0,0.0,0.21555000895956952,0.0,163.60308466511518,physics
2025-03-23 02:45:00,17.552267789550314,0.28670029080943976,1.4311977098784712,18.37297927274624,419.9376149097239,1.0,0.1,0.0,0.0,0.6122397550811517,23333.40915167523,510.09823182884423,physics
2025-03-23 02:50:00,18.29022332293932,0.2734409667991664,1.5270792173489367,19.123549180356278,419.9407977957565,0.0,0.2,0.0,0.0,1.0089295012027337,0.0,821.0674113868557,physics
2025-03-23 02:55:00,18.097518190502687,0.27686596115389644,1.5016041002031932,18.926069489348254,419.94577536662297,0.0,0.1,0.0,0.0,0.6122397550811517,0.0,487.42727362423994,physics
2025-03-23 03:00:00,17.92177016091335,0.27999650725749436,1.478674674685014,18.74766839336167,419.94854190631116,0.0,0.0,0.0,0.0,0.21555000895956952,0.0,168.1474075319108,physics
2025-03-23 03:05:00,17.76204343823364,0.28284448993061734,1.4580904661224703,18.587055368366673,419.94946622235744,0.0,0.0,0.0,0.0,0.21555000895956952,0.0,164.75704984838708,physics
2025-03-23 03:10:00,17.605537286893387,0.2857762330851906,1.4378754523337332,18.42444642813439,419.9503739353761,1.0,0.1,0.0,0.0,0.6122397550811517,23333.40915167523,513.3047705789174,physics
2025-03-23 03:15:00,18.34233666243563,0.27347415674593484,1.5320086361295824,19.129399760474804,419.95290585618034,0.0,0.2,0.0,0.0,1.0089295012027337,0.0,826.228739748248,physics
2025-03-23 03:20:00,18.14842016239186,0.27733575599998134,1.5054342687340698,18.910189803984835,419.9568654120998,0.0,0.1,0.0,0.0,0.6122397550811517,0.0,490.49130000816814,physics
2025-03-23 03:25:00,17.9715673595805,0.2810279464010271,1.4811886331691584,18.704512690649413,419.95906613789407,0.0,0.0,0.0,0.0,0.21555000895956952,0.0,190.43039148682425,physics
2025-03-23 03:30:00,17.79067356658502,0.28410051417836574,1.4581638466259967,18.530586086288906,419.95980141242273,0.0,0.0,0.0,0.0,0.21555000895956952,0.0,165.36475264230856,physics
2025-03-23 03:35:00,17.63359014571049,0.2872409879760464,1.4374673442384012,18.358554153107637,419.9605234795821,1.0,0.1,0.0,0.0,0.6122397550811517,23333.40915167523,575.1880526322446,physics
2025-03-23 03:40:00,18.348076726146857,0.27421611592980305,1.5309950333421372,19.093235675940512,419.9625375708481,0.0,0.2,0.0,0.0,1.0089295012027337,0.0,826.7972382155368,physics
2025-03-23 03:45:00,18.154026799089777,0.27851267717063205,1.5035118266602157,18.853156518736878,419.96568731667793,0.0,0.1,0.0,0.0,0.6122397550811517,0.0,490.82878954206905,physics
2025-03-23 03:50:00,17.977052310185332,0.2824580647830773,1.4787523591019576,18.635944803454823,419.9674379490807,0.0,0.0,0.0,0.0,0.21555000895956952,0.0,169.32082583287857,physics
2025-03-23 03:55:00,17.8162109330349,0.28561167860087566,1.4574277003743292,18.4616832728443,419.96802284494464,0.0,0.0,0.0,0.0,0.21555000895956952,0.0,165.90680850564655,physics
2025-03-23 04:00:00,17.658612602011996,0.28873978508533793,1.4367094475479893,18.290917182250826,419.9685972346162,1.0,0.1,0.0,0.0,0.6122397550811517,23333.40915167523,516.4996205979457,physics
2025-03-23 04:05:00,18.39426003422636,0.27643191374124443,1.5307465391873931,18.98989443259779,419.9701994030651,0.0,0.2,0.0,0.0,1.0089295012027337,0.0,831.3712536234441,physics
2025-03-23 04:10:00,18.19913658234936,0.2805145277234599,1.5035928007289967,18.761663608461234,419.9727049615152,0.0,0.2,0.0,0.0,1.0089295012027337,0.0,812.0461400176129,physics
2025-03-23 04:15:00,18.008548749016125,0.28452221517403115,1.4774214704676738,18.540814059705102,419.97499985897883,0.0,0.1,0.0,0.0,0.6275001443873759,0.0,494.0577367950388,physics
2025-03-23 04:20:00,17.834256971916105,0.2880213845971843,1.4541629090015906,18.349309986793386,419.97630715832054,0.0,0.0,0.0,0.0,0.21555000895956952,0.0,166.28985353124787,physics
2025-03-23 04:25:00,17.67629477844967,0.29102081997329343,1.4336990653743737,18.18574857369832,419.9767327410069,1.0,0.1,0.0,0.0,0.6584833590394067,23333.40915167523,556.5653084125775,physics
2025-03-23 04:30:00,18.410179531135917,0.2782429278103569,1.5284395308784444,18.902847678301477,419.9780094995784,0.0,0.2,0.0,0.0,1.1014167091192437,0.0,908.9686880231736,physics
2025-03-23 04:35:00,18.21166456125129,0.2822750593295934,1.5010936417530165,18.677833838014838,419.9800278916289,0.0,0.2,0.0,0.0,1.1014167091192437,0.0,887.5132730631299,physics
2025-03-23 04:40:00,18.017835364497,0.2862350180576855,1.474745377019087,18.45997721701395,419.98186102611857,0.0,0.1,0.0,0.0,0.6122397550811517,0.0,482.6307937990782,physics
2025-03-23 04:45:00,17.84381676599175,0.28964192984013015,1.4517264883083785,18.273842629557194,419.98278647619577,0.0,0.0,0.0,0.0,0.21555000895956952,0.0,166.4927696166312,physics
2025-03-23 04:50:00,17.68566181831178,0.29273729778650803,1.4310726865990433,18.10654238544922,419.98309567412997,1.0,0.1,0.0,0.0,0.6122397550811517,23333.40915167523,518.127838706815,physics
2025-03-23 04:55:00,18.420722176023215,0.2800921186915583,1.5255311646833913,18.813664257467412,419.98395813249084,0.0,0.2,0.0,0.0,1.0089295012027337,0.0,933.0325214592228,physics
2025-03-23 05:00:00,18.20173874893556,0.28364171356726464,1.4973021239642494,18.61031475823657,419.98530689193956,0.0,0.2,0.0,0.0,1.0089295012027337,0.0,911.3443052783667,physics
2025-03-23 05:05:00,17.98784556232449,0.28764640262585484,1.4690566570202241,18.388455957581535,419.98654225112176,0.0,0.1,0.0,0.0,0.6122397550811517,0.0,541.0202181870724,physics
2025-03-23 05:10:00,17.79277392300611,0.29129329704615003,1.443704340062239,18.1889587916897,419.9872288651949,0.0,0.0,0.0,0.0,0.21555000895956952,0.0,186.63532394093133,physics
2025-03-23 05:15:00,17.61548514367305,0.29459790477600145,1.4210068891753518,18.0101917015399,419.98745826671336,1.0,0.1,0.0,0.0,0.6122397550811517,23333.40915167523,574.0982283707295,physics
2025-03-23 05:20:00,18.33036467394404,0.28200967706698643,1.512873758904722,18.707441376811786,419.98809814568966,0.0,0.2,0.0,0.0,1.0089295012027337,0.0,924.08347419698,physics
2025-03-23 05:25:00,18.113481594908123,0.2859855746313855,1.4841546699102897,18.48525342323316,419.98909882335073,0.0,0.1,0.0,0.0,0.6122397550811517,0.0,548.5828352001505,physics
2025-03-23 05:30:00,17.91568315897718,0.28962633225241075,1.45833926378307,18.28450731720683,419.9896550011609,0.0,0.0,0.0,0.0,0.21555000895956952,0.0,189.24419405082614,physics
2025-03-23 05:35:00,17.735916159618807,0.2930456410656955,1.4349860248027348,18.099005832267466,419.9898408232103,0.0,0.0,0.0,0.0,0.21555000895956952,0.0,185.4284616718377,physics
2025-03-23 05:40:00,17.559773803877984,0.29654269674207445,1.4121180432986722,17.91248746499891,419.99002330743093,1.0,0.1,0.0,0.0,0.6122397550811517,23333.40915167523,570.7447037688196,physics
2025-03-23 05:45:00,18.27586248959196,0.2837988731626316,1.5039534404487815,18.613131293770646,419.99053231808216,0.0,0.2,0.0,0.0,1.0089295012027337,0.0,1017.7259990995202,physics
2025-03-23 05:50:00,18.037001440278836,0.28697374660115876,1.474995050281791,18.427352391994805,419.99132833671507,0.0,0.1,0.0,0.0,0.6122397550811517,0.0,543.9791390576664,physics
2025-03-23 05:55:00,17.84086292485225,0.2911923906634749,1.4482885471862108,18.200319192685804,419.9917707647989,0.0,0.0,0.0,0.0,0.21555000895956952,0.0,208.88204972864557,physics
2025-03-23 06:00:00,17.642441517591212,0.2947154623838884,1.4231871538450362,18.00840116289537,419.99191858244234,1.0,0.1,0.0,0.0,0.6122397550811517,23333.40915167523,635.9155078992969,physics
2025-03-23 06:05:00,18.33503205079616,0.28178232963078914,1.5137958168986665,18.71914627489919,419.99233089620117,0.0,0.2,0.0,0.0,1.0089295012027337,0.0,1023.5861788025685,physics
2025-03-23 06:10:00,18.09479561294597,0.28633911613435487,1.4816794158099005,18.465724360709036,419.992975694957,0.0,0.1,0.0,0.0,0.6122397550811517,0.0,607.6526890897584,physics
2025-03-23 06:15:00,17.875698798793312,0.2904666065433092,1.4529539482697738,18.23930389358459,419.99333407485693,0.0,0.0,0.0,0.0,0.21555000895956952,0.0,223.84288834568193,physics
2025-03-23 06:20:00,17.663065779495465,0.29419681730542746,1.4260868177465613,18.03534167064394,419.9934538115423,1.0,0.1,0.0,0.0,0.6122397550811517,23333.40915167523,697.3516281612089,physics
2025-03-23 06:25:00,18.33350474739845,0.2819715855882029,1.5132519779083147,18.709734439533413,419.9937877979438,0.0,0.2,0.0,0.0,1.0089295012027337,0.0,1122.4753595163434,physics
2025-03-23 06:30:00,18.07005894524794,0.28695046172669125,1.478110949467716,18.43306350487698,419.994310104104,0.0,0.1,0.0,0.0,0.6122397550811517,0.0,666.6740169847678,physics
2025-03-23 06:35:00,17.834925783979635,0.29167437858540046,1.4467628584407874,18.17684426826532,300.0,1.0,0.0,0.0,0.0,0.21555000895956952,23333.40915167523,249.69367068482646,physics
2025-03-23 06:40:00,18.526393100885674,0.2796751091963603,1.5365523140224013,18.84906318423912,300.0,1.0,0.0,0.0,0.0,0.21555000895956952,23333.40915167523,264.4501380013666,physics
2025-03-23 06:45:00,19.207583147090354,0.2686173454124153,1.6279403315037504,19.500111107092437,300.0,1.0,0.0,0.0,0.0,0.21555000895956952,23333.40915167523,278.956704262982,physics
2025-03-23 06:50:00,19.87723722689473,0.2585336774940613,1.7204889338501919,20.124000953599793,300.0,1.0,0.0,0.0,0.0,0.21555000895956952,23333.40915167523,293.26604195457696,physics
2025-03-23 06:55:00,20.53778681469278,0.24927981612030398,1.8145444143583336,20.72457441080509,300.0,1.0,0.0,0.0,0.0,0.21555000895956952,23333.40915167523,307.36624988834257,physics
2025-03-23 07:00:00,21.188682526238285,0.24072285250689598,1.9101661883004852,21.305587211406237,300.0,1.0,0.0,0.0,0.0,0.21555000895956952,23333.40915167523,321.26154474945827,physics
2025-03-23 07:05:00,21.83011901272456,0.2328414442628328,2.007239761117703,21.865246995521773,300.0,1.0,0.1,1.0,0.0,0.6122397550811517,23333.40915167523,948.1859392100168,physics
2025-03-23 07:10:00,22.41011651724277,0.22498551547997617,2.1006915490563096,22.431559504190272,306.1223975508115,0.0,0.2,1.0,0.0,1.0089295012027337,0.0,1526.2248054249387,physics
2025-03-23 07:15:00,22.051910419693844,0.22998302669369827,2.0421512878654537,22.07093743489643,315.69693693724673,0.0,0.1,0.0,0.0,0.6122397550811517,0.0,909.3818051713881,physics
2025-03-23 07:20:00,21.77946360186187,0.23682093679868205,1.9906627739740435,21.62411932615279,300.0,1.0,0.2,1.0,0.0,1.0394502798151821,23333.40915167523,1500.0509298337472,physics
2025-03-23 07:25:00,22.3593976438172,0.22805566765569152,2.085930804528385,22.23688844223608,310.39450279815185,0.0,0.3,1.0,0.0,1.4056192473243156,0.0,1840.4357156767878,physics
2025-03-23 07:30:00,22.028274353580002,0.23286039285417445,2.031592338507031,21.896167892888055,323.2331358381076,0.0,0.2,0.0,0.0,1.0246523265485403,0.0,1319.2586075213255,physics
2025-03-23 07:35:00,21.811127226770903,0.2410890694296032,1.983359849170267,21.383108611960623,300.0,0.0,0.1,0.0,0.0,0.6275001443873759,0.0,796.5751374163274,physics
2025-03-23 07:40:00,21.631265253412703,0.24997450243302904,1.9387219695114482,20.85512458352965,300.0,1.0,0.2,1.0,0.0,1.0089295012027337,23333.40915167523,1376.1271237471906,physics
2025-03-23 07:45:00,22.23161940962331,0.24077903526965141,2.0356706269773284,21.467491833311676,310.0892950120273,0.0,0.1,0.8,0.0,0.6122397550811517,0.0,798.0150851385614,physics
2025-03-23 07:50:00,21.969508337940905,0.24650264570893757,1.9883294330966712,21.101198498149042,300.0,0.0,0.0,0.0,0.0,0.21555000895956952,0.0,278.2756902754894,physics
2025-03-23 07:55:00,21.845800166814225,0.2564260534351076,1.947394246749262,20.53480676420294,300.0,0.0,0.0,0.0,0.0,0.21555000895956952,0.0,275.95154225205573,physics
2025-03-23 08:00:00,21.738512530450556,0.26681936694974134,1.9076392016915495,19.9656194296749,300.0,0.0,0.0,0.0,0.0,0.21555000895956952,0.0,252.73406925620029,physics
2025-03-23 08:05:00,21.6667443922136,0.2773502996965602,1.8720136539961145,19.41415251624671,300.0,1.0,0.1,1.0,0.0,0.6122397550811517,23333.40915167523,757.7677110007575,physics
2025-03-23 08:10:00,22.315399582127295,0.26554938466828354,1.9793149690241836,20.11800282902751,306.1223975508115,0.0,0.2,1.0,0.0,1.0089295012027337,0.0,1219.7226614043575,physics
2025-03-23 08:15:00,22.02912976585865,0.26841913115303007,1.9375242119350182,19.925138581513806,315.69693693724673,0.0,0.1,0.0,0.0,0.6122397550811517,0.0,676.1615311654108,physics
2025-03-23 08:20:00,21.989118851960068,0.2802247744070556,1.9016153635432782,19.31589887954689,300.0,0.0,0.0,0.0,0.0,0.21555000895956952,0.0,237.8595112630705,physics
2025-03-23 08:25:00,21.9801030281754,0.2923433081277532,1.868571513414124,18.718232059181094,300.0,0.0,0.0,0.0,0.0,0.21555000895956952,0.0,216.74383260459004,physics
2025-03-23 08:30:00,22.005358205280622,0.30445869526193187,1.839410130491317,18.146849703063758,300.0,0.0,0.1,0.2,0.0,0.6122397550811517,0.0,613.9947725057225,physics
2025-03-23 08:35:00,21.978771667057426,0.31414562358809905,1.8108554031267106,17.698026099385494,300.0,0.0,0.1,0.2,0.0,0.6122397550811517,0.0,552.777022153309,physics
2025-03-23 08:40:00,21.983847963970092,0.3239384281299634,1.7855519853412305,17.260724403553947,300.0,0.0,0.2,0.2,0.0,1.0089295012027337,0.0,910.8712038011073,physics
2025-03-23 08:45:00,21.983179748330496,0.3319983675647841,1.7641929489590122,16.90884385258707,300.0,0.0,0.1,0.3,0.0,0.6122397550811517,0.0,552.4515683205501,physics
2025-03-23 08:50:00,21.978558620101552,0.3405226450203386,1.741189767220493,16.54431186542568,300.0,0.0,0.2,0.4,0.0,1.0089295012027337,0.0,807.5017118903932,physics
2025-03-23 08:55:00,21.96373076097366,0.346919985840634,1.722741164411001,16.27460928756224,300.0,0.0,0.3,0.3,0.0,1.4056192473243156,0.0,1126.3918680953566,physics
2025-03-23 09:00:00,21.97362394251915,0.35201290098697813,1.7103379535799823,16.06564085135605,300.0,0.0,0.3,0.4,0.0,1.4056192473243156,0.0,1124.689968276129,physics
2025-03-23 09:05:00,21.961576350974205,0.3557195777243311,1.6993057566149576,15.91292075835774,300.0,0.0,0.3,0.5,0.0,1.4056192473243156,0.0,981.6222274567529,physics
2025-03-23 09:10:00,21.948813034839425,0.35831795495491425,1.6911359405616613,15.806195361021539,300.0,0.0,0.2,0.5,0.0,1.0089295012027337,0.0,705.1213539974888,physics
2025-03-23 09:15:00,21.95403679566615,0.36373758252896904,1.6773868270904089,15.589513222107287,300.0,0.0,0.1,0.6,0.0,0.6584833590394067,0.0,459.2106727958158,physics
2025-03-23 09:20:00,21.93906742380648,0.3688318524204758,1.6624386514013052,15.38612004733313,300.0,0.0,0.0,0.6,0.0,0.21555000895956952,0.0,150.35618195415032,physics
2025-03-23 09:25:00,21.94076246946353,0.3757436113554961,1.644403673077198,15.116610421937153,300.0,0.0,0.1,0.6,0.0,0.6432229697331826,0.0,448.24847568588433,physics
2025-03-23 09:30:00,21.93411779047728,0.38001324527056846,1.6324950921236507,14.951435656091235,300.0,0.0,0.1,0.6,0.0,0.6584833590394067,0.0,458.77502302740874,physics
2025-03-23 09:35:00,21.932484381871202,0.38378732575201097,1.6223959028656947,14.807264828473699,300.0,0.0,0.1,0.7,0.0,0.6584833590394067,0.0,391.6310605848056,physics
2025-03-23 09:40:00,21.917881477164936,0.3863436646434204,1.6142272489959986,14.708832485094774,300.0,0.0,0.0,0.7,0.0,0.21555000895956952,0.0,128.16605586535132,physics
2025-03-23 09:45:00,21.9164188585253,0.3915277237621124,1.600447774669621,14.514066045511722,300.0,0.0,0.0,0.8,0.0,0.21555000895956952,0.0,106.09607222927728,physics
2025-03-23 09:50:00,21.897621279788908,0.3948410849418124,1.5899088175615816,14.388841353006356,300.0,0.0,0.1,0.7,0.0,0.6122397550811517,0.0,302.42781800470624,physics
2025-03-23 09:55:00,21.91512025309179,0.3960384114242105,1.5884576258112915,14.346436261372343,300.0,0.0,0.0,0.9,0.0,0.21555000895956952,0.0,84.01845539927542,physics
2025-03-23 10:00:00,21.87847133651886,0.3972616713214975,1.5817005093858458,14.297372267265082,300.0,0.0,0.0,0.8,0.0,0.21555000895956952,0.0,84.20115940206263,physics
2025-03-23 10:05:00,21.88690534348209,0.39926199207661794,1.5772626001408703,14.224753911331138,300.0,0.0,0.1,0.8,0.0,0.6122397550811517,0.0,239.42788441113444,physics
2025-03-23 10:10:00,21.891232134623852,0.39589833595708973,1.5865127102083187,14.349040310121461,300.0,0.0,0.2,0.8,0.0,1.1014167091192437,0.0,430.5745407248826,physics
2025-03-23 10:15:00,21.88983002784957,0.38641322385030596,1.6112850212014709,14.703113637808734,300.0,0.0,0.1,0.9,0.0,0.6122397550811517,0.0,176.77550383169253,physics
2025-03-23 10:20:00,21.8729925205496,0.3825259377667102,1.6198283689051498,14.848627444524304,300.0,0.0,0.2,0.8,0.0,1.1014167091192437,0.0,320.8643870154752,physics
2025-03-23 10:25:00,21.898703498305128,0.3746097605682661,1.6431701997926116,15.155778250070853,300.0,0.0,0.3,0.9,0.0,1.4056192473243156,0.0,406.05499918924954,physics
2025-03-23 10:30:00,21.874425815049385,0.3623978474230012,1.6727769380571549,15.633646980696334,300.0,0.0,0.4,0.9,0.0,1.987283409278918,0.0,373.9155085995824,physics
2025-03-23 10:35:00,21.872180035822847,0.34849273704622497,1.709023424692207,16.19833389648369,300.0,0.0,0.5,0.9,0.0,2.275300686098601,0.0,427.32965078386906,physics
2025-03-23 10:40:00,21.868779960462504,0.3326304840658682,1.7502699192124926,16.867164221597974,300.0,0.0,0.6,0.9,0.0,2.595688485689062,0.0,486.2058315353039,physics
2025-03-23 10:45:00,21.863809543084002,0.31763452148665017,1.78905630289584,17.525606125242,300.0,0.0,0.5,0.9,0.0,2.3539148128276346,0.0,440.3127199495956,physics
2025-03-23 10:50:00,21.861248788677656,0.30549899325112095,1.8205892978976068,18.079022203125444,300.0,0.0,0.4,0.9,0.0,1.987283409278918,0.0,371.96977191786266,physics
2025-03-23 10:55:00,21.86243780987419,0.2962400494775385,1.844994862765727,18.51488579811799,300.0,0.0,0.5,0.9,0.0,2.19899873956748,0.0,411.62814488258863,physics
2025-03-23 11:00:00,21.8625760728941,0.28905893019834045,1.8638367897228534,18.861186213097977,300.0,0.0,0.4,1.0,0.0,1.8337546441375114,0.0,154.76168847363954,physics
2025-03-23 11:05:00,21.839761907716642,0.28296841356064695,1.8771889053982003,19.157632473269274,318.33754644137514,0.0,0.5,0.9,0.0,2.6614347791500306,0.0,232.22392956312203,physics
2025-03-23 11:10:00,21.86821059242251,0.27755882566485457,1.8946372309086232,19.432697270040574,300.0,0.0,0.6,1.0,0.0,2.873150109438592,0.0,243.05433795911352,physics
2025-03-23 11:15:00,21.8417420015844,0.2705691475820569,1.9098809521084212,19.785976266356222,328.7315010943859,0.0,0.7,0.9,0.0,3.4229061846619984,0.0,298.7732641486677,physics
2025-03-23 11:20:00,21.86852170045096,0.26920505615218426,1.9165817776303502,19.86056256011311,300.0,0.0,0.8,1.0,0.0,3.3890679779322266,0.0,286.20833786994683,physics
2025-03-23 11:25:00,21.84030304982182,0.2605735035426391,1.9358827141627355,20.31085695443903,333.8906797793223,0.0,0.9,0.9,0.0,4.201950159678104,0.0,365.54487029962354,physics
2025-03-23 11:30:00,21.865612930382703,0.2552524729144347,1.9528272036933236,20.60154559395658,300.0,0.0,0.8,1.0,0.0,4.006882526814514,0.0,0.0,physics
2025-03-23 11:35:00,21.870301738122823,0.2507472572471605,1.9652025875062509,20.849323624675637,340.06882526814513,0.0,0.9,1.0,0.0,4.064606655922086,0.0,343.028493216542,physics
2025-03-23 11:40:00,21.83974148716273,0.24334270999220434,1.9809265405052878,21.25922834290544,367.14289067070916,0.0,0.8,1.0,0.0,3.69612550821504,0.0,0.0,physics
2025-03-23 11:45:00,21.8451395056396,0.24295911446938423,1.9825837610227284,21.281860683495402,383.4234331775844,0.0,0.7,1.0,0.0,3.20926073437486,0.0,0.0,physics
2025-03-23 11:50:00,21.850062827796755,0.24000491391313095,1.990918433063642,21.451426345426583,393.2054114860358,0.0,0.6,1.0,0.0,2.595688485689062,0.0,0.0,physics
2025-03-23 11:55:00,21.854472267253048,0.23823367013714086,1.9960954617611084,21.55421328415357,399.00127855974193,0.0,0.5,1.0,0.0,2.469523822723272,0.0,0.0,physics
2025-03-23 12:00:00,21.858680710741968,0.23482458125579836,2.005543402705845,21.753278982176024,403.3226821300292,0.0,0.4,1.0,0.0,2.048324966503815,0.0,0.0,physics
2025-03-23 12:05:00,21.88981859990779,0.23454416756508195,2.010093283185061,21.774722816950096,406.16939601064433,0.0,0.3,1.0,0.0,1.4056192473243156,0.0,0.0,physics
2025-03-23 12:10:00,21.917335328413046,0.23424473147726493,2.0142574549734764,21.796725416074995,407.7894429414409,0.0,0.2,1.0,0.0,1.0089295012027337,0.0,0.0,physics
2025-03-23 12:15:00,21.942501723912347,0.23484145688088023,2.01577907653244,21.765772939218248,408.81607554498254,0.0,0.1,1.0,0.0,0.6432229697331826,0.0,0.0,physics
2025-03-23 12:20:00,21.96558087393349,0.23506864906223177,2.0180182271056153,21.75617602488771,409.4155553034182,0.0,0.0,1.0,0.0,0.21555000895956952,0.0,0.0,physics
2025-03-23 12:25:00,21.996519380510335,0.23473997937940438,2.022696445596065,21.780413421036684,409.60567839918326,0.0,0.0,1.0,0.0,0.21555000895956952,0.0,0.0,physics
2025-03-23 12:30:00,22.03691557817867,0.2346087919796509,2.028029675838671,21.79461270944772,409.79238640869863,0.0,0.0,1.0,0.0,0.21555000895956952,0.0,0.0,physics
2025-03-23 12:35:00,22.076497266951748,0.23427887270676911,2.0338023109544245,21.820366815431818,409.9757406754537,0.0,0.0,1.0,0.0,0.21555000895956952,0.0,0.0,physics
2025-03-23 12:40:00,22.11528086977971,0.23375520662866894,2.040006197608262,21.857437798334885,410.1558014410553,0.0,0.0,1.0,0.0,0.21555000895956952,0.0,0.0,physics
2025-03-23 12:45:00,22.153282478476612,0.23324345468402616,2.046097405122061,21.89375773327668,410.33262786502036,0.0,0.0,1.0,0.0,0.21555000895956952,0.0,0.0,physics
2025-03-23 12:50:00,22.190517860397126,0.23274332007274343,2.0520777269441517,21.929341825176923,410.5062780442129,0.0,0.0,1.0,0.0,0.21555000895956952,0.0,0.0,physics
2025-03-23 12:55:00,22.2270024649786,0.2320545751585303,2.0584848774462214,21.976064874973805,410.676809031932,0.0,0.0,1.0,0.0,0.21555000895956952,0.0,0.0,physics
2025-03-23 13:00:00,22.262751430151244,0.2313813313414741,2.0647750474949795,22.021874931274656,410.8442768566569,0.0,0.0,1.0,0.0,0.21555000895956952,0.0,0.0,physics
2025-03-23 13:05:00,22.307861093095646,0.23070279275000977,2.0722750623589037,22.069648779055154,411.0087365404552,0.0,0.0,1.0,0.0,0.21555000895956952,0.0,0.0,physics
2025-03-23 13:10:00,22.362142713978823,0.23002282978904237,2.0809623540133697,22.1191360882513,411.1702421170604,0.0,0.0,1.0,0.0,0.21555000895956952,0.0,0.0,physics
2025-03-23 13:15:00,22.41532985405414,0.22914913440771034,2.090067885917192,22.18021962007636,411.3288466496253,0.0,0.0,1.0,0.0,0.21555000895956952,0.0,0.0,physics
2025-03-23 13:20:00,22.46744458134792,0.22808702737083547,2.099583548037743,22.252712444212428,411.48460224815557,0.0,0.0,1.0,0.0,0.21555000895956952,0.0,0.0,physics
2025-03-23 13:25:00,22.518508518928684,0.22705016601070438,2.10893244444152,22.323814425833625,411.6375600866309,0.0,0.0,1.0,0.0,0.21555000895956952,0.0,0.0,physics
2025-03-23 13:30:00,22.56854285387882,0.22603785911088017,2.1181170308099997,22.393552004081105,411.78777041981846,0.0,0.0,1.0,0.0,0.21555000895956952,0.0,0.0,physics
2025-03-23 13:35:00,22.637731355038593,0.2250021832187657,2.1298726895774625,22.468175350692984,411.935282599784,0.0,0.0,1.0,0.0,0.21555000895956952,0.0,0.0,physics
2025-03-23 13:40:00,22.705524807830024,0.22377346614275143,2.142036584247655,22.554753769294905,412.08014509210676,0.0,0.0,1.0,0.0,0.21555000895956952,0.0,0.0,physics
2025-03-23 13:45:00,22.77195134062585,0.2225754220067121,2.1539965426523997,22.639649937484048,412.222405491803,0.0,0.0,1.0,0.0,0.21555000895956952,0.0,0.0,physics
2025-03-23 13:50:00,22.837038514646185,0.22119010753255322,2.1663589235831875,22.73638560584783,412.36211053896346,0.0,0.0,1.0,0.0,0.21555000895956952,0.0,0.0,physics
2025-03-23 13:55:00,22.90081333539401,0.22005547117713437,2.1779080115917253,22.81778694707964,412.49930613411004,0.0,0.0,1.0,0.0,0.21555000895956952,0.0,0.0,physics
2025-03-23 14:00:00,22.963302263860104,0.21873339770214204,2.1898649460601245,22.91113660331824,412.6340373532763,0.0,0.0,1.0,0.0,0.21555000895956952,0.0,0.0,physics
2025-03-23 14:05:00,23.024531227502063,0.2176585241507012,2.2010140026279528,22.989173885945025,412.76634846281775,0.0,0.0,1.0,0.0,0.21555000895956952,0.0,0.0,physics
2025-03-23 14:10:00,23.084525631001913,0.21639609323778555,2.2125763086349117,23.079264624694797,412.89628293395526,0.0,0.0,1.0,0.0,0.21555000895956952,0.0,0.0,physics
2025-03-23 14:15:00,23.143310366806855,0.2151645247294512,2.2239398678176,23.16766191957993,413.02388345705793,0.0,0.0,1.0,0.0,0.21555000895956952,0.0,0.0,physics
2025-03-23 14:20:00,23.200909825457448,0.21396293592630508,2.2351074587212048,23.25439705164334,413.1491919556691,0.0,0.0,1.0,0.0,0.21555000895956952,0.0,0.0,physics
2025-03-23 14:25:00,23.25734790570757,0.21296610293256107,2.2455807404397334,23.32817141131346,413.2722496002804,0.0,0.0,1.0,0.0,0.21555000895956952,0.0,0.0,physics
2025-03-23 14:30:00,23.312648024440307,0.21181821596402073,2.256373679681141,23.411857034779253,413.39309682185853,0.0,0.0,1.0,0.0,0.21555000895956952,0.0,0.0,physics
2025-03-23 14:35:00,23.366833126383924,0.2106979281645116,2.2669787438642435,23.493968360811728,413.51177332512884,0.0,0.0,1.0,0.0,0.21555000895956952,0.0,0.0,physics
2025-03-23 14:40:00,23.41992569363192,0.2093949326413102,2.278002399960141,23.58825922813115,413.62831810162055,0.0,0.0,1.0,0.0,0.21555000895956952,0.0,0.0,physics
2025-03-23 14:45:00,23.471947754971147,0.20833196276654556,2.2882290237533605,23.6670856619125,413.7427694424775,0.0,0.0,1.0,0.0,0.21555000895956952,0.0,0.0,physics
2025-03-23 14:50:00,23.522920895021826,0.20729424850749967,2.298276086579917,23.744426849866347,413.85516495103883,0.0,0.0,1.0,0.0,0.21555000895956952,0.0,0.0,physics
2025-03-23 14:55:00,23.572866263193294,0.20628109580502538,2.3081462546931912,23.820310330120563,413.96554155519374,0.0,0.0,1.0,0.0,0.21555000895956952,0.0,0.0,physics
2025-03-23 15:00:00,23.62180458245915,0.2052918333396278,2.3178421746469002,23.89476314362443,414.07393551951407,0.0,0.0,1.0,0.0,0.21555000895956952,0.0,0.0,physics
2025-03-23 15:05:00,23.66975615795549,0.20432581164615313,2.3273664725227228,23.967811842798508,414.1803824571694,0.0,0.0,1.0,0.0,0.21555000895956952,0.0,0.0,physics
2025-03-23 15:10:00,23.71674088540578,0.20338240226838333,2.3367217532101825,24.039482500038392,414.2849173416276,0.0,0.0,1.0,0.0,0.21555000895956952,0.0,0.0,physics
2025-03-23 15:15:00,23.762778259375825,0.20246099695150968,2.3459105997368224,24.109800716074997,414.38757451814564,0.0,0.0,1.0,0.0,0.21555000895956952,0.0,0.0,physics
2025-03-23 15:20:00,23.80788738136233,0.20156100687056963,2.354935572646746,24.178791628193938,414.4883877150539,0.0,0.0,1.0,0.0,0.21555000895956952,0.0,0.0,physics
2025-03-23 15:25:00,23.85208696771835,0.20068186189304174,2.3637992094256406,24.246479918316478,414.5873900548374,0.0,0.0,1.0,0.0,0.21555000895956952,0.0,0.0,physics
2025-03-23 15:30:00,23.895395357418945,0.1998230098738932,2.3725040239704325,24.312889820944484,414.6846140650186,0.0,0.0,1.0,0.0,0.21555000895956952,0.0,0.0,physics
2025-03-23 15:35:00,23.937830519670257,0.19911999753412427,2.3806479982168156,24.368685523008242,414.7800916888443,0.0,0.0,1.0,0.0,0.21555000895956952,0.0,0.0,physics
2025-03-23 15:40:00,23.979410061365165,0.1982973660451126,2.3890498792060386,24.43276440114958,414.8738542957808,0.0,0.0,1.0,0.0,0.21555000895956952,0.0,0.0,physics
2025-03-23 15:45:00,24.02015123438861,0.19729143019389775,2.397903946045331,24.50964465051941,414.96593269182017,0.0,0.0,1.0,0.0,0.21555000895956952,0.0,0.0,physics
2025-03-23 15:50:00,24.06007094277562,0.1965100179413781,2.4059942851889518,24.571092377637655,415.05635712960196,0.0,0.0,1.0,0.0,0.21555000895956952,0.0,0.0,physics
2025-03-23 15:55:00,24.099185749725013,0.19574635226753548,2.4139380710239347,24.631377703010703,415.1451573183526,0.0,0.0,1.0,0.0,0.21555000895956952,0.0,0.0,physics
2025-03-23 16:00:00,24.13751188447168,0.19479928883925068,2.422341408932218,24.704604767149277,415.2323624336464,0.0,0.0,1.0,0.0,0.21555000895956952,0.0,0.0,physics
2025-03-23 16:05:00,24.175065249020314,0.19403976838397702,2.4300909403799427,24.764793667231046,415.3180011269917,0.0,0.0,1.0,0.0,0.21555000895956952,0.0,0.0,physics
2025-03-23 16:10:00,24.21186142474333,0.19313150519901634,2.4382003845526503,24.835583309303615,415.40210153524384,0.0,0.0,1.0,0.0,0.21555000895956952,0.0,0.0,physics
2025-03-23 16:15:00,24.247915678845796,0.19224358329398722,2.446161946232877,24.905093351873756,415.48469128984993,0.0,0.0,1.0,0.0,0.21555000895956952,0.0,0.0,physics
2025-03-23 16:20:00,24.283242970699995,0.19137548514135752,2.4539780724826192,24.973346142416084,415.5657975259273,0.0,0.0,1.0,0.0,0.21555000895956952,0.0,0.0,physics
2025-03-23 16:25:00,24.317857958052244,0.1905267087358211,2.461651180004826,25.0403636597861,415.64544689117855,0.0,0.0,1.0,0.0,0.21555000895956952,0.0,0.0,physics
2025-03-23 16:30:00,24.351775003104596,0.18969676704165386,2.4691836550840973,25.106167519831274,415.723665554647,0.0,0.0,1.0,0.0,0.21555000895956952,0.0,0.0,physics
2025-03-23 16:35:00,24.38500817847389,0.18868745292357533,2.4771815966632666,25.18507533722459,415.8004792153145,0.0,0.0,1.0,0.0,0.21555000895956952,0.0,0.0,physics
2025-03-23 16:40:00,24.41757127303067,0.1877003569507976,2.485032742258941,25.262624614803833,415.8759131105449,0.0,0.0,1.0,0.0,0.21555000895956952,0.0,0.0,physics
2025-03-23 16:45:00,24.449477797620357,0.1868334109900679,2.4924377100211625,25.331645991172667,415.9499920243759,0.0,0.0,1.0,0.0,0.21555000895956952,0.0,0.0,physics
2025-03-23 16:50:00,24.480740990669076,0.1858871535185762,2.5000081212092353,25.406652924030563,416.0227402956619,0.0,0.0,1.0,0.0,0.21555000895956952,0.0,0.0,physics
2025-03-23 16:55:00,24.491210814723246,0.18521134552258328,2.5036503828514034,25.458237767722423,416.0941818260706,0.0,0.0,1.0,0.0,0.21555000895956952,0.0,0.0,physics
2025-03-23 17:00:00,24.501469535621275,0.18454869236038388,2.507224007326526,25.50898004771648,416.164340087936,0.0,0.0,1.0,0.0,0.21555000895956952,0.0,0.0,physics
2025-03-23 17:05:00,24.51152140983799,0.18389892205203537,2.5107302703840437,25.55889213334279,416.23323813197027,0.0,0.0,1.0,0.0,0.21555000895956952,0.0,0.0,physics
2025-03-23 17:10:00,24.521370608024874,0.18344659804343288,2.5136014639243576,25.59426040661883,416.3008985948371,0.0,0.0,1.0,0.0,0.21555000895956952,0.0,0.0,physics
2025-03-23 17:15:00,24.531021216740534,0.18318782274320022,2.5158490381919774,25.615276958795384,416.3673437065892,0.0,0.1,1.0,0.0,0.7819537816079476,0.0,40.79778326083129,physics
2025-03-23 17:20:00,24.519145890327195,0.18147921995952937,2.5193225704037143,25.74057891236853,416.6040578170821,0.0,0.2,1.0,0.0,1.224424695648202,0.0,62.34489715393096,physics
2025-03-23 17:25:00,24.50664384471116,0.17892138921066716,2.525307098771661,25.931113608825985,416.95056410656196,0.0,0.3,1.0,0.0,1.8218116829486108,0.0,90.3133129483475,physics
2025-03-23 17:30:00,24.493267190152086,0.1754629186106167,2.5339165151010508,26.193272289042646,417.4135222679843,0.0,0.4,1.0,0.0,2.2037034758035516,0.0,106.19857214272132,physics
2025-03-23 17:35:00,24.479511976986842,0.171909059388855,2.542745688284414,26.46746290495324,417.88850809866193,0.0,0.5,1.0,0.0,2.506518705889876,0.0,117.28105890984874,physics
2025-03-23 17:40:00,24.465576302224903,0.1686155778468915,2.550732018552778,26.72584720622425,418.3295492609985,0.0,0.6,1.0,0.0,2.964712445275937,0.0,134.44172332764427,physics
2025-03-23 17:45:00,24.451216978043316,0.16794641797490778,2.5505935670443223,26.776652034482012,418.7422497689267,0.0,0.7,1.0,0.0,3.6948185759365377,0.0,161.9072988736192,physics
2025-03-23 17:50:00,24.43602084003046,0.1673345928164537,2.550149969873367,26.82285838948243,419.1295130120649,0.0,0.8,1.0,0.0,3.69612550821504,0.0,156.50908488073296,physics
2025-03-23 17:55:00,24.421334265762944,0.1669518783179436,2.549081468810078,26.8508290975579,419.3976321087879,0.0,0.9,1.0,0.0,4.755486099058416,0.0,653.6170143516235,physics
2025-03-23 18:00:00,24.36761032387067,0.16316290395537958,2.5524566841955783,27.14887320448552,419.63634478655274,0.0,1.0,1.0,0.0,4.797487402820183,0.0,634.3585148539606,physics
2025-03-23 18:05:00,24.315693923388313,0.16472110741703172,2.539798275603039,27.011075095917242,419.78173072867634,0.0,1.0,1.0,0.0,5.028705422611457,0.0,639.0928783966968,physics
2025-03-23 18:10:00,24.26456663971236,0.16977251826594889,2.5167210070467103,26.594821038795278,419.8731983843676,0.0,1.0,1.0,0.0,5.800973608714317,0.0,706.3792143045576,physics
2025-03-23 18:15:00,24.21163262801166,0.17336818033458998,2.4978870795303174,26.302009177898086,419.93449611985307,0.0,1.0,1.0,0.0,5.4171516958608,0.0,633.0128558909086,physics
2025-03-23 18:20:00,24.16272087909442,0.17114685472814994,2.497267963935532,26.46656922914479,419.96406649113834,0.0,0.2,0.0,0.0,1.1633831384233055,0.0,133.73210699626537,physics
2025-03-23 18:25:00,24.143791488253417,0.17151789614065563,2.4933189942208025,26.433748239682977,300.0,0.0,0.2,0.0,0.0,1.2096267423815605,0.0,136.50924171292732,physics
2025-03-23 18:30:00,24.122909129713985,0.17175385684122718,2.4894898737527122,26.411212308024854,300.0,0.0,0.2,0.0,0.0,1.1939039170357537,0.0,132.12179856844887,physics
2025-03-23 18:35:00,24.10113112380026,0.17191833785610505,2.4857469896026134,26.394135091986232,300.0,0.0,0.2,0.0,0.0,1.2558703463398155,0.0,258.77541435764203,physics
2025-03-23 18:40:00,24.05027513577062,0.17103780475513874,2.480810645580767,26.453542740947835,312.55870346339816,0.0,0.2,0.0,0.0,1.1014167091192437,0.0,221.59287959887857,physics
2025-03-23 18:45:00,24.00188017519625,0.17124133665644697,2.4730092690315013,26.428234006020446,322.42017340130224,0.0,0.2,0.0,0.0,1.1939039170357537,0.0,234.44427061964092,physics
2025-03-23 18:50:00,23.953908332864504,0.17144500949342106,2.465291833871331,26.40302436491231,332.1285848346235,0.0,0.2,0.0,0.0,1.0551731051609887,0.0,202.34840500346064,physics
2025-03-23 18:55:00,23.908139010898477,0.17168530451051411,2.4578122026848552,26.375395175837447,339.8552143342019,0.0,0.2,0.0,0.0,1.0089295012027337,0.0,188.98293775869072,physics
2025-03-23 19:00:00,23.863784574777892,0.17269197145332602,2.448293050508188,26.28821549475886,346.5935842196847,0.0,0.2,0.0,0.0,1.0708959305067955,0.0,195.87892279409067,physics
2025-03-23 19:05:00,23.820012526314322,0.17368156087240685,2.4389407207717966,26.202925058014518,353.14447021403714,0.0,0.2,0.0,0.0,1.0708959305067955,0.0,243.82729671287345,physics
2025-03-23 19:10:00,23.765525703045046,0.17425767965648753,2.429270157654905,26.14795189377477,359.1107464456758,0.0,0.2,0.0,0.0,1.0089295012027337,0.0,273.89889773414853,physics
2025-03-23 19:15:00,23.70124142792937,0.17449397646858175,2.4192036896862428,26.11747896591676,364.23016013044,0.0,0.2,0.0,0.0,1.0089295012027337,0.0,267.5321544865865,physics
2025-03-23 19:20:00,23.638451432191612,0.17475113491655278,2.4093299236530203,26.085723650123562,368.9191465239193,0.0,0.2,0.0,0.0,1.0089295012027337,0.0,261.3134053343481,physics
2025-03-23 19:25:00,23.577120981507463,0.17502671708444661,2.3996491618630715,26.05287426176691,373.2138948588053,0.0,0.2,0.0,0.0,1.0089295012027337,0.0,255.2392101744802,physics
2025-03-23 19:30:00,23.51721614894735,0.1760398926892301,2.38807039555049,25.963847145418512,377.1475516690823,0.0,0.2,0.0,0.0,1.0089295012027337,0.0,249.30620886876193,physics
2025-03-23 19:35:00,23.45870379620864,0.17761231461082735,2.375124274075784,25.833079605529395,380.75047661240137,0.0,0.2,0.0,0.0,1.0089295012027337,0.0,342.5515649076687,physics
2025-03-23 19:40:00,23.378306689020558,0.17965911270879367,2.357757195303003,25.66361420546234,384.0504767835593,0.0,0.2,0.0,0.0,1.0089295012027337,0.0,334.5889995930225,physics
2025-03-23 19:45:00,23.29977840183704,0.18114121768311833,2.3423748155008175,25.53819455675822,387.07302132749595,0.0,0.2,0.0,0.0,1.0089295012027337,0.0,326.81152304422994,physics
2025-03-23 19:50:00,23.22307549418701,0.18325101745729414,2.325547765933398,25.367745536602673,389.84143800817617,0.0,0.2,0.0,0.0,1.0708959305067955,0.0,338.73687143301885,physics
2025-03-23 19:55:00,23.14737971977053,0.1853302492248821,2.3090470191935912,25.201461371781253,392.53282811709124,0.0,0.2,0.0,0.0,1.0708959305067955,0.0,330.7814419518344,physics
2025-03-23 20:00:00,23.073461703980815,0.1872939329356174,2.293214752459831,25.04550465691723,394.98403499975274,0.0,0.2,0.0,0.0,1.1014167091192437,0.0,332.1784561690067,physics
2025-03-23 20:05:00,23.000915314768967,0.18994806750697962,2.275721191601701,24.842006098829483,397.2801184869206,0.0,0.2,0.0,0.0,1.1014167091192437,0.0,324.33767274951106,physics
2025-03-23 20:10:00,22.93008131994969,0.19320083488026193,2.256890764790414,24.599310849640993,399.3654565808969,0.0,0.2,0.0,0.0,1.1014167091192437,0.0,316.6819642001333,physics
2025-03-23 20:15:00,22.86091929994335,0.19623398582259394,2.239012910367639,24.37571632707604,401.25939248980075,0.0,0.2,0.0,0.0,1.1014167091192437,0.0,309.2069619896034,physics
2025-03-23 20:20:00,22.793389789239328,0.20061215859534307,2.2177283057475763,24.06406867899041,402.979494010699,0.0,0.2,0.0,0.0,1.0089295012027337,0.0,276.65856924491396,physics
2025-03-23 20:25:00,22.72845781716651,0.20438811055195036,2.198585494376835,23.79895736593544,404.41053489553263,0.0,0.2,0.0,0.0,1.1014167091192437,0.0,402.97016227450837,physics
2025-03-23 20:30:00,22.64045081463455,0.20863259139081577,2.1752188436519306,23.50353509318474,405.84140967489026,0.0,0.2,0.0,0.0,1.1014167091192437,0.0,393.45840223036555,physics
2025-03-23 20:35:00,22.554521140819844,0.21333737851575185,2.151043520551659,23.18428982104244,407.14095200502777,0.0,0.2,0.0,0.0,1.286391124952264,0.0,448.3595436236241,physics
2025-03-23 20:40:00,22.46806574201559,0.21744812742416314,2.128601379987618,22.9085587893741,408.51943243970004,0.0,0.2,0.0,0.0,1.1939039170357537,0.0,406.1522529779293,physics
2025-03-23 20:45:00,22.384959118036065,0.22184494891744727,2.1059823650942047,22.620337996998064,409.6616569880363,0.0,0.2,0.0,0.0,1.0856938837734371,0.0,360.64505314664393,physics
2025-03-23 20:50:00,22.305266839154218,0.22415838638979016,2.089574246602146,22.46478572238106,410.59701330273975,0.0,0.2,0.0,0.0,1.1171395344650505,0.0,362.3087117872876,physics
2025-03-23 20:55:00,22.227047022872608,0.22715289153436705,2.071629502385313,22.26969122805793,411.4723839845363,0.0,0.2,0.0,0.0,1.1319374877316921,0.0,358.39917061084185,physics
2025-03-23 21:00:00,22.150492796865226,0.23076815109449303,2.0523541950150053,22.040140773197518,412.2767780052767,0.0,0.2,0.0,0.0,1.1633831384233055,0.0,359.5722549763664,physics
2025-03-23 21:05:00,22.075369811271578,0.23581905757368413,2.0295720944900677,21.72991683229063,413.02553352552343,0.0,0.2,0.0,0.0,1.1014167091192437,0.0,332.38468360734737,physics
2025-03-23 21:10:00,22.00277838284743,0.24029318497937502,2.0087846673189946,21.459099540428696,413.66568301820513,0.0,0.2,0.0,0.0,1.0708959305067955,0.0,315.5842166424356,physics
2025-03-23 21:15:00,21.93225641229457,0.24436933056078894,1.989434996669,21.21560245962297,414.23096587473384,0.0,0.2,0.0,0.0,1.1014167091192437,0.0,316.9170472715157,physics
2025-03-23 21:20:00,21.863043051126045,0.24749439933558512,1.972860543342406,21.029027862238852,414.7604750898211,0.0,0.2,0.0,0.0,1.0708959305067955,0.0,300.89839585377405,physics
2025-03-23 21:25:00,21.79580284489024,0.251117331385383,1.9553217750455232,20.817389880756505,415.2280572484961,0.0,0.2,0.0,0.0,1.0089295012027337,0.0,276.8975593516516,physics
2025-03-23 21:30:00,21.730814781661532,0.2543601167594609,1.9391446507515449,20.629551579761667,415.629270066833,0.0,0.2,0.0,0.0,1.0089295012027337,0.0,369.5015581385533,physics
2025-03-23 21:35:00,21.64409249100776,0.25701806197891774,1.9220215300606973,20.47212027385415,415.9967499311132,0.0,0.2,0.0,0.0,1.0089295012027337,0.0,360.9125438354517,physics
2025-03-23 21:40:00,21.559386048402303,0.2588812917181799,1.907298572758716,20.35903793815973,416.3333330223792,0.0,0.2,0.0,0.0,1.0089295012027337,0.0,352.5231800211616,physics
2025-03-23 21:45:00,21.47664859572687,0.26135940012573977,1.8913236625536376,20.214304836178787,416.6416170627798,0.0,0.2,0.0,0.0,1.0089295012027337,0.0,344.32882584677054,physics
2025-03-23 21:50:00,21.395834364073863,0.2637273864793502,1.8759568343120014,20.07692115643425,416.9239813645879,0.0,0.2,0.0,0.0,1.0089295012027337,0.0,435.3653938620116,physics
2025-03-23 21:55:00,21.293653782164277,0.2649459041591957,1.861165752151311,19.997659990865124,417.18260519354766,0.0,0.2,0.0,0.0,1.1014167091192437,0.0,464.0563059029576,physics
2025-03-23 22:00:00,21.1923058206724,0.2668638506598146,1.8448113803393396,19.88242514783342,417.44119900321533,0.0,0.2,0.0,0.0,1.1014167091192437,0.0,453.1026605913393,physics
2025-03-23 22:05:00,21.093350089625655,0.26873263694274363,1.8289707569953073,19.770867757433244,417.6760578509795,0.0,0.2,0.0,0.0,1.0246523265485403,0.0,411.6992047648769,physics
2025-03-23 22:10:00,20.997950713630637,0.270518433330466,1.8138483662059874,19.664828899240202,417.8744939117926,0.0,0.2,0.0,0.0,1.1014167091192437,0.0,432.096841868407,physics
2025-03-23 22:15:00,20.90358256577144,0.2730157306561619,1.7971875616420538,19.52333529379851,418.0695829051998,0.0,0.2,0.0,0.0,1.1014167091192437,0.0,421.897571896442,physics
2025-03-23 22:20:00,20.811441895929924,0.27685799115772697,1.777589110947293,19.31562446481738,418.24676570884833,0.0,0.2,0.0,0.0,1.1633831384233055,0.0,435.0077418347283,physics
2025-03-23 22:25:00,20.720558687143072,0.2798523017815377,1.7603564861310006,19.152851133771023,418.4167393098509,0.0,0.2,0.0,0.0,1.1171395344650505,0.0,407.83116482442426,physics
2025-03-23 22:30:00,20.632510904275485,0.28263064353422335,1.7440834783759982,19.002727793630275,418.56413290237845,0.0,0.2,0.0,0.0,1.1633831384233055,0.0,414.5859779067608,physics
2025-03-23 22:35:00,20.54589427572703,0.28533659882661266,1.728256070657515,18.857707679043134,418.70333819991095,0.0,0.2,0.0,0.0,1.1014167091192437,0.0,383.2387710326504,physics
2025-03-23 22:40:00,20.462196526736772,0.28709938166095683,1.7151190605327238,18.7600970282379,418.8223519476355,0.0,0.2,0.0,0.0,1.0089295012027337,0.0,342.8974864952662,physics
2025-03-23 22:45:00,20.381718231494673,0.28876796749480393,1.7026295275825771,18.668053215617253,418.92136560280755,0.0,0.2,0.0,0.0,1.0089295012027337,0.0,334.92688027957877,physics
2025-03-23 22:50:00,20.303110643462595,0.290393166356829,1.6905150348739588,18.578859941433397,419.0120544415025,0.0,0.2,0.0,0.0,1.0089295012027337,0.0,327.14154973941413,physics
2025-03-23 22:55:00,20.22633027830162,0.2926636857042751,1.677132396636227,18.459614974907538,419.0951183931317,0.0,0.2,0.0,0.0,1.0089295012027337,0.0,418.57763368920536,physics
2025-03-23 23:00:00,20.128089796196935,0.2943385929321695,1.6630311438079999,18.36648049464848,419.1711985388205,0.0,0.2,0.0,0.0,1.0089295012027337,0.0,408.84785257318947,physics
2025-03-23 23:05:00,20.03213290096044,0.29599170299904953,1.6493156427228777,18.27520175096622,419.2408820592225,0.0,0.2,0.0,0.0,1.0246523265485403,0.0,405.54212869281423,physics
2025-03-23 23:10:00,19.938160249157335,0.2982923214541704,1.634389860059375,18.154383012865395,419.3057013895677,0.0,0.2,0.0,0.0,1.0089295012027337,0.0,390.03714561645654,physics
2025-03-23 23:15:00,19.84661824084127,0.30050835234286777,1.6200147490758643,18.038703008252153,419.3640762521268,0.0,0.2,0.0,0.0,1.0089295012027337,0.0,380.970784328788,physics
2025-03-23 23:20:00,19.75720411426601,0.3026572911145352,1.6061099157677892,17.927212667700662,419.4175431046055,0.0,0.2,0.0,0.0,1.0089295012027337,0.0,471.15561491948023,physics
2025-03-23 23:25:00,19.646623540841517,0.3041901709833078,1.5916219024903846,17.84187112730645,419.4665146000174,0.0,0.2,0.0,0.0,1.0089295012027337,0.0,460.2036656613594,physics
2025-03-23 23:30:00,19.538613398057624,0.3057294198051397,1.5774850180240563,17.757013425584574,419.5113686965593,0.0,0.2,0.0,0.0,1.0089295012027337,0.0,449.5062929990687,physics
2025-03-23 23:35:00,19.43311393659785,0.3088602252559917,1.5601086485824118,17.600847623596586,419.5524515746637,0.0,0.2,0.0,0.0,1.0089295012027337,0.0,439.05757933368415,physics
2025-03-23 23:40:00,19.33006679601058,0.31028024624143546,1.5469562385818612,17.523227436715278,419.5900803087919,0.0,0.2,0.0,0.0,1.0089295012027337,0.0,428.8517446200775,physics
2025-03-23 23:45:00,19.229414972425104,0.312352002926245,1.532676497603538,17.417142756201212,419.6245453145906,0.0,0.2,0.0,0.0,1.0089295012027337,0.0,418.8831431694965,physics
2025-03-23 23:50:00,19.131102787018055,0.31308856096853743,1.5216865579111039,17.37140633400338,419.6561125902968,0.0,0.2,0.0,0.0,1.0089295012027337,0.0,409.14626052646906,physics
