reg_date,Tin,RHin,VPD,dTcond,CO2,u_heat,x_vent,curtain,u_co2,ACH,Q_heat,Q_ventloss,model
2025-03-17 00:30:00,13.3,0.45399999999999996,0.8339162084804209,11.54370824887092,371.0,1.0,0.0,0.0,0.0,0.21555000895956952,23333.40915167523,301.842652261269,physics_residual_tiny_ttm
2025-03-17 00:35:00,13.933701463217536,0.4316201640724572,0.9046532012378288,12.307078020963147,371.8801625365849,1.0,0.0,0.0,0.0,0.21555000895956952,23333.40915167523,315.2935926476689,physics_residual_tiny_ttm
2025-03-17 00:40:00,14.554625598158559,0.41066894477407184,0.9764901038243988,13.060873834530184,372.74451515294925,1.0,0.0,0.0,0.0,0.21555000895956952,23333.40915167523,328.4733216026288,physics_residual_tiny_ttm
2025-03-17 00:45:00,15.163030034207505,0.39124343849929527,1.0490151368077432,13.797854737945139,373.5933418347968,1.0,0.0,0.0,0.0,0.21555000895956952,23333.40915167523,341.38730756466913,physics_residual_tiny_ttm
2025-03-17 00:50:00,15.75916720616523,0.37311025799916925,1.1223700024871823,14.522042352461737,374.4269214667379,1.0,0.0,0.0,0.0,0.21555000895956952,23333.40915167523,354.04090871213526,physics_residual_tiny_ttm
2025-03-17 00:55:00,16.343284458987434,0.3561832860340391,1.1964742678058413,15.232933692729771,375.2455279239179,1.0,0.0,0.0,0.0,0.21555000895956952,23333.40915167523,366.4393751863748,physics_residual_tiny_ttm
2025-03-17 01:00:00,16.91562415041126,0.3402506899030564,1.271503415394371,15.93541013289828,376.0494301619996,1.0,0.0,0.0,0.0,0.21555000895956952,23333.40915167523,378.58785127008827,physics_residual_tiny_ttm
2025-03-17 01:05:00,17.47642375151264,0.32529257537443224,1.3472995904201839,16.627406200142172,376.83889230552955,1.0,0.1,0.0,0.0,0.8513191875453302,23333.40915167523,1538.56103236141,physics_residual_tiny_ttm
2025-03-17 01:10:00,17.98275573085898,0.3034450967270468,1.4360159992808768,17.653267097165593,379.90088223353064,0.0,0.0,0.0,0.0,0.21555000895956952,0.0,360.4757889822946,physics_residual_tiny_ttm
2025-03-17 01:15:00,17.640332275007616,0.3074126070788863,1.3973798521532779,17.42889144648217,380.6211626663501,1.0,0.1,0.0,0.0,0.7509705669559168,23333.40915167523,1296.0200475410356,physics_residual_tiny_ttm
2025-03-17 01:20:00,18.172073625139767,0.2885415262752275,1.4842937464892192,18.37143344637056,383.08552498289305,0.0,0.0,0.0,0.0,0.21555000895956952,0.0,364.4942485533363,physics_residual_tiny_ttm
2025-03-17 01:25:00,17.82583295089102,0.29248411301179017,1.4442819276813883,18.137606410336147,383.7486012679493,1.0,0.1,0.0,0.0,0.8050755835870751,23333.40915167523,1403.7830455698247,physics_residual_tiny_ttm
2025-03-17 01:30:00,18.349911968447607,0.27425562844588924,1.5310878636868317,19.09153210061557,386.18069426712043,0.0,0.1,0.0,0.0,0.812474560220396,0.0,1384.834855858511,physics_residual_tiny_ttm
2025-03-17 01:35:00,17.95985570100417,0.2728260117482405,1.4969828055218644,19.106632492815848,388.47047139647714,0.0,0.0,0.0,0.0,0.21555000895956952,0.0,359.98971319692424,physics_residual_tiny_ttm
2025-03-17 01:40:00,17.617893978659797,0.27668537079127253,1.4573124010849523,18.866548052023486,389.03682057755884,1.0,0.1,0.0,0.0,0.7199873523038859,23333.40915167523,1241.106646010253,physics_residual_tiny_ttm
2025-03-17 01:45:00,18.152134438586977,0.26094040700469506,1.5399477717827512,19.73979546568663,390.89457870849833,0.0,0.0,0.0,0.0,0.21555000895956952,0.0,364.0710195957873,physics_residual_tiny_ttm
2025-03-17 01:50:00,17.806295798335213,0.26478004730677046,1.4989902733555263,19.490726749146805,391.41738486017795,1.0,0.1,0.0,0.0,0.7972141709141718,23333.40915167523,1388.58631456657,physics_residual_tiny_ttm
2025-03-17 01:55:00,18.33132670430933,0.24951869848467048,1.58143074038013,20.37247535826983,393.3162570127823,0.0,0.0,0.0,0.0,0.21555000895956952,0.0,367.87455268484996,physics_residual_tiny_ttm
2025-03-17 02:00:00,17.981875008799463,0.25339159001402817,1.5391209518188589,20.111350130346736,393.79556376611305,0.0,0.0,0.0,0.0,0.21555000895956952,0.0,360.45709478540994,physics_residual_tiny_ttm
2025-03-17 02:05:00,17.639469310954873,0.25718674848717926,1.498635125079041,19.859250534502944,394.2662609715293,1.0,0.1,0.0,0.0,0.7740923689350443,23333.40915167523,1373.7710359785829,physics_residual_tiny_ttm
2025-03-17 02:10:00,18.158569042452964,0.24286055256354094,1.5782576260872672,20.710306147609025,395.926285222038,0.0,0.0,0.0,0.0,0.21555000895956952,0.0,385.43358958367486,physics_residual_tiny_ttm
2025-03-17 02:15:00,17.792437652272636,0.24679997450265653,1.5343090638495185,20.437379200751856,396.35870934171135,1.0,0.1,0.0,0.0,0.6737437483456309,23333.40915167523,1239.3792373360166,physics_residual_tiny_ttm
2025-03-17 02:20:00,18.303890381272737,0.2338883009365069,1.6115919143862256,21.238558662061422,397.686056990365,0.0,0.0,0.0,0.0,0.21555000895956952,0.0,374.29676601107616,physics_residual_tiny_ttm
2025-03-17 02:25:00,17.948338091635343,0.2377298511405732,1.5680964686500687,20.96395789344202,398.0868712083358,0.0,0.0,0.0,0.0,0.21555000895956952,0.0,359.74524054535846,physics_residual_tiny_ttm
2025-03-17 02:30:00,17.606608598951794,0.2414683667336035,1.5271792415737755,20.70149428574876,398.4804858006171,1.0,0.1,0.0,0.0,0.7588319796288201,23333.40915167523,1344.3158910539432,physics_residual_tiny_ttm
2025-03-17 02:35:00,18.127456251208294,0.22872210439795468,1.6045907842467484,21.509079693292517,399.8412937639978,0.0,0.0,0.0,0.0,0.21555000895956952,0.0,384.7731898141025,physics_residual_tiny_ttm
2025-03-17 02:40:00,17.761952188516393,0.2325895801933756,1.5602576697944126,21.22663835414334,400.2033945398131,1.0,0.1,0.0,0.0,0.7819537816079476,23333.40915167523,1435.506128084138,physics_residual_tiny_ttm
2025-03-17 02:45:00,18.266607824495797,0.22031510569784069,1.6363128474733657,22.030991155171396,401.4933970816959,0.0,0.0,0.0,0.0,0.21555000895956952,0.0,387.72681959974403,physics_residual_tiny_ttm
2025-03-17 02:50:00,17.898298047385847,0.22415160200126572,1.591012231298572,21.740889500438225,401.8258219504335,1.0,0.1,0.0,0.0,0.7588319796288201,23333.40915167523,1403.3474139845741,physics_residual_tiny_ttm
2025-03-17 02:55:00,18.401512107295872,0.21275192774903642,1.6662221273979458,22.51767083231421,402.9750842427234,0.0,0.2,0.0,0.0,1.2558703463398155,0.0,2266.3311520320563,physics_residual_tiny_ttm
2025-03-17 03:00:00,17.95612006638252,0.21141717891078965,1.6230195454125853,22.52594753606372,404.75684148009816,0.0,0.1,0.0,0.0,0.6894665736914376,0.0,1216.8271498555716,physics_residual_tiny_ttm
2025-03-17 03:05:00,17.561014988092037,0.21308981221731924,1.5797648124511074,22.355427367678168,405.6326455031775,1.0,0.2,0.0,0.0,1.224424695648202,23333.40915167523,2219.9041208709154,physics_residual_tiny_ttm
2025-03-17 03:10:00,18.039980977292768,0.20072239910272663,1.653727769743445,23.224587079682163,407.09862414126434,0.0,0.1,0.0,0.0,0.6816051610185342,0.0,1208.6086006897265,physics_residual_tiny_ttm
2025-03-17 03:15:00,17.643581524232935,0.20270072492829733,1.6089784886723928,23.027150955570555,407.83142783872717,1.0,0.2,0.0,0.0,1.0394502798151821,23333.40915167523,1894.2840788264377,physics_residual_tiny_ttm
2025-03-17 03:20:00,18.133236543665546,0.1922352908186794,1.6811093331773201,23.807766515659363,408.8854799835594,0.0,0.1,0.0,0.0,0.7819537816079476,0.0,1316.327952686234,physics_residual_tiny_ttm
2025-03-17 03:25:00,17.75008278246206,0.19462391704212093,1.6362235408818813,23.5783725877574,409.6097333966938,1.0,0.2,0.0,0.0,1.4870883661310907,23333.40915167523,2575.286808614297,physics_residual_tiny_ttm
2025-03-17 03:30:00,18.231487346638602,0.18485235254276972,1.7069718885814404,24.33716301615092,410.8973371122585,0.0,0.1,0.0,0.0,0.6968655503247584,0.0,1180.2178331793582,physics_residual_tiny_ttm
2025-03-17 03:35:00,17.851831779010322,0.1876479202087486,1.6610048399367536,24.0729171555122,411.4259481274824,1.0,0.2,0.0,0.0,1.286391124952264,23333.40915167523,2242.2490718265,physics_residual_tiny_ttm
2025-03-17 03:40:00,18.343819935715548,0.17912352190120764,1.7311246926351038,24.7677617228428,412.3450801469563,0.0,0.1,0.0,0.0,0.6663447717123101,0.0,1136.0221713874603,physics_residual_tiny_ttm
2025-03-17 03:45:00,17.96374561300749,0.18211797408015773,1.6841291400004474,24.4824592483614,412.770148132119,0.0,0.0,0.0,0.0,0.21555000895956952,0.0,360.0722804269245,physics_residual_tiny_ttm
2025-03-17 03:50:00,17.621705458332567,0.18566753067436703,1.6410867913878113,24.169496367836743,412.90001435169387,1.0,0.1,0.0,0.0,0.766230956262141,23333.40915167523,1320.877975821803,physics_residual_tiny_ttm
2025-03-17 03:55:00,18.152875811952146,0.17795846885176436,1.7129335374727337,24.817298276936224,413.35336675108965,0.0,0.0,0.0,0.0,0.21555000895956952,0.0,364.0867559787969,physics_residual_tiny_ttm
2025-03-17 04:00:00,17.80702222338258,0.18143915267370164,1.6689847332098093,24.502314856836033,413.4727569057858,1.0,0.1,0.0,0.0,0.7588319796288201,23333.40915167523,1321.9775359904784,physics_residual_tiny_ttm
2025-03-17 04:05:00,18.334542673956395,0.1738810750248034,1.7411671231950883,25.151746008250168,413.88551363901087,0.0,0.1,0.0,0.0,0.6894665736914376,0.0,1174.7048960477134,physics_residual_tiny_ttm
2025-03-17 04:10:00,17.953114736573312,0.17684850045659278,1.6938467649287885,24.861452560975966,414.2368248024437,0.0,0.0,0.0,0.0,0.21555000895956952,0.0,359.8466295590138,physics_residual_tiny_ttm
2025-03-17 04:15:00,17.611288932355112,0.18032130469591132,1.6507760369636744,24.546590302109962,414.3403458412328,1.0,0.1,0.0,0.0,0.7278487649767893,23333.40915167523,1254.1484981276162,physics_residual_tiny_ttm
2025-03-17 04:20:00,18.14516824660144,0.1731582440351372,1.7221022593162552,25.17024045563252,414.6836268653707,0.0,0.0,0.0,0.0,0.21555000895956952,0.0,385.1491444362486,physics_residual_tiny_ttm
2025-03-17 04:25:00,17.779307056787847,0.17664728979821653,1.6758274430415192,24.843979630143426,414.7791222217708,1.0,0.1,0.0,0.0,0.812474560220396,23333.40915167523,1492.749276789348,physics_residual_tiny_ttm
2025-03-17 04:30:00,18.281466721481987,0.16921615569949877,1.7451796073254333,25.49366803206637,415.13260808650676,0.0,0.0,0.0,0.0,0.21555000895956952,0.0,388.0422143860431,physics_residual_tiny_ttm
2025-03-17 04:35:00,17.91285734429907,0.17268901688886218,1.6981001119692625,25.161779932082176,415.22003861738705,1.0,0.1,0.0,0.0,0.7972141709141718,23333.40915167523,1475.256127375048,physics_residual_tiny_ttm
2025-03-17 04:40:00,18.41307641293578,0.1656185175215025,1.7672611012686006,25.796158930780518,415.5375930299405,0.0,0.0,0.0,0.0,0.21555000895956952,0.0,390.83576026966654,physics_residual_tiny_ttm
2025-03-17 04:45:00,18.041813388365753,0.16912888790940592,1.7192936380998614,25.454913491924398,415.617749018472,0.0,0.0,0.0,0.0,0.21555000895956952,0.0,382.9553353361175,physics_residual_tiny_ttm
2025-03-17 04:50:00,17.678036143484125,0.17266810579296968,1.6732158020305103,25.119338392374207,415.69646520499964,1.0,0.1,0.0,0.0,0.7047269629976618,23333.40915167523,1288.298740456401,physics_residual_tiny_ttm
2025-03-17 04:55:00,18.189871557259004,0.1661367517239053,1.7416081009484243,25.71316894157612,415.94919995551925,0.0,0.0,0.0,0.0,0.21555000895956952,0.0,386.0980164235036,physics_residual_tiny_ttm
2025-03-17 05:00:00,17.823109014192386,0.16969978059025412,1.6946360904840776,25.370098988517352,416.0219624543427,1.0,0.1,0.0,0.0,0.6816051610185342,23333.40915167523,1255.8582710005853,physics_residual_tiny_ttm
2025-03-17 05:05:00,18.333344454636556,0.16340582875134188,1.7631127589949858,25.954156260167583,416.24791669782985,0.0,0.0,0.0,0.0,0.21555000895956952,0.0,389.1433705874201,physics_residual_tiny_ttm
2025-03-17 05:10:00,17.963689066255572,0.16695683411073173,1.7153418668106035,25.606593143795138,416.3153134969465,0.0,0.0,0.0,0.0,0.21555000895956952,0.0,381.2970693221866,physics_residual_tiny_ttm
2025-03-17 05:15:00,17.601487042780114,0.17052108156419132,1.669480627999937,25.266119379456086,416.3814996810087,1.0,0.1,0.0,0.0,0.766230956262141,23333.40915167523,1394.6445653719,physics_residual_tiny_ttm
2025-03-17 05:20:00,18.110806198244514,0.16416681734043356,1.7370759018612454,25.851546555303894,416.61255026097996,0.0,0.0,0.0,0.0,0.21555000895956952,0.0,384.4197759704464,physics_residual_tiny_ttm
2025-03-17 05:25:00,17.745637850719593,0.1677101187476184,1.6904289031309956,25.50719188013108,416.6733973294463,1.0,0.1,0.0,0.0,0.7819537816079476,23333.40915167523,1434.2527152326454,physics_residual_tiny_ttm
2025-03-17 05:30:00,18.25065832727494,0.16137318503413794,1.7582528470669907,26.099144551333183,416.89016812429185,0.0,0.0,0.0,0.0,0.21555000895956952,0.0,387.3882757446905,physics_residual_tiny_ttm
2025-03-17 05:35:00,17.882670140020256,0.16491312709461423,1.71080773828823,25.749471254971915,416.94602848168114,1.0,0.1,0.0,0.0,0.6816051610185342,23333.40915167523,1259.8486349057875,physics_residual_tiny_ttm
2025-03-17 05:40:00,18.39159682089691,0.15901751645312387,1.7788459301998465,26.315420677719512,417.1194953773886,0.0,0.0,0.0,0.0,0.21555000895956952,0.0,390.37983468197405,physics_residual_tiny_ttm
2025-03-17 05:45:00,18.020766889533473,0.1625465076066355,1.7306232753861808,25.961642914101446,417.1712364438229,0.0,0.0,0.0,0.0,0.21555000895956952,0.0,382.50860258013165,physics_residual_tiny_ttm
2025-03-17 05:50:00,17.657414005396234,0.16609043428723497,1.6843276180657936,25.615055498416535,417.2220481113128,1.0,0.1,0.0,0.0,0.7357101776496926,23333.40915167523,1343.2903345459154,physics_residual_tiny_ttm
2025-03-17 05:55:00,18.167579281362897,0.16019847377703725,1.7515575110921862,26.176813122546058,417.3923620677735,0.0,0.0,0.0,0.0,0.21555000895956952,0.0,385.6248408170702,physics_residual_tiny_ttm
2025-03-17 06:00:00,17.80126621765476,0.16378582936290134,1.7043606713744197,25.821896431477207,417.43920176607804,1.0,0.1,0.0,0.0,0.7047269629976618,23333.40915167523,1296.833955118112,physics_residual_tiny_ttm
2025-03-17 06:05:00,18.31038278150747,0.15817557301264687,1.7715824296383087,26.367664333540752,417.58959039626484,0.0,0.0,0.0,0.0,0.21555000895956952,0.0,388.6559863625784,physics_residual_tiny_ttm
2025-03-17 06:10:00,17.941190369547368,0.16169977518559084,1.7237258184314297,26.013271423543983,417.6328873805716,0.0,0.0,0.0,0.0,0.21555000895956952,0.0,380.819512229834,physics_residual_tiny_ttm
2025-03-17 06:15:00,17.579441987495073,0.16518461624796799,1.6778864900763562,25.67030728261433,417.67540664276544,1.0,0.1,0.0,0.0,0.7588319796288201,23333.40915167523,1379.5722344009084,physics_residual_tiny_ttm
2025-03-17 06:20:00,18.089758046539277,0.1591511732768938,1.7451904197546204,26.245753405453954,417.8224046243573,0.0,0.0,0.0,0.0,0.21555000895956952,0.0,383.97300813059707,physics_residual_tiny_ttm
2025-03-17 06:25:00,17.725014093085637,0.16267919993110969,1.6984386085822267,25.89412962910486,417.8615196829182,1.0,0.1,0.0,0.0,0.7357101776496926,23333.40915167523,1348.1777293442847,physics_residual_tiny_ttm
2025-03-17 06:30:00,18.233679758821264,0.15701679668551402,1.765504251592,26.4468596368473,417.9926281607499,0.0,0.0,0.0,0.0,0.21555000895956952,0.0,387.0278888348082,physics_residual_tiny_ttm
2025-03-17 06:35:00,17.86603391059432,0.16053485218936997,1.7179776254222174,26.091355997776258,418.0286855789112,1.0,0.1,0.0,0.0,0.6432229697331826,23333.40915167523,1188.2620012996242,physics_residual_tiny_ttm
2025-03-17 06:40:00,18.381654662299013,0.1554950874029327,1.7851836667262866,26.60068953629596,300.0,0.0,0.2,0.0,0.0,1.1171395344650505,0.0,2015.491608675847,physics_residual_tiny_ttm
2025-03-17 06:45:00,17.951779749697767,0.16009746176277945,1.728171235881611,26.142948906406616,300.0,1.0,0.1,0.0,0.0,0.6584833590394067,23333.40915167523,1222.2731031777696,physics_residual_tiny_ttm
2025-03-17 06:50:00,18.469595712177444,0.1554651400912778,1.7951123483771152,26.620506690472425,300.0,1.0,0.0,1.0,0.0,0.21555000895956952,23333.40915167523,411.5724347888774,physics_residual_tiny_ttm
2025-03-17 06:55:00,18.999062570765908,0.1503984440686705,1.866655455266516,27.150412214388787,302.1555000895957,1.0,0.0,0.0,0.0,0.21555000895956952,23333.40915167523,423.1125728631505,physics_residual_tiny_ttm
2025-03-17 07:00:00,19.531779990145225,0.14625184787013767,1.9390182146454538,27.616394671240002,300.0,1.0,0.0,0.0,0.0,0.21555000895956952,23333.40915167523,434.48353866703934,physics_residual_tiny_ttm
2025-03-17 07:05:00,20.05668805622828,0.1424806636376222,2.0120085122989533,28.058958906939637,300.0,1.0,0.0,0.0,0.0,0.21555000895956952,23333.40915167523,445.6728653133142,physics_residual_tiny_ttm
2025-03-17 07:10:00,20.57321127087545,0.13902955368318182,2.0855757851166246,28.480818811193675,300.0,1.0,0.0,0.0,0.0,0.21555000895956952,23333.40915167523,456.7000931031684,physics_residual_tiny_ttm
2025-03-17 07:15:00,21.082251656121365,0.13587040842567868,2.1598002869626134,28.882934531867296,300.0,1.0,0.0,0.0,0.0,0.21555000895956952,23333.40915167523,467.80665907577713,physics_residual_tiny_ttm
2025-03-17 07:20:00,21.59495446132302,0.13355289122875794,2.2346913033546523,29.212921390003274,300.0,1.0,0.1,0.8,0.0,0.6894665736914376,23333.40915167523,1526.6116394520939,physics_residual_tiny_ttm
2025-03-17 07:25:00,22.031765057671493,0.13002118296301193,2.304428386684819,29.65151414845149,300.0,1.0,0.2,1.0,0.0,1.1319374877316921,23333.40915167523,2549.4669675524965,physics_residual_tiny_ttm
2025-03-17 07:30:00,22.410981876521664,0.1261228960879356,2.3687851047320327,30.12552459545433,311.31937487731693,0.0,0.1,0.0,0.0,0.7199873523038859,0.0,1590.9001663721642,physics_residual_tiny_ttm
2025-03-17 07:35:00,21.986292330079365,0.13304695332419034,2.2900582812834585,29.34528602212841,300.0,1.0,0.2,1.0,0.0,1.0856938837734371,23333.40915167523,2440.8993324462244,physics_residual_tiny_ttm
2025-03-17 07:40:00,22.370537321546646,0.12880449429527935,2.3557195181862856,29.845836088328213,310.8569388377344,0.0,0.1,0.0,0.0,0.6737437483456309,0.0,1488.0504243833511,physics_residual_tiny_ttm
2025-03-17 07:45:00,21.976414505913493,0.13681857919569404,2.2787230121351554,28.98197508051525,300.0,1.0,0.2,1.0,0.0,1.1939039170357537,23333.40915167523,2681.9156523307693,physics_residual_tiny_ttm
2025-03-17 07:50:00,22.351654520192934,0.131898369440777,2.344661147587728,29.53544403676573,311.93903917035755,0.0,0.3,1.0,0.0,1.6830808710738459,0.0,3682.98966359264,physics_residual_tiny_ttm
2025-03-17 07:55:00,21.773560587108513,0.13421927102223005,2.257473389778438,29.18679696138401,327.0953171772102,0.0,0.2,0.0,0.0,1.1939039170357537,0.0,2566.303994204822,physics_residual_tiny_ttm
2025-03-17 08:00:00,21.388122412577225,0.14391345488562765,2.1802021798849607,28.204421526583463,300.0,1.0,0.3,1.0,0.0,1.5901312271177532,23333.40915167523,3319.222987495687,physics_residual_tiny_ttm
2025-03-17 08:05:00,21.770043276746755,0.13865164693019974,2.2454339525754667,28.766307259746693,315.9013122711775,0.0,0.2,0.0,0.0,1.0089295012027337,0.0,2073.424754328048,physics_residual_tiny_ttm
2025-03-17 08:10:00,21.44849720250231,0.14973623886267462,2.1733920989601225,27.701351802824256,300.0,1.0,0.3,1.0,0.0,1.451400415242988,23333.40915167523,3039.827173307407,physics_residual_tiny_ttm
2025-03-17 08:15:00,21.839897958316772,0.1436834653012319,2.241855553994666,28.318427961272324,314.5140041524299,0.0,0.2,0.0,0.0,1.286391124952264,0.0,2652.862697315817,physics_residual_tiny_ttm
2025-03-17 08:20:00,21.519920607634617,0.15489244635831304,2.169674179872124,27.27374742900476,300.0,1.0,0.3,1.0,0.0,1.7982274449299007,23333.40915167523,3773.8145328335117,physics_residual_tiny_ttm
2025-03-17 08:25:00,21.881893148389405,0.14717247095554725,2.2384495718349835,28.0146667648631,317.982274449299,0.0,0.2,0.0,0.0,1.0708959305067955,0.0,2217.509337390833,physics_residual_tiny_ttm
2025-03-17 08:30:00,21.60402780299568,0.15984330117440884,2.168086931604768,26.87794519699089,300.0,0.0,0.1,0.0,0.0,0.7199873523038859,0.0,1403.4763618113573,physics_residual_tiny_ttm
2025-03-17 08:35:00,21.396089221303285,0.17308697107015117,2.1069333948039835,25.7880930947656,300.0,1.0,0.2,1.0,0.0,1.316911903564712,23333.40915167523,2623.6854565959193,physics_residual_tiny_ttm
2025-03-17 08:40:00,21.823894734747782,0.16432554578312464,2.1856784382713847,26.55680489087718,313.1691190356471,0.0,0.1,0.1,0.0,0.7588319796288201,0.0,1495.1526202484818,physics_residual_tiny_ttm
2025-03-17 08:45:00,21.605315668512013,0.17698670036231418,2.124014340129111,25.532008190794873,300.0,0.0,0.0,0.0,0.0,0.21555000895956952,0.0,421.74711973883075,physics_residual_tiny_ttm
2025-03-17 08:50:00,21.468747757775954,0.19254262751267237,2.066532770234187,24.382486423941614,300.0,0.0,0.0,0.0,0.0,0.21555000895956952,0.0,419.1658889311314,physics_residual_tiny_ttm
2025-03-17 08:55:00,21.349592631047837,0.20859451458198552,2.0107278217540188,23.283599731051805,300.0,1.0,0.1,1.0,0.0,0.6122397550811517,23333.40915167523,1220.2340720045465,physics_residual_tiny_ttm
2025-03-17 09:00:00,21.831499762131273,0.19867075235734855,2.096822696668857,24.02582282294917,306.1223975508115,0.0,0.0,0.0,0.0,0.21555000895956952,0.0,427.35787422809227,physics_residual_tiny_ttm
2025-03-17 09:05:00,21.727752167693172,0.21560528115701333,2.039550677041667,22.899751395530267,300.0,0.0,0.0,0.1,0.0,0.21555000895956952,0.0,424.7429032735524,physics_residual_tiny_ttm
2025-03-17 09:10:00,21.607039523729238,0.23154933333306052,1.9834093321445394,21.905500480548593,300.0,0.0,0.0,0.0,0.0,0.21555000895956952,0.0,423.1492104649408,physics_residual_tiny_ttm
2025-03-17 09:15:00,21.533471260089513,0.24915515170617294,1.929268802823369,20.88537723739978,300.0,0.0,0.0,0.0,0.0,0.21555000895956952,0.0,400.5363191442462,physics_residual_tiny_ttm
2025-03-17 09:20:00,21.489611903162007,0.266642380739214,1.879286527730687,19.937983018822575,300.0,0.0,0.0,0.0,0.0,0.21555000895956952,0.0,399.8911632758918,physics_residual_tiny_ttm
2025-03-17 09:25:00,21.459830130441855,0.2843640805144686,1.830533979328449,19.0345924779526,300.0,0.0,0.0,0.0,0.0,0.21555000895956952,0.0,399.4971843295691,physics_residual_tiny_ttm
2025-03-17 09:30:00,21.44164322087249,0.3022204771850383,1.7828730931750072,18.17503023835115,300.0,0.0,0.0,0.0,0.0,0.21555000895956952,0.0,399.3969515504467,physics_residual_tiny_ttm
2025-03-17 09:35:00,21.437016261724544,0.3202160966068741,1.7364012106511826,17.3548424232537,300.0,0.0,0.0,0.0,0.0,0.21555000895956952,0.0,399.52103049499686,physics_residual_tiny_ttm
2025-03-17 09:40:00,21.44274401079606,0.3382678775561325,1.690883519099156,16.573287047727973,300.0,0.0,0.0,0.0,0.0,0.21555000895956952,0.0,399.83314254546264,physics_residual_tiny_ttm
2025-03-17 09:45:00,21.45715176961239,0.3563028423142848,1.646251039962574,15.829362505830275,300.0,0.0,0.0,0.0,0.0,0.21555000895956952,0.0,400.3612522071102,physics_residual_tiny_ttm
2025-03-17 09:50:00,21.48153043945945,0.3743019979748346,1.6026075791209076,15.120361611725881,300.0,0.0,0.0,0.0,0.0,0.21555000895956952,0.0,401.08512640893935,physics_residual_tiny_ttm
2025-03-17 09:55:00,21.5149460185688,0.39227626774149826,1.5597556397137224,14.442566719350664,300.0,0.0,0.0,0.0,0.0,0.21555000895956952,0.0,402.0166958580057,physics_residual_tiny_ttm
2025-03-17 10:00:00,21.557949253858123,0.4101801324810424,1.5177915926185495,13.794927930832568,300.0,0.0,0.0,0.0,0.0,0.21555000895956952,0.0,381.8940278187105,physics_residual_tiny_ttm
2025-03-17 10:05:00,21.629043921883124,0.4276362438208043,1.4792877549403103,13.189697502532972,300.0,0.0,0.0,0.0,0.0,0.21555000895956952,0.0,383.5777394728123,physics_residual_tiny_ttm
2025-03-17 10:10:00,21.70676764768079,0.4449174179121797,1.4414539269145952,12.611920655294359,300.0,0.0,0.0,0.0,0.0,0.21555000895956952,0.0,385.41803734454334,physics_residual_tiny_ttm
2025-03-17 10:15:00,21.79171972769995,0.4621498211990543,1.4039690108327103,12.055392775266458,300.0,0.0,0.1,0.0,0.0,0.7972141709141718,0.0,1429.860941375184,physics_residual_tiny_ttm
2025-03-17 10:20:00,21.84648664382077,0.46395610061550074,1.403939097140273,12.002244141277606,300.0,0.0,0.0,0.3,0.0,0.21555000895956952,0.0,385.78926087296946,physics_residual_tiny_ttm
2025-03-17 10:25:00,21.808856198581257,0.4774047214316565,1.3655763557131284,11.572322913722049,300.0,0.0,0.1,0.1,0.0,0.6894665736914376,0.0,1235.9184377489084,physics_residual_tiny_ttm
2025-03-17 10:30:00,21.836536776767332,0.4802594378494481,1.3604131684950298,11.485547575341705,300.0,0.0,0.2,0.2,0.0,1.1476603130774987,0.0,2052.2946463220933,physics_residual_tiny_ttm
2025-03-17 10:35:00,21.793455101014857,0.4689804442837932,1.3862856526778042,11.836862913962445,300.0,0.0,0.2,0.0,0.0,1.332634728910519,0.0,2389.5699731458476,physics_residual_tiny_ttm
2025-03-17 10:40:00,21.84196009406943,0.4564451557814265,1.4232176446909248,12.244854152638178,300.0,0.0,0.1,0.3,0.0,0.7431091542830134,0.0,1328.5568246690727,physics_residual_tiny_ttm
2025-03-17 10:45:00,21.78940659799077,0.45664133441037685,1.4181477316044346,12.233615931337615,300.0,0.0,0.1,0.2,0.0,0.7972141709141718,0.0,1372.8926121757947,physics_residual_tiny_ttm
2025-03-17 10:50:00,21.8054492997278,0.45679351904128357,1.4191396517444055,12.230139622849359,300.0,0.0,0.1,0.2,0.0,0.8434577748724268,0.0,1509.655108560159,physics_residual_tiny_ttm
2025-03-17 10:55:00,21.809360840312646,0.4561692128987907,1.4211099311210682,12.25083926772785,300.0,0.0,0.2,0.1,0.0,1.332634728910519,0.0,2388.4282194495468,physics_residual_tiny_ttm
2025-03-17 11:00:00,21.833435077386266,0.4443659616500736,1.4540885397767138,12.642347900506584,300.0,0.0,0.2,0.2,0.0,1.3946011582145807,0.0,2495.829365507452,physics_residual_tiny_ttm
2025-03-17 11:05:00,21.807329997967805,0.4306707200177361,1.4875568360486369,13.103028487749347,300.0,0.0,0.1,0.3,0.0,0.7819537816079476,0.0,1397.0275181958475,physics_residual_tiny_ttm
2025-03-17 11:10:00,21.776973079850546,0.43178107730581294,1.4819068407848868,13.062013630141658,300.0,0.0,0.2,0.2,0.0,1.316911903564712,0.0,2222.653271133892,physics_residual_tiny_ttm
2025-03-17 11:15:00,21.793798345007612,0.42163099635224577,1.509928295023278,13.414534879920218,300.0,0.0,0.2,0.2,0.0,1.4408447621728357,0.0,2433.4549305095447,physics_residual_tiny_ttm
2025-03-17 11:20:00,21.80505945630307,0.4097878678164176,1.5419063239154644,13.834621152420691,300.0,0.0,0.3,0.2,0.0,1.8911770888859933,0.0,3191.081916184449,physics_residual_tiny_ttm
2025-03-17 11:25:00,21.789574627414,0.3898331052343372,1.5925312851973081,14.563567345785607,300.0,0.0,0.2,0.2,0.0,1.5943735273142425,0.0,2690.956409287379,physics_residual_tiny_ttm
2025-03-17 11:30:00,21.793859911645214,0.3787142524483759,1.6219756753614174,14.985527334526761,300.0,0.0,0.3,0.2,0.0,1.7760305150299383,0.0,2997.3354133369266,physics_residual_tiny_ttm
2025-03-17 11:35:00,21.79263543961343,0.3656521054811194,1.6559529193000568,15.494699194067376,300.0,0.0,0.3,0.2,0.0,1.6137154651364634,0.0,2725.2118577664046,physics_residual_tiny_ttm
2025-03-17 11:40:00,21.803790063374077,0.3567751156043234,1.6802698828780414,15.851376650292188,300.0,0.0,0.2,0.3,0.0,1.1319374877316921,0.0,1910.780110224422,physics_residual_tiny_ttm
2025-03-17 11:45:00,21.79663198828083,0.35672654680256366,1.6796626614953527,15.85249326999908,300.0,0.0,0.1,0.4,0.0,0.766230956262141,0.0,1215.3182518129724,physics_residual_tiny_ttm
2025-03-17 11:50:00,21.782080878725335,0.36139195685050407,1.6660001196933747,15.663039289162073,300.0,0.0,0.0,0.4,0.0,0.21555000895956952,0.0,363.5994945399605,physics_residual_tiny_ttm
2025-03-17 11:55:00,21.784529194738614,0.3764108868205171,1.6270619320945332,15.073149537567328,300.0,0.0,0.1,0.4,0.0,0.7972141709141718,0.0,1342.0715639441858,physics_residual_tiny_ttm
2025-03-17 12:00:00,21.750763342025543,0.3795847412245203,1.615446736719154,14.947308149195159,300.0,0.0,0.2,0.2,0.0,1.2558703463398155,0.0,2120.8992933494005,physics_residual_tiny_ttm
2025-03-17 12:05:00,21.803864839408522,0.3771147906522052,1.6271448141949412,15.048182121578163,300.0,0.0,0.3,0.3,0.0,1.9605424948233758,0.0,3109.270630557791,physics_residual_tiny_ttm
2025-03-17 12:10:00,21.780334425876763,0.3589438702957837,1.6722083766872897,15.761071875196624,300.0,0.0,0.2,0.3,0.0,1.3483575542563258,0.0,2140.513556587985,physics_residual_tiny_ttm
2025-03-17 12:15:00,21.79598993373562,0.3550691012758395,1.6839244449814141,15.919637715952955,300.0,0.0,0.2,0.3,0.0,1.5481299233559875,0.0,2458.519529102214,physics_residual_tiny_ttm
2025-03-17 12:20:00,21.80156840684232,0.34856184525224837,1.7014943068711834,16.18692919718365,300.0,0.0,0.3,0.3,0.0,2.0756890686794307,0.0,3290.371889893962,physics_residual_tiny_ttm
2025-03-17 12:25:00,21.773084369396663,0.33430371402089737,1.7357142592711738,16.783258317225076,300.0,0.0,0.2,0.3,0.0,1.5018863193977323,0.0,2381.7527232064017,physics_residual_tiny_ttm
2025-03-17 12:30:00,21.779511249033135,0.331593871430342,1.7434637988054273,16.90060420305872,300.0,0.0,0.1,0.4,0.0,0.858718164178651,0.0,1360.7614579532424,physics_residual_tiny_ttm
2025-03-17 12:35:00,21.7675889125515,0.3368906640353891,1.728389092422307,16.67209845032053,300.0,0.0,0.2,0.3,0.0,1.5176091447435391,0.0,2405.8791748235453,physics_residual_tiny_ttm
2025-03-17 12:40:00,21.77421719539415,0.33356723196623017,1.7377547271014868,16.814989788186747,300.0,0.0,0.1,0.4,0.0,0.8203359728932993,0.0,1300.2143173371378,physics_residual_tiny_ttm
2025-03-17 12:45:00,21.77092352572552,0.3396897813317637,1.721443675014076,16.553819147601136,300.0,0.0,0.1,0.4,0.0,0.8281973855662027,0.0,1312.4396315056797,physics_residual_tiny_ttm
2025-03-17 12:50:00,21.768101950809523,0.3451742814766571,1.7068513780146897,16.323387002135107,300.0,0.0,0.2,0.3,0.0,1.3483575542563258,0.0,2137.2975492747382,physics_residual_tiny_ttm
2025-03-17 12:55:00,21.77225730238156,0.34283692689038037,1.713378521041571,16.421555704232425,300.0,0.0,0.1,0.4,0.0,0.7893527582412685,0.0,1251.4540922348367,physics_residual_tiny_ttm
2025-03-17 13:00:00,21.775303746919526,0.34864824677937156,1.6985429505330103,16.18018201514656,300.0,0.0,0.0,0.5,0.0,0.21555000895956952,0.0,341.29285741304125,physics_residual_tiny_ttm
2025-03-17 13:05:00,21.75480718545219,0.36207596306761436,1.6614465892232273,15.632503343219177,300.0,1.0,0.1,1.0,0.0,0.7972141709141718,23333.40915167523,1306.2300086012851,physics_residual_tiny_ttm
2025-03-17 13:10:00,22.303415057859077,0.33452064885308763,1.7921337542996525,16.840477205396077,307.97214170914174,0.0,0.1,0.5,0.0,0.8744409895244577,0.0,1417.3114216622796,physics_residual_tiny_ttm
2025-03-17 13:15:00,22.127561927579908,0.33317476279019803,1.7766453929612067,16.876297807502766,300.0,0.0,0.0,0.0,0.0,0.21555000895956952,0.0,349.35736837744116,physics_residual_tiny_ttm
2025-03-17 13:20:00,22.12708223466402,0.34790030301109115,1.7373608839838777,16.253768531610486,300.0,1.0,0.0,0.7,0.0,0.21555000895956952,23333.40915167523,364.27958922989677,physics_residual_tiny_ttm
2025-03-17 13:25:00,22.81592381808061,0.33580588755851687,1.8451794712553538,16.849507953524103,300.0,0.0,0.1,1.0,0.0,0.7972141709141718,0.0,1317.0826103894608,physics_residual_tiny_ttm
2025-03-17 13:30:00,22.438869357825553,0.32807029230480556,1.8244623863541665,17.137444115766765,307.97214170914174,0.0,0.2,0.8,0.0,1.4093991114812223,0.0,2280.3643594408163,physics_residual_tiny_ttm
2025-03-17 13:35:00,22.099196066191226,0.31276718473315196,1.827857882798969,17.776573179278834,300.0,0.0,0.3,1.0,0.0,2.099273306698141,0.0,3303.221181853983,physics_residual_tiny_ttm
2025-03-17 13:40:00,21.65678577981589,0.284698840778092,1.8518500614555033,19.045989266235956,320.99273306698143,0.0,0.2,0.4,0.0,1.316911903564712,0.0,2051.3823885195075,physics_residual_tiny_ttm
2025-03-17 13:45:00,21.49971946084135,0.2813581587973523,1.8427154808139083,19.189221198201903,300.0,0.0,0.1,0.0,0.0,0.8203359728932993,0.0,1284.0150852769195,physics_residual_tiny_ttm
2025-03-17 13:50:00,21.574435264836037,0.29233330754898484,1.8228853292439173,18.66229464097433,300.0,0.0,0.0,0.0,0.0,0.21555000895956952,0.0,338.79167311531967,physics_residual_tiny_ttm
2025-03-17 13:55:00,21.63934717657719,0.3095533970379729,1.7855998175967818,17.862321997798762,300.0,0.0,0.0,0.6,0.0,0.21555000895956952,0.0,335.21240938776396,physics_residual_tiny_ttm
2025-03-17 14:00:00,21.47412071880436,0.3176711757058014,1.746864480601248,17.4730787339494,300.0,0.0,0.0,0.2,0.0,0.21555000895956952,0.0,314.39164206558297,physics_residual_tiny_ttm
2025-03-17 14:05:00,21.512989633025036,0.33216344407456067,1.713833295112563,16.84246434799696,300.0,0.0,0.0,0.0,0.0,0.21555000895956952,0.0,317.40464910952335,physics_residual_tiny_ttm
2025-03-17 14:10:00,21.652076472947506,0.34997958825177794,1.6823598587766044,16.110440231377623,300.0,0.0,0.0,0.0,0.0,0.21555000895956952,0.0,319.880567588497,physics_residual_tiny_ttm
2025-03-17 14:15:00,21.766370157669773,0.36654723134928247,1.6509666276960202,15.456248955834562,300.0,0.0,0.1,0.1,0.0,0.7357101776496926,0.0,1096.072986940674,physics_residual_tiny_ttm
2025-03-17 14:20:00,21.824042410114043,0.37143271840349495,1.644011408919304,15.270953402278629,300.0,0.0,0.2,1.0,0.0,1.378878332868774,0.0,2003.571902317638,physics_residual_tiny_ttm
2025-03-17 14:25:00,21.45815657103991,0.3487893932243547,1.6655690620380972,16.136012455626126,313.7887833286877,0.0,0.1,0.0,0.0,0.8513191875453302,0.0,1236.7887722074718,physics_residual_tiny_ttm
2025-03-17 14:30:00,21.45563088721952,0.3504866268397988,1.6609713490851958,16.065960105895584,300.0,0.0,0.0,0.0,0.0,0.21555000895956952,0.0,315.4091354406794,physics_residual_tiny_ttm
2025-03-17 14:35:00,21.559959300244643,0.3664254990085126,1.6305864280515552,15.437165754113547,300.0,0.0,0.0,0.2,0.0,0.21555000895956952,0.0,315.76906940590186,physics_residual_tiny_ttm
2025-03-17 14:40:00,21.57657462077774,0.37912001804355694,1.5995398595463313,14.945581215180653,300.0,0.0,0.1,0.4,0.0,0.7199873523038859,0.0,1048.4016037285073,physics_residual_tiny_ttm
2025-03-17 14:45:00,21.48894445178323,0.3779160223188656,1.5940739713697174,14.981903065830132,300.0,0.0,0.0,0.0,0.0,0.21555000895956952,0.0,316.22739416548137,physics_residual_tiny_ttm
2025-03-17 14:50:00,21.597731870508156,0.3932325991846541,1.5652058749569113,14.41604028626211,300.0,0.0,0.1,0.3,0.0,0.7740923689350443,0.0,1129.5661675323308,physics_residual_tiny_ttm
2025-03-17 14:55:00,21.51953901705322,0.3899383050808024,1.566196164179708,14.530147741481048,300.0,0.0,0.0,0.0,0.0,0.21555000895956952,0.0,315.81297415758263,physics_residual_tiny_ttm
2025-03-17 15:00:00,21.578601357881176,0.4034097217089801,1.5371540871030718,14.040775065635833,300.0,0.0,0.1,0.4,0.0,0.766230956262141,0.0,1116.841095044137,physics_residual_tiny_ttm
2025-03-17 15:05:00,21.503259919265368,0.40017698607504826,1.5383777399878236,14.150397224746305,300.0,0.0,0.0,0.0,0.0,0.21555000895956952,0.0,326.01691714554215,physics_residual_tiny_ttm
2025-03-17 15:10:00,21.54963715841096,0.41363630806550733,1.5081308910798406,13.6710472360774,300.0,0.0,0.0,0.0,0.0,0.21555000895956952,0.0,318.6906221813873,physics_residual_tiny_ttm
2025-03-17 15:15:00,21.711439736352638,0.4299041937621637,1.4808632660646042,13.119863170880416,300.0,0.0,0.1,0.8,0.0,0.7972141709141718,0.0,1158.265378151868,physics_residual_tiny_ttm
2025-03-17 15:20:00,21.456627916073295,0.4187797261317187,1.486419181144133,13.48019852078162,300.0,0.0,0.0,0.0,0.0,0.21555000895956952,0.0,315.700222821264,physics_residual_tiny_ttm
2025-03-17 15:25:00,21.573396515397604,0.4333748091614121,1.4594824816655243,12.987667306479075,300.0,0.0,0.0,0.0,0.0,0.21555000895956952,0.0,318.2422634812121,physics_residual_tiny_ttm
2025-03-17 15:30:00,21.690742541208493,0.44767559597586515,1.4328879359269258,12.518818465845474,300.0,0.0,0.1,0.6,0.0,0.8203359728932993,0.0,1194.5536228340884,physics_residual_tiny_ttm
2025-03-17 15:35:00,21.489314247575603,0.43642111340639295,1.444188879674649,12.876121125665428,300.0,1.0,0.2,0.5,0.0,1.3483575542563258,23333.40915167523,2061.2670040257,physics_residual_tiny_ttm
2025-03-17 15:40:00,22.211187402256932,0.3908446338468845,1.6312761224475392,14.571735193460585,300.0,0.0,0.3,1.0,0.0,1.7288620389925182,0.0,2574.1272044483367,physics_residual_tiny_ttm
2025-03-17 15:45:00,21.815066463797898,0.3554083877420167,1.6849995193253526,15.908125272569428,317.2886203899252,0.0,0.4,0.9,0.0,2.2647450330284484,0.0,3286.12167850326,physics_residual_tiny_ttm
2025-03-17 15:50:00,21.437708292746397,0.31512745501268047,1.7494734569686041,17.582473586866538,300.0,1.0,0.3,0.2,0.0,1.8218116829486108,23333.40915167523,2789.328123418331,physics_residual_tiny_ttm
2025-03-17 15:55:00,22.234565103792097,0.2832850285650886,1.9220453360396692,19.19812564431557,300.0,0.0,0.4,1.0,0.0,2.1112162678870416,0.0,3143.449942227424,physics_residual_tiny_ttm
2025-03-17 16:00:00,21.815208348687428,0.25566972811727845,1.9457389579206583,20.571173611140274,321.1121626788704,0.0,0.5,0.6,0.0,3.1238708187325805,0.0,4547.415982997941,physics_residual_tiny_ttm
2025-03-17 16:05:00,21.48456829824777,0.2243051676311983,1.9871655800014767,22.320150080579456,300.0,0.0,0.4,0.0,0.0,2.603248214002875,0.0,3753.1600724759423,physics_residual_tiny_ttm
2025-03-17 16:10:00,21.345491967368332,0.21343116361654094,1.9979373871058903,22.972634004957865,300.0,1.0,0.5,1.0,0.0,3.355088838523856,23333.40915167523,4984.682134076548,physics_residual_tiny_ttm
2025-03-17 16:15:00,21.783163603668942,0.17438948377143035,2.1539943916502526,25.76191544262988,333.5508883852386,0.0,0.4,0.0,0.0,2.4182737981698548,0.0,3572.318985608749,physics_residual_tiny_ttm
2025-03-17 16:20:00,21.698692335942845,0.17743955841817632,2.134994403020713,25.515530452110184,300.0,0.0,0.3,0.0,0.0,1.7760305150299383,0.0,2609.4681540673478,physics_residual_tiny_ttm
2025-03-17 16:25:00,21.61960086533974,0.18275110715851942,2.1109803677208796,25.107911069008914,300.0,0.0,0.2,0.0,0.0,1.224424695648202,0.0,1790.8622923003625,physics_residual_tiny_ttm
2025-03-17 16:30:00,21.553386059473006,0.18995651301335995,2.0839144073661497,24.578931622295595,300.0,0.0,0.1,0.0,0.0,0.7509705669559168,0.0,1093.5879018164505,physics_residual_tiny_ttm
2025-03-17 16:35:00,21.489877684519076,0.19935671170959568,2.051744709646078,23.91905696063831,300.0,0.0,0.0,0.0,0.0,0.21555000895956952,0.0,312.9763536515951,physics_residual_tiny_ttm
2025-03-17 16:40:00,21.447656897253193,0.21226093717675393,2.0134667332414518,23.064525465902392,300.0,0.0,0.0,0.0,0.0,0.21555000895956952,0.0,311.8261291312175,physics_residual_tiny_ttm
2025-03-17 16:45:00,21.394560076898124,0.22451711452125572,1.9757069320448288,22.292416366457722,300.0,0.0,0.0,0.0,0.0,0.21555000895956952,0.0,310.4291721411963,physics_residual_tiny_ttm
2025-03-17 16:50:00,21.33007355880637,0.23597576879992807,1.9388403632960867,21.60131259335128,300.0,0.0,0.0,0.0,0.0,0.21555000895956952,0.0,308.77457964129394,physics_residual_tiny_ttm
2025-03-17 16:55:00,21.253694035355313,0.2467721707934575,1.9025164557718326,20.97450895835506,300.0,1.0,0.1,1.0,0.0,0.7509705669559168,23333.40915167523,1119.9008976705288,physics_residual_tiny_ttm
2025-03-17 17:00:00,21.838520981327278,0.22894833306755674,2.0184606328655796,22.098017533502926,307.5097056695592,0.0,0.0,0.9,0.0,0.21555000895956952,0.0,315.3639965443784,physics_residual_tiny_ttm
2025-03-17 17:05:00,21.55787559238982,0.2314828088507091,1.9776269687274737,21.90147083325337,300.0,0.0,0.0,0.0,0.0,0.21555000895956952,0.0,312.7207402188533,physics_residual_tiny_ttm
2025-03-17 17:10:00,21.435857235293128,0.24069111102530255,1.9393976903088153,21.346483869089305,300.0,1.0,0.1,1.0,0.0,0.6894665736914376,23333.40915167523,1040.7623162332927,physics_residual_tiny_ttm
2025-03-17 17:15:00,22.02008123058691,0.2243460729468492,2.053115229493072,22.406124580304294,306.89466573691436,0.0,0.2,1.0,0.0,1.3483575542563258,0.0,1985.3746803167621,physics_residual_tiny_ttm
2025-03-17 17:20:00,21.65113751251688,0.21454619114130222,2.032767141021567,22.95374834436377,319.6035350602742,0.0,0.1,0.0,0.0,0.6737437483456309,0.0,979.1125083221848,physics_residual_tiny_ttm
2025-03-17 17:25:00,21.460116390027455,0.21794033163757984,2.0004751575883866,22.708167108557195,300.0,0.0,0.0,0.0,0.0,0.21555000895956952,0.0,309.43898334796864,physics_residual_tiny_ttm
2025-03-17 17:30:00,21.284364329399267,0.22482763471755898,1.9616286067447102,22.255411341114673,300.0,1.0,0.1,1.0,0.0,0.7199873523038859,23333.40915167523,1075.9908148391746,physics_residual_tiny_ttm
2025-03-17 17:35:00,21.87022825164519,0.20985939734782427,2.0724373851478584,23.29114237385598,307.19987352303883,0.0,0.0,0.0,0.0,0.21555000895956952,0.0,338.84603142676065,physics_residual_tiny_ttm
2025-03-17 17:40:00,21.641856472324456,0.21599380431858758,2.027870119904157,22.860754097310732,300.0,1.0,0.1,1.0,0.0,0.6584833590394067,23333.40915167523,1072.171146114913,physics_residual_tiny_ttm
2025-03-17 17:45:00,22.20142630277961,0.20208537399344131,2.135491588033685,23.86060318579257,306.58483359039406,0.0,0.0,0.0,0.0,0.21555000895956952,0.0,345.39970039166604,physics_residual_tiny_ttm
2025-03-17 17:50:00,21.944387828186994,0.20728211016797485,2.0886232480504523,23.47161398201766,300.0,0.0,0.0,0.0,0.0,0.21555000895956952,0.0,339.6103684234126,physics_residual_tiny_ttm
2025-03-17 17:55:00,21.677139900457806,0.2117486616788857,2.0432512290543015,23.136429444821953,300.0,1.0,0.1,1.0,0.0,0.7509705669559168,23333.40915167523,1224.9424039547248,physics_residual_tiny_ttm
2025-03-17 18:00:00,22.230305377741626,0.1973706819740223,2.151887768576782,24.185161397944263,307.5097056695592,0.0,0.0,0.0,0.0,0.21555000895956952,0.0,345.2823034989676,physics_residual_tiny_ttm
2025-03-17 18:05:00,21.93896853689958,0.20104585490975677,2.1043587949927876,23.88430682670918,300.0,0.0,0.0,0.0,0.0,0.21555000895956952,0.0,338.9078559637241,physics_residual_tiny_ttm
2025-03-17 18:10:00,21.6447104249872,0.20421771470822103,2.0586886064003433,23.621269159387005,300.0,1.0,0.1,1.0,0.0,0.6353615570602792,23333.40915167523,1034.791197631331,physics_residual_tiny_ttm
2025-03-17 18:15:00,22.205622944544253,0.19207938878883982,2.1628232916958865,24.547424408409757,306.3536155706028,0.0,0.0,0.0,0.0,0.21555000895956952,0.0,365.50804631861763,physics_residual_tiny_ttm
2025-03-17 18:20:00,21.872632020868974,0.19498123817861887,2.111770563619666,24.285740972460122,300.0,1.0,0.1,1.0,0.0,0.6584833590394067,23333.40915167523,1151.8384793324594,physics_residual_tiny_ttm
2025-03-17 18:25:00,22.405268089177326,0.1833476064020961,2.212899919467137,25.209369050720476,306.58483359039406,0.0,0.2,0.0,0.0,1.1319374877316921,0.0,1934.0475985131056,physics_residual_tiny_ttm
2025-03-17 18:30:00,22.001163862977155,0.1791050679289618,2.1703621217322495,25.44761116950776,300.0,0.0,0.2,0.0,0.0,1.0708959305067955,0.0,1787.3304011878747,physics_residual_tiny_ttm
2025-03-17 18:35:00,21.6070124974287,0.17614091083117708,2.1264177088581673,25.59597299963309,300.0,0.0,0.2,0.0,0.0,1.0708959305067955,0.0,1745.74834607185,physics_residual_tiny_ttm
2025-03-17 18:40:00,21.220652086101477,0.17374133140541517,2.082755564781698,25.704970464616125,300.0,0.0,0.2,0.0,0.0,1.0089295012027337,0.0,1705.5410547994588,physics_residual_tiny_ttm
2025-03-17 18:45:00,20.820360331389043,0.1714340606907093,2.0378541975813995,25.805574012023886,310.0892950120273,0.0,0.2,0.0,0.0,1.0089295012027337,0.0,1665.8959810736628,physics_residual_tiny_ttm
2025-03-17 18:50:00,20.429373304981297,0.1693914193057911,1.9942626439101239,25.888675796452958,319.330307742057,0.0,0.2,0.0,0.0,1.0394502798151821,0.0,1676.1920065899203,physics_residual_tiny_ttm
2025-03-17 18:55:00,20.045526902663326,0.1674448397271022,1.9520861556848907,25.966574271031703,328.0504027242593,0.0,0.2,0.0,0.0,1.0708959305067955,0.0,1686.3432436830003,physics_residual_tiny_ttm
2025-03-17 19:00:00,19.66868851119278,0.16561010154970737,1.9112308291508584,26.037875439596085,336.25610685212007,0.0,0.2,0.0,0.0,1.0089295012027337,0.0,1551.8338909054492,physics_residual_tiny_ttm
2025-03-17 19:05:00,19.30447194222499,0.16431873689276982,1.8713468607165566,26.069413834981674,343.29708054732555,0.0,0.2,0.0,0.0,1.0246523265485403,0.0,1539.2865965531487,physics_residual_tiny_ttm
2025-03-17 19:10:00,18.94778682092987,0.16317815057558546,1.832704127194084,26.090735316122025,349.84656595317955,0.0,0.2,0.0,0.0,1.0089295012027337,0.0,1480.4354663237198,physics_residual_tiny_ttm
2025-03-17 19:15:00,18.6003275153414,0.16263006957299753,1.794511563683477,26.066996297356745,355.74488838822265,0.0,0.2,0.0,0.0,1.0089295012027337,0.0,1446.0229418972187,physics_residual_tiny_ttm
2025-03-17 19:20:00,18.260944854843363,0.1622614996938891,1.7575244728429278,26.030585539130406,361.1472948639057,0.0,0.1,0.0,0.0,0.6122397550811517,0.0,858.4325846967206,physics_residual_tiny_ttm
2025-03-17 19:25:00,17.951426197477396,0.16366088916482452,1.7208009123007708,25.860563286718488,364.14995867877116,0.0,0.0,0.0,0.0,0.21555000895956952,0.0,317.3588103344644,physics_residual_tiny_ttm
2025-03-17 19:30:00,17.64996045719451,0.16595882274316373,1.6838020238551263,25.62380662487962,365.1531650877031,1.0,0.1,0.0,0.0,0.6122397550811517,23333.40915167523,937.3413580091882,physics_residual_tiny_ttm
2025-03-17 19:35:00,18.23386811176156,0.1578110588918282,1.7638616366178346,26.38226127648731,367.95144948550984,0.0,0.0,0.0,0.0,0.21555000895956952,0.0,323.3539193442614,physics_residual_tiny_ttm
2025-03-17 19:40:00,17.926707492632204,0.160182912409126,1.7252722506189238,26.131242536473103,368.88637161298743,0.0,0.0,0.0,0.0,0.21555000895956952,0.0,316.83413137346986,physics_residual_tiny_ttm
2025-03-17 19:45:00,17.625740155816423,0.16254422988231176,1.6881155663022467,25.88562218345986,369.8045002010522,1.0,0.1,0.0,0.0,0.6122397550811517,23333.40915167523,935.8834254440073,physics_residual_tiny_ttm
2025-03-17 19:50:00,18.21017348629344,0.1549678165813276,1.7671863520732003,26.610310332591013,372.36547357630917,0.0,0.0,0.0,0.0,0.21555000895956952,0.0,322.85097748101947,physics_residual_tiny_ttm
2025-03-17 19:55:00,17.90349062210954,0.1574017670542181,1.7284590432032556,26.35079353213501,373.2211087927601,0.0,0.0,0.0,0.0,0.21555000895956952,0.0,316.3413303315195,physics_residual_tiny_ttm
2025-03-17 20:00:00,17.602991407261975,0.15982748409574915,1.6911639344611542,26.09676413571848,374.0613746609967,1.0,0.1,0.0,0.0,0.6122397550811517,23333.40915167523,994.7087225204207,physics_residual_tiny_ttm
2025-03-17 20:05:00,18.166214537549912,0.15260570277055055,1.7672421533265796,26.797786857432857,376.4051623881897,0.0,0.0,0.0,0.0,0.21555000895956952,0.0,343.14389446768496,physics_residual_tiny_ttm
2025-03-17 20:10:00,17.840255009089898,0.1552007265863389,1.72609079415925,26.51816307545053,377.1882346913411,1.0,0.1,0.0,0.0,0.6122397550811517,23333.40915167523,1008.9907219983463,physics_residual_tiny_ttm
2025-03-17 20:15:00,18.398328584967025,0.14850344045218655,1.8018454267593191,27.191674743273502,379.3724900836049,0.0,0.1,0.0,0.0,0.6122397550811517,0.0,987.091650320667,physics_residual_tiny_ttm
2025-03-17 20:20:00,18.042420284477302,0.15072124699398182,1.7574509878734903,26.931478741524693,381.44530481033576,0.0,0.0,0.0,0.0,0.21555000895956952,0.0,340.51623899439005,physics_residual_tiny_ttm
2025-03-17 20:25:00,17.718956820650348,0.15343319073338477,1.7165381129781023,26.640136275384776,382.13784355146623,1.0,0.1,0.0,0.0,0.6122397550811517,23333.40915167523,1001.6892199954247,physics_residual_tiny_ttm
2025-03-17 20:30:00,18.279663044841374,0.1472457749474104,1.7911288277715627,27.27600871438741,384.0695700007075,0.0,0.0,0.0,0.0,0.21555000895956952,0.0,345.55195125321853,physics_residual_tiny_ttm
2025-03-17 20:35:00,17.951416053113117,0.14995427569420788,1.7490016975169629,26.978185939742886,384.71497037639654,0.0,0.0,0.0,0.0,0.21555000895956952,0.0,338.5845841663033,physics_residual_tiny_ttm
2025-03-17 20:40:00,17.629787508417937,0.15278841281385572,1.708216931323221,26.67603312107431,385.3487777473554,1.0,0.1,0.0,0.0,0.6275001443873759,23333.40915167523,1021.0971037346951,physics_residual_tiny_ttm
2025-03-17 20:45:00,18.191502547516034,0.1467782000090767,1.7822228830184916,27.298618870449406,387.16074832791656,0.0,0.0,0.0,0.0,0.21555000895956952,0.0,364.9066466490078,physics_residual_tiny_ttm
2025-03-17 20:50:00,17.84487012773146,0.14974121584799638,1.7377504431072177,26.97492225919283,387.75062341059515,1.0,0.1,0.0,0.0,0.6432229697331826,23333.40915167523,1123.4537422724952,physics_residual_tiny_ttm
2025-03-17 20:55:00,18.37911226390659,0.1441990264867834,1.8087739069837574,27.561917173531896,389.4792517257519,0.0,0.2,0.0,0.0,1.0708959305067955,0.0,1826.4996048576431,physics_residual_tiny_ttm
2025-03-17 21:00:00,17.970953856242858,0.14725653552091564,1.7567097203863427,27.212736888790495,392.20296381932815,0.0,0.1,0.0,0.0,0.6122397550811517,0.0,1021.560628125951,physics_residual_tiny_ttm
2025-03-17 21:05:00,17.602617332592388,0.15034704665705087,1.7102065394827222,26.875206258620548,393.62116803793117,1.0,0.2,0.0,0.0,1.0089295012027337,23333.40915167523,1735.7778515190466,physics_residual_tiny_ttm
2025-03-17 21:10:00,18.118561195366624,0.14525526530379979,1.7772445395708294,27.416250996003292,395.8390331857479,0.0,0.1,0.0,0.0,0.6275001443873759,0.0,1056.0661945660559,physics_residual_tiny_ttm
2025-03-17 21:15:00,17.746006248691362,0.14822260636238244,1.7300493204761191,27.084459444138485,397.1024506994547,1.0,0.2,0.0,0.0,1.0394502798151821,23333.40915167523,1802.7097701631021,physics_residual_tiny_ttm
2025-03-17 21:20:00,18.256631699188546,0.1427679997242969,1.7979339965801164,27.663406243149502,399.08585603508254,0.0,0.1,0.0,0.0,0.6122397550811517,0.0,1038.75690590464,physics_residual_tiny_ttm
2025-03-17 21:25:00,17.882094841458688,0.14574309561518783,1.750017224059008,27.32576100411778,400.15289523331694,1.0,0.2,0.0,0.0,1.0394502798151821,23333.40915167523,1816.5940862079206,physics_residual_tiny_ttm
2025-03-17 21:30:00,18.389540796563043,0.14023916256971708,1.8183315440913048,27.917105936076023,401.87206845025446,0.0,0.1,0.0,0.0,0.6122397550811517,0.0,1046.7573225074816,physics_residual_tiny_ttm
2025-03-17 21:35:00,18.012119288076185,0.14325022195108558,1.7695373837681512,27.570686759381992,402.79695514793315,0.0,0.0,0.0,0.0,0.21555000895956952,0.0,361.0990595293688,physics_residual_tiny_ttm
2025-03-17 21:40:00,17.669103774557755,0.1465490447031024,1.7250680328319237,27.21281917531433,403.10596485393273,1.0,0.1,0.0,0.0,0.6122397550811517,23333.40915167523,1058.882983367102,physics_residual_tiny_ttm
2025-03-17 21:45:00,18.20918806854239,0.1421172270701654,1.7939493723557858,27.71155765166884,403.96789818227944,0.0,0.0,0.0,0.0,0.21555000895956952,0.0,386.5080284825366,physics_residual_tiny_ttm
2025-03-17 21:50:00,17.84203604648582,0.14534645386199171,1.746420807745584,27.352152961108853,404.2558748231503,1.0,0.1,0.0,0.0,0.6122397550811517,23333.40915167523,1129.4872309898283,physics_residual_tiny_ttm
2025-03-17 21:55:00,18.35666309162168,0.14065482227712717,1.8137102974094041,27.87285388341683,405.0591397683371,0.0,0.1,0.0,0.0,0.6122397550811517,0.0,1104.972910598971,physics_residual_tiny_ttm
2025-03-17 22:00:00,17.9582512211832,0.14427824155260213,1.7614374501105126,27.4691770987564,405.82142215241504,0.0,0.0,0.0,0.0,0.21555000895956952,0.0,381.1816456816484,physics_residual_tiny_ttm
2025-03-17 22:05:00,17.59615884102662,0.1476815062333555,1.7148731207989887,27.100650034654784,406.07610486758847,1.0,0.1,0.0,0.0,0.6122397550811517,23333.40915167523,1114.6867386557835,physics_residual_tiny_ttm
2025-03-17 22:10:00,18.116122389689092,0.14312878904666196,1.781393130783242,27.602680402204196,406.7865017130587,0.0,0.0,0.0,0.0,0.21555000895956952,0.0,384.53261739240025,physics_residual_tiny_ttm
2025-03-17 22:15:00,17.750846851748477,0.14647098890137553,1.7341357841735052,27.236086552843418,407.0238491859035,1.0,0.1,0.0,0.0,0.6122397550811517,23333.40915167523,1123.998129325698,physics_residual_tiny_ttm
2025-03-17 22:20:00,18.267453061477475,0.14227678109988834,1.8001861604467164,27.70929691985132,407.6858921355967,0.0,0.0,0.0,0.0,0.21555000895956952,0.0,387.74476059075147,physics_residual_tiny_ttm
2025-03-17 22:25:00,17.899126241846698,0.14579195480973456,1.7517936216362553,27.324966263288687,407.9070843073051,1.0,0.1,0.0,0.0,0.6122397550811517,23333.40915167523,1132.9237553199703,physics_residual_tiny_ttm
2025-03-17 22:30:00,18.412514204944397,0.14132087497699086,1.8186606250801802,27.824516960787506,408.5240646191312,0.0,0.1,0.0,0.0,0.6122397550811517,0.0,1108.334848819462,physics_residual_tiny_ttm
2025-03-17 22:35:00,18.012890145427004,0.1453624635523534,1.765260290866166,27.38543526322878,409.1095666080404,0.0,0.0,0.0,0.0,0.21555000895956952,0.0,382.34141089514316,physics_residual_tiny_ttm
2025-03-17 22:40:00,17.649696080151706,0.14882468777575522,1.718364588684925,27.013711193403214,409.3051860259746,1.0,0.1,0.0,0.0,0.6122397550811517,23333.40915167523,1117.9093940287241,physics_residual_tiny_ttm
2025-03-17 22:45:00,18.16849765991648,0.14431535185319136,1.7847875452958526,27.508746605012604,409.8508352166492,0.0,0.0,0.0,0.0,0.21555000895956952,0.0,385.6443343102896,physics_residual_tiny_ttm
2025-03-17 22:50:00,17.802166078933343,0.147824536347072,1.7369911936922784,27.129864985292677,410.03313959664786,1.0,0.1,0.0,0.0,0.6122397550811517,23333.40915167523,1127.0872722461254,physics_residual_tiny_ttm
2025-03-17 22:55:00,18.31765845935741,0.14353236552269846,1.8032210911818891,27.608185167127722,410.54164861100423,0.0,0.0,0.0,0.0,0.21555000895956952,0.0,388.8104198217238,physics_residual_tiny_ttm
2025-03-17 23:00:00,17.94831934783968,0.14698214563923148,1.7547751412008812,27.231833157243948,410.71154425489095,0.0,0.0,0.0,0.0,0.21555000895956952,0.0,380.97083184575996,physics_residual_tiny_ttm
2025-03-17 23:05:00,17.586427224134248,0.1504527278597617,1.7082484952586436,26.863057455572708,410.8783881481475,1.0,0.1,0.0,0.0,0.6122397550811517,23333.40915167523,1114.1009473826784,physics_residual_tiny_ttm
2025-03-17 23:10:00,18.106601987202577,0.1459762139512041,1.7744119396610285,27.351003517371574,411.3437725986578,0.0,0.0,0.0,0.0,0.21555000895956952,0.0,384.3305374324607,physics_residual_tiny_ttm
2025-03-17 23:15:00,17.741518409222536,0.14949439051290195,1.7269778434916518,26.975168344539156,411.49926008981737,1.0,0.1,0.0,0.0,0.6122397550811517,23333.40915167523,1123.4366069924836,physics_residual_tiny_ttm
2025-03-17 23:20:00,18.2583270828861,0.14490802993351595,1.7936363575747754,27.47503830051205,411.9329676665356,0.0,0.0,0.0,0.0,0.21555000895956952,0.0,387.55105266813297,physics_residual_tiny_ttm
2025-03-17 23:25:00,17.890184270443367,0.14857948747378527,1.7450947881665544,27.082931868990258,412.07787174084854,1.0,0.1,0.0,0.0,0.6122397550811517,23333.40915167523,1132.3854964807294,physics_residual_tiny_ttm
2025-03-17 23:30:00,18.4037663095305,0.14462038837523522,1.810679337451248,27.529882817971888,412.48205856294055,0.0,0.0,0.0,0.0,0.21555000895956952,0.0,390.63814411574475,physics_residual_tiny_ttm
2025-03-17 23:35:00,18.032691004658787,0.14830460679375954,1.761374367060237,27.135114665327475,412.61709959161686,0.0,0.0,0.0,0.0,0.21555000895956952,0.0,382.7617037184765,physics_residual_tiny_ttm
2025-03-17 23:40:00,17.669097694481515,0.15216058968317714,1.7137248415585495,26.73618071349157,412.74971494571474,1.0,0.1,0.0,0.0,0.6506219463665034,23333.40915167523,1189.061577252172,physics_residual_tiny_ttm
2025-03-17 23:45:00,18.18484381935728,0.1486739414398904,1.777519787613117,27.134099324799188,413.1428144935257,0.0,0.0,0.0,0.0,0.21555000895956952,0.0,385.9912977133223,physics_residual_tiny_ttm
2025-03-17 23:50:00,17.818182650614986,0.1524732695799104,1.7292588010355747,26.739691100556488,413.26598669330554,1.0,0.1,0.0,0.0,0.6122397550811517,23333.40915167523,1128.0513841732522,physics_residual_tiny_ttm
2025-03-17 23:55:00,18.333327408366575,0.14836564889443227,1.7948078494144974,27.190408406658605,413.6095559147725,0.0,0.1,0.0,0.0,0.6275001443873759,0.0,1131.0066943667928,physics_residual_tiny_ttm
2025-03-18 00:00:00,17.9343352420826,0.15287761733744476,1.7411151064985038,26.72902853946442,413.9437229636208,0.0,0.0,0.0,0.0,0.21555000895956952,0.0,380.67400536860373,physics_residual_tiny_ttm
2025-03-18 00:05:00,17.57272508002675,0.1565942864503718,1.6944339722112325,26.351610122019736,414.0525088444086,1.0,0.1,0.0,0.0,0.6122397550811517,23333.40915167523,1113.2761516134071,physics_residual_tiny_ttm
2025-03-18 00:10:00,18.09319723357589,0.15217095336305375,1.7600582135186613,26.819650947845965,414.35594972177915,0.0,0.0,0.0,0.0,0.21555000895956952,0.0,384.0460082773417,physics_residual_tiny_ttm
2025-03-18 00:15:00,17.728383935763237,0.15582744145032335,1.712700476117838,26.44474982898728,414.45733097911574,1.0,0.1,0.0,0.0,0.6122397550811517,23333.40915167523,1122.6459819592153,physics_residual_tiny_ttm
2025-03-18 00:20:00,18.24547767921928,0.1513236138610542,1.7787442729452945,26.921205252935547,414.7401178394359,0.0,0.0,0.0,0.0,0.21555000895956952,0.0,387.27831136524,physics_residual_tiny_ttm
2025-03-18 00:25:00,17.877593949417726,0.15513462567015138,1.7302876979337656,26.530956511097997,414.8345984766722,1.0,0.1,0.0,0.0,0.6122397550811517,23333.40915167523,1131.6276265127706,physics_residual_tiny_ttm
2025-03-18 00:30:00,18.391449248046868,0.15108897708558255,1.7955997649607973,26.970158691751827,415.0981371569671,0.0,0.0,0.0,0.0,0.21555000895956952,0.0,390.3767023022593,physics_residual_tiny_ttm
2025-03-18 00:35:00,18.020622292196126,0.15510791413391972,1.7459794854806985,26.56135750041358,415.1861868719449,0.0,0.0,0.0,0.0,0.21555000895956952,0.0,382.50553335861713,physics_residual_tiny_ttm
2025-03-18 00:40:00,17.657272323576294,0.1590238227417756,1.6985855632767133,26.17171571730367,415.27265499385175,1.0,0.1,0.0,0.0,0.6122397550811517,23333.40915167523,1118.3654433502425,physics_residual_tiny_ttm
2025-03-18 00:45:00,18.175909469026475,0.1548507961808721,1.7636332859044954,26.61320100994795,415.51384403958076,0.0,0.0,0.0,0.0,0.21555000895956952,0.0,385.80165729008473,physics_residual_tiny_ttm
2025-03-18 00:50:00,17.809428443669894,0.15873461214276602,1.7155375174352754,26.22463086738057,415.5944266193693,1.0,0.1,0.0,0.0,0.6122397550811517,23333.40915167523,1127.5244277498641,physics_residual_tiny_ttm
2025-03-18 00:55:00,18.324763202182833,0.15441654987147516,1.781098802156951,26.678530111546486,415.81919888333175,0.0,0.0,0.0,0.0,0.21555000895956952,0.0,388.96122501589247,physics_residual_tiny_ttm
2025-03-18 01:00:00,17.955280837671904,0.15845476923458848,1.7319325607630396,26.27566113374953,415.8942965265114,0.0,0.0,0.0,0.0,0.21555000895956952,0.0,381.1185963534484,physics_residual_tiny_ttm
2025-03-18 01:05:00,17.59324834938466,0.16252444478702602,1.6846996821514995,25.880916880473144,415.9680452282194,1.0,0.1,0.0,0.0,0.6122397550811517,23333.40915167523,1114.5115426299676,physics_residual_tiny_ttm
2025-03-18 01:10:00,18.113275067176136,0.15796088479538611,1.7502448511606647,26.346500678622938,416.17375547838384,0.0,0.0,0.0,0.0,0.21555000895956952,0.0,384.47218015561657,physics_residual_tiny_ttm
2025-03-18 01:15:00,17.748056939824842,0.16195147899704238,1.7023844584429981,25.956004375727957,416.24248439846014,1.0,0.1,0.0,0.0,0.6122397550811517,23333.40915167523,1123.8301915538282,physics_residual_tiny_ttm
2025-03-18 01:20:00,18.264723701628164,0.1578351440117877,1.7672296656690583,26.38634807759695,416.4341927677602,0.0,0.0,0.0,0.0,0.21555000895956952,0.0,387.6868272281871,physics_residual_tiny_ttm
2025-03-18 01:25:00,17.896451914104464,0.1618924772551669,1.7184857629418688,25.989350005559885,416.4982435828316,1.0,0.1,0.0,0.0,0.6122397550811517,23333.40915167523,1132.762775097449,physics_residual_tiny_ttm
2025-03-18 01:30:00,18.409897920644624,0.15788164071525743,1.7832929151272572,26.41100604413901,416.67690312376504,0.0,0.1,0.0,0.0,0.6122397550811517,0.0,1108.1773625016467,physics_residual_tiny_ttm
2025-03-18 01:35:00,18.01033064479844,0.1631381184575437,1.7282664197035296,25.912985879438214,416.84644745856644,0.0,0.0,0.0,0.0,0.21555000895956952,0.0,382.28708296255644,physics_residual_tiny_ttm
2025-03-18 01:40:00,17.64718818675723,0.16711960424320135,1.6811647140175636,25.533796784382467,416.9030931484465,1.0,0.1,0.0,0.0,0.6584833590394067,23333.40915167523,1201.9750166048304,physics_residual_tiny_ttm
2025-03-18 01:45:00,18.162874201446108,0.16239010450038371,1.7464704057654,26.00144903559884,417.0730316173001,0.0,0.0,0.0,0.0,0.21555000895956952,0.0,385.5249708417782,physics_residual_tiny_ttm
2025-03-18 01:50:00,17.796656006306456,0.16650888817165274,1.6983174401104315,25.60930253173638,417.1256072890597,1.0,0.1,0.0,0.0,0.6432229697331826,23333.40915167523,1183.638114857098,physics_residual_tiny_ttm
2025-03-18 01:55:00,18.31012609057725,0.16269174639378645,1.7620499722313672,26.006034780665843,417.2796802403689,0.0,0.0,0.0,0.0,0.21555000895956952,0.0,388.65053784367706,physics_residual_tiny_ttm
2025-03-18 02:00:00,17.94093885427867,0.16693251290039393,1.71293908175037,25.604132567686253,417.32854398608237,0.0,0.0,0.0,0.0,0.21555000895956952,0.0,380.81417356946804,physics_residual_tiny_ttm
2025-03-18 02:05:00,17.57919554353099,0.1712605999132995,1.665648540955279,25.206230321179603,417.376530016727,1.0,0.1,0.0,0.0,0.6122397550811517,23333.40915167523,1113.665638899605,physics_residual_tiny_ttm
2025-03-18 02:10:00,18.099527262543937,0.16748875986201212,1.7289465360270797,25.59149926094117,417.5103794017288,0.0,0.0,0.0,0.0,0.21555000895956952,0.0,384.1803694035747,physics_residual_tiny_ttm
2025-03-18 02:15:00,17.73458633230053,0.17186805044736755,1.6808131898301615,25.18981845706192,417.55509921358407,1.0,0.1,0.0,0.0,0.6353615570602792,23333.40915167523,1165.329489903549,physics_residual_tiny_ttm
2025-03-18 02:20:00,18.24995261146703,0.16716803553760304,1.7460261236853505,25.64486661884068,417.68454887779365,0.0,0.0,0.0,0.0,0.21555000895956952,0.0,387.37329622860454,physics_residual_tiny_ttm
2025-03-18 02:25:00,17.8819786535665,0.1714064483288456,1.697431272711853,25.252203976461747,417.7261401703051,1.0,0.1,0.0,0.0,0.6122397550811517,23333.40915167523,1131.8915622445102,physics_residual_tiny_ttm
2025-03-18 02:30:00,18.395738786850366,0.167217303257638,1.761959127341481,25.668860316042554,417.8421524524069,0.0,0.2,0.0,0.0,1.0089295012027337,0.0,1821.9221651694659,physics_residual_tiny_ttm
2025-03-18 02:35:00,17.968132298930954,0.1740302033351703,1.701252230950681,25.072148578418346,418.0235787898956,0.0,0.1,0.0,0.0,0.620101167754055,0.0,1095.4392465134226,physics_residual_tiny_ttm
2025-03-18 02:40:00,17.577604376414726,0.17951254356399932,1.6488977896147916,24.598598217005772,418.12571054825895,1.0,0.2,0.0,0.0,1.1319374877316921,23333.40915167523,2054.7832884442773,physics_residual_tiny_ttm
2025-03-18 02:45:00,18.06248585433224,0.17465289697535616,1.7100833521253165,25.043551357798847,418.30250875603275,0.0,0.1,0.0,0.0,0.6432229697331826,0.0,1142.1469922298168,physics_residual_tiny_ttm
2025-03-18 02:50:00,17.66828490837027,0.17916232072170246,1.6590616489919783,24.640543127911975,418.3934975359528,1.0,0.2,0.0,0.0,1.0089295012027337,23333.40915167523,1841.3220430032186,physics_residual_tiny_ttm
2025-03-18 02:55:00,18.159457470864158,0.17437840749273822,1.7211047154446892,25.08201381660065,418.5285681800971,0.0,0.1,0.0,0.0,0.6353615570602792,0.0,1134.28005870646,physics_residual_tiny_ttm
2025-03-18 03:00:00,17.763694730868146,0.17908882653708977,1.669215741588701,24.663410886326535,418.60647578111394,1.0,0.2,0.0,0.0,1.0551731051609887,23333.40915167523,1935.2619567048735,physics_residual_tiny_ttm
2025-03-18 03:05:00,18.249458580279562,0.17354292099684954,1.7326075091800879,25.161045317045584,418.72900988754384,0.0,0.1,0.0,0.0,0.6122397550811517,0.0,1098.519772556627,physics_residual_tiny_ttm
2025-03-18 03:10:00,17.85337346986659,0.17783091778924984,1.6812406740744739,24.771246108926128,418.79385577714055,1.0,0.2,0.0,0.0,1.0708959305067955,23333.40915167523,1973.4069670479748,physics_residual_tiny_ttm
2025-03-18 03:15:00,18.33594624838126,0.1726397577208966,1.7439368721499027,25.24484467373203,418.90149368879594,0.0,0.1,0.0,0.0,0.6122397550811517,0.0,1103.7258674702973,physics_residual_tiny_ttm
2025-03-18 03:20:00,17.937984015015914,0.17737623268216476,1.6911505180293847,24.820052058687683,418.95753945837316,0.0,0.0,0.0,0.0,0.21555000895956952,0.0,380.751454183319,physics_residual_tiny_ttm
2025-03-18 03:25:00,17.576300282718744,0.18158939838185645,1.6445887252278428,24.44941512930476,418.97626465663046,1.0,0.1,0.0,0.0,0.6122397550811517,23333.40915167523,1113.4913596882536,physics_residual_tiny_ttm
2025-03-18 03:30:00,18.09669484029172,0.17592521137438605,1.711121322439609,24.95591514667543,419.0284956129548,0.0,0.0,0.0,0.0,0.21555000895956952,0.0,384.12024843956385,physics_residual_tiny_ttm
2025-03-18 03:35:00,17.73181102020354,0.1800751454482942,1.6638647364716275,24.586392030170423,419.0459462612325,1.0,0.1,0.0,0.0,0.6122397550811517,23333.40915167523,1122.8522741077377,physics_residual_tiny_ttm
2025-03-18 03:40:00,18.248830382432715,0.17434047966908586,1.7308672520247672,25.101523659831127,419.09462206351225,0.0,0.0,0.0,0.0,0.21555000895956952,0.0,366.12348665128656,physics_residual_tiny_ttm
2025-03-18 03:45:00,17.90104206099945,0.17855739389562544,1.6848019729327532,24.727221206650604,419.11088491537237,0.0,0.0,0.0,0.0,0.21555000895956952,0.0,358.74133551195894,physics_residual_tiny_ttm
2025-03-18 03:50:00,17.560266198605067,0.1828576147924918,1.6403800889987172,24.356287378375455,419.12685564574383,1.0,0.1,0.0,0.0,0.6122397550811517,23333.40915167523,1052.331543572041,physics_residual_tiny_ttm
2025-03-18 03:55:00,18.102712696547627,0.17786365585888844,1.7077418366412007,24.814940525386177,419.1714034528772,0.0,0.0,0.0,0.0,0.21555000895956952,0.0,363.0219942351892,physics_residual_tiny_ttm
2025-03-18 04:00:00,17.757870547323087,0.1821553855974598,1.662370293551894,24.44220926997989,419.18628711897355,1.0,0.1,0.0,0.0,0.6122397550811517,23333.40915167523,1124.4209182227598,physics_residual_tiny_ttm
2025-03-18 04:05:00,18.274324315201554,0.17698629061357948,1.7280828100943606,24.91089716620814,419.22780273355573,0.0,0.0,0.0,0.0,0.21555000895956952,0.0,387.89060974778687,physics_residual_tiny_ttm
2025-03-18 04:10:00,17.905858950420416,0.18127351008475623,1.679740173712878,24.532252007863836,419.2416733275308,1.0,0.1,0.0,0.0,0.6584833590394067,23333.40915167523,1218.7186137186684,physics_residual_tiny_ttm
2025-03-18 04:15:00,18.415884325497892,0.17605170328365025,1.7454702295810047,25.005942903600104,419.2832854520755,0.0,0.0,0.0,0.0,0.21555000895956952,0.0,390.89536099126093,physics_residual_tiny_ttm
2025-03-18 04:20:00,18.044564684961735,0.18041144662237615,1.6962403200378342,24.619582932100883,419.2961594376777,0.0,0.0,0.0,0.0,0.21555000895956952,0.0,383.01373432782873,physics_residual_tiny_ttm
2025-03-18 04:25:00,17.680731965662208,0.18474614620119806,1.6490690778487667,24.244808614943118,419.30880217430393,1.0,0.1,0.0,0.0,0.6737437483456309,23333.40915167523,1231.9814758367993,physics_residual_tiny_ttm
2025-03-18 04:30:00,18.194635835553925,0.179988131940147,1.7131904251856453,24.677677713417516,419.3476096921317,0.0,0.0,0.0,0.0,0.21555000895956952,0.0,386.1991429429278,physics_residual_tiny_ttm
2025-03-18 04:35:00,17.82777723030139,0.18507072107645203,1.6637530505416294,24.248619114816552,419.35932825352387,1.0,0.1,0.0,0.0,0.6122397550811517,23333.40915167523,1128.6289265397022,physics_residual_tiny_ttm
2025-03-18 04:40:00,18.342713747894088,0.18210584020199178,1.7247157228426757,24.55257955796384,419.39201531295305,0.0,0.1,0.0,0.0,0.6122397550811517,0.0,1104.1332347350797,physics_residual_tiny_ttm
2025-03-18 04:45:00,17.94460463314155,0.1899675951130809,1.6659588444512576,23.929295312906156,419.4230346792773,0.0,0.0,0.0,0.0,0.21555000895956952,0.0,380.89198335185984,physics_residual_tiny_ttm
2025-03-18 04:50:00,17.582787409261837,0.19554932901118544,1.6171980257033387,23.486916686160786,419.43339841928156,1.0,0.1,0.0,0.0,0.6122397550811517,23333.40915167523,1113.881850000244,physics_residual_tiny_ttm
2025-03-18 04:55:00,18.103041170645064,0.19264458147571525,1.677073501602107,23.77455880100684,419.4623064203655,0.0,0.0,0.0,0.0,0.21555000895956952,0.0,384.25495557882437,physics_residual_tiny_ttm
2025-03-18 05:00:00,17.738029389441152,0.19833469235737733,1.6274483246522167,23.329070161465847,419.4719647416911,1.0,0.1,0.0,0.0,0.6122397550811517,23333.40915167523,1123.22658666778,physics_residual_tiny_ttm
2025-03-18 05:05:00,18.254913788572367,0.19527317027434968,1.6876292162905453,23.623766012616016,419.4989050897929,0.0,0.0,0.0,0.0,0.21555000895956952,0.0,387.4786021200434,physics_residual_tiny_ttm
2025-03-18 05:10:00,17.88683979841344,0.20101767181366217,1.6372714252297702,23.178696327537924,419.5079060074916,1.0,0.1,0.0,0.0,0.6122397550811517,23333.40915167523,1132.1841771573381,physics_residual_tiny_ttm
2025-03-18 05:15:00,18.400494425712843,0.1978106264534511,1.697737316919823,23.47967425050738,419.5330126329458,0.0,0.1,0.0,0.0,0.6122397550811517,0.0,1107.6113224151281,physics_residual_tiny_ttm
2025-03-18 05:20:00,18.00113124273396,0.20592118494253736,1.6389636725750067,22.8812652249371,419.5568383188818,0.0,0.0,0.0,0.0,0.21555000895956952,0.0,403.31780571009904,physics_residual_tiny_ttm
2025-03-18 05:25:00,17.618011263365737,0.21166491996257747,1.5883253832425037,22.453496050139236,419.56479861090975,1.0,0.1,0.0,0.0,0.6432229697331826,23333.40915167523,1235.574954778686,physics_residual_tiny_ttm
2025-03-18 05:30:00,18.113555851560587,0.207344096420571,1.647627004153972,22.809637511029038,419.5881262384033,0.0,0.0,0.0,0.0,0.21555000895956952,0.0,405.70412923792117,physics_residual_tiny_ttm
2025-03-18 05:35:00,17.728169053798034,0.21314084741974018,1.5963984914663325,22.380310684483476,419.5955245211535,1.0,0.1,0.0,0.0,0.6894665736914376,23333.40915167523,1331.6381589595408,physics_residual_tiny_ttm
2025-03-18 05:40:00,18.217945351547588,0.20883264585919398,1.6553480475137285,22.732899924351447,419.6187638813654,0.0,0.0,0.0,0.0,0.21555000895956952,0.0,407.919899632646,physics_residual_tiny_ttm
2025-03-18 05:45:00,17.830453747362174,0.21463316434134885,1.6036688155512022,22.305222891980648,419.625611835431,1.0,0.1,0.0,0.0,0.6432229697331826,23333.40915167523,1249.0083518246504,physics_residual_tiny_ttm
2025-03-18 05:50:00,18.32136192898324,0.20996369919967495,1.663741859809463,22.67898696197884,419.64567975768495,0.0,0.0,0.0,0.0,0.21555000895956952,0.0,410.1150187838463,physics_residual_tiny_ttm
2025-03-18 05:55:00,17.931785135421084,0.21581589057254888,1.6114977174527643,22.249403352037856,419.65204423530207,1.0,0.1,0.0,0.0,0.6353615570602792,23333.40915167523,1240.1091869768595,physics_residual_tiny_ttm
2025-03-18 06:00:00,18.421059958969863,0.2109722563459728,1.672035997837734,22.63238243418099,419.6704673783393,0.0,0.1,0.0,0.0,0.620101167754055,0.0,1184.0179565692379,physics_residual_tiny_ttm
2025-03-18 06:05:00,17.998953416528007,0.21823666548312531,1.6133238269523213,22.112693271908483,419.6874960086314,0.0,0.0,0.0,0.0,0.21555000895956952,0.0,403.2715791946679,physics_residual_tiny_ttm
2025-03-18 06:10:00,17.615877348689075,0.2241052093879736,1.5630505226688514,21.69758876986149,419.69310936180966,1.0,0.1,0.0,0.0,0.6584833590394067,23333.40915167523,1264.677661566467,physics_residual_tiny_ttm
2025-03-18 06:15:00,18.110364986864454,0.21880861046152553,1.6234712317306128,22.096399157309627,419.7099495600008,0.0,0.0,0.0,0.0,0.21555000895956952,0.0,405.63639997848276,physics_residual_tiny_ttm
2025-03-18 06:20:00,17.725042526535336,0.22467587395469749,1.5726861066561026,21.681599299641686,419.7151595912458,1.0,0.1,0.0,0.0,0.6432229697331826,23333.40915167523,1242.3428734522054,physics_residual_tiny_ttm
2025-03-18 06:25:00,18.2182512333056,0.2192287803417999,1.6336277294298605,22.088756718238404,419.73042758238074,0.0,0.0,0.0,0.0,0.21555000895956952,0.0,407.92639227552456,physics_residual_tiny_ttm
2025-03-18 06:30:00,17.830753461623562,0.22504434552501595,1.5824397092321782,21.677021876099985,419.7352697771335,1.0,0.1,0.0,0.0,0.6584833590394067,23333.40915167523,1278.5864582677718,physics_residual_tiny_ttm
2025-03-18 06:35:00,18.320538843466622,0.2195638055583841,1.6434401038556918,22.08535939185906,419.7497964809995,0.0,0.0,0.0,0.0,0.21555000895956952,0.0,410.09754797959613,physics_residual_tiny_ttm
2025-03-18 06:40:00,17.930978645785107,0.22542750262208916,1.591665107580962,21.670690010806133,419.75429076189636,1.0,0.1,0.0,0.0,0.6353615570602792,23333.40915167523,1240.058811842409,physics_residual_tiny_ttm
2025-03-18 06:45:00,18.42027104577022,0.21979994031190017,1.6532474335403344,22.08753491955926,419.76730027890517,0.0,0.0,0.0,0.0,0.21555000895956952,0.0,412.2938521703574,physics_residual_tiny_ttm
2025-03-18 06:50:00,18.032364737800997,0.2258213227315038,1.6010307475491743,21.66392479534187,300.0,0.0,0.1,0.0,0.0,0.6584833590394067,0.0,1232.195619719443,physics_residual_tiny_ttm
2025-03-18 06:55:00,17.61953345399278,0.23317588192262675,1.5451337434236203,21.170363751587306,300.0,0.0,0.2,0.0,0.0,1.0089295012027337,0.0,1844.6071291757185,physics_residual_tiny_ttm
2025-03-18 07:00:00,17.191855596365517,0.24161775954081238,1.4873930157666522,20.62865603757264,300.0,1.0,0.1,1.0,0.0,0.6584833590394067,23333.40915167523,1237.2309981404692,physics_residual_tiny_ttm
2025-03-18 07:05:00,17.69562234398994,0.23505732390302586,1.5487541030128742,21.075222165571212,306.58483359039406,1.0,0.0,0.0,0.0,0.21555000895956952,23333.40915167523,416.51297480778686,physics_residual_tiny_ttm
2025-03-18 07:10:00,18.22712844937798,0.22798662107074555,1.6162037337492892,21.56818978295435,300.0,1.0,0.0,0.0,0.0,0.21555000895956952,23333.40915167523,427.8423513648002,physics_residual_tiny_ttm
2025-03-18 07:15:00,18.750116667004555,0.22139798673362554,1.6842750344056028,22.045327775080327,300.0,1.0,0.0,0.0,0.0,0.21555000895956952,23333.40915167523,438.94329360086033,physics_residual_tiny_ttm
2025-03-18 07:20:00,19.262559868516707,0.21517229743558774,1.7528910495094379,22.511740112207768,300.0,1.0,0.0,0.0,0.0,0.21555000895956952,23333.40915167523,450.0268202592433,physics_residual_tiny_ttm
2025-03-18 07:25:00,19.774199129769443,0.2096857208002598,1.822160130627682,22.943676159136665,300.0,1.0,0.0,0.0,0.0,0.21555000895956952,23333.40915167523,461.04564876270155,physics_residual_tiny_ttm
2025-03-18 07:30:00,20.282851786017254,0.20481402896910234,1.8920237109057654,23.34564920442826,300.0,1.0,0.0,0.0,0.0,0.21555000895956952,23333.40915167523,451.0450189216531,physics_residual_tiny_ttm
2025-03-18 07:35:00,20.82120135455769,0.201099523210649,1.9649937712836425,23.684616256237263,300.0,1.0,0.0,0.0,0.0,0.21555000895956952,23333.40915167523,462.5196547533287,physics_residual_tiny_ttm
2025-03-18 07:40:00,21.35089505052785,0.19769731768212456,2.038577017140418,24.006911430861187,300.0,1.0,0.0,0.0,0.0,0.21555000895956952,23333.40915167523,474.0169739477095,physics_residual_tiny_ttm
2025-03-18 07:45:00,21.881635858964547,0.19496210231961544,2.112981102882479,24.288670773850903,300.0,1.0,0.1,1.0,0.0,0.6432229697331826,23333.40915167523,1441.9440584387112,physics_residual_tiny_ttm
2025-03-18 07:50:00,22.305954154542466,0.1906225876055911,2.1799873208786353,24.668097925287928,306.4322296973318,0.0,0.0,0.0,0.0,0.21555000895956952,0.0,474.4186155525907,physics_residual_tiny_ttm
2025-03-18 07:55:00,21.900176493217845,0.19817753491085438,2.106923133463808,24.071507196968238,300.0,1.0,0.1,1.0,0.0,0.6506219463665034,23333.40915167523,1459.6754129087617,physics_residual_tiny_ttm
2025-03-18 08:00:00,22.323460717688576,0.19347109398115958,2.174628627384022,24.471293882341826,306.50621946366505,0.0,0.0,0.0,0.0,0.21555000895956952,0.0,475.48883767830245,physics_residual_tiny_ttm
2025-03-18 08:05:00,21.94958023217681,0.20234982453852748,2.1022841341723426,23.798747892610216,300.0,0.0,0.0,0.0,0.0,0.21555000895956952,0.0,469.55347111043534,physics_residual_tiny_ttm
2025-03-18 08:10:00,21.675591035448452,0.2154816621330366,2.0333823549308074,22.898737108273334,300.0,0.0,0.0,0.0,0.0,0.21555000895956952,0.0,464.0553375764592,physics_residual_tiny_ttm
2025-03-18 08:15:00,21.42178544934786,0.22910971205092734,1.967282992395069,22.020388513246907,300.0,1.0,0.1,1.0,0.0,0.6968655503247584,23333.40915167523,1530.3818576604076,physics_residual_tiny_ttm
2025-03-18 08:20:00,21.851675934660474,0.22130983993655234,2.040093716324728,22.564548805672995,306.9686555032476,0.0,0.0,0.0,0.0,0.21555000895956952,0.0,466.2527565421538,physics_residual_tiny_ttm
2025-03-18 08:25:00,21.523223001755458,0.23175443076415253,1.9727422200840647,21.87979060838335,300.0,1.0,0.1,1.0,0.0,0.7199873523038859,23333.40915167523,1588.1977914228323,physics_residual_tiny_ttm
2025-03-18 08:30:00,21.9489454198977,0.22338210254250285,2.046772307450988,22.453297568883816,307.19987352303883,0.0,0.0,0.0,0.0,0.21555000895956952,0.0,468.0951068517597,physics_residual_tiny_ttm
2025-03-18 08:35:00,21.60826982669024,0.23329529461826404,1.9790517656807707,21.802690029077215,300.0,0.0,0.0,0.0,0.0,0.21555000895956952,0.0,461.3085118631219,physics_residual_tiny_ttm
2025-03-18 08:40:00,21.294986108120224,0.24411242368352715,1.9140726481372001,21.130144937899964,300.0,1.0,0.1,1.0,0.0,0.7047269629976618,23333.40915167523,1538.8174922838957,physics_residual_tiny_ttm
2025-03-18 08:45:00,21.727020027040645,0.2345431734994897,1.9902201535397257,21.748583603042647,307.0472696299766,0.0,0.0,0.0,0.0,0.21555000895956952,0.0,463.82910232803306,physics_residual_tiny_ttm
2025-03-18 08:50:00,21.41134194711777,0.24541059586983197,1.9244528618076822,21.075322389093863,300.0,1.0,0.1,1.0,0.0,0.6584833590394067,23333.40915167523,1445.6263405715392,physics_residual_tiny_ttm
2025-03-18 08:55:00,21.84465484171548,0.23599194801682905,2.0007706170692696,21.68280910516822,306.58483359039406,0.0,0.0,0.0,0.0,0.21555000895956952,0.0,445.49697620348786,physics_residual_tiny_ttm
2025-03-18 09:00:00,21.565091853925622,0.24747273262533562,1.9373348564741657,20.983869205145194,300.0,1.0,0.1,1.0,0.0,0.7509705669559168,23333.40915167523,1585.6430448604242,physics_residual_tiny_ttm
2025-03-18 09:05:00,22.009535432106702,0.2372722861638255,2.0176031166535338,21.63469329432541,307.5097056695592,1.0,0.2,1.0,0.0,1.471365540785284,23333.40915167523,3162.2923338405813,physics_residual_tiny_ttm
2025-03-18 09:10:00,22.385301265655773,0.2254884570798647,2.0961652345189394,22.396782021147388,321.3025675654429,0.0,0.1,0.0,0.0,0.8355963621995235,0.0,1842.537605247372,physics_residual_tiny_ttm
2025-03-18 09:15:00,21.940865643119576,0.23187055158649614,2.023403934577589,21.940582074947415,300.0,1.0,0.2,1.0,0.0,1.316911903564712,23333.40915167523,2952.2539087177665,physics_residual_tiny_ttm
2025-03-18 09:20:00,22.306473731268735,0.22203686467097544,2.0954419120095484,22.59540940024388,313.1691190356471,0.0,0.1,0.0,0.0,0.8434577748724268,0.0,1856.2036949500484,physics_residual_tiny_ttm
2025-03-18 09:25:00,21.897585222638085,0.23046070132488114,2.0217741076288105,22.017316944467375,300.0,0.0,0.0,0.0,0.0,0.21555000895956952,0.0,468.19577905408596,physics_residual_tiny_ttm
2025-03-18 09:30:00,21.612917070551738,0.24291529196800463,1.9547754794756287,21.2477858469903,300.0,0.0,0.0,0.0,0.0,0.21555000895956952,0.0,463.32838122801843,physics_residual_tiny_ttm
2025-03-18 09:35:00,21.388227591768484,0.2576922853464962,1.8904529347583348,20.39698420123638,300.0,0.0,0.0,0.0,0.0,0.21555000895956952,0.0,459.1466074294852,physics_residual_tiny_ttm
2025-03-18 09:40:00,21.195187982359567,0.27346290772934956,1.828529174158939,19.542986865022513,300.0,1.0,0.1,0.8,0.0,0.858718164178651,23333.40915167523,1869.3711462858955,physics_residual_tiny_ttm
2025-03-18 09:45:00,21.661016034328323,0.2629483413139147,1.908653484062237,20.157677144545616,300.0,0.0,0.0,0.0,0.0,0.21555000895956952,0.0,464.0158932176807,physics_residual_tiny_ttm
2025-03-18 09:50:00,21.4199646135067,0.2769655412469173,1.8449510380437824,19.397957283360068,300.0,1.0,0.1,1.0,0.0,0.7278487649767893,23333.40915167523,1598.1050595113823,physics_residual_tiny_ttm
2025-03-18 09:55:00,21.84731725307985,0.2650568618405739,1.9249686563778436,20.074219538258074,307.2784876497679,0.0,0.0,0.0,0.0,0.21555000895956952,0.0,466.9065009480988,physics_residual_tiny_ttm
2025-03-18 10:00:00,21.553401239713033,0.27705770802130897,1.8598399726282393,19.41256617265531,300.0,1.0,0.1,1.0,0.0,0.7972141709141718,23333.40915167523,1760.3963973288003,physics_residual_tiny_ttm
2025-03-18 10:05:00,21.97199034092302,0.2650390022726763,1.9397091572291338,20.09373102066015,307.97214170914174,0.0,0.0,0.2,0.0,0.21555000895956952,0.0,469.5528105587036,physics_residual_tiny_ttm
2025-03-18 10:10:00,21.675560542969798,0.27717613745307723,1.8734737971768172,19.424221139103086,300.0,0.0,0.0,0.0,0.0,0.21555000895956952,0.0,466.1664522713104,physics_residual_tiny_ttm
2025-03-18 10:15:00,21.5192390122963,0.294639406543557,1.8108214135413105,18.5439781072105,300.0,0.0,0.0,0.0,0.0,0.21555000895956952,0.0,463.2929546148841,physics_residual_tiny_ttm
2025-03-18 10:20:00,21.38659222364682,0.31269869522926846,1.750191499920594,17.685471017715827,300.0,1.0,0.1,1.0,0.0,0.7357101776496926,23333.40915167523,1589.0463166822021,physics_residual_tiny_ttm
2025-03-18 10:25:00,21.821351644274646,0.29800203782438656,1.8357671120085317,18.42541804198246,307.3571017764969,0.0,0.2,0.1,0.0,1.4093991114812223,0.0,3050.662308335725,physics_residual_tiny_ttm
2025-03-18 10:30:00,21.537440028083818,0.3057657269521942,1.7842430643407874,18.023095381460866,300.0,0.0,0.1,0.0,0.0,0.7509705669559168,0.0,1619.201785504198,physics_residual_tiny_ttm
2025-03-18 10:35:00,21.454183773924584,0.32359623476185845,1.7295837389939717,17.20766263044407,300.0,0.0,0.0,0.0,0.0,0.21555000895956952,0.0,441.4164874993374,physics_residual_tiny_ttm
2025-03-18 10:40:00,21.37672778078446,0.3424272898639401,1.6734772834515854,16.39016353330746,300.0,0.0,0.0,0.0,0.0,0.21555000895956952,0.0,439.40721551653866,physics_residual_tiny_ttm
2025-03-18 10:45:00,21.283975494926292,0.36025495141669056,1.6188816046557102,15.650073112722197,300.0,0.0,0.0,0.0,0.0,0.21555000895956952,0.0,438.61342178589564,physics_residual_tiny_ttm
2025-03-18 10:50:00,21.247332281042194,0.37970231212357336,1.5661481918807152,14.886451563650077,300.0,1.0,0.1,1.0,0.0,0.812474560220396,23333.40915167523,1689.7420547297222,physics_residual_tiny_ttm
2025-03-18 10:55:00,21.6940064361453,0.3581562893091833,1.6654587642318148,15.782599349158424,308.124745602204,0.0,0.0,0.0,0.0,0.21555000895956952,0.0,444.04588479601944,physics_residual_tiny_ttm
2025-03-18 11:00:00,21.49810637551151,0.37247631459529096,1.6089147890621138,15.193067409699307,300.0,0.0,0.0,0.0,0.0,0.21555000895956952,0.0,440.1417587810598,physics_residual_tiny_ttm
2025-03-18 11:05:00,21.31788358075505,0.38711678297182156,1.5541333885163775,14.613702342562004,300.0,1.0,0.1,1.0,0.0,0.7972141709141718,23333.40915167523,1663.6262857936263,physics_residual_tiny_ttm
2025-03-18 11:10:00,21.764176033209598,0.36556205325303376,1.6533127809125303,15.49496298024814,307.97214170914174,0.0,0.0,0.0,0.0,0.21555000895956952,0.0,446.2180539993687,physics_residual_tiny_ttm
2025-03-18 11:15:00,21.59837834496421,0.3810342360052076,1.5967356544754283,14.874865357808131,300.0,0.0,0.0,0.0,0.0,0.21555000895956952,0.0,441.1269210526012,physics_residual_tiny_ttm
2025-03-18 11:20:00,21.363360775186145,0.3938487935562201,1.5413506987344334,14.367876362275343,300.0,1.0,0.1,1.0,0.0,0.7972141709141718,23333.40915167523,1667.1882204576077,physics_residual_tiny_ttm
2025-03-18 11:25:00,21.80863351684837,0.371331708875971,1.6427298910819417,15.273136873919876,307.97214170914174,0.0,0.0,0.0,0.0,0.21555000895956952,0.0,444.5577309509203,physics_residual_tiny_ttm
2025-03-18 11:30:00,21.521734287153738,0.3826122823878038,1.5852169544215537,14.806276561195622,300.0,1.0,0.1,1.0,0.0,0.7047269629976618,23333.40915167523,1485.2601904326518,physics_residual_tiny_ttm
2025-03-18 11:35:00,21.97082861659003,0.36255365292157354,1.6822293357889286,15.63870265355478,307.0472696299766,0.0,0.0,0.0,0.0,0.21555000895956952,0.0,469.36937271828805,physics_residual_tiny_ttm
2025-03-18 11:40:00,21.66709266049441,0.37442752452251005,1.6205709871128158,15.136555011721772,300.0,0.0,0.0,0.0,0.0,0.21555000895956952,0.0,463.4144917941095,physics_residual_tiny_ttm
2025-03-18 11:45:00,21.392202639402583,0.38699320679759613,1.5615392285452927,14.626506167890247,300.0,1.0,0.1,1.0,0.0,0.6432229697331826,23333.40915167523,1410.9956782363276,physics_residual_tiny_ttm
2025-03-18 11:50:00,21.827202467948474,0.3672759955902575,1.655202472483656,15.43451227268677,306.4322296973318,0.0,0.0,0.0,0.0,0.21555000895956952,0.0,466.0984749154539,physics_residual_tiny_ttm
2025-03-18 11:55:00,21.516101032373093,0.3788079793291239,1.5944353870628132,14.950750623106362,300.0,1.0,0.1,1.0,0.0,0.7047269629976618,23333.40915167523,1554.1324497413825,physics_residual_tiny_ttm
2025-03-18 12:00:00,21.943256448228077,0.35908826453406056,1.6885336177395125,15.774479532015302,307.0472696299766,0.0,0.0,0.0,0.0,0.21555000895956952,0.0,469.84794609018195,physics_residual_tiny_ttm
2025-03-18 12:05:00,21.68918462941351,0.3727432521119693,1.6271290501773645,15.204462161466147,300.0,0.0,0.0,0.0,0.0,0.21555000895956952,0.0,444.3087290909569,physics_residual_tiny_ttm
2025-03-18 12:10:00,21.510239829513228,0.3878800609983624,1.5705864705810288,14.606173165429508,300.0,0.0,0.0,0.0,0.0,0.21555000895956952,0.0,443.9241991936566,physics_residual_tiny_ttm
2025-03-18 12:15:00,21.492489108226742,0.40803555470086833,1.5172224989984624,13.864898845538676,300.0,0.0,0.0,0.0,0.0,0.21555000895956952,0.0,440.94344546205014,physics_residual_tiny_ttm
2025-03-18 12:20:00,21.35489115008388,0.4239669432112461,1.46400511222873,13.28915655120936,300.0,1.0,0.1,1.0,0.0,0.6584833590394067,23333.40915167523,1377.2429397355604,physics_residual_tiny_ttm
2025-03-18 12:25:00,21.81132295902853,0.4011179187975491,1.5651545093252157,14.148797400238564,306.58483359039406,0.0,0.0,0.0,0.0,0.21555000895956952,0.0,445.6151253030959,physics_residual_tiny_ttm
2025-03-18 12:30:00,21.570545868690445,0.4139026946889322,1.5093745618574232,13.663752015563832,300.0,1.0,0.1,1.0,0.0,0.6894665736914376,23333.40915167523,1456.489971062464,physics_residual_tiny_ttm
2025-03-18 12:35:00,22.019782649384116,0.3912570297394777,1.6112813698590451,14.535432071945237,306.89466573691436,0.0,0.2,1.0,0.0,1.286391124952264,0.0,2651.3895352924824,physics_residual_tiny_ttm
2025-03-18 12:40:00,21.508525684033184,0.38289139311914894,1.5832204236656064,14.794213707129295,319.01947391864707,1.0,0.3,1.0,0.0,1.5443500591990806,23333.40915167523,3242.436803166644,physics_residual_tiny_ttm
2025-03-18 12:45:00,21.891023104282024,0.35229772562775513,1.7009964534139872,16.0440551732793,332.01524737128807,0.0,0.2,0.0,0.0,1.1781810916899471,0.0,2424.762561375969,physics_residual_tiny_ttm
2025-03-18 12:50:00,21.478168280438435,0.35155053320862306,1.660539485543428,16.025095712173314,300.0,1.0,0.1,0.0,0.0,0.6663447717123101,23333.40915167523,1407.0686318022724,physics_residual_tiny_ttm
2025-03-18 12:55:00,22.01116943939931,0.33712989688140416,1.7536297066191582,16.692257359655077,300.0,0.0,0.0,0.0,0.0,0.21555000895956952,0.0,447.74530260043935,physics_residual_tiny_ttm
2025-03-18 13:00:00,21.668879402081267,0.3465529687164814,1.692965988264946,16.253989643144003,300.0,1.0,0.1,1.0,0.0,0.6737437483456309,23333.40915167523,1429.8729416152485,physics_residual_tiny_ttm
2025-03-18 13:05:00,22.117214807252548,0.32948740484517974,1.7853445248596858,17.03464630424444,306.7374374834563,0.0,0.0,0.0,0.0,0.21555000895956952,0.0,450.69484843475016,physics_residual_tiny_ttm
2025-03-18 13:10:00,21.80503673703534,0.34007259259426537,1.7240323879741108,16.541869822365946,300.0,1.0,0.1,1.0,0.0,0.7588319796288201,23333.40915167523,1620.085444219531,physics_residual_tiny_ttm
2025-03-18 13:15:00,22.243507929382346,0.32301384607907935,1.8164908646816689,17.335084501367966,307.5883197962882,0.0,0.2,1.0,0.0,1.1633831384233055,0.0,2424.565470321593,physics_residual_tiny_ttm
2025-03-18 13:20:00,21.736959956403172,0.32140092387262365,1.7654577881140754,17.34111536482691,318.48647423885745,0.0,0.1,0.0,0.0,0.6737437483456309,0.0,1382.0496956263692,physics_residual_tiny_ttm
2025-03-18 13:25:00,21.410932641239658,0.3292922967147485,1.7104838809264389,16.953494069971967,300.0,1.0,0.2,1.0,0.0,1.1014167091192437,23333.40915167523,2305.8351462790824,physics_residual_tiny_ttm
2025-03-18 13:30:00,21.831019818699072,0.3112964378641128,1.8020644663433385,17.80809418816323,311.01416709119246,0.0,0.3,0.7,0.0,1.5901312271177532,0.0,3264.627250341693,physics_residual_tiny_ttm
2025-03-18 13:35:00,21.428410362150107,0.31397997712027664,1.7514074653981946,17.63300712181942,300.0,0.0,0.2,0.0,0.0,1.1781810916899471,0.0,2399.327543209173,physics_residual_tiny_ttm
2025-03-18 13:40:00,21.263358554103796,0.32668100316214793,1.7016891178292552,17.048166951721942,300.0,0.0,0.3,1.0,0.0,1.5679342972177908,0.0,2958.3194746849263,physics_residual_tiny_ttm
2025-03-18 13:45:00,20.773755204994472,0.32499589526840644,1.6554165045473426,17.059113628991852,315.6793429721779,1.0,0.0,0.0,0.0,0.21555000895956952,23333.40915167523,423.33174256863686,physics_residual_tiny_ttm
2025-03-18 13:50:00,21.54189733182358,0.3219519845195634,1.7431181351107803,17.291493308735078,300.0,0.0,0.0,1.0,0.0,0.21555000895956952,0.0,414.7961008530506,physics_residual_tiny_ttm
2025-03-18 13:55:00,21.147873880959455,0.3280853215343985,1.6861561250013826,16.972423340638045,302.1555000895957,1.0,0.1,0.2,0.0,0.7125883756705651,23333.40915167523,1348.4692372410202,physics_residual_tiny_ttm
2025-03-18 14:00:00,21.82938988168392,0.3196827847997112,1.779943650778388,17.429512981924287,300.0,0.0,0.1,0.5,0.0,0.7199873523038859,0.0,1339.6484445816443,physics_residual_tiny_ttm
2025-03-18 14:05:00,21.513985317679523,0.3257197685425349,1.7304747639323879,17.122152765167904,300.0,1.0,0.0,0.0,0.0,0.21555000895956952,23333.40915167523,426.88415592897576,physics_residual_tiny_ttm
2025-03-18 14:10:00,22.705884319302285,0.33647303402252904,1.8310763016016234,16.807074596550784,300.0,0.0,0.1,1.0,0.0,0.6816051610185342,0.0,1320.2176489256863,physics_residual_tiny_ttm
2025-03-18 14:15:00,22.272879330213655,0.3375045885412545,1.780788006082361,16.7088944539018,306.81605161018535,0.0,0.2,1.0,0.0,1.1319374877316921,0.0,2140.4658557106163,physics_residual_tiny_ttm
2025-03-18 14:20:00,21.815674848964793,0.33294202493589137,1.7437926349748498,16.847070013404057,317.4924811261787,0.0,0.1,0.0,0.0,0.6584833590394067,0.0,1167.2640809375343,physics_residual_tiny_ttm
2025-03-18 14:25:00,21.638362169806385,0.34182581789267286,1.702035962848675,16.44751138814672,300.0,0.0,0.0,0.0,0.0,0.21555000895956952,0.0,396.35980227508537,physics_residual_tiny_ttm
2025-03-18 14:30:00,21.466814964839962,0.3544075664215638,1.6520749735741056,15.907294878496124,300.0,1.0,0.1,1.0,0.0,0.7588319796288201,23333.40915167523,1445.738302881131,physics_residual_tiny_ttm
2025-03-18 14:35:00,21.957366236854696,0.3340070808526902,1.756122183985441,16.819101370473575,307.5883197962882,0.0,0.1,0.3,0.0,0.7972141709141718,0.0,1495.0847622638983,physics_residual_tiny_ttm
2025-03-18 14:40:00,21.660563044306187,0.33802287733485326,1.7141945907028275,16.610692315219325,300.0,0.0,0.0,0.0,0.0,0.21555000895956952,0.0,400.32831058836797,physics_residual_tiny_ttm
2025-03-18 14:45:00,21.48000978398604,0.35053448366761636,1.6633288012870056,16.066930901426744,300.0,0.0,0.0,0.0,0.0,0.21555000895956952,0.0,375.34928943288685,physics_residual_tiny_ttm
2025-03-18 14:50:00,21.326924820623727,0.3628692806167088,1.616514797644382,15.550906661005037,300.0,0.0,0.0,0.0,0.0,0.21555000895956952,0.0,379.05443390428104,physics_residual_tiny_ttm
2025-03-18 14:55:00,21.49796220237126,0.38573976867647813,1.5748945823299658,14.685313430595201,300.0,0.0,0.1,0.2,0.0,0.7972141709141718,0.0,1403.43503994646,physics_residual_tiny_ttm
2025-03-18 15:00:00,21.516657719026817,0.3966994503064254,1.54856545792713,14.279247467596868,300.0,0.0,0.0,0.0,0.0,0.21555000895956952,0.0,377.0798526585797,physics_residual_tiny_ttm
2025-03-18 15:05:00,21.406811315025305,0.40990657081576565,1.5045162385350883,13.789018455458507,300.0,0.0,0.0,0.0,0.0,0.21555000895956952,0.0,374.811765715346,physics_residual_tiny_ttm
2025-03-18 15:10:00,21.302111577851363,0.4230275071055969,1.461658628120805,13.316444918092234,300.0,0.0,0.1,0.2,0.0,0.7893527582412685,0.0,1373.7978576092653,physics_residual_tiny_ttm
2025-03-18 15:15:00,21.317517778020633,0.4311816103029677,1.4423626121753177,13.037337414243812,300.0,1.0,0.0,0.0,0.0,0.21555000895956952,23333.40915167523,374.5141566086304,physics_residual_tiny_ttm
2025-03-18 15:20:00,22.28837330589197,0.42411884466214494,1.5494281934976109,13.377470104471833,300.0,0.0,0.1,1.0,0.0,0.7357101776496926,0.0,1322.2246245675365,physics_residual_tiny_ttm
2025-03-18 15:25:00,21.882672179519,0.41966358116104946,1.5233039537386985,13.49241395353578,307.3571017764969,0.0,0.2,0.7,0.0,1.2558703463398155,0.0,2209.507838289235,physics_residual_tiny_ttm
2025-03-18 15:30:00,21.50590949445398,0.4076862483004026,1.5193648720911317,13.878835988430687,300.0,0.0,0.1,0.0,0.0,0.7972141709141718,0.0,1399.72362236333,physics_residual_tiny_ttm
2025-03-18 15:35:00,21.470334498068514,0.4148057716691572,1.4978381912421797,13.621496167043464,300.0,1.0,0.2,1.0,0.0,1.4093991114812223,23333.40915167523,2540.952946037536,physics_residual_tiny_ttm
2025-03-18 15:40:00,21.93893133957578,0.3775138361863496,1.639557502029258,15.048031121567355,314.09399111481224,0.0,0.2,0.7,0.0,1.4408447621728357,0.0,2543.157723645945,physics_residual_tiny_ttm
2025-03-18 15:45:00,21.562649801645403,0.3668167717745636,1.6298475912411696,15.422044250451137,300.0,1.0,0.3,1.0,0.0,1.8218116829486108,23333.40915167523,3295.8077910309394,physics_residual_tiny_ttm
2025-03-18 15:50:00,22.000821753631946,0.3304665740263921,1.7701408925462807,16.977353002475084,318.2181168294861,0.0,0.0,0.8,0.0,0.21555000895956952,0.0,382.87914280337696,physics_residual_tiny_ttm
2025-03-18 15:55:00,21.674518933451083,0.33652389318870407,1.7195420033242526,16.6761130583958,300.0,0.0,0.0,0.0,0.0,0.21555000895956952,0.0,378.69992097780147,physics_residual_tiny_ttm
2025-03-18 16:00:00,21.481597128564054,0.3471274622079428,1.6722168582901547,16.207444772561754,300.0,0.0,0.0,0.0,0.0,0.21555000895956952,0.0,375.14481375320474,physics_residual_tiny_ttm
2025-03-18 16:05:00,21.317485786558017,0.358637228705306,1.6263114653230422,15.71881984236666,300.0,1.0,0.0,1.0,0.0,0.21555000895956952,23333.40915167523,387.1177620011537,physics_residual_tiny_ttm
2025-03-18 16:10:00,21.87018264789182,0.3437784302544627,1.7211801616592157,16.394141433333935,302.1555000895957,0.0,0.0,0.6,0.0,0.21555000895956952,0.0,380.8429335499574,physics_residual_tiny_ttm
2025-03-18 16:15:00,21.580523165652068,0.3510932777579765,1.6721473346447788,16.056110499330103,300.0,0.0,0.0,0.0,0.0,0.21555000895956952,0.0,356.3679415907831,physics_residual_tiny_ttm
2025-03-18 16:20:00,21.450705266428873,0.3629016271516031,1.6287319159022644,15.564061450552245,300.0,0.0,0.0,0.0,0.0,0.21555000895956952,0.0,353.0408235372598,physics_residual_tiny_ttm
2025-03-18 16:25:00,21.297118391468114,0.3736422937072801,1.586281956406547,15.124967865988122,300.0,1.0,0.0,1.0,0.0,0.21555000895956952,23333.40915167523,365.4594547378343,physics_residual_tiny_ttm
2025-03-18 16:30:00,21.87038892972467,0.35769648601102505,1.6846961917500245,15.82201257657593,302.1555000895957,0.0,0.0,0.0,0.0,0.21555000895956952,0.0,380.6821818298904,physics_residual_tiny_ttm
2025-03-18 16:35:00,21.573102522941927,0.36494810493357577,1.6357028742285515,15.497094654843023,300.0,0.0,0.0,0.0,0.0,0.21555000895956952,0.0,375.26114670029125,physics_residual_tiny_ttm
2025-03-18 16:40:00,21.32285596384375,0.3738003787138416,1.5883846236228925,15.121770556461115,300.0,1.0,0.0,1.0,0.0,0.21555000895956952,23333.40915167523,387.23174932598647,physics_residual_tiny_ttm
2025-03-18 16:45:00,21.87544454624486,0.3585102633214322,1.6830807858012293,15.789767188007993,302.1555000895957,0.0,0.0,0.0,0.0,0.21555000895956952,0.0,382.15499248528755,physics_residual_tiny_ttm
2025-03-18 16:50:00,21.64109060822547,0.36819759053544054,1.6341111394287833,15.376735041305384,300.0,0.0,0.0,0.0,0.0,0.21555000895956952,0.0,377.29174370284574,physics_residual_tiny_ttm
2025-03-18 16:55:00,21.416592658156947,0.37792673216074,1.5870029387184121,14.97335852336806,300.0,1.0,0.0,1.0,0.0,0.21555000895956952,23333.40915167523,389.2214033829982,physics_residual_tiny_ttm
2025-03-18 17:00:00,21.967291226751378,0.3625131516111695,1.6819734566937152,15.639906873714938,302.1555000895957,0.0,0.0,0.4,0.0,0.21555000895956952,0.0,382.878754537014,physics_residual_tiny_ttm
2025-03-18 17:05:00,21.674501010246562,0.3701913841849388,1.632283622267408,15.302364477638573,300.0,0.0,0.0,0.0,0.0,0.21555000895956952,0.0,377.39755198302254,physics_residual_tiny_ttm
2025-03-18 17:10:00,21.421476994340967,0.37900311916765045,1.5847307337716154,14.932667200496391,300.0,1.0,0.0,1.0,0.0,0.21555000895956952,23333.40915167523,389.3250782498744,physics_residual_tiny_ttm
2025-03-18 17:15:00,21.972077080021187,0.36364747921207646,1.679470533296333,15.59520742926468,302.1555000895957,0.0,0.0,0.3,0.0,0.21555000895956952,0.0,404.6016881025061,physics_residual_tiny_ttm
2025-03-18 17:20:00,21.677278016542147,0.3723375112747222,1.6269975223989197,15.218897607578448,300.0,0.0,0.0,0.0,0.0,0.21555000895956952,0.0,399.01592193841844,physics_residual_tiny_ttm
2025-03-18 17:25:00,21.41942712108165,0.38216021902905517,1.5764762272288486,14.812071528977246,300.0,1.0,0.0,1.0,0.0,0.21555000895956952,23333.40915167523,410.50755681830606,physics_residual_tiny_ttm
2025-03-18 17:30:00,21.94990552942155,0.36704506619365507,1.668246994521658,15.457819530807637,302.1555000895957,0.0,0.0,0.1,0.0,0.21555000895956952,0.0,404.7455500971896,physics_residual_tiny_ttm
2025-03-18 17:35:00,21.683918993457787,0.376783549034268,1.6161283421632127,15.047417557641685,300.0,0.0,0.0,0.0,0.0,0.21555000895956952,0.0,399.0457378777902,physics_residual_tiny_ttm
2025-03-18 17:40:00,21.420803488519915,0.38636645381865153,1.5658755676034095,14.653212176004,300.0,1.0,0.0,0.0,0.0,0.21555000895956952,23333.40915167523,411.9340275910522,physics_residual_tiny_ttm
2025-03-18 17:45:00,22.01575446675545,0.3731527460003734,1.6587943325737458,15.22573957260617,300.0,0.0,0.0,0.0,0.0,0.21555000895956952,0.0,404.91430875240707,physics_residual_tiny_ttm
2025-03-18 17:50:00,21.691709253394606,0.38101254944899615,1.605925845692275,14.886111142288309,300.0,1.0,0.1,1.0,0.0,0.7357101776496926,23333.40915167523,1418.0684803712766,physics_residual_tiny_ttm
2025-03-18 17:55:00,22.17893018433415,0.35969810927055046,1.7113215654022302,15.777709783194082,307.3571017764969,0.0,0.0,0.0,0.0,0.21555000895956952,0.0,408.63192131196985,physics_residual_tiny_ttm
2025-03-18 18:00:00,21.86332218871966,0.3679830432002763,1.6570010267429929,15.410805990808834,300.0,1.0,0.1,1.0,0.0,0.766230956262141,23333.40915167523,1489.6466319221645,physics_residual_tiny_ttm
2025-03-18 18:05:00,22.34449975604772,0.3474415234206942,1.7617329257836731,16.299238205952445,307.66230956262143,0.0,0.0,0.0,0.0,0.21555000895956952,0.0,411.60645033183425,physics_residual_tiny_ttm
2025-03-18 18:10:00,22.00063280087461,0.35482183721734334,1.7057297697070863,15.954088464658026,300.0,0.0,0.0,0.0,0.0,0.21555000895956952,0.0,404.08524334097166,physics_residual_tiny_ttm
2025-03-18 18:15:00,21.65343782339663,0.3617973708506917,1.6519109185871097,15.631761419206935,300.0,1.0,0.0,1.0,0.0,0.21555000895956952,23333.40915167523,415.47466544803285,physics_residual_tiny_ttm
2025-03-18 18:20:00,22.179197871850604,0.34775306909086146,1.7432752289949465,16.266205077732543,302.1555000895957,0.0,0.0,0.0,0.0,0.21555000895956952,0.0,407.6055391442033,physics_residual_tiny_ttm
2025-03-18 18:25:00,21.815942195846915,0.35432540161956544,1.6879207266756278,15.9522706655898,300.0,1.0,0.0,1.0,0.0,0.21555000895956952,23333.40915167523,418.9239814954661,physics_residual_tiny_ttm
2025-03-18 18:30:00,22.338425667184243,0.3407426300323723,1.779161084189517,16.579490336964987,302.1555000895957,0.0,0.0,0.0,0.0,0.21555000895956952,0.0,410.6677484166472,physics_residual_tiny_ttm
2025-03-18 18:35:00,21.957300315716594,0.3468634117858362,1.7222150698870005,16.276176945920877,300.0,0.0,0.0,0.0,0.0,0.21555000895956952,0.0,423.7245854491607,physics_residual_tiny_ttm
2025-03-18 18:40:00,21.560031798169415,0.35299177430099693,1.6651672496843175,15.97604081426913,300.0,0.0,0.0,0.0,0.0,0.21555000895956952,0.0,415.1810228390572,physics_residual_tiny_ttm
2025-03-18 18:45:00,21.165642701897998,0.35896130406789717,1.610428015811808,15.687937321677335,302.1555000895957,0.0,0.0,0.0,0.0,0.21555000895956952,0.0,406.8097241583535,physics_residual_tiny_ttm
2025-03-18 18:50:00,20.779205676505747,0.3648573960184405,1.5581804732317386,15.408589616950756,304.27228200722266,0.0,0.1,0.0,0.0,0.6894665736914376,0.0,1272.604952262256,physics_residual_tiny_ttm
2025-03-18 18:55:00,20.365989486058226,0.3656472737873101,1.5171134253047083,15.329768927009557,310.9214814410234,0.0,0.2,0.0,0.0,1.270668299606457,0.0,2288.474055980987,physics_residual_tiny_ttm
2025-03-18 19:00:00,19.920401521165278,0.36046865547195295,1.4879337425109924,15.481942804345316,322.4716994161006,0.0,0.2,0.0,0.0,1.224424695648202,0.0,2152.084049225641,physics_residual_tiny_ttm
2025-03-18 19:05:00,19.488843299382882,0.356628740066408,1.4573205537628038,15.583736408253007,332.42303772939454,0.0,0.2,0.0,0.0,1.224424695648202,0.0,2100.257667751255,physics_residual_tiny_ttm
2025-03-18 19:10:00,19.0676778413211,0.35321901202625505,1.4271336326552202,15.670100366279948,341.35898734389286,0.0,0.2,0.0,0.0,1.224424695648202,0.0,2049.6793666284225,physics_residual_tiny_ttm
2025-03-18 19:15:00,18.656654868958796,0.35053373463237997,1.3967414639834117,15.728939553672014,349.38315384280287,0.0,0.2,0.0,0.0,1.286391124952264,0.0,2101.0341138722442,physics_residual_tiny_ttm
2025-03-18 19:20:00,18.251520764422697,0.3484200482677907,1.3661670329086095,15.76560054216754,356.95322752353104,0.0,0.0,0.0,0.0,0.21555000895956952,0.0,344.95460351422645,physics_residual_tiny_ttm
2025-03-18 19:25:00,17.923841205746484,0.35396895432938985,1.3269299805736603,15.505081115462296,358.08570522121227,0.0,0.0,0.0,0.0,0.21555000895956952,0.0,337.99928075512065,physics_residual_tiny_ttm
2025-03-18 19:30:00,17.60276865294564,0.35947751643295406,1.2892748626342965,15.251050013146664,359.1978407874034,1.0,0.0,0.0,0.0,0.21555000895956952,23333.40915167523,350.7211947174814,physics_residual_tiny_ttm
2025-03-18 19:35:00,18.19003937119668,0.34482487337002443,1.3684142239467072,15.903621225893573,360.2899996176564,0.0,0.0,0.0,0.0,0.21555000895956952,0.0,343.6496001283149,physics_residual_tiny_ttm
2025-03-18 19:40:00,17.863599462402536,0.35035918356653617,1.3292956734763182,15.641571550904603,361.36254054410557,1.0,0.0,0.0,0.0,0.21555000895956952,23333.40915167523,356.2575866505655,physics_residual_tiny_ttm
2025-03-18 19:45:00,18.445611046707224,0.33625615730556324,1.408711227246699,16.28707231857679,362.4158159533626,0.0,0.0,0.0,0.0,0.21555000895956952,0.0,349.0743617412838,physics_residual_tiny_ttm
2025-03-18 19:50:00,18.11401804393158,0.3417306984188345,1.368328631342351,16.020571706969324,363.45017190229447,0.0,0.0,0.0,0.0,0.21555000895956952,0.0,342.03597226016075,physics_residual_tiny_ttm
2025-03-18 19:55:00,17.789110953839717,0.34712637416404074,1.3296601756834106,15.762354842122129,364.46594823172137,1.0,0.0,0.0,0.0,0.21555000895956952,23333.40915167523,354.67649437556406,physics_residual_tiny_ttm
2025-03-18 20:00:00,18.372624450609468,0.3330582284581802,1.4090382780823836,16.411635301797574,365.46347867807253,0.0,0.0,0.0,0.0,0.21555000895956952,0.0,347.52514904397907,physics_residual_tiny_ttm
2025-03-18 20:05:00,18.042503077224406,0.33845662462433057,1.3689687921408684,16.146366802637026,366.4430909830363,0.0,0.0,0.0,0.0,0.21555000895956952,0.0,340.51799635234227,physics_residual_tiny_ttm
2025-03-18 20:10:00,17.71903794404655,0.34383816480213575,1.3304709606742184,15.886849632928275,367.40510700124076,1.0,0.1,0.0,0.0,0.7047269629976618,23333.40915167523,1152.6137604169312,physics_residual_tiny_ttm
2025-03-18 20:15:00,18.2740951292755,0.3271496879890911,1.4127642416534483,16.648993365525662,370.4938602689243,0.0,0.0,0.0,0.0,0.21555000895956952,0.0,345.43376673779574,physics_residual_tiny_ttm
2025-03-18 20:20:00,17.945960403478647,0.3325245778842895,1.3728850971205055,16.380986471829456,371.38311434080657,0.0,0.0,0.0,0.0,0.21555000895956952,0.0,338.46878260632303,physics_residual_tiny_ttm
2025-03-18 20:25:00,17.624441861095892,0.33788476344208884,1.3345606695731016,16.11873981435977,372.2563951857587,1.0,0.0,0.0,0.0,0.21555000895956952,23333.40915167523,351.1812299986545,physics_residual_tiny_ttm
2025-03-18 20:30:00,18.211275582256953,0.32427271791421647,1.4132226753073733,16.76399861724763,373.1139897228814,0.0,0.0,0.0,0.0,0.21555000895956952,0.0,344.10035971399486,physics_residual_tiny_ttm
2025-03-18 20:35:00,17.88440748754907,0.32975924350818103,1.373244491417116,16.489500775218907,373.95617971749067,0.0,0.0,0.0,0.0,0.21555000895956952,0.0,337.1622610802813,physics_residual_tiny_ttm
2025-03-18 20:40:00,17.5641300371613,0.3352348866074565,1.3348142661745537,16.22082305656569,374.783241873693,1.0,0.0,0.0,0.0,0.21555000895956952,23333.40915167523,349.9010518778399,physics_residual_tiny_ttm
2025-03-18 20:45:00,18.152179826168336,0.3218733250325122,1.412988409230526,16.859710994380016,375.595447925297,0.0,0.0,0.0,0.0,0.21555000895956952,0.0,342.84599383609196,physics_residual_tiny_ttm
2025-03-18 20:50:00,17.826503279719564,0.32741216011048474,1.3730397830349483,16.58148657199967,376.39306472509264,1.0,0.0,0.0,0.0,0.21555000895956952,23333.40915167523,355.47018347920755,physics_residual_tiny_ttm
2025-03-18 20:55:00,18.40926283468782,0.31458246592920214,1.451401182443393,17.210985753878667,377.17635433252644,0.0,0.0,0.0,0.0,0.21555000895956952,0.0,348.3028349871197,physics_residual_tiny_ttm
2025-03-18 21:00:00,18.078402721236554,0.3201187100209204,1.4100941907447289,16.92616145064079,377.9455740998019,0.0,0.0,0.0,0.0,0.21555000895956952,0.0,341.2800018068486,physics_residual_tiny_ttm
2025-03-18 21:05:00,17.754213743215065,0.3257113283354327,1.3702594031608553,16.644656942474956,378.7009767564333,1.0,0.0,0.0,0.0,0.21555000895956952,23333.40915167523,353.9357665612704,physics_residual_tiny_ttm
2025-03-18 21:10:00,18.338430872755083,0.31301828067148263,1.4482680813579514,17.270905094395133,379.442810492281,0.0,0.0,0.0,0.0,0.21555000895956952,0.0,346.79935653123687,physics_residual_tiny_ttm
2025-03-18 21:15:00,18.00899894478644,0.3186077786094887,1.4070765200428954,16.982859074169532,380.17131903909467,0.0,0.0,0.0,0.0,0.21555000895956952,0.0,339.8068380005327,physics_residual_tiny_ttm
2025-03-18 21:20:00,17.686209355730902,0.32419323223660157,1.3674720592458391,16.700818554557816,380.88674175059225,1.0,0.1,0.0,0.0,0.6663447717123101,23333.40915167523,1087.844569975835,physics_residual_tiny_ttm
2025-03-18 21:25:00,18.24432957063085,0.31021277373220496,1.4456236812016265,17.38329942507267,383.0586513455194,0.0,0.0,0.0,0.0,0.21555000895956952,0.0,344.80196331278194,physics_residual_tiny_ttm
2025-03-18 21:30:00,17.916795008059445,0.3157905437621731,1.4047245300015732,17.093957098590966,383.7222103483071,0.0,0.0,0.0,0.0,0.21555000895956952,0.0,337.8497182394245,physics_residual_tiny_ttm
2025-03-18 21:35:00,17.595864527805652,0.32136526166191004,1.3653943645439701,16.810623718820548,384.37385017201177,1.0,0.1,0.0,0.0,0.7199873523038859,23333.40915167523,1168.7899122963363,physics_residual_tiny_ttm
2025-03-18 21:40:00,18.152714813522504,0.30773096099516617,1.4425048124456579,17.48231306891203,386.51138161263134,0.0,0.0,0.0,0.0,0.21555000895956952,0.0,342.8573494718702,physics_residual_tiny_ttm
2025-03-18 21:45:00,17.82702748011892,0.31336068023664887,1.4017711329160596,17.18909612681016,387.11292094541807,1.0,0.1,0.0,0.0,0.6584833590394067,23333.40915167523,1084.157149897354,physics_residual_tiny_ttm
2025-03-18 21:50:00,18.382545107971968,0.30047728714643007,1.4787909581319076,17.842432519014093,388.91755380248935,0.0,0.2,0.0,0.0,1.1014167091192437,0.0,1770.6186268847066,physics_residual_tiny_ttm
2025-03-18 21:55:00,17.995849385638994,0.30440161220693984,1.4352252178403697,17.611636906656187,391.77044760267586,0.0,0.1,0.0,0.0,0.7047269629976618,0.0,1107.9114341339937,physics_residual_tiny_ttm
2025-03-18 22:00:00,17.642929742038337,0.3089804463398474,1.3944448988677456,17.359184944010185,393.428291496655,1.0,0.2,0.0,0.0,1.1319374877316921,23333.40915167523,1839.9163282023708,physics_residual_tiny_ttm
2025-03-18 22:05:00,18.173706900483914,0.2955259778368198,1.4698730327363703,18.04309816658206,395.93475091065625,0.0,0.1,0.0,0.0,0.6737437483456309,0.0,1071.1113269040588,physics_residual_tiny_ttm
2025-03-18 22:10:00,17.818809709877446,0.30037223186867384,1.4275481821034792,17.771381049951387,397.2859018378501,1.0,0.2,0.0,0.0,1.1633831384233055,23333.40915167523,1910.8800344261012,physics_residual_tiny_ttm
2025-03-18 22:15:00,18.34348226122697,0.2877573197889708,1.5019979459493573,18.43258126463754,399.48800173837816,0.0,0.2,0.0,0.0,1.1014167091192437,0.0,1766.3967307379241,physics_residual_tiny_ttm
2025-03-18 22:20:00,17.957708583401665,0.29229661418331404,1.4567032930127186,18.16449148165724,401.3706898736094,0.0,0.1,0.0,0.0,0.6584833590394067,0.0,1097.6618945002099,physics_residual_tiny_ttm
2025-03-18 22:25:00,17.586613390553396,0.2967686315199761,1.4140567257552275,17.90569112733472,402.39294743266043,1.0,0.2,0.0,0.0,1.1014167091192437,23333.40915167523,1892.5043203426533,physics_residual_tiny_ttm
2025-03-18 22:30:00,18.096970296271113,0.2836492152995487,1.4874673175064086,18.595249082153583,404.0090059239945,0.0,0.1,0.0,0.0,0.7047269629976618,0.0,1184.1777465905627,physics_residual_tiny_ttm
2025-03-18 22:35:00,17.719756400457104,0.2882385488219887,1.4432732344466817,18.323131988855724,404.9481129815359,1.0,0.2,0.0,0.0,1.1319374877316921,23333.40915167523,1959.5098074834334,physics_residual_tiny_ttm
2025-03-18 22:40:00,18.224988337282085,0.2762639063247996,1.5149321299210736,18.97399389621719,406.36792924631106,0.0,0.1,0.0,0.0,0.7047269629976618,0.0,1193.044587481102,physics_residual_tiny_ttm
2025-03-18 22:45:00,17.8449499536701,0.28123319310788053,1.4690158302494951,18.676679764368217,407.16850323144575,1.0,0.2,0.0,0.0,1.1939039170357537,23333.40915167523,2080.9593717964926,physics_residual_tiny_ttm
2025-03-18 22:50:00,18.34315727212749,0.27023418037904506,1.538919887317841,19.292091475924465,408.4451344192298,0.0,0.1,0.0,0.0,0.6737437483456309,0.0,1148.5587263794453,physics_residual_tiny_ttm
2025-03-18 22:55:00,17.962599009881494,0.2755563091327734,1.4916194671090253,18.97143683369683,409.09388595656463,0.0,0.0,0.0,0.0,0.21555000895956952,0.0,360.04794264140594,physics_residual_tiny_ttm
2025-03-18 23:00:00,17.620581974175668,0.2811814258861223,1.44849940150312,18.647554564066258,409.2897870382127,1.0,0.1,0.0,0.0,0.6737437483456309,23333.40915167523,1161.772545312375,physics_residual_tiny_ttm
2025-03-18 23:05:00,18.15774855408897,0.27072393634314007,1.5200980628740486,19.240520512496502,409.89111529041725,0.0,0.0,0.0,0.0,0.21555000895956952,0.0,364.1901847505531,physics_residual_tiny_ttm
2025-03-18 23:10:00,17.811796716376072,0.27639264579206174,1.4758252455710092,18.90860897516492,410.0726961395607,1.0,0.1,0.0,0.0,0.6584833590394067,23333.40915167523,1212.630024006548,physics_residual_tiny_ttm
2025-03-18 23:15:00,18.323880508881278,0.2658427829156461,1.5463100126337852,19.51238429558694,410.6174431722463,0.0,0.0,0.0,0.0,0.21555000895956952,0.0,388.9424889774456,physics_residual_tiny_ttm
2025-03-18 23:20:00,17.95441594212329,0.2715146091674084,1.4991694916298761,19.171398402026583,410.7859773562701,0.0,0.0,0.0,0.0,0.21555000895956952,0.0,381.1002380899124,physics_residual_tiny_ttm
2025-03-18 23:25:00,17.592400892732734,0.27720505688588576,1.453925807144211,18.837401920670416,410.9514842448876,1.0,0.1,0.0,0.0,0.7893527582412685,23333.40915167523,1435.8993142073211,physics_residual_tiny_ttm
2025-03-18 23:30:00,18.100342611180103,0.2662967990818782,1.5238215750818007,19.456395136145737,411.54669015066156,0.0,0.0,0.0,0.0,0.21555000895956952,0.0,384.19767598488426,physics_residual_tiny_ttm
2025-03-18 23:35:00,17.735385241054843,0.27191172255278306,1.4778345185881334,19.119897081390807,411.6985327351418,1.0,0.1,0.0,0.0,0.7740923689350443,23333.40915167523,1419.0957377720629,physics_residual_tiny_ttm
2025-03-18 23:40:00,18.241176591300164,0.26145145317474433,1.5475091391478237,19.726480318897874,412.2340412735327,0.0,0.0,0.0,0.0,0.21555000895956952,0.0,387.1870165197097,physics_residual_tiny_ttm
2025-03-18 23:45:00,17.873379584372827,0.26704578114444044,1.500695111465252,19.385047962487647,412.37353731295514,1.0,0.1,0.0,0.0,0.7047269629976618,23333.40915167523,1301.8287022937498,physics_residual_tiny_ttm
2025-03-18 23:50:00,18.380905096505344,0.2568819503611084,1.5707900001155592,19.986482685682333,412.82141847027646,0.0,0.2,0.0,0.0,1.1014167091192437,0.0,1986.60053907224,physics_residual_tiny_ttm
2025-03-18 23:55:00,17.94703982547562,0.2612781131250006,1.5195303037608356,19.691823679434144,413.4803026073275,1.0,0.2,0.0,0.0,1.1781810916899471,23333.40915167523,2181.052737894689,physics_residual_tiny_ttm
2025-03-19 00:00:00,18.41993344279168,0.25080676633460325,1.58751024270919,20.316432801595326,414.1204179566264,0.0,0.1,0.0,0.0,0.7509705669559168,0.0,1359.277231344626,physics_residual_tiny_ttm
2025-03-19 00:05:00,18.010221939014407,0.25548741590786145,1.5375384311307416,20.004401538254506,414.4883673783411,0.0,0.0,0.0,0.0,0.21555000895956952,0.0,382.2847755747634,physics_residual_tiny_ttm
2025-03-19 00:10:00,17.647081672808895,0.2608857716229379,1.4918881776809543,19.667650761855114,414.5873700834228,1.0,0.1,0.0,0.0,0.7125883756705651,23333.40915167523,1300.463556457993,physics_residual_tiny_ttm
2025-03-19 00:15:00,18.159061145191046,0.25101172043177017,1.561314759113022,20.2656203688095,414.9087848467861,0.0,0.0,0.0,0.0,0.21555000895956952,0.0,385.4440349510571,physics_residual_tiny_ttm
2025-03-19 00:20:00,17.792919832738807,0.25639148581008714,1.5148166364820237,19.92403437234156,415.00023580277696,1.0,0.1,0.0,0.0,0.7125883756705651,23333.40915167523,1310.6770236507261,physics_residual_tiny_ttm
2025-03-19 00:25:00,18.30167719493441,0.24685474399308496,1.584095791481982,20.51278496760139,415.29713362344654,0.0,0.0,0.0,0.0,0.21555000895956952,0.0,388.47120167638195,physics_residual_tiny_ttm
2025-03-19 00:30:00,17.932660313794322,0.252216277789008,1.5367795566548828,20.16660522239756,415.3816088642467,0.0,0.0,0.0,0.0,0.21555000895956952,0.0,380.6384533589197,physics_residual_tiny_ttm
2025-03-19 00:35:00,17.571083923332548,0.2575977323543074,1.4913598161385386,19.82748913006517,415.4645667184709,1.0,0.1,0.0,0.0,0.7278487649767893,23333.40915167523,1322.8010350462432,physics_residual_tiny_ttm
2025-03-19 00:40:00,18.083700882715238,0.2480377347288678,1.5601115813266482,20.41482357774432,415.73965917785387,0.0,0.0,0.0,0.0,0.21555000895956952,0.0,383.84443883695184,physics_residual_tiny_ttm
2025-03-19 00:45:00,17.719079059910012,0.25340175326492587,1.513848881226795,20.0710523579458,415.81618555305255,1.0,0.1,0.0,0.0,0.7740923689350443,23333.40915167523,1417.8555077992614,physics_residual_tiny_ttm
2025-03-19 00:50:00,18.225234570374067,0.24412177650708375,1.5822368321886233,20.650971385697908,416.08607378942105,0.0,0.0,0.0,0.0,0.21555000895956952,0.0,386.8486313564076,physics_residual_tiny_ttm
2025-03-19 00:55:00,17.857759002557398,0.24946848382734926,1.53517386349918,20.302769558759998,416.15637769190084,1.0,0.1,0.0,0.0,0.7588319796288201,23333.40915167523,1400.324661112081,physics_residual_tiny_ttm
2025-03-19 01:00:00,18.361876003629558,0.24049459999527048,1.6035152122310987,20.87370884885105,416.3994329856509,0.0,0.0,0.0,0.0,0.21555000895956952,0.0,389.74898093694964,physics_residual_tiny_ttm
2025-03-19 01:05:00,17.99164533337078,0.2458244912048629,1.5556758628118899,20.52130870027437,416.4641081733344,0.0,0.0,0.0,0.0,0.21555000895956952,0.0,381.8904687448163,physics_residual_tiny_ttm
2025-03-19 01:10:00,17.62887962743118,0.25123117478144463,1.5096421980689287,20.173160558862676,416.5276216329109,1.0,0.1,0.0,0.0,0.6737437483456309,23333.40915167523,1228.547530412448,physics_residual_tiny_ttm
2025-03-19 01:15:00,18.14392128529431,0.24240698298245192,1.5777510864414164,20.733159647760196,416.72257940097063,0.0,0.0,0.0,0.0,0.21555000895956952,0.0,385.1226764490655,physics_residual_tiny_ttm
2025-03-19 01:20:00,17.778085237972718,0.24779825104806755,1.5308910944924152,20.38092543726949,416.78145007092775,1.0,0.1,0.0,0.0,0.6816051610185342,23333.40915167523,1252.8418530097285,physics_residual_tiny_ttm
2025-03-19 01:25:00,18.289310003200026,0.23937263126388028,1.598592332257747,20.92519745252666,416.9642650911487,0.0,0.0,0.0,0.0,0.21555000895956952,0.0,388.2086957987377,physics_residual_tiny_ttm
2025-03-19 01:30:00,17.920542481857606,0.24480300127687668,1.5508319625405398,20.566301092606462,417.01879448171553,0.0,0.0,0.0,0.0,0.21555000895956952,0.0,380.3812403896366,physics_residual_tiny_ttm
2025-03-19 01:35:00,17.55921042334966,0.250259089670294,1.5049741200104014,20.21466913826148,417.0723443880636,1.0,0.1,0.0,0.0,0.7588319796288201,23333.40915167523,1378.0636882845813,physics_residual_tiny_ttm
2025-03-19 01:40:00,18.06997710751635,0.2419198301680331,1.57144879419088,20.748669920890954,417.25747761337,0.0,0.0,0.0,0.0,0.21555000895956952,0.0,383.55313813340086,physics_residual_tiny_ttm
2025-03-19 01:45:00,17.705631997313333,0.24741665818888398,1.524692084600204,20.390513228528853,417.3067401737875,1.0,0.1,0.0,0.0,0.7047269629976618,23333.40915167523,1290.210096412248,physics_residual_tiny_ttm
2025-03-19 01:50:00,18.21685855821248,0.2392335608812001,1.5916320741917396,20.921626080998088,417.4649079086117,0.0,0.0,0.0,0.0,0.21555000895956952,0.0,386.6708422130951,physics_residual_tiny_ttm
2025-03-19 01:55:00,17.849551876004014,0.2447168420598031,1.5440952033294515,20.560049512453674,417.51044450219604,1.0,0.1,0.0,0.0,0.6894665736914376,23333.40915167523,1272.0971650077984,physics_residual_tiny_ttm
2025-03-19 02:00:00,18.358661198234152,0.23669596195094272,1.6112103465742318,21.087172265980726,417.65348327711985,0.0,0.1,0.0,0.0,0.6584833590394067,0.0,1188.3446830231376,physics_residual_tiny_ttm
2025-03-19 02:05:00,17.95690816159669,0.24228730737165616,1.5595615783512755,20.71067232764973,417.7822451282635,0.0,0.0,0.0,0.0,0.21555000895956952,0.0,381.15313791342925,physics_residual_tiny_ttm
2025-03-19 02:10:00,17.59484286156258,0.24778621405272427,1.5133358541444373,20.353473857001124,417.8220815518029,1.0,0.1,0.0,0.0,0.7199873523038859,23333.40915167523,1310.2335700513793,physics_residual_tiny_ttm
2025-03-19 02:15:00,18.10747078964991,0.23963270681805868,1.5799073358991909,20.88207710530052,417.95275436322385,0.0,0.0,0.0,0.0,0.21555000895956952,0.0,384.3489786237865,physics_residual_tiny_ttm
2025-03-19 02:20:00,17.742369693998345,0.24506432639779108,1.5330023605184808,20.524433298654614,417.989528014503,1.0,0.1,0.0,0.0,0.6584833590394067,23333.40915167523,1208.136056172519,physics_residual_tiny_ttm
2025-03-19 02:25:00,18.255972797566802,0.2368813221289608,1.6004772200665982,21.060430496512854,418.0998498766917,0.0,0.0,0.0,0.0,0.21555000895956952,0.0,387.50108063347545,physics_residual_tiny_ttm
2025-03-19 02:30:00,17.88787745460004,0.24235268973912352,1.5526692553508923,20.69630591808108,418.1339813247003,1.0,0.1,0.0,0.0,0.6584833590394067,23333.40915167523,1217.5546827151918,physics_residual_tiny_ttm
2025-03-19 02:35:00,18.398296328989428,0.23449855089874108,1.6198685492427416,21.218643431853067,418.2363765118121,0.0,0.2,0.0,0.0,1.0708959305067955,0.0,1933.6132055918479,physics_residual_tiny_ttm
2025-03-19 02:40:00,17.966201799687056,0.24061818646129252,1.563910895403885,20.804886933283267,418.39376461318267,0.0,0.1,0.0,0.0,0.6584833590394067,0.0,1162.9410310612636,physics_residual_tiny_ttm
2025-03-19 02:45:00,17.573037175538975,0.24662928642237558,1.5135800525691865,20.412925497633275,418.4819045525926,1.0,0.2,0.0,0.0,1.1014167091192437,23333.40915167523,1999.1165906697877,physics_residual_tiny_ttm
2025-03-19 02:50:00,18.06011040612884,0.2391464315208964,1.5762202290694218,20.90190101038418,418.6212425269103,0.0,0.1,0.0,0.0,0.6584833590394067,0.0,1169.0196765545386,physics_residual_tiny_ttm
2025-03-19 02:55:00,17.664890726473335,0.24498530555707368,1.5256949915807976,20.516792204654205,418.6968999312587,1.0,0.2,0.0,0.0,1.1014167091192437,23333.40915167523,2009.0440840572917,physics_residual_tiny_ttm
2025-03-19 03:00:00,18.149795833917903,0.23734034589416006,1.5888888702834771,21.017695093531437,418.8165046137059,0.0,0.1,0.0,0.0,0.6506219463665034,0.0,1160.8353568048483,physics_residual_tiny_ttm
2025-03-19 03:05:00,17.753167764672625,0.24301702072275114,1.5382057323479106,20.638646162574247,418.88067195301807,1.0,0.2,0.0,0.0,1.1014167091192437,23333.40915167523,2018.585029443477,physics_residual_tiny_ttm
2025-03-19 03:10:00,18.23598916944298,0.23471987497594057,1.60299890544699,21.18018818389007,418.98340917084573,0.0,0.1,0.0,0.0,0.6432229697331826,0.0,1153.1181448770094,physics_residual_tiny_ttm
2025-03-19 03:15:00,17.83800163665704,0.2401053153190828,1.5523938130368478,20.813438434686088,419.0379003851901,1.0,0.2,0.0,0.0,1.1014167091192437,23333.40915167523,2027.7538388645032,physics_residual_tiny_ttm
2025-03-19 03:20:00,18.318820611695685,0.23207851583070896,1.616912413887204,21.34501734501142,419.1262064344892,0.0,0.1,0.0,0.0,0.6584833590394067,0.0,1185.7658267181876,physics_residual_tiny_ttm
2025-03-19 03:25:00,17.917939429299143,0.23766950541798748,1.565224570289734,20.96256942280449,419.1741546446662,1.0,0.2,0.0,0.0,1.1171395344650505,23333.40915167523,2065.3403235633823,physics_residual_tiny_ttm
2025-03-19 03:30:00,18.39577720749638,0.22959683082199564,1.629983631884277,21.50131037254366,419.2510366859827,0.0,0.2,0.0,0.0,1.270668299606457,0.0,2292.185722469185,physics_residual_tiny_ttm
2025-03-19 03:35:00,17.94946654534911,0.23469698547276216,1.5744472471541449,21.135986267050008,419.3303436810402,1.0,0.2,0.0,0.0,1.1633831384233055,23333.40915167523,2154.0563031271936,physics_residual_tiny_ttm
2025-03-19 03:40:00,18.42333393284763,0.22668511882724238,1.638972267063253,21.676475666009175,419.3952659202082,0.0,0.1,0.0,0.0,0.6737437483456309,0.0,1220.0939324687884,physics_residual_tiny_ttm
2025-03-19 03:45:00,18.019073518422978,0.23190313887938294,1.5871267106192268,21.307174655894116,419.42921890401414,0.0,0.0,0.0,0.0,0.21555000895956952,0.0,382.4726591033032,physics_residual_tiny_ttm
2025-03-19 03:50:00,17.6557547777426,0.23708082512556927,1.5407802951750056,20.954428419992635,419.43947155987695,1.0,0.1,0.0,0.0,0.6584833590394067,23333.40915167523,1202.5295266935116,physics_residual_tiny_ttm
2025-03-19 03:55:00,18.17125332484303,0.22896978389694458,1.6084935748080256,21.501689280028078,419.4702297807177,0.0,0.0,0.0,0.0,0.21555000895956952,0.0,385.7028260241381,physics_residual_tiny_ttm
2025-03-19 04:00:00,17.804866181363305,0.23413359684458437,1.5613326874372913,21.145142346066578,419.4797457786771,1.0,0.1,0.0,0.0,0.6737437483456309,23333.40915167523,1240.2023225055254,physics_residual_tiny_ttm
2025-03-19 04:05:00,18.316046193039863,0.2262187138425653,1.6289671610543435,21.68656755071665,419.508955614441,0.0,0.0,0.0,0.0,0.21555000895956952,0.0,388.776197874351,physics_residual_tiny_ttm
2025-03-19 04:10:00,17.94673958966233,0.23136891288633965,1.581022836024518,21.32640591631145,419.51777599958325,0.0,0.0,0.0,0.0,0.21555000895956952,0.0,380.9372999158184,physics_residual_tiny_ttm
2025-03-19 04:15:00,17.58487931863517,0.23654393791339123,1.5349885504430474,20.97353175065533,419.5264379485508,1.0,0.1,0.0,0.0,0.6894665736914376,23333.40915167523,1254.1611770305808,physics_residual_tiny_ttm
2025-03-19 04:20:00,18.09981247536374,0.22851476286363018,1.6022373813742046,21.516726808137587,419.5536467156377,0.0,0.0,0.0,0.0,0.21555000895956952,0.0,384.18642332779496,physics_residual_tiny_ttm
2025-03-19 04:25:00,17.734865794371693,0.23362223844092406,1.5555015500651073,21.16320597108306,419.5616643368413,1.0,0.1,0.0,0.0,0.6584833590394067,23333.40915167523,1207.6503334323374,physics_residual_tiny_ttm
2025-03-19 04:30:00,18.248633110048488,0.22561455753221665,1.6233589964124004,21.711303186587315,419.5857173984966,0.0,0.0,0.0,0.0,0.21555000895956952,0.0,387.3452885058032,physics_residual_tiny_ttm
2025-03-19 04:35:00,17.88068575726687,0.23070816595276405,1.5758193746521358,21.353992707222396,419.59315895003544,1.0,0.1,0.0,0.0,0.6737437483456309,23333.40915167523,1245.223509488266,physics_residual_tiny_ttm
2025-03-19 04:40:00,18.39020207152102,0.2228950197809542,1.6435885531366294,21.896206445813263,419.61600116786747,0.0,0.0,0.0,0.0,0.21555000895956952,0.0,390.3502297468461,physics_residual_tiny_ttm
2025-03-19 04:45:00,18.019400262501737,0.22802813030915392,1.5951664475563505,21.53218635524517,419.62289874717635,0.0,0.0,0.0,0.0,0.21555000895956952,0.0,382.4795945695757,physics_residual_tiny_ttm
2025-03-19 04:50:00,17.656074933677573,0.23313305594016576,1.548784411788467,21.178631052548987,419.62967242871173,1.0,0.1,0.0,0.0,0.6353615570602792,23333.40915167523,1160.4254935158785,physics_residual_tiny_ttm
2025-03-19 04:55:00,18.17315227091339,0.22519193559297565,1.6165675150122518,21.724025312798272,419.6492800872381,0.0,0.0,0.0,0.0,0.21555000895956952,0.0,385.7431330328355,physics_residual_tiny_ttm
2025-03-19 05:00:00,17.80672683896705,0.23022951968106942,1.5694756080511487,21.3698247646943,419.65557989393295,1.0,0.1,0.0,0.0,0.6737437483456309,23333.40915167523,1240.3255454282066,physics_residual_tiny_ttm
2025-03-19 05:05:00,18.317866022516807,0.222486695550584,1.637010652239072,21.908790600102893,419.67491746837186,0.0,0.0,0.0,0.0,0.21555000895956952,0.0,388.8148255550944,physics_residual_tiny_ttm
2025-03-19 05:10:00,17.948522725901235,0.22756458646548033,1.5890262959172687,21.54786014078798,419.68075676358893,0.0,0.0,0.0,0.0,0.21555000895956952,0.0,380.97514874628916,physics_residual_tiny_ttm
2025-03-19 05:15:00,17.58662650148213,0.2327218069808376,1.5428432736185451,21.191105460881428,419.6864911704613,1.0,0.1,0.0,0.0,0.6432229697331826,23333.40915167523,1170.3572979668197,physics_residual_tiny_ttm
2025-03-19 05:20:00,18.104680330767277,0.2248424539017874,1.6103565137137283,21.733572584310537,419.70329584382574,0.0,0.0,0.0,0.0,0.21555000895956952,0.0,384.28974837380343,physics_residual_tiny_ttm
2025-03-19 05:25:00,17.739635499163146,0.22993212873204888,1.5634610570695564,21.37627863552266,419.7086253924526,1.0,0.1,0.0,0.0,0.6122397550811517,23333.40915167523,1123.3232658804122,physics_residual_tiny_ttm
2025-03-19 05:30:00,18.256485039389162,0.22221882850620048,1.6312810776849702,21.914769165753036,419.7234913189827,0.0,0.0,0.0,0.0,0.21555000895956952,0.0,387.5119534728421,physics_residual_tiny_ttm
2025-03-19 05:35:00,17.88837936808595,0.2273489486951214,1.5834668831122258,21.55076399990557,419.72845810637193,1.0,0.1,0.0,0.0,0.6122397550811517,23333.40915167523,1132.2768510149783,physics_residual_tiny_ttm
2025-03-19 05:40:00,18.402000580661237,0.2200419842017742,1.6508431571007907,22.069856607366198,419.7423121682427,0.0,0.0,0.0,0.0,0.21555000895956952,0.0,390.6006647739133,physics_residual_tiny_ttm
2025-03-19 05:45:00,18.030960878196524,0.22521335630621891,1.6021466576683507,21.699609863706485,419.746940886113,0.0,0.0,0.0,0.0,0.21555000895956952,0.0,403.950969228955,physics_residual_tiny_ttm
2025-03-19 05:50:00,17.647239443621398,0.23046591674028777,1.5533055339734412,21.330564223847155,419.75148646063514,1.0,0.1,0.0,0.0,0.6122397550811517,23333.40915167523,1177.956167686889,physics_residual_tiny_ttm
2025-03-19 05:55:00,18.14439040446378,0.2226808079773464,1.618880197830812,21.868726867601843,419.7641656163414,0.0,0.0,0.0,0.0,0.21555000895956952,0.0,406.35862312347456,physics_residual_tiny_ttm
2025-03-19 06:00:00,17.75838188933497,0.22791836430276105,1.5694019330445959,21.496445562792573,419.76840179163395,1.0,0.1,0.0,0.0,0.6584833590394067,23333.40915167523,1273.9018915554975,physics_residual_tiny_ttm
2025-03-19 06:05:00,18.24975101950364,0.22030083702874864,1.6346129155859739,22.029072084694306,419.78111042215,0.0,0.0,0.0,0.0,0.21555000895956952,0.0,408.5950063957807,physics_residual_tiny_ttm
2025-03-19 06:10:00,17.861618117350467,0.2255238725805057,1.5845361890977212,21.653726409315908,419.78504222635553,1.0,0.1,0.0,0.0,0.6584833590394067,23333.40915167523,1280.5843081725316,physics_residual_tiny_ttm
2025-03-19 06:15:00,18.350728070357558,0.21806877802878163,1.6497085134724565,22.181263827062587,419.7968377360923,0.0,0.1,0.0,0.0,0.6122397550811517,0.0,1164.810304105399,physics_residual_tiny_ttm
2025-03-19 06:20:00,17.930741075641926,0.2233282317027532,1.59595503679967,21.795126458311472,419.80720307065036,1.0,0.2,0.0,0.0,1.1014167091192437,23333.40915167523,2145.8566606328177,physics_residual_tiny_ttm
2025-03-19 06:25:00,18.385766887048483,0.21609286224148122,1.6575143415842524,22.308117765003914,419.8248988839381,0.0,0.2,0.0,0.0,1.1014167091192437,0.0,2095.2055813324077,physics_residual_tiny_ttm
2025-03-19 06:30:00,17.928182727813176,0.221509738722626,1.5994343539830076,21.903373575901995,419.84097049185607,1.0,0.2,0.0,0.0,1.0708959305067955,23333.40915167523,2086.366631219883,physics_residual_tiny_ttm
2025-03-19 06:35:00,18.385512995168238,0.21448133718902884,1.6608953598773848,22.4075194285106,419.8551624962812,0.0,0.1,0.0,0.0,0.6584833590394067,0.0,1255.0546860440402,physics_residual_tiny_ttm
2025-03-19 06:40:00,17.964953566957302,0.2201483553026953,1.605941467510478,21.99130507495172,300.0,0.0,0.2,0.0,0.0,1.1014167091192437,0.0,2050.454449592877,physics_residual_tiny_ttm
2025-03-19 06:45:00,17.523898963781008,0.22598947617033507,1.5502330877339763,21.571492723320713,300.0,1.0,0.1,0.0,0.0,0.6122397550811517,23333.40915167523,1171.0729185233808,physics_residual_tiny_ttm
2025-03-19 06:50:00,18.03252239710306,0.21907358656795448,1.6150013257297176,22.067446194059077,300.0,1.0,0.0,0.0,0.0,0.21555000895956952,23333.40915167523,423.8227907741447,physics_residual_tiny_ttm
2025-03-19 06:55:00,18.56456516570437,0.21250523044921915,1.6838542305971853,22.56054299838661,300.0,1.0,0.0,0.0,0.0,0.21555000895956952,23333.40915167523,435.2270701756318,physics_residual_tiny_ttm
2025-03-19 07:00:00,19.09101105859925,0.20653205345837888,1.7533497912242249,23.02885981721187,300.0,1.0,0.0,0.0,0.0,0.21555000895956952,23333.40915167523,446.46491662637044,physics_residual_tiny_ttm
2025-03-19 07:05:00,19.609774051042525,0.2009857662776718,1.8235193032617032,23.480454570275363,300.0,1.0,0.0,0.0,0.0,0.21555000895956952,23333.40915167523,457.52380800620443,physics_residual_tiny_ttm
2025-03-19 07:10:00,20.12027609522473,0.19585579426735328,1.8942098863308332,23.914101904262324,300.0,1.0,0.0,0.0,0.0,0.21555000895956952,23333.40915167523,468.50262004322354,physics_residual_tiny_ttm
2025-03-19 07:15:00,20.62708150591994,0.1913088594710679,1.9654494787942802,24.317197085162366,300.0,1.0,0.0,0.0,0.0,0.21555000895956952,23333.40915167523,479.4506011056301,physics_residual_tiny_ttm
2025-03-19 07:20:00,21.132463692982395,0.18741325574833528,2.03724266329618,24.682698615303376,300.0,1.0,0.0,0.0,0.0,0.21555000895956952,23333.40915167523,490.30486120171287,physics_residual_tiny_ttm
2025-03-19 07:25:00,21.63351952008274,0.18404788691428656,2.1094246440086897,25.016107331535135,300.0,1.0,0.1,1.0,0.0,0.6584833590394067,23333.40915167523,1470.3644563796404,physics_residual_tiny_ttm
2025-03-19 07:30:00,22.058469005234876,0.17898523069135547,2.178272035329271,25.467243105241202,306.58483359039406,0.0,0.0,0.0,0.0,0.21555000895956952,0.0,469.7212252802398,physics_residual_tiny_ttm
2025-03-19 07:35:00,21.683334926193364,0.1870917473213292,2.1079629445742207,24.80597044968071,300.0,1.0,0.1,1.0,0.0,0.6275001443873759,23333.40915167523,1394.5482782905103,physics_residual_tiny_ttm
2025-03-19 07:40:00,22.113305304645802,0.18171701542440113,2.178287622188443,25.27502867502492,306.27500144387375,0.0,0.0,0.0,0.0,0.21555000895956952,0.0,471.44090680001597,physics_residual_tiny_ttm
2025-03-19 07:45:00,21.762719097810145,0.1909554443475571,2.1081411048297536,24.546441852990508,300.0,1.0,0.1,1.0,0.0,0.6663447717123101,23333.40915167523,1485.8566467409248,physics_residual_tiny_ttm
2025-03-19 07:50:00,22.187678029139928,0.18474471597761521,2.1800762810865377,25.067441599865223,306.6634477171231,0.0,0.2,1.0,0.0,1.0708959305067955,0.0,2331.867389860743,physics_residual_tiny_ttm
2025-03-19 07:55:00,21.666587699748522,0.1888404056132781,2.1012771418200313,24.678371785435168,316.77775210190674,0.0,0.1,0.0,0.0,0.6737437483456309,0.0,1443.862876604519,physics_residual_tiny_ttm
2025-03-19 08:00:00,21.323826495403104,0.19946640330693435,2.0307116542556995,23.8823922247177,300.0,1.0,0.2,1.0,0.0,1.1319374877316921,23333.40915167523,2470.84258068671,physics_residual_tiny_ttm
2025-03-19 08:05:00,21.71983751908237,0.19184519728911636,2.100315077482145,24.476315705277052,311.31937487731693,0.0,0.1,0.0,0.0,0.6663447717123101,0.0,1432.9104770050087,physics_residual_tiny_ttm
2025-03-19 08:10:00,21.39705494342476,0.20307316495939032,2.0306501389372613,23.653956540159644,300.0,1.0,0.2,1.0,0.0,1.1476603130774987,23333.40915167523,2513.258115373213,physics_residual_tiny_ttm
2025-03-19 08:15:00,21.790021970430097,0.19473407908601648,2.101795763665822,24.288051943244337,311.476603130775,0.0,0.1,0.0,0.0,0.6894665736914376,0.0,1488.9794710422639,physics_residual_tiny_ttm
2025-03-19 08:20:00,21.4886648535399,0.20679992140948952,2.0325197437492983,23.42437519940978,300.0,1.0,0.2,1.0,0.0,1.2558703463398155,23333.40915167523,2760.3744682328647,physics_residual_tiny_ttm
2025-03-19 08:25:00,21.870420540848233,0.19746021570376826,2.1049835419477767,24.115136383280785,312.55870346339816,0.0,0.1,0.0,0.0,0.7431091542830134,0.0,1612.438556382225,physics_residual_tiny_ttm
2025-03-19 08:30:00,21.590589548855448,0.21025399408049425,2.0363246434418247,23.217704643861296,300.0,0.0,0.0,0.0,0.0,0.21555000895956952,0.0,462.85445749461246,physics_residual_tiny_ttm
2025-03-19 08:35:00,21.36635026009206,0.22448293356094653,1.9723835424582057,22.28984012748363,300.0,1.0,0.1,1.0,0.0,0.7431091542830134,23333.40915167523,1554.5780738378762,physics_residual_tiny_ttm
2025-03-19 08:40:00,21.815836349876733,0.2151135454844865,2.0518347153070375,22.94572095878214,307.43109154283013,0.0,0.0,0.2,0.0,0.21555000895956952,0.0,446.0157823455534,physics_residual_tiny_ttm
2025-03-19 08:45:00,21.589041053439573,0.22837562358149147,1.9894104699380122,22.09157548671471,300.0,0.0,0.0,0.0,0.0,0.21555000895956952,0.0,442.51651872716513,physics_residual_tiny_ttm
2025-03-19 08:50:00,21.42750757155936,0.2441799021955364,1.9295002455488497,21.147115065810535,300.0,0.0,0.0,0.0,0.0,0.21555000895956952,0.0,439.34185734015796,physics_residual_tiny_ttm
2025-03-19 08:55:00,21.28095842192138,0.26028180731037537,1.8715186057786053,20.242219955659607,300.0,1.0,0.1,1.0,0.0,0.6584833590394067,23333.40915167523,1372.4573203777745,physics_residual_tiny_ttm
2025-03-19 09:00:00,21.73900814285457,0.24806454054680296,1.9564960025581835,20.97790253742873,306.58483359039406,0.0,0.0,0.0,0.0,0.21555000895956952,0.0,446.46185818398743,physics_residual_tiny_ttm
2025-03-19 09:05:00,21.609632866810315,0.2650129995722625,1.8973387308029068,20.04114111182524,300.0,0.0,0.0,0.0,0.0,0.21555000895956952,0.0,422.759675278558,physics_residual_tiny_ttm
2025-03-19 09:10:00,21.515489483969358,0.2820788694457807,1.8426444518710423,19.15562255652979,300.0,0.0,0.0,0.0,0.0,0.21555000895956952,0.0,420.9678016752838,physics_residual_tiny_ttm
2025-03-19 09:15:00,21.432772771600188,0.2992446805424928,1.7895044800181,18.313478226114526,300.0,0.0,0.0,0.0,0.0,0.21555000895956952,0.0,419.4502262739973,physics_residual_tiny_ttm
2025-03-19 09:20:00,21.362718250043887,0.31654206018362335,1.7378616170152221,17.509085341658942,300.0,0.0,0.0,0.0,0.0,0.21555000895956952,0.0,418.201418397596,physics_residual_tiny_ttm
2025-03-19 09:25:00,21.305070611433724,0.3339940072632976,1.6875153459628927,16.73786429145305,300.0,0.0,0.0,0.0,0.0,0.21555000895956952,0.0,417.2477147025335,physics_residual_tiny_ttm
2025-03-19 09:30:00,21.26104561207788,0.35162678660395336,1.6384109606808877,15.9959333236968,300.0,1.0,0.1,1.0,0.0,0.7047269629976618,23333.40915167523,1397.9418265042095,physics_residual_tiny_ttm
2025-03-19 09:35:00,21.73795476942188,0.33053683581411725,1.7417954271439884,16.9410329216783,307.0472696299766,0.0,0.2,0.3,0.0,1.2558703463398155,0.0,2463.047072330802,physics_residual_tiny_ttm
2025-03-19 09:40:00,21.51469842360366,0.3307103983404225,1.7177417347468027,16.90530080176259,300.0,0.0,0.1,0.0,0.0,0.6894665736914376,0.0,1348.1454473204665,physics_residual_tiny_ttm
2025-03-19 09:45:00,21.456175356814466,0.34303362892717676,1.6800865532680334,16.37455420764548,300.0,0.0,0.0,0.0,0.0,0.21555000895956952,0.0,421.3759811248692,physics_residual_tiny_ttm
2025-03-19 09:50:00,21.45161520672768,0.36196723944527015,1.6312115125716844,15.601367270188188,300.0,0.0,0.0,0.0,0.0,0.21555000895956952,0.0,421.64437934091615,physics_residual_tiny_ttm
2025-03-19 09:55:00,21.46400504158913,0.3810879255777353,1.583527426498009,14.857826470968481,300.0,1.0,0.1,1.0,0.0,0.7740923689350443,23333.40915167523,1474.5137481187596,physics_residual_tiny_ttm
2025-03-19 10:00:00,21.953524381632942,0.35601447066446346,1.6976943255787393,15.899988229091697,307.74092368935044,0.0,0.2,0.3,0.0,1.316911903564712,0.0,2485.955253550097,physics_residual_tiny_ttm
2025-03-19 10:05:00,21.783240627331153,0.3534627592478731,1.6868052331810421,15.983525551513988,300.0,0.0,0.1,0.0,0.0,0.6894665736914376,0.0,1302.233674136819,physics_residual_tiny_ttm
2025-03-19 10:10:00,21.793585491767804,0.36603659989054893,1.6550451900911247,15.47959008112998,300.0,0.0,0.0,0.0,0.0,0.21555000895956952,0.0,408.26453038843727,physics_residual_tiny_ttm
2025-03-19 10:15:00,21.8463626390654,0.38565931375994117,1.6089920674222693,14.726795702912941,300.0,0.0,0.1,0.1,0.0,0.6894665736914376,0.0,1304.6270216808716,physics_residual_tiny_ttm
2025-03-19 10:20:00,21.82812582241198,0.3951275429486135,1.5824321517215942,14.370739339049006,300.0,0.0,0.2,0.0,0.0,1.1633831384233055,0.0,2085.4937570728016,physics_residual_tiny_ttm
2025-03-19 10:25:00,21.836928331744026,0.3968323115023247,1.5788201529270989,14.308733782992702,300.0,0.0,0.1,0.2,0.0,0.6737437483456309,0.0,1206.1928140286366,physics_residual_tiny_ttm
2025-03-19 10:30:00,21.813773525942434,0.40476416449308816,1.5558578942329835,14.0164788086818,300.0,0.0,0.0,0.3,0.0,0.21555000895956952,0.0,385.2504960980996,physics_residual_tiny_ttm
2025-03-19 10:35:00,21.783985665952102,0.4198635103273466,1.513635591636652,13.475397537337244,300.0,0.0,0.1,0.1,0.0,0.7357101776496926,0.0,1317.9006038079237,physics_residual_tiny_ttm
2025-03-19 10:40:00,21.8241911587417,0.4271482740070856,1.498301535302347,13.225926622242975,300.0,0.0,0.2,0.2,0.0,1.1014167091192437,0.0,1970.5025136561417,physics_residual_tiny_ttm
2025-03-19 10:45:00,21.80160953006799,0.42474726035800425,1.5025090431327386,13.306810159086359,300.0,0.0,0.3,0.0,0.0,1.7288620389925182,0.0,3099.093103750641,physics_residual_tiny_ttm
2025-03-19 10:50:00,21.83644189386638,0.4114147017627909,1.540604317565433,13.779694043279244,300.0,0.0,0.4,0.0,0.0,2.481165099553082,0.0,4447.674672863384,physics_residual_tiny_ttm
2025-03-19 10:55:00,21.83656774379774,0.384853472645013,1.6101399021024239,14.756200881734035,300.0,0.0,0.3,0.1,0.0,1.8675928508672834,0.0,3343.8750323112654,physics_residual_tiny_ttm
2025-03-19 11:00:00,21.81565418059691,0.37315205893091147,1.6386753247703223,15.202966373692119,300.0,0.0,0.2,0.2,0.0,1.471365540785284,0.0,2632.0275976040525,physics_residual_tiny_ttm
2025-03-19 11:05:00,21.799335789402832,0.36955180165416157,1.6464461396537267,15.34175878888544,300.0,0.0,0.1,0.3,0.0,0.7740923689350443,0.0,1384.6519440129312,physics_residual_tiny_ttm
2025-03-19 11:10:00,21.7984331542569,0.3770906912280102,1.6266683299524896,15.04849834693243,300.0,1.0,0.2,1.0,0.0,1.4408447621728357,23333.40915167523,2643.662332008413,physics_residual_tiny_ttm
2025-03-19 11:15:00,22.25671892040655,0.3372198237195112,1.7798031189984391,16.71902795336063,314.4084476217283,0.0,0.3,1.0,0.0,2.0534921387794687,0.0,3664.879195162258,physics_residual_tiny_ttm
2025-03-19 11:20:00,21.758266011687933,0.3098612754350292,1.79781724580462,17.86405493958638,332.47773284925347,0.0,0.2,0.9,0.0,1.1014167091192437,0.0,1925.4964063497823,physics_residual_tiny_ttm
2025-03-19 11:25:00,21.3950223051425,0.3033220274159025,1.7749849615302538,18.117338330268414,300.0,1.0,0.3,1.0,0.0,1.845395920967321,23333.40915167523,3307.910309517505,physics_residual_tiny_ttm
2025-03-19 11:30:00,21.8360264423404,0.2688034497423188,1.9138364577751004,19.87662985825106,318.4539592096732,0.0,0.2,0.4,0.0,1.4556427154394773,0.0,2450.668824677513,physics_residual_tiny_ttm
2025-03-19 11:35:00,21.751888472364453,0.2726304336261802,1.894066130823961,19.66670003126988,300.0,0.0,0.3,0.8,0.0,1.7760305150299383,0.0,2928.8397165081883,physics_residual_tiny_ttm
2025-03-19 11:40:00,21.408886840471254,0.2635955492051849,1.8777929166837255,20.085816451375038,300.0,1.0,0.4,1.0,0.0,2.481165099553082,23333.40915167523,4198.049820836246,physics_residual_tiny_ttm
2025-03-19 11:45:00,21.835493944294534,0.2319636766454959,2.0101956855892613,21.91799014341293,324.81165099553084,0.0,0.3,0.2,0.0,1.9605424948233758,0.0,3412.6288601482756,physics_residual_tiny_ttm
2025-03-19 11:50:00,21.819954125343376,0.2422408893469066,1.9814168723198429,21.318754043900746,300.0,0.0,0.4,0.2,0.0,2.2647450330284484,0.0,3824.638889629964,physics_residual_tiny_ttm
2025-03-19 11:55:00,21.80370540591841,0.24937806464363235,1.9608086445966426,20.91486772127689,300.0,0.0,0.5,0.1,0.0,2.8926527989413056,0.0,4885.700525818879,physics_residual_tiny_ttm
2025-03-19 12:00:00,21.806004370133802,0.25178139286801604,1.9548048637071425,20.782365933695132,300.0,0.0,0.6,0.0,0.0,3.5196356927749974,0.0,5950.742855010936,physics_residual_tiny_ttm
2025-03-19 12:05:00,21.823153547737466,0.2495916698992817,1.962578975197263,20.906025387738556,300.0,0.0,0.7,0.0,0.0,3.7466114123697833,0.0,6337.639856270925,physics_residual_tiny_ttm
2025-03-19 12:10:00,21.831500830062364,0.2452777410553493,1.9748672222206767,21.148519553526015,300.0,0.0,0.6,0.1,0.0,3.103443257150702,0.0,5245.832182815326,physics_residual_tiny_ttm
2025-03-19 12:15:00,21.81916852583737,0.24433734668088491,1.9758402362353862,21.19966106076214,300.0,0.0,0.2,0.3,0.0,1.5638527487017941,0.0,2640.7878645003834,physics_residual_tiny_ttm
2025-03-19 12:20:00,21.802410703946332,0.25278637515172736,1.9517510456629648,20.726589794891296,300.0,0.0,0.3,0.3,0.0,1.8218116829486108,0.0,3070.5031712753944,physics_residual_tiny_ttm
2025-03-19 12:25:00,21.77026810559267,0.25775131015772884,1.9349816864493712,20.451710799732687,300.0,0.0,0.2,0.2,0.0,1.332634728910519,0.0,2252.2603272913184,physics_residual_tiny_ttm
2025-03-19 12:30:00,21.816724068592396,0.268685642520967,1.9118911827427931,19.879904836974237,300.0,0.0,0.2,0.3,0.0,1.5795755740476007,0.0,2640.171139895847,physics_residual_tiny_ttm
2025-03-19 12:35:00,21.801277434631967,0.27363695532549737,1.8971572735985318,19.622354826028744,300.0,0.0,0.1,0.4,0.0,0.7819537816079476,0.0,1318.4030207201718,physics_residual_tiny_ttm
2025-03-19 12:40:00,21.776487723021717,0.28417367832906204,1.8668095102117779,19.088904387142733,300.0,0.0,0.1,0.4,0.0,0.7199873523038859,0.0,1213.2594278562453,physics_residual_tiny_ttm
2025-03-19 12:45:00,21.767284972947863,0.2956495905137558,1.8358495447838288,18.529950072412525,300.0,0.0,0.1,0.4,0.0,0.8050755835870751,0.0,1356.3912533135417,physics_residual_tiny_ttm
2025-03-19 12:50:00,21.764177993195254,0.30579385557437366,1.8090658580728083,18.052280092174115,300.0,0.0,0.2,0.4,0.0,1.240147520994009,0.0,1963.8649626814854,physics_residual_tiny_ttm
2025-03-19 12:55:00,21.756951952490933,0.3101799106027397,1.7968430119265557,17.84928899026239,300.0,0.0,0.2,0.3,0.0,1.471365540785284,0.0,2333.654283796549,physics_residual_tiny_ttm
2025-03-19 13:00:00,21.781558009302383,0.313296908486878,1.7914132539811674,17.71049728506575,300.0,0.0,0.1,0.4,0.0,0.8281973855662027,0.0,1396.2729214061615,physics_residual_tiny_ttm
2025-03-19 13:05:00,21.775303981508674,0.3227270449045687,1.7661382106560153,17.287351698267237,300.0,0.0,0.0,0.5,0.0,0.21555000895956952,0.0,362.6061800492097,physics_residual_tiny_ttm
2025-03-19 13:10:00,21.738675676458403,0.3375462756762223,1.7236342973751952,16.640624956435744,300.0,0.0,0.0,0.1,0.0,0.21555000895956952,0.0,367.684480968217,physics_residual_tiny_ttm
2025-03-19 13:15:00,21.973100892430143,0.36162827702588457,1.6849047985412602,15.675979949570333,300.0,0.0,0.0,0.6,0.0,0.21555000895956952,0.0,344.4497066331111,physics_residual_tiny_ttm
2025-03-19 13:20:00,21.90053408742352,0.3736796551534678,1.6457977476480332,15.19210972616666,300.0,0.0,0.1,0.7,0.0,0.7893527582412685,0.0,1324.9313165960846,physics_residual_tiny_ttm
2025-03-19 13:25:00,21.70152672223401,0.37260929369764456,1.628704147733631,15.211082006336177,300.0,0.0,0.1,0.3,0.0,0.7819537816079476,0.0,1319.085596224787,physics_residual_tiny_ttm
2025-03-19 13:30:00,21.785173397578923,0.3817609393967766,1.6131660761585027,14.86799274435096,300.0,0.0,0.2,0.5,0.0,1.378878332868774,0.0,2180.2490113754525,physics_residual_tiny_ttm
2025-03-19 13:35:00,21.73309225082347,0.37447817535736727,1.6269865143669433,15.142082348001209,300.0,1.0,0.2,1.0,0.0,1.5638527487017941,23333.40915167523,2551.6620285315016,physics_residual_tiny_ttm
2025-03-19 13:40:00,22.23533414304089,0.3349402010521383,1.7836028891089037,16.81391417025419,315.63852748701794,0.0,0.3,1.0,0.0,2.0756890686794307,0.0,3294.0403920859912,physics_residual_tiny_ttm
2025-03-19 13:45:00,21.790670100286814,0.30991426982569675,1.801239338011063,17.86594188661002,333.6903581275584,0.0,0.2,0.5,0.0,1.1939039170357537,0.0,1887.8417769184382,physics_residual_tiny_ttm
2025-03-19 13:50:00,21.733674230133413,0.31283568217170615,1.7873825881048995,17.72511064299635,300.0,1.0,0.3,1.0,0.0,1.8218116829486108,23333.40915167523,2969.7782835393105,physics_residual_tiny_ttm
2025-03-19 13:55:00,22.220135675168176,0.2787813488523713,1.932425775900645,19.42171753958062,318.2181168294861,0.0,0.4,0.4,0.0,2.510761006086365,0.0,4064.1649592136155,physics_residual_tiny_ttm
2025-03-19 14:00:00,22.106452279788474,0.27128796205209826,1.9390383607629817,19.787705664743044,300.0,0.0,0.4,0.9,0.0,2.695735421919385,0.0,4248.989373412906,physics_residual_tiny_ttm
2025-03-19 14:05:00,21.683475790768252,0.250779992682975,1.942828849746367,20.818676011190213,300.0,1.0,0.5,1.0,0.0,3.2001727652637015,23333.40915167523,5173.951830855413,physics_residual_tiny_ttm
2025-03-19 14:10:00,22.087290138994533,0.21507963973483454,2.0861676574967305,22.99383929291678,332.001727652637,0.0,0.4,0.0,0.0,2.666139515386102,0.0,4332.05073098939,physics_residual_tiny_ttm
2025-03-19 14:15:00,22.167564431324237,0.2270372341622017,2.0644528240006137,22.266914474881286,300.0,0.0,0.5,1.0,0.0,2.6614347791500306,0.0,4196.127226824206,physics_residual_tiny_ttm
2025-03-19 14:20:00,21.687970280819034,0.21150974865319436,2.045223451280979,23.153600734746032,326.6143477915003,0.0,0.4,0.0,0.0,2.481165099553082,0.0,3937.689989393758,physics_residual_tiny_ttm
2025-03-19 14:25:00,21.791369516844455,0.22588225014354546,2.0206632600480785,22.27497298301231,300.0,0.0,0.5,0.2,0.0,2.430216759358755,0.0,3616.3728934886676,physics_residual_tiny_ttm
2025-03-19 14:30:00,21.806831426409133,0.23393440191303191,2.0015331681354693,21.797145499713434,300.0,0.0,0.4,0.2,0.0,2.7271810726109984,0.0,4058.358843523508,physics_residual_tiny_ttm
2025-03-19 14:35:00,21.807113631218638,0.23665817043214077,1.9944510145914705,21.638003832822186,300.0,0.0,0.3,0.0,0.0,1.7982274449299007,0.0,2870.2781778394437,physics_residual_tiny_ttm
2025-03-19 14:40:00,21.88229673035745,0.24696027731656728,1.9765813007219264,21.06192201667061,300.0,0.0,0.4,0.3,0.0,2.4497194488614684,0.0,3886.827242135341,physics_residual_tiny_ttm
2025-03-19 14:45:00,21.78748046012758,0.24494519737446918,1.9704357711543836,21.160370701303165,300.0,1.0,0.5,1.0,0.0,2.8926527989413056,23333.40915167523,4429.692824364722,physics_residual_tiny_ttm
2025-03-19 14:50:00,22.237413052889945,0.21328415090153105,2.1101352795164496,23.133660806989376,328.92652798941305,0.0,0.6,1.0,0.0,3.4280733569376522,0.0,5078.256786224263,physics_residual_tiny_ttm
2025-03-19 14:55:00,21.740034126932247,0.19480181084792697,2.095214067342241,24.274442961907887,354.94373989968807,0.0,0.5,0.0,0.0,2.8163508524101846,0.0,4323.484665066818,physics_residual_tiny_ttm
2025-03-19 15:00:00,21.774995966605886,0.2076225224801786,2.0662597141711716,23.420103495445282,300.0,0.0,0.2,0.2,0.0,1.5481299233559875,0.0,2303.5886940664795,physics_residual_tiny_ttm
2025-03-19 15:05:00,21.805786124388636,0.22097980843513917,2.035250337260237,22.577281465700025,300.0,0.0,0.1,0.3,0.0,0.8281973855662027,0.0,1313.8484037838666,physics_residual_tiny_ttm
2025-03-19 15:10:00,21.78502742637021,0.2338920317810213,1.998981381608232,21.796120243963372,300.0,0.0,0.0,0.3,0.0,0.21555000895956952,0.0,320.7845316488873,physics_residual_tiny_ttm
2025-03-19 15:15:00,21.808099069261942,0.2501513001525202,1.9593141672903611,20.872679681079614,300.0,0.0,0.1,1.0,0.0,0.7972141709141718,0.0,1159.8226768890902,physics_residual_tiny_ttm
2025-03-19 15:20:00,21.47606498880538,0.2476335756537667,1.926400473554989,20.961056610528704,307.97214170914174,0.0,0.2,0.2,0.0,1.425121936827029,0.0,2071.6700631924914,physics_residual_tiny_ttm
2025-03-19 15:25:00,21.464469275851844,0.2541624295013357,1.9083289115562927,20.5995973472837,300.0,1.0,0.3,1.0,0.0,1.6372997031551733,23333.40915167523,2627.6970335783317,physics_residual_tiny_ttm
2025-03-19 15:30:00,21.969122262526255,0.22926040700018532,2.033780397697528,22.10065140369053,316.37299703155173,0.0,0.2,0.6,0.0,1.5638527487017941,0.0,2318.654605753485,physics_residual_tiny_ttm
2025-03-19 15:35:00,21.75278930586784,0.2285881162769455,2.008862574891567,22.105595724035513,300.0,0.0,0.1,0.0,0.0,0.8050755835870751,0.0,1198.0423399695,physics_residual_tiny_ttm
2025-03-19 15:40:00,21.807080907937852,0.2438209624030752,1.9757322052497732,21.226981225084568,300.0,0.0,0.1,0.0,0.0,0.7740923689350443,0.0,1154.8918548587667,physics_residual_tiny_ttm
2025-03-19 15:45:00,21.8450775431169,0.2570249029592355,1.9457400793055089,20.502284348851962,300.0,0.0,0.0,0.1,0.0,0.21555000895956952,0.0,322.1893536314728,physics_residual_tiny_ttm
2025-03-19 15:50:00,21.87294865220746,0.27302152060248425,1.907087738408535,19.664323203135154,300.0,0.0,0.0,0.5,0.0,0.21555000895956952,0.0,319.5751956168291,physics_residual_tiny_ttm
2025-03-19 15:55:00,21.7522735352853,0.28292787578502815,1.8672955588639453,19.147189003388224,300.0,1.0,0.1,1.0,0.0,0.7819537816079476,23333.40915167523,1204.2757864172647,physics_residual_tiny_ttm
2025-03-19 16:00:00,22.324235175770063,0.26366408112883327,1.9854620879288816,20.2190100096298,307.8195378160795,0.0,0.2,1.0,0.0,1.4408447621728357,0.0,2163.720404595186,physics_residual_tiny_ttm
2025-03-19 16:05:00,21.94231497372522,0.2529884303409031,1.9679492027454875,20.73699229959058,321.2890904290653,0.0,0.3,1.0,0.0,1.8675928508672834,0.0,2730.0228065184683,physics_residual_tiny_ttm
2025-03-19 16:10:00,21.54514351047921,0.23947615929023786,1.9555342850262645,21.433399308458878,336.651739513839,0.0,0.2,0.0,0.0,1.471365540785284,0.0,2140.7509574972037,physics_residual_tiny_ttm
2025-03-19 16:15:00,21.47703100403072,0.24481906568778153,1.9337212116061213,21.118855893350453,300.0,0.0,0.1,0.0,0.0,0.8281973855662027,0.0,1201.607923726622,physics_residual_tiny_ttm
2025-03-19 16:20:00,21.436531625066163,0.25438346271639894,1.9045038319696133,20.583296290508148,300.0,0.0,0.0,0.0,0.0,0.21555000895956952,0.0,312.43151341372055,physics_residual_tiny_ttm
2025-03-19 16:25:00,21.422505908276587,0.26838697820136254,1.8671312414287116,19.83726286461428,300.0,0.0,0.0,0.0,0.0,0.21555000895956952,0.0,312.0226583366149,physics_residual_tiny_ttm
2025-03-19 16:30:00,21.403632284739846,0.2819191077353569,1.8304797761923486,19.147614420717716,300.0,0.0,0.0,0.0,0.0,0.21555000895956952,0.0,311.25685509575067,physics_residual_tiny_ttm
2025-03-19 16:35:00,21.36828117164225,0.294650516762651,1.7941375041374932,18.5225960799619,300.0,0.0,0.0,0.0,0.0,0.21555000895956952,0.0,310.2842020232386,physics_residual_tiny_ttm
2025-03-19 16:40:00,21.32338142855381,0.3067053059000485,1.7586310311346778,17.950974886054023,300.0,0.0,0.0,0.0,0.0,0.21555000895956952,0.0,309.1406256525505,physics_residual_tiny_ttm
2025-03-19 16:45:00,21.27059150098663,0.31823179779412364,1.7238069961968752,17.42151201024233,300.0,1.0,0.1,1.0,0.0,0.7972141709141718,23333.40915167523,1189.9809883735043,physics_residual_tiny_ttm
2025-03-19 16:50:00,21.852479147366243,0.2953406156296678,1.8462306510156183,18.556473799124536,307.97214170914174,0.0,0.2,0.5,0.0,1.5943735273142425,0.0,2336.0600948077094,physics_residual_tiny_ttm
2025-03-19 16:55:00,21.579004640128904,0.28464235789430853,1.8432114636009986,19.037755229878528,300.0,0.0,0.1,0.0,0.0,0.8355963621995235,0.0,1213.1072491141672,physics_residual_tiny_ttm
2025-03-19 17:00:00,21.445633612962208,0.2878503984200564,1.8200341062940861,18.861594334137965,300.0,0.0,0.0,0.0,0.0,0.21555000895956952,0.0,310.6399734560846,physics_residual_tiny_ttm
2025-03-19 17:05:00,21.339804597702635,0.29776460336994753,1.7831034637136527,18.37065370554542,300.0,1.0,0.1,1.0,0.0,0.812474560220396,23333.40915167523,1218.215152304194,physics_residual_tiny_ttm
2025-03-19 17:10:00,21.919290273819378,0.27705250792543457,1.9018817966786539,19.465684092039268,308.124745602204,0.0,0.0,0.8,0.0,0.21555000895956952,0.0,317.36261924620885,physics_residual_tiny_ttm
2025-03-19 17:15:00,21.650136284695193,0.2807914253511104,1.8612095159589397,19.238981176202,300.0,0.0,0.0,0.0,0.0,0.21555000895956952,0.0,314.13921575936047,physics_residual_tiny_ttm
2025-03-19 17:20:00,21.501337095631737,0.2891299116085457,1.8229678518223973,18.80710011075808,300.0,0.0,0.0,0.0,0.0,0.21555000895956952,0.0,310.67912551046686,physics_residual_tiny_ttm
2025-03-19 17:25:00,21.3416119401486,0.2967418346952551,1.7858981811962404,18.419362107041103,300.0,1.0,0.1,1.0,0.0,0.7199873523038859,23333.40915167523,1080.0415398147197,physics_residual_tiny_ttm
2025-03-19 17:30:00,21.92620940328727,0.27691176852004984,1.903054904635159,19.473811595311073,307.19987352303883,0.0,0.0,0.9,0.0,0.21555000895956952,0.0,317.0585519910711,physics_residual_tiny_ttm
2025-03-19 17:35:00,21.63609989081219,0.27979582879245635,1.8621877766898187,19.286762569356572,300.0,0.0,0.0,0.0,0.0,0.21555000895956952,0.0,312.6980699502975,physics_residual_tiny_ttm
2025-03-19 17:40:00,21.43481072728049,0.2860117100471631,1.823524727730426,18.95001611957726,300.0,1.0,0.1,0.9,0.0,0.766230956262141,23333.40915167523,1156.8670723049238,physics_residual_tiny_ttm
2025-03-19 17:45:00,22.023035878720776,0.2672151182485238,1.9399923893862776,19.987094381849126,300.0,0.0,0.0,0.0,0.0,0.21555000895956952,0.0,320.3871980290532,physics_residual_tiny_ttm
2025-03-19 17:50:00,21.78975730079883,0.27263311921690647,1.8984435920113123,19.672094198088917,300.0,1.0,0.1,1.0,0.0,0.6894665736914376,23333.40915167523,1132.5116669732088,physics_residual_tiny_ttm
2025-03-19 17:55:00,22.344190183680716,0.2552007766203469,2.0107203723668725,20.677489485564333,306.89466573691436,0.0,0.0,0.6,0.0,0.21555000895956952,0.0,347.34713156991137,physics_residual_tiny_ttm
2025-03-19 18:00:00,22.03428541043572,0.25875269594244127,1.9637416970832415,20.43777903083546,300.0,0.0,0.0,0.0,0.0,0.21555000895956952,0.0,341.2644869816611,physics_residual_tiny_ttm
2025-03-19 18:05:00,21.75349754574994,0.26316370170759246,1.918905987324758,20.160115937019306,300.0,1.0,0.1,1.0,0.0,0.7740923689350443,23333.40915167523,1268.3555674886595,physics_residual_tiny_ttm
2025-03-19 18:10:00,22.303549698093416,0.24613601367662052,2.0301699139168106,21.174038478877833,307.74092368935044,0.0,0.0,0.0,0.0,0.21555000895956952,0.0,346.58294010077975,physics_residual_tiny_ttm
2025-03-19 18:15:00,21.999008700163508,0.24993518329086037,1.9828340771997457,20.914194275490072,300.0,0.0,0.0,0.0,0.0,0.21555000895956952,0.0,339.9917329073035,physics_residual_tiny_ttm
2025-03-19 18:20:00,21.694744499501056,0.25350926373095223,1.9370846497543242,20.670484623907747,300.0,1.0,0.1,1.0,0.0,0.6275001443873759,23333.40915167523,1025.1043845803642,physics_residual_tiny_ttm
2025-03-19 18:25:00,22.255045865564778,0.23910505363219134,2.0430686248084102,21.567668903970965,306.27500144387375,0.0,0.2,0.0,0.0,1.1319374877316921,0.0,1806.469494299874,physics_residual_tiny_ttm
2025-03-19 18:30:00,21.879693917395343,0.23493156003004634,2.007835478910752,21.750393432965645,300.0,0.0,0.2,0.0,0.0,1.1319374877316921,0.0,1782.135379241616,physics_residual_tiny_ttm
2025-03-19 18:35:00,21.505785905056843,0.23133641705017832,1.9717111280000323,21.901694102665402,300.0,0.0,0.2,0.0,0.0,1.1939039170357537,0.0,1933.4659832857606,physics_residual_tiny_ttm
2025-03-19 18:40:00,21.113916053769486,0.22711341433324456,1.935505925188442,22.089565840057258,300.0,0.0,0.2,0.0,0.0,1.1014167091192437,0.0,1741.5853110013352,physics_residual_tiny_ttm
2025-03-19 18:45:00,20.73356108651882,0.22423688610229658,1.897823201624671,22.200477329250422,311.01416709119246,0.0,0.2,0.0,0.0,1.1014167091192437,0.0,1700.4767051404278,physics_residual_tiny_ttm
2025-03-19 18:50:00,20.36218406731191,0.22159715635569813,1.8611854215045318,22.29954353017689,321.01740187644566,0.0,0.2,0.0,0.0,1.1476603130774987,0.0,1729.730396417337,physics_residual_tiny_ttm
2025-03-19 18:55:00,19.9968135426701,0.21925633279834544,1.825093350899658,22.382168079438856,330.4839351724209,0.0,0.2,0.0,0.0,1.1014167091192437,0.0,1620.849338583365,physics_residual_tiny_ttm
2025-03-19 19:00:00,19.642826808169747,0.21755319826292363,1.789376860025729,22.427996148113536,338.700142633729,0.0,0.2,0.0,0.0,1.1939039170357537,0.0,1714.851314971708,physics_residual_tiny_ttm
2025-03-19 19:05:00,19.29193498775212,0.21613012378995458,1.7539561215247943,22.45726978972381,346.78882748073227,0.0,0.2,0.0,0.0,1.1014167091192437,0.0,1544.6663590277633,physics_residual_tiny_ttm
2025-03-19 19:10:00,18.95458629820477,0.2158106093435235,1.7181639387759047,22.420576976441808,353.5084948729767,0.0,0.2,0.0,0.0,1.0708959305067955,0.0,1466.5908115777097,physics_residual_tiny_ttm
2025-03-19 19:15:00,18.62685484468799,0.2158486373810696,1.683254121066254,22.363422237746835,359.44228506079344,0.0,0.2,0.0,0.0,1.0708959305067955,0.0,1537.2444914586986,physics_residual_tiny_ttm
2025-03-19 19:20:00,18.283334779227847,0.21571674503117025,1.6476915941477428,22.314160086929537,364.84653593489236,0.0,0.1,0.0,0.0,0.6122397550811517,0.0,859.7803383593405,physics_residual_tiny_ttm
2025-03-19 19:25:00,17.97333017233998,0.21759651633347224,1.612045449662653,22.147411548976592,367.66046454581726,0.0,0.0,0.0,0.0,0.21555000895956952,0.0,296.597754711366,physics_residual_tiny_ttm
2025-03-19 19:30:00,17.691585790969032,0.22075959042427415,1.5773009248646597,21.90950266524921,368.60061349049136,1.0,0.1,0.0,0.0,0.6353615570602792,23333.40915167523,912.7946937110112,physics_residual_tiny_ttm
2025-03-19 19:35:00,18.295064227374258,0.2105024053861112,1.659867242817013,22.64060009568759,371.3220463442101,0.0,0.2,0.0,0.0,1.0856938837734371,0.0,1523.0447453696986,physics_residual_tiny_ttm
2025-03-19 19:40:00,17.958514743224864,0.21163219415175497,1.622821413698281,22.51291550656418,375.72615939076826,0.0,0.1,0.0,0.0,0.6506219463665034,0.0,892.7669264541469,physics_residual_tiny_ttm
2025-03-19 19:45:00,17.653478873797017,0.21364716034616682,1.587878727015209,22.33645375382629,378.1266204199598,1.0,0.2,0.0,0.0,1.1476603130774987,23333.40915167523,1641.3574243050878,physics_residual_tiny_ttm
2025-03-19 19:50:00,18.230617268543213,0.20266862549978773,1.6695722885420765,23.13059521410991,382.1313217464966,0.0,0.1,0.0,0.0,0.6737437483456309,0.0,942.4293044853608,physics_residual_tiny_ttm
2025-03-19 19:55:00,17.918356998199698,0.20464222824139916,1.6330794074040673,22.949143020772322,384.25747051578077,0.0,0.0,0.0,0.0,0.21555000895956952,0.0,295.43089471319325,physics_residual_tiny_ttm
2025-03-19 20:00:00,17.637721041431128,0.20766381773435086,1.5983720606185485,22.708234235761577,384.8994957283275,1.0,0.1,0.0,0.0,0.6122397550811517,23333.40915167523,876.4099606263181,physics_residual_tiny_ttm
2025-03-19 20:05:00,18.243598277122643,0.19821281106529412,1.6802708317336408,23.425489495342397,386.69032273987034,0.0,0.0,0.0,0.0,0.21555000895956952,0.0,302.33446257269685,physics_residual_tiny_ttm
2025-03-19 20:10:00,17.956404477535198,0.20124824504652056,1.643978116125395,23.17569490210189,387.28864784252545,0.0,0.0,0.0,0.0,0.21555000895956952,0.0,317.4644792529869,physics_residual_tiny_ttm
2025-03-19 20:15:00,17.654838360146936,0.20432029490357717,1.6068501395199615,22.92458844865677,387.87622553007736,1.0,0.1,0.0,0.0,0.6432229697331826,23333.40915167523,984.9712423327388,physics_residual_tiny_ttm
2025-03-19 20:20:00,18.23687638673443,0.19475436588928546,1.6868068333212514,23.655496330111745,389.59812133120926,0.0,0.0,0.0,0.0,0.21555000895956952,0.0,323.4177729562138,physics_residual_tiny_ttm
2025-03-19 20:25:00,17.92965511172986,0.19789854661780615,1.6480969908812808,23.391412304933944,390.14421509949636,0.0,0.0,0.0,0.0,0.21555000895956952,0.0,316.8966975044728,physics_residual_tiny_ttm
2025-03-19 20:30:00,17.628628342043825,0.20096654738563813,1.6109585009599874,23.137274221942,390.6804996580629,1.0,0.1,0.0,0.0,0.6122397550811517,23333.40915167523,936.0572788031999,physics_residual_tiny_ttm
2025-03-19 20:35:00,18.21299898750716,0.1917767159619584,1.6905089814257837,23.85322508887097,392.17637996710033,0.0,0.0,0.0,0.0,0.21555000895956952,0.0,322.9109515391422,physics_residual_tiny_ttm
2025-03-19 20:40:00,17.90625915271699,0.19485021817943415,1.6519271176541004,23.59070948922328,392.67616176271525,0.0,0.0,0.0,0.0,0.21555000895956952,0.0,316.4000951321713,physics_residual_tiny_ttm
2025-03-19 20:45:00,17.605704115962002,0.1979147521286749,1.6147751962342118,23.333713658569046,393.1669662274533,1.0,0.1,0.0,0.0,0.6816051610185342,23333.40915167523,1040.3046494753119,physics_residual_tiny_ttm
2025-03-19 20:50:00,18.186636833944096,0.18883518588957907,1.6938560897255799,24.050739596367745,394.691094086216,0.0,0.0,0.0,0.0,0.21555000895956952,0.0,322.3513887534836,physics_residual_tiny_ttm
2025-03-19 20:55:00,17.880428539492243,0.19190436865423802,1.6552783779032394,23.78536919952296,395.14570532758876,0.0,0.0,0.0,0.0,0.21555000895956952,0.0,315.8518148159698,physics_residual_tiny_ttm
2025-03-19 21:00:00,17.58039432562297,0.1949655940095281,1.6181272284724713,23.525549829927584,395.59215061419894,1.0,0.1,0.0,0.0,0.6737437483456309,23333.40915167523,1026.6601611928652,physics_residual_tiny_ttm
2025-03-19 21:05:00,18.162328432809794,0.18597120335998107,1.6972441332271917,24.24592259810005,396.96253694205274,0.0,0.0,0.0,0.0,0.21555000895956952,0.0,321.83541889460713,physics_residual_tiny_ttm
2025-03-19 21:10:00,17.85661026886765,0.18900312314361484,1.6587327270623327,23.979969643032227,397.3763473894316,1.0,0.1,0.0,0.0,0.7125883756705651,23333.40915167523,1105.0387914300234,physics_residual_tiny_ttm
2025-03-19 21:15:00,18.430241687079516,0.18061409405057702,1.7373676106676805,24.67579137579426,398.7197933782233,0.0,0.2,0.0,0.0,1.1781810916899471,0.0,1783.3809369244912,physics_residual_tiny_ttm
2025-03-19 21:20:00,18.061423133216657,0.1821355177561046,1.6944665173408473,24.49904746685658,400.80912146730935,0.0,0.1,0.0,0.0,0.6432229697331826,0.0,952.3804900961651,physics_residual_tiny_ttm
2025-03-19 21:25:00,17.732718253139286,0.18478122008712763,1.6544093153474058,24.25175853885431,401.8377892907749,1.0,0.2,0.0,0.0,1.1014167091192437,23333.40915167523,1692.1361088735405,physics_residual_tiny_ttm
2025-03-19 21:30:00,18.286834740446256,0.17696908643271364,1.7294757949449204,24.914479365902032,403.5048028199153,0.0,0.1,0.0,0.0,0.6663447717123101,0.0,1001.2894079764641,physics_residual_tiny_ttm
2025-03-19 21:35:00,17.951837411030922,0.18010329685839344,1.6870136392492523,24.624756558948324,404.4207601865247,0.0,0.0,0.0,0.0,0.21555000895956952,0.0,317.3675387488924,physics_residual_tiny_ttm
2025-03-19 21:40:00,17.650363379445476,0.1834043863683744,1.6486239692325326,24.333946137072758,404.7006022933062,1.0,0.1,0.0,0.0,0.7199873523038859,23333.40915167523,1101.8881662507392,physics_residual_tiny_ttm
2025-03-19 21:45:00,18.228130495132827,0.1764532040094665,1.7241969561342074,24.94147698483069,405.61855003053006,0.0,0.0,0.0,0.0,0.21555000895956952,0.0,323.2321327559186,physics_residual_tiny_ttm
2025-03-19 21:50:00,17.921085563618927,0.1797744915460541,1.6844285656958076,24.642819032908562,405.8768768363443,0.0,0.0,0.0,0.0,0.21555000895956952,0.0,316.71480036919826,physics_residual_tiny_ttm
2025-03-19 21:55:00,17.620231581808177,0.18316490570795815,1.6459772243509054,24.345421166479362,406.1305634467162,1.0,0.1,0.0,0.0,0.7278487649767893,23333.40915167523,1111.7314824622995,physics_residual_tiny_ttm
2025-03-19 22:00:00,18.19821882362149,0.17646746180378498,1.720932950964173,24.93487491350684,406.97180113556885,0.0,0.0,0.0,0.0,0.21555000895956952,0.0,322.597227940781,physics_residual_tiny_ttm
2025-03-19 22:05:00,17.89177700140808,0.17992140876812165,1.681024004708457,24.626836360621116,407.20582016739843,0.0,0.0,0.0,0.0,0.21555000895956952,0.0,337.31868630153775,physics_residual_tiny_ttm
2025-03-19 22:10:00,17.57135095944639,0.18344768156248237,1.640342282962475,24.316523449244094,407.4356356321941,1.0,0.1,0.0,0.0,0.6122397550811517,23333.40915167523,992.804136837231,physics_residual_tiny_ttm
2025-03-19 22:15:00,18.13526081203962,0.17683796861586312,1.7133718640451305,24.89598907667955,408.07666924580207,0.0,0.0,0.0,0.0,0.21555000895956952,0.0,342.48687102566555,physics_residual_tiny_ttm
2025-03-19 22:20:00,17.809925403824206,0.18048305930205513,1.6712396274375898,24.57138783877693,408.2908420833767,1.0,0.1,0.0,0.0,0.6353615570602792,23333.40915167523,1045.110892269516,physics_residual_tiny_ttm
2025-03-19 22:25:00,18.367237268856318,0.17424401282266327,1.7439736827370143,25.13082510182761,408.91080448385753,0.0,0.0,0.0,0.0,0.21555000895956952,0.0,347.41080078250525,physics_residual_tiny_ttm
2025-03-19 22:30:00,18.037224517265177,0.17788202234318962,1.7006904657020863,24.80149529171685,409.10999416659575,0.0,0.0,0.0,0.0,0.21555000895956952,0.0,340.4059536958883,physics_residual_tiny_ttm
2025-03-19 22:35:00,17.713865815739037,0.18159229202663393,1.6589091405312602,24.474340805617388,409.3056059045091,1.0,0.1,0.0,0.0,0.7047269629976618,23333.40915167523,1152.255526230515,physics_residual_tiny_ttm
2025-03-19 22:40:00,18.269037114675548,0.17552732878579602,1.730572028472481,25.017331605904907,409.93365822717703,0.0,0.0,0.0,0.0,0.21555000895956952,0.0,345.32640537474623,physics_residual_tiny_ttm
2025-03-19 22:45:00,17.94100437367236,0.17929217077401258,1.6875323201411754,24.68133363651868,410.1144748987872,0.0,0.0,0.0,0.0,0.21555000895956952,0.0,359.58957512740295,physics_residual_tiny_ttm
2025-03-19 22:50:00,17.599422750809758,0.18309543052933494,1.643958357243011,24.34655742111894,410.2920436507986,1.0,0.1,0.0,0.0,0.6122397550811517,23333.40915167523,1054.688558528555,physics_residual_tiny_ttm
2025-03-19 22:55:00,18.14101939738631,0.17678080730680612,1.7141106825906314,24.901249871667236,410.7873433855964,0.0,0.0,0.0,0.0,0.21555000895956952,0.0,363.8350918517934,physics_residual_tiny_ttm
2025-03-19 23:00:00,17.79540486980979,0.1806043486332376,1.6694650556631632,24.560013340575388,410.95282573691105,1.0,0.1,0.0,0.0,0.6584833590394067,23333.40915167523,1146.8396140363868,physics_residual_tiny_ttm
2025-03-19 23:05:00,18.329730943838815,0.17446363784168034,1.7394143412473326,25.107481387857433,411.4492768784589,0.0,0.0,0.0,0.0,0.21555000895956952,0.0,367.84068109040714,physics_residual_tiny_ttm
2025-03-19 23:10:00,17.9803114236616,0.17827823985623809,1.6937993379950085,24.76213013506374,411.6028692489138,0.0,0.0,0.0,0.0,0.21555000895956952,0.0,360.42390614422914,physics_residual_tiny_ttm
2025-03-19 23:15:00,17.637937252398142,0.18210729710209106,1.6499494739185019,24.423752257686175,411.75370271629976,1.0,0.1,0.0,0.0,0.6894665736914376,23333.40915167523,1189.99003029745,physics_residual_tiny_ttm
2025-03-19 23:20:00,18.173706849172444,0.17590010988418703,1.7194703605110826,24.972082059589553,412.22749824411926,0.0,0.0,0.0,0.0,0.21555000895956952,0.0,364.52891534894326,physics_residual_tiny_ttm
2025-03-19 23:25:00,17.8274332442129,0.17972039391089908,1.6746399670859977,24.629511637486228,412.36711181271244,1.0,0.1,0.0,0.0,0.6584833590394067,23333.40915167523,1148.912790724863,physics_residual_tiny_ttm
2025-03-19 23:30:00,18.36105842308753,0.17381660592519388,1.744200546386023,25.161515168074516,412.7859559671072,0.0,0.1,0.0,0.0,0.6353615570602792,0.0,1084.4102803699514,physics_residual_tiny_ttm
2025-03-19 23:35:00,17.98269579514141,0.17801576570073893,1.694594435120261,24.78167385195417,413.1679164878939,0.0,0.0,0.0,0.0,0.21555000895956952,0.0,360.4745167874035,physics_residual_tiny_ttm
2025-03-19 23:40:00,17.64027354777446,0.1819608434991263,1.6504880315095058,24.434610167816516,413.29063779308115,1.0,0.1,0.0,0.0,0.6584833590394067,23333.40915167523,1136.798060367497,physics_residual_tiny_ttm
2025-03-19 23:45:00,18.177994448857174,0.17609643599878796,1.7195235782718084,24.958415485120927,413.6588047399998,0.0,0.0,0.0,0.0,0.21555000895956952,0.0,364.61992389335666,physics_residual_tiny_ttm
2025-03-19 23:50:00,17.831634392986803,0.1800329555087535,1.6744446855390145,24.607752900244684,413.7727084645921,1.0,0.1,0.0,0.0,0.6506219463665034,23333.40915167523,1135.498605012846,physics_residual_tiny_ttm
2025-03-19 23:55:00,18.365681630193258,0.1742639029740456,1.7437615987203419,25.12905398329335,414.110342842872,0.0,0.0,0.0,0.0,0.21555000895956952,0.0,368.6037699691175,physics_residual_tiny_ttm
2025-03-20 00:00:00,18.015537236005205,0.17824896531151488,1.6976154589654993,24.770762810967874,414.21613581395434,0.0,0.0,0.0,0.0,0.21555000895956952,0.0,361.1716088550459,physics_residual_tiny_ttm
2025-03-20 00:05:00,17.67245280637208,0.18225291052296808,1.6532493112424276,24.419682357121253,414.3200284787146,1.0,0.1,0.0,0.0,0.6584833590394067,23333.40915167523,1138.8810036957277,physics_residual_tiny_ttm
2025-03-20 00:10:00,18.209469510415655,0.17652496555759195,1.722028540785884,24.932737004443975,414.6317090392633,0.0,0.0,0.0,0.0,0.21555000895956952,0.0,365.2880132086816,physics_residual_tiny_ttm
2025-03-20 00:15:00,17.862474822597278,0.1805204435489001,1.6767011765982696,24.578336869256745,414.72813696965363,1.0,0.1,0.0,0.0,0.6584833590394067,23333.40915167523,1151.1810102267198,physics_residual_tiny_ttm
2025-03-20 00:20:00,18.39533316665904,0.17504771864630012,1.745347559372148,25.07636793832581,415.0174231427051,0.0,0.0,0.0,0.0,0.21555000895956952,0.0,369.2331531605991,physics_residual_tiny_ttm
2025-03-20 00:25:00,18.04459090827575,0.17914946259472056,1.6988549527923844,24.710737581968708,415.1069226832244,0.0,0.0,0.0,0.0,0.21555000895956952,0.0,361.78830178760273,physics_residual_tiny_ttm
2025-03-20 00:30:00,17.700920669188513,0.18333094791400847,1.654035002369259,24.348336699728353,415.1948145881803,1.0,0.1,0.0,0.0,0.6122397550811517,23333.40915167523,1120.9928402389492,physics_residual_tiny_ttm
2025-03-20 00:35:00,18.218610473668818,0.177488792058317,1.7210001871658727,24.863765284663437,415.439975049818,0.0,0.0,0.0,0.0,0.21555000895956952,0.0,386.70802835157366,physics_residual_tiny_ttm
2025-03-20 00:40:00,17.851268467573323,0.18164527094168945,1.6732190404155964,24.495667870635558,415.5218845013903,1.0,0.1,0.0,0.0,0.6584833590394067,23333.40915167523,1215.1850058300251,physics_residual_tiny_ttm
2025-03-20 00:45:00,18.362488477271402,0.17609372495962203,1.7395491569241015,24.99291273149422,415.76761487936454,0.0,0.0,0.0,0.0,0.21555000895956952,0.0,389.76198129582974,physics_residual_tiny_ttm
2025-03-20 00:50:00,17.9922454577011,0.18034841033175,1.6908004782662012,24.614519033096425,415.843639100254,0.0,0.0,0.0,0.0,0.21555000895956952,0.0,381.903206977344,physics_residual_tiny_ttm
2025-03-20 00:55:00,17.629467651449254,0.1846292797681379,1.6439836265090313,24.243741370821837,415.9182977360189,1.0,0.1,0.0,0.0,0.6584833590394067,23333.40915167523,1200.8279774124746,physics_residual_tiny_ttm
2025-03-20 01:00:00,18.145541454702556,0.1790597294546929,1.7098510336385941,24.735841614833895,416.14227548746766,0.0,0.0,0.0,0.0,0.21555000895956952,0.0,385.1570661473558,physics_residual_tiny_ttm
2025-03-20 01:05:00,17.779672739890678,0.1833862003656824,1.6621495482709265,24.3587454410107,416.2115698669043,1.0,0.1,0.0,0.0,0.6584833590394067,23333.40915167523,1210.550659054944,physics_residual_tiny_ttm
2025-03-20 01:10:00,18.29245951966508,0.17818923860744465,1.727521282220264,24.826269066598282,416.4194547168649,0.0,0.0,0.0,0.0,0.21555000895956952,0.0,388.2755474010716,physics_residual_tiny_ttm
2025-03-20 01:15:00,17.923628494593977,0.18256237727939867,1.6789719022197507,24.443462790812603,416.48377026418655,0.0,0.0,0.0,0.0,0.21555000895956952,0.0,380.44674406251414,physics_residual_tiny_ttm
2025-03-20 01:20:00,17.5622342127836,0.18696381864095318,1.6323397170515275,24.068357254652856,416.5469305434414,1.0,0.1,0.0,0.0,0.6584833590394067,23333.40915167523,1196.4759988832682,physics_residual_tiny_ttm
2025-03-20 01:25:00,18.07977932365873,0.1815420487732689,1.6976531827914265,24.54484509827263,416.73641294133733,0.0,0.0,0.0,0.0,0.21555000895956952,0.0,383.7611998669438,physics_residual_tiny_ttm
2025-03-20 01:30:00,17.71523657128387,0.18593574838711163,1.6502475114717328,24.167623290150114,416.79503512631527,1.0,0.1,0.0,0.0,0.620101167754055,23333.40915167523,1136.225945796834,physics_residual_tiny_ttm
2025-03-20 01:35:00,18.232074686936702,0.18063580785539796,1.7158648543055792,24.637841779580118,416.9606519980472,0.0,0.0,0.0,0.0,0.21555000895956952,0.0,386.9938195963919,physics_residual_tiny_ttm
2025-03-20 01:40:00,17.86446120178854,0.18507596219040182,1.6675888085558304,24.254892936889515,417.0152462888015,1.0,0.1,0.0,0.0,0.6275001443873759,23333.40915167523,1158.957015938854,physics_residual_tiny_ttm
2025-03-20 01:45:00,18.37754255437707,0.17965863221720277,1.7336578282157196,24.735164669701906,417.17132407086297,0.0,0.2,0.0,0.0,1.1014167091192437,0.0,1986.2371169246574,physics_residual_tiny_ttm
2025-03-20 01:50:00,17.943756653228434,0.18539309289240505,1.6752776657887178,24.246963303860095,417.4309533152825,1.0,0.2,0.0,0.0,1.0551731051609887,23333.40915167523,1953.909322181864,physics_residual_tiny_ttm
2025-03-20 01:55:00,18.425302642487605,0.18052478713399317,1.7370192781875056,24.681326907853716,417.65685239591727,0.0,0.1,0.0,0.0,0.6432229697331826,0.0,1165.0890228375663,physics_residual_tiny_ttm
2025-03-20 02:00:00,18.023183477391505,0.18551121558965797,1.6834217213166707,24.253040343708314,417.78244959261906,0.0,0.0,0.0,0.0,0.21555000895956952,0.0,382.5598970478008,physics_residual_tiny_ttm
2025-03-20 02:05:00,17.65978186757165,0.18992486946263185,1.6364311722810343,23.881349556592916,417.82228234346735,1.0,0.1,0.0,0.0,0.6122397550811517,23333.40915167523,1118.5165044727887,physics_residual_tiny_ttm
2025-03-20 02:10:00,18.178364546035528,0.18415443341995277,1.702745743870336,24.37683559000048,417.93338945385665,0.0,0.0,0.0,0.0,0.21555000895956952,0.0,385.8537687280561,physics_residual_tiny_ttm
2025-03-20 02:15:00,17.811834018939233,0.18855928070514946,1.6549686852875027,24.002596434282154,417.97051094733473,1.0,0.1,0.0,0.0,0.6275001443873759,23333.40915167523,1155.7103769200653,physics_residual_tiny_ttm
2025-03-20 02:20:00,18.32606070828103,0.1830237566905316,1.7209819077770947,24.48400344265331,418.0766363367997,0.0,0.0,0.0,0.0,0.21555000895956952,0.0,388.9887658662626,physics_residual_tiny_ttm
2025-03-20 02:25:00,17.956552182143025,0.18747418389828338,1.6723432049719036,24.103826482576785,418.11118475803596,0.0,0.0,0.0,0.0,0.21555000895956952,0.0,381.145581897406,physics_residual_tiny_ttm
2025-03-20 02:30:00,17.594494059725825,0.19195257374929175,1.6256285937655708,23.731299089672724,418.14511260322996,1.0,0.1,0.0,0.0,0.6506219463665034,23333.40915167523,1184.290033937689,physics_residual_tiny_ttm
2025-03-20 02:35:00,18.111870500219606,0.1862439554696775,1.6913070171138767,24.217686170469992,418.2456818072614,0.0,0.0,0.0,0.0,0.21555000895956952,0.0,384.4423668326284,physics_residual_tiny_ttm
2025-03-20 02:40:00,17.746680693164432,0.1907139400168685,1.643814803969518,23.84279971037885,418.2771937491083,1.0,0.1,0.0,0.0,0.6584833590394067,23333.40915167523,1208.4151044583507,physics_residual_tiny_ttm
2025-03-20 02:45:00,18.260189456683403,0.18506661596349255,1.7095996904180952,24.327256583859892,418.37173035303005,0.0,0.0,0.0,0.0,0.21555000895956952,0.0,387.59058339415895,physics_residual_tiny_ttm
2025-03-20 02:50:00,17.89200909318112,0.189528445202776,1.6613554500858605,23.95009974029909,418.4009781477795,1.0,0.1,0.0,0.0,0.6663447717123101,23333.40915167523,1232.3247027650305,physics_residual_tiny_ttm
2025-03-20 02:55:00,18.401791177014875,0.1841001984769878,1.7268941392023758,24.42129862637296,418.4897698020362,0.0,0.2,0.0,0.0,1.1014167091192437,0.0,1988.8578979227152,physics_residual_tiny_ttm
2025-03-20 03:00:00,17.967432908228325,0.1903338798545365,1.6675981535741338,23.908217369564824,418.6283858665907,0.0,0.1,0.0,0.0,0.6737437483456309,0.0,1189.9016732408008,physics_residual_tiny_ttm
2025-03-20 03:05:00,17.57317626064745,0.19594195329768457,1.6154290005798244,23.459018607213586,418.7053955705513,1.0,0.2,0.0,0.0,1.1014167091192437,23333.40915167523,1999.1316229301701,physics_residual_tiny_ttm
2025-03-20 03:10:00,18.060246208254352,0.1909838059332269,1.6760105053402121,23.88022834482132,418.8242204830758,0.0,0.1,0.0,0.0,0.6584833590394067,0.0,1169.0284669413786,physics_residual_tiny_ttm
2025-03-20 03:15:00,17.665023556763607,0.19632862803753437,1.6240315102123943,23.449367967630145,418.88873975355864,1.0,0.2,0.0,0.0,1.0089295012027337,23333.40915167523,1840.9990372870882,physics_residual_tiny_ttm
2025-03-20 03:20:00,18.15627192893943,0.19085700117180932,1.686415774141504,23.9060411103819,418.9821716907377,0.0,0.1,0.0,0.0,0.6122397550811517,0.0,1092.910434691333,physics_residual_tiny_ttm
2025-03-20 03:25:00,17.762209335793074,0.19595946170821038,1.634758540169584,23.491056539979247,419.0341012703025,1.0,0.2,0.0,0.0,1.0089295012027337,23333.40915167523,1850.6243601406402,physics_residual_tiny_ttm
2025-03-20 03:30:00,18.251198637532635,0.19070477824315768,1.696814182558887,23.93342491480624,419.11531158059967,0.0,0.1,0.0,0.0,0.6584833590394067,0.0,1181.388698528692,physics_residual_tiny_ttm
2025-03-20 03:35:00,17.851797265301446,0.19580417194057262,1.6443242946818173,23.517181060056373,419.1638576307755,1.0,0.2,0.0,0.0,1.0089295012027337,23333.40915167523,1859.4971885926086,physics_residual_tiny_ttm
2025-03-20 03:40:00,18.33870410760076,0.19001496903974452,1.707608126007914,23.99650753688508,419.2341583560685,0.0,0.1,0.0,0.0,0.6122397550811517,0.0,1103.891875840859,physics_residual_tiny_ttm
2025-03-20 03:45:00,17.94068201783098,0.19473595385538817,1.655743372968678,23.60446015686235,419.27323158111113,0.0,0.0,0.0,0.0,0.21555000895956952,0.0,380.80872196181446,physics_residual_tiny_ttm
2025-03-20 03:50:00,17.578943885678893,0.1991939479054202,1.6094809261782452,23.244718746979895,419.28628615937805,1.0,0.1,0.0,0.0,0.6122397550811517,23333.40915167523,1113.6504904432697,physics_residual_tiny_ttm
2025-03-20 03:55:00,18.09928106665816,0.1929927262786637,1.675954368150657,23.750251075676115,419.3226998249597,0.0,0.0,0.0,0.0,0.21555000895956952,0.0,384.1751436523729,physics_residual_tiny_ttm
2025-03-20 04:00:00,17.7343451004646,0.1975496732986835,1.6286638794639647,23.380372034333163,419.3348658298596,1.0,0.1,0.0,0.0,0.6122397550811517,23333.40915167523,1123.004812182211,physics_residual_tiny_ttm
2025-03-20 04:05:00,18.251309463173893,0.19143275604241475,1.6952996528268,23.88355721626879,419.36880096164487,0.0,0.0,0.0,0.0,0.21555000895956952,0.0,387.40209674822074,physics_residual_tiny_ttm
2025-03-20 04:10:00,17.883308147060248,0.19598018368335904,1.6472280884194443,23.510955064739502,419.3801388748426,1.0,0.1,0.0,0.0,0.6122397550811517,23333.40915167523,1131.9715906400893,physics_residual_tiny_ttm
2025-03-20 04:15:00,18.397039425100274,0.18994369359652152,1.7140155172292109,24.01186061602592,419.41176417679685,0.0,0.2,0.0,0.0,1.0089295012027337,0.0,1822.050980961201,physics_residual_tiny_ttm
2025-03-20 04:20:00,17.969402704018687,0.19566048496793564,1.6568326492328753,23.547484384301804,419.4612215497713,0.0,0.1,0.0,0.0,0.6122397550811517,0.0,1081.6619070950353,physics_residual_tiny_ttm
2025-03-20 04:25:00,17.57939590887094,0.20083849313700342,1.6062214762865161,23.137097162343455,419.48871001530557,1.0,0.2,0.0,0.0,1.0089295012027337,23333.40915167523,1832.5184368907346,physics_residual_tiny_ttm
2025-03-20 04:30:00,18.072634684270486,0.1954182999352097,1.6681218667377937,23.58189357943065,419.5316979777412,0.0,0.1,0.0,0.0,0.6122397550811517,0.0,1087.875920018647,physics_residual_tiny_ttm
2025-03-20 04:35:00,17.680387348664162,0.20071314742878768,1.6167364262161126,23.16279040535695,419.55559073735884,1.0,0.2,0.0,0.0,1.0089295012027337,23333.40915167523,1842.5206740818376,physics_residual_tiny_ttm
2025-03-20 04:40:00,18.171278591551953,0.1952320843914822,1.6788785291408257,23.611780560280184,419.59295553866605,0.0,0.1,0.0,0.0,0.6122397550811517,0.0,1093.8137554954776,physics_residual_tiny_ttm
2025-03-20 04:45:00,17.776890294736546,0.20064268790641293,1.6267402924876415,23.18413704291864,419.61372293877554,1.0,0.2,0.0,0.0,1.0089295012027337,23333.40915167523,1852.0783688551028,physics_residual_tiny_ttm
2025-03-20 04:50:00,18.265538339548847,0.1953432653500897,1.6886075548111026,23.620928125853858,419.64620013233446,0.0,0.1,0.0,0.0,0.6122397550811517,0.0,1099.4876880384784,physics_residual_tiny_ttm
2025-03-20 04:55:00,17.869104235043935,0.20086202366545408,1.6357635555151189,23.185793569658177,419.66425099436174,1.0,0.2,0.0,0.0,1.0089295012027337,23333.40915167523,1861.2112785865531,physics_residual_tiny_ttm
2025-03-20 05:00:00,18.355608779146156,0.19546952073852944,1.6979076591424787,23.628322964404422,419.6924799174274,0.0,0.1,0.0,0.0,0.6122397550811517,0.0,1104.90944662848,physics_residual_tiny_ttm
2025-03-20 05:05:00,17.957219791439865,0.20094514419681814,1.6446862902522408,23.195644698702626,419.7081695857638,0.0,0.0,0.0,0.0,0.21555000895956952,0.0,381.15975256510114,physics_residual_tiny_ttm
2025-03-20 05:10:00,17.595148208010436,0.20570483091707586,1.5980277567879106,22.82561803320814,419.71341158979743,1.0,0.1,0.0,0.0,0.6122397550811517,23333.40915167523,1114.6259039550612,physics_residual_tiny_ttm
2025-03-20 05:15:00,18.115133691388834,0.19941696578176277,1.6642694112448109,23.323436621735787,419.7280333246367,0.0,0.0,0.0,0.0,0.21555000895956952,0.0,384.51163129300045,physics_residual_tiny_ttm
2025-03-20 05:20:00,17.7498780885809,0.20411297053570227,1.6169244758419499,22.954259687833098,419.732918526246,1.0,0.1,0.0,0.0,0.6122397550811517,23333.40915167523,1123.9398149658596,physics_residual_tiny_ttm
2025-03-20 05:25:00,18.266505324285244,0.19805114464395307,1.683027060528782,23.440225894019104,419.74654501758585,0.0,0.0,0.0,0.0,0.21555000895956952,0.0,387.7246439313864,physics_residual_tiny_ttm
2025-03-20 05:30:00,17.89819761388796,0.20284567774620552,1.634693407938377,23.06168828005599,419.7510977028967,1.0,0.1,0.0,0.0,0.6122397550811517,23333.40915167523,1132.8678568849816,physics_residual_tiny_ttm
2025-03-20 05:35:00,18.411605731868935,0.1968360805990592,1.7009839770463788,23.54659894866988,419.76379669301485,0.0,0.1,0.0,0.0,0.6122397550811517,0.0,1108.280163600619,physics_residual_tiny_ttm
2025-03-20 05:40:00,18.01200138979449,0.20240128175576658,1.647354133165625,23.11019072674554,419.77584778091637,0.0,0.0,0.0,0.0,0.21555000895956952,0.0,382.32254617772503,physics_residual_tiny_ttm
2025-03-20 05:45:00,17.648825244506966,0.207275764115586,1.6002748769171906,22.734738521499864,419.779874115319,1.0,0.1,0.0,0.0,0.6122397550811517,23333.40915167523,1117.8569743818516,physics_residual_tiny_ttm
2025-03-20 05:50:00,18.16764572483424,0.20128996870688948,1.665860739172654,23.209596667995974,419.7911049334627,0.0,0.0,0.0,0.0,0.21555000895956952,0.0,385.6262511454724,physics_residual_tiny_ttm
2025-03-20 05:55:00,17.801331321425796,0.20626373966789466,1.6177893884635708,22.825187063073145,419.7948572112513,1.0,0.1,0.0,0.0,0.6122397550811517,23333.40915167523,1127.0370243100951,physics_residual_tiny_ttm
2025-03-20 06:00:00,18.316841819374726,0.20045351670190942,1.6832921425684708,23.290340098316875,419.80532359214635,0.0,0.0,0.0,0.0,0.21555000895956952,0.0,388.79308583030706,physics_residual_tiny_ttm
2025-03-20 06:05:00,17.94751917377628,0.2054193913232966,1.6344794162013843,22.904230725043647,419.80882046726776,0.0,0.0,0.0,0.0,0.21555000895956952,0.0,380.95384735976734,physics_residual_tiny_ttm
2025-03-20 06:10:00,17.585643183987653,0.210373133212363,1.5876835137868106,22.528723885150498,419.8122545297672,1.0,0.1,0.0,0.0,0.6122397550811517,23333.40915167523,1114.0537523604412,physics_residual_tiny_ttm
2025-03-20 06:15:00,18.105834963814406,0.20415756204246782,1.6534484200203967,23.01260638386077,419.8218332998266,0.0,0.0,0.0,0.0,0.21555000895956952,0.0,384.31425660234095,physics_residual_tiny_ttm
2025-03-20 06:20:00,17.740766851333806,0.20909281544378722,1.6058853655491656,22.635426882893473,419.8250336193115,1.0,0.1,0.0,0.0,0.6122397550811517,23333.40915167523,1123.391367228391,physics_residual_tiny_ttm
2025-03-20 06:25:00,18.2575918367629,0.20307465963265042,1.671549226812241,23.10887200283743,419.8339604004832,0.0,0.0,0.0,0.0,0.21555000895956952,0.0,408.76143549789987,physics_residual_tiny_ttm
2025-03-20 06:30:00,17.869300840141126,0.20813944786641086,1.620887379657417,22.717506693227822,419.8369428869135,1.0,0.1,0.0,0.0,0.6122397550811517,23333.40915167523,1191.5485706763518,physics_residual_tiny_ttm
2025-03-20 06:35:00,18.365296985288477,0.20208456177634304,1.6849702372897126,23.191945842255308,300.0,0.0,0.2,0.0,0.0,1.0089295012027337,0.0,1918.4678815698505,physics_residual_tiny_ttm
2025-03-20 06:40:00,17.92028395411202,0.20830339262572775,1.6257591538852405,22.7157954989801,300.0,1.0,0.1,0.0,0.0,0.6122397550811517,23333.40915167523,1194.8880753072694,physics_residual_tiny_ttm
2025-03-20 06:45:00,18.41957131413498,0.202401740834077,1.6900401852264184,23.18065449672764,300.0,1.0,0.0,0.0,0.0,0.21555000895956952,23333.40915167523,431.9906531622114,physics_residual_tiny_ttm
2025-03-20 06:50:00,18.94161113735669,0.196569785333809,1.7588958129740933,23.657668770060823,300.0,1.0,0.0,0.0,0.0,0.21555000895956952,23333.40915167523,443.1508543350788,physics_residual_tiny_ttm
2025-03-20 06:55:00,19.456789857949115,0.1912165226600817,1.8283547543579013,24.1137177138121,300.0,1.0,0.0,0.0,0.0,0.21555000895956952,23333.40915167523,454.1495439087066,physics_residual_tiny_ttm
2025-03-20 07:00:00,19.964512858185945,0.18629232282146127,1.8983511614186077,24.54997016322629,300.0,1.0,0.0,0.0,0.0,0.21555000895956952,23333.40915167523,443.81162301460773,physics_residual_tiny_ttm
2025-03-20 07:05:00,20.487292351376823,0.18188824399112857,1.9712880389395924,24.961966193142505,300.0,1.0,0.0,0.0,0.0,0.21555000895956952,23333.40915167523,454.9875244142197,physics_residual_tiny_ttm
2025-03-20 07:10:00,21.003195827966202,0.17789485703200641,2.044814592999132,25.35146502173135,300.0,1.0,0.0,0.0,0.0,0.21555000895956952,23333.40915167523,466.1921325615652,physics_residual_tiny_ttm
2025-03-20 07:15:00,21.520424469338963,0.17460867738663866,2.1191213293375153,25.695626477182124,300.0,1.0,0.0,0.0,0.0,0.21555000895956952,23333.40915167523,477.31372327760766,physics_residual_tiny_ttm
2025-03-20 07:20:00,22.033820848785343,0.17185189916366872,2.1939006231175875,26.004202533134578,300.0,0.0,0.0,0.0,0.0,0.21555000895956952,0.0,468.86460768485193,physics_residual_tiny_ttm
2025-03-20 07:25:00,21.6437916285419,0.17922663745577438,2.1232212870465648,25.371915268038407,300.0,1.0,0.1,1.0,0.0,0.6122397550811517,23333.40915167523,1358.3325777679004,physics_residual_tiny_ttm
2025-03-20 07:30:00,22.075905607722536,0.17445638524651313,2.1926154857343705,25.812159506914785,306.1223975508115,0.0,0.0,0.0,0.0,0.21555000895956952,0.0,470.25011350788174,physics_residual_tiny_ttm
2025-03-20 07:35:00,21.70774953630948,0.1828463318625203,2.122134714517438,25.117226744647816,300.0,1.0,0.1,1.0,0.0,0.6122397550811517,23333.40915167523,1362.1825016429,physics_residual_tiny_ttm
2025-03-20 07:40:00,22.138475377050362,0.17720062579958648,2.1936698267643955,25.61595163729937,306.1223975508115,0.0,0.0,0.0,0.0,0.21555000895956952,0.0,450.8603226925509,physics_residual_tiny_ttm
2025-03-20 07:45:00,21.81267538217303,0.18657631277493,2.1260259614460115,24.86651096821429,300.0,1.0,0.1,1.0,0.0,0.6122397550811517,23333.40915167523,1308.303826179848,physics_residual_tiny_ttm
2025-03-20 07:50:00,22.262827856510157,0.18099712372237187,2.2001346480195405,25.355896777181194,306.1223975508115,0.0,0.2,1.0,0.0,1.0089295012027337,0.0,2105.8799439819277,physics_residual_tiny_ttm
2025-03-20 07:55:00,21.76857626660084,0.18546387756508467,2.1232097771293885,24.938474520710287,315.69693693724673,0.0,0.1,0.0,0.0,0.6122397550811517,0.0,1198.4411397827853,physics_residual_tiny_ttm
2025-03-20 08:00:00,21.477316462314032,0.1967590844111165,2.056819842292556,24.09324674992929,300.0,1.0,0.2,1.0,0.0,1.0089295012027337,23333.40915167523,2020.489334070489,physics_residual_tiny_ttm
2025-03-20 08:05:00,21.926438328269963,0.19066690253197388,2.1300676130489204,24.596321024014646,310.0892950120273,0.0,0.1,0.0,0.0,0.6122397550811517,0.0,1149.3274058829963,physics_residual_tiny_ttm
2025-03-20 08:10:00,21.67910977025617,0.2031864529087918,2.0656942156368188,23.69566739510854,300.0,0.0,0.0,0.0,0.0,0.21555000895956952,0.0,400.245645915298,physics_residual_tiny_ttm
2025-03-20 08:15:00,21.476193806133068,0.21556012313401235,2.0085389433009113,22.8601015340324,300.0,0.0,0.0,0.0,0.0,0.21555000895956952,0.0,396.1608445904905,physics_residual_tiny_ttm
2025-03-20 08:20:00,21.287630653212066,0.22830695923970082,1.953214888064867,22.04646100594393,300.0,1.0,0.1,1.0,0.0,0.6122397550811517,23333.40915167523,1156.3096423989168,physics_residual_tiny_ttm
2025-03-20 08:25:00,21.792586540804916,0.21984348214496602,2.0365774331798785,22.6454359296078,306.1223975508115,0.0,0.0,0.1,0.0,0.21555000895956952,0.0,402.93534160983273,physics_residual_tiny_ttm
2025-03-20 08:30:00,21.60035590368219,0.23274742765465403,1.9795079768587436,21.83366144816414,300.0,0.0,0.0,0.0,0.0,0.21555000895956952,0.0,378.3642142322561,physics_residual_tiny_ttm
2025-03-20 08:35:00,21.466100188232478,0.2469646706893824,1.926937702895169,20.996828142862103,300.0,0.0,0.0,0.0,0.0,0.21555000895956952,0.0,375.78442832893495,physics_residual_tiny_ttm
2025-03-20 08:40:00,21.34701176137629,0.2614954118883425,1.8760256347239581,20.18762823604308,300.0,1.0,0.1,1.0,0.0,0.6122397550811517,23333.40915167523,1099.689417389147,physics_residual_tiny_ttm
2025-03-20 08:45:00,21.872382782710797,0.25074947516602847,1.9654462962922645,20.84952239079906,306.1223975508115,0.0,0.0,0.5,0.0,0.21555000895956952,0.0,382.0979424803314,physics_residual_tiny_ttm
2025-03-20 08:50:00,21.638457058156984,0.260805968783959,1.911564074531379,20.268072241298686,300.0,0.0,0.0,0.0,0.0,0.21555000895956952,0.0,380.2050130240574,physics_residual_tiny_ttm
2025-03-20 08:55:00,21.55107539179188,0.27658067730558833,1.8608024628591626,19.43633615977444,300.0,0.0,0.0,0.0,0.0,0.21555000895956952,0.0,378.5090298136793,physics_residual_tiny_ttm
2025-03-20 09:00:00,21.472785184748567,0.29246474906635916,1.81124868388543,18.641844369118047,300.0,0.0,0.0,0.0,0.0,0.21555000895956952,0.0,355.87530011966555,physics_residual_tiny_ttm
2025-03-20 09:05:00,21.427963884004857,0.3084889779021248,1.7653777193980593,17.882940198839435,300.0,0.0,0.0,0.0,0.0,0.21555000895956952,0.0,355.22560395153187,physics_residual_tiny_ttm
2025-03-20 09:10:00,21.397972521350333,0.3247342679307998,1.7207420296319285,17.150463332323987,300.0,0.0,0.0,0.0,0.0,0.21555000895956952,0.0,354.7636646146065,physics_residual_tiny_ttm
2025-03-20 09:15:00,21.37664841501011,0.3410064182912118,1.6770851520680323,16.449701595174545,300.0,0.0,0.0,0.0,0.0,0.21555000895956952,0.0,354.58096382161347,physics_residual_tiny_ttm
2025-03-20 09:20:00,21.368214556217833,0.35744512052546595,1.634405541576176,15.772743403184993,300.0,0.0,0.0,0.0,0.0,0.21555000895956952,0.0,354.76713873868425,physics_residual_tiny_ttm
2025-03-20 09:25:00,21.376808787997103,0.3742366460820707,1.5925325622650897,15.111011507977821,300.0,0.0,0.0,0.0,0.0,0.21555000895956952,0.0,333.94586138247996,physics_residual_tiny_ttm
2025-03-20 09:30:00,21.415654157958,0.39086672362756086,1.5539017753883673,14.484203317418494,300.0,0.0,0.0,0.0,0.0,0.21555000895956952,0.0,334.99268351328055,physics_residual_tiny_ttm
2025-03-20 09:35:00,21.463977703177314,0.4074337432245503,1.5161173749695833,13.88352585217277,300.0,0.0,0.0,0.0,0.0,0.21555000895956952,0.0,336.19305556163886,physics_residual_tiny_ttm
2025-03-20 09:40:00,21.5193894405223,0.4239195832230709,1.4789433437437358,13.307273482445698,300.0,0.0,0.1,0.0,0.0,0.6737437483456309,0.0,1053.2387865953976,physics_residual_tiny_ttm
2025-03-20 09:45:00,21.554857395049435,0.43381024260681694,1.456708424340685,12.971038914472222,300.0,0.0,0.0,0.4,0.0,0.21555000895956952,0.0,314.0475808435696,physics_residual_tiny_ttm
2025-03-20 09:50:00,21.497107032217333,0.44550231710519933,1.421595700722973,12.572572737370557,300.0,0.0,0.0,0.1,0.0,0.21555000895956952,0.0,314.87478593205367,physics_residual_tiny_ttm
2025-03-20 09:55:00,21.535292585734847,0.4597147273612703,1.388398225437556,12.110595552686663,300.0,0.0,0.0,0.0,0.0,0.21555000895956952,0.0,312.7971203876092,physics_residual_tiny_ttm
2025-03-20 10:00:00,21.439383107005366,0.4698460333129725,1.3543912559394387,11.777829516636325,300.0,0.0,0.0,0.0,0.0,0.21555000895956952,0.0,311.04714919831736,physics_residual_tiny_ttm
2025-03-20 10:05:00,21.358600699555147,0.4801976211843381,1.3213933893297116,11.446075298030205,300.0,0.0,0.0,0.0,0.0,0.21555000895956952,0.0,310.6026954323529,physics_residual_tiny_ttm
2025-03-20 10:10:00,21.338083764513804,0.4919938933678932,1.2897839737692798,11.081906058957186,300.0,0.0,0.0,0.0,0.0,0.21555000895956952,0.0,309.1986507284913,physics_residual_tiny_ttm
2025-03-20 10:15:00,21.27327006241419,0.5023950496594085,1.2583686521724067,10.763370545700598,300.0,0.0,0.0,0.0,0.0,0.21555000895956952,0.0,309.1566601660628,physics_residual_tiny_ttm
2025-03-20 10:20:00,21.27133168837471,0.5141536188738108,1.2284870218615676,10.416044483664725,300.0,1.0,0.1,1.0,0.0,0.6122397550811517,23333.40915167523,914.5499317771365,physics_residual_tiny_ttm
2025-03-20 10:25:00,21.86345707811696,0.4826566982060165,1.356364616837019,11.413325642247663,306.1223975508115,0.0,0.2,1.0,0.0,1.1633831384233055,0.0,1582.265012097988,physics_residual_tiny_ttm
2025-03-20 10:30:00,21.53288521094944,0.4694460222172876,1.3631904738223692,11.798833794360784,317.1626710952664,0.0,0.1,0.1,0.0,0.7199873523038859,0.0,977.7980537223947,physics_residual_tiny_ttm
2025-03-20 10:35:00,21.51320108159074,0.4734073451727736,1.3513840949612297,11.67190324219354,300.0,0.0,0.0,0.0,0.0,0.21555000895956952,0.0,293.19810122284184,physics_residual_tiny_ttm
2025-03-20 10:40:00,21.53465052541723,0.48568832480395674,1.321600660850446,11.291427198913025,300.0,0.0,0.0,0.0,0.0,0.21555000895956952,0.0,292.81185769560267,physics_residual_tiny_ttm
2025-03-20 10:45:00,21.516820699313026,0.4968457743808065,1.2915204918607446,10.94986396559829,300.0,0.0,0.0,0.0,0.0,0.21555000895956952,0.0,292.83034973086444,physics_residual_tiny_ttm
2025-03-20 10:50:00,21.517674331153504,0.5082899820494464,1.2622108629228732,10.608054901266556,300.0,0.0,0.0,0.7,0.0,0.21555000895956952,0.0,290.293713315605,physics_residual_tiny_ttm
2025-03-20 10:55:00,21.4005777768191,0.5165610066592872,1.2321171832303894,10.355967058056557,300.0,0.0,0.0,0.0,0.0,0.21555000895956952,0.0,288.4893854291555,physics_residual_tiny_ttm
2025-03-20 11:00:00,21.317286148140383,0.5255056990843024,1.2031663157497265,10.090952166488707,300.0,0.0,0.0,0.0,0.0,0.21555000895956952,0.0,292.75504373024205,physics_residual_tiny_ttm
2025-03-20 11:05:00,21.51419804533637,0.5410392853976618,1.1778934537014287,9.665543635731238,300.0,0.0,0.1,0.5,0.0,0.858718164178651,0.0,1161.7160711804809,physics_residual_tiny_ttm
2025-03-20 11:10:00,21.461184792101637,0.537717882883018,1.1825751951731585,9.754862963028096,300.0,0.0,0.0,0.0,0.0,0.21555000895956952,0.0,275.50436436598557,physics_residual_tiny_ttm
2025-03-20 11:15:00,21.717869844207325,0.5534893660593627,1.1602978851574273,9.334860509603473,300.0,0.0,0.1,0.4,0.0,0.8050755835870751,0.0,1031.234389722374,physics_residual_tiny_ttm
2025-03-20 11:20:00,21.74543522731913,0.552037250582495,1.166032793363802,9.376777143466716,300.0,0.0,0.2,1.0,0.0,1.3483575542563258,0.0,1684.7088908152293,physics_residual_tiny_ttm
2025-03-20 11:25:00,21.432364466316056,0.53130242939442,1.196873451981669,9.934162575480224,313.48357554256324,0.0,0.1,0.0,0.0,0.766230956262141,0.0,976.9950605184721,physics_residual_tiny_ttm
2025-03-20 11:30:00,21.687224140850425,0.5375117888007281,1.1995691954964032,9.77740100678043,300.0,0.0,0.1,0.3,0.0,0.7972141709141718,0.0,1024.2098257568387,physics_residual_tiny_ttm
2025-03-20 11:35:00,21.783443792974605,0.5380852262257407,1.2051431425648944,9.768358296547165,300.0,0.0,0.0,0.6,0.0,0.21555000895956952,0.0,276.085558604637,physics_residual_tiny_ttm
2025-03-20 11:40:00,21.744699011499765,0.546921591174537,1.1792956694327819,9.518257822292295,300.0,0.0,0.1,0.5,0.0,0.8050755835870751,0.0,951.1969765369898,physics_residual_tiny_ttm
2025-03-20 11:45:00,21.756221062544114,0.5442864533817547,1.1869894325907722,9.592454913882415,300.0,0.0,0.0,0.6,0.0,0.21555000895956952,0.0,254.2817400677176,physics_residual_tiny_ttm
2025-03-20 11:50:00,21.73818818217988,0.5524911170157218,1.1643359623482483,9.363761346863596,300.0,0.0,0.1,0.5,0.0,0.766230956262141,0.0,905.1740854669023,physics_residual_tiny_ttm
2025-03-20 11:55:00,21.75455943729488,0.5496761055463081,1.172832086743455,9.442611674594508,300.0,0.0,0.1,0.6,0.0,0.7125883756705651,0.0,781.0146596223124,physics_residual_tiny_ttm
2025-03-20 12:00:00,21.73572118606713,0.5469839317730001,1.1784870741222142,9.515878574092683,300.0,0.0,0.2,0.5,0.0,1.270668299606457,0.0,1373.7489442633382,physics_residual_tiny_ttm
2025-03-20 12:05:00,21.757444510299685,0.5333750657796302,1.2155009458170607,9.89969439906437,300.0,0.0,0.3,0.5,0.0,1.9147613269047035,0.0,2069.1334755579187,physics_residual_tiny_ttm
2025-03-20 12:10:00,21.752459067524168,0.5080501531005097,1.2810791843636204,10.634021752702107,300.0,0.0,0.3,0.5,0.0,1.7288620389925182,0.0,1868.9436751651594,physics_residual_tiny_ttm
2025-03-20 12:15:00,21.75647105427352,0.4894954334680462,1.3297229821020111,11.193366384814736,300.0,0.0,0.2,0.6,0.0,1.2096267423815605,0.0,1304.3430607933694,physics_residual_tiny_ttm
2025-03-20 12:20:00,21.72937416445451,0.4811241376218453,1.3492932019181252,11.449357047479943,300.0,0.0,0.3,0.5,0.0,1.5443500591990806,0.0,1668.4937105146296,physics_residual_tiny_ttm
2025-03-20 12:25:00,21.750106408139892,0.46914650029762445,1.3821890087470585,11.827713100526493,300.0,0.0,0.2,0.6,0.0,1.1939039170357537,0.0,1286.9336237771274,physics_residual_tiny_ttm
2025-03-20 12:30:00,21.725578085980242,0.4625977508789445,1.3971455440061304,12.034961220631713,300.0,0.0,0.1,0.6,0.0,0.8281973855662027,0.0,810.0877737662938,physics_residual_tiny_ttm
2025-03-20 12:35:00,21.73267364015589,0.46242541743125065,1.3981993925377048,12.041152107186369,300.0,0.0,0.1,0.6,0.0,0.7509705669559168,0.0,735.005766480056,physics_residual_tiny_ttm
2025-03-20 12:40:00,21.738717515091658,0.4629365390685686,1.3973857078368168,12.025254206116218,300.0,0.0,0.2,0.6,0.0,1.1939039170357537,0.0,1167.9601333036264,physics_residual_tiny_ttm
2025-03-20 12:45:00,21.73402775373393,0.455851383992757,1.4154151145468126,12.254243153464571,300.0,0.0,0.3,0.6,0.0,2.0063236627420484,0.0,1760.387385113286,physics_residual_tiny_ttm
2025-03-20 12:50:00,21.730541693979404,0.4383441411215377,1.4606431510850162,12.834526171563395,300.0,0.0,0.3,0.5,0.0,2.0534921387794687,0.0,2013.6772141783063,physics_residual_tiny_ttm
2025-03-20 12:55:00,21.757324519251952,0.42276959529305386,1.503603666614202,13.371139740575023,300.0,0.0,0.2,0.6,0.0,1.4870883661310907,0.0,1456.3967080083612,physics_residual_tiny_ttm
2025-03-20 13:00:00,21.744887972006392,0.4147043577660734,1.5234550311407278,13.65324678412445,300.0,0.0,0.1,0.7,0.0,0.7972141709141718,0.0,698.6721088515271,physics_residual_tiny_ttm
2025-03-20 13:05:00,21.72031824789677,0.4151859701420039,1.5199189411288117,13.633672085916917,300.0,0.0,0.2,0.6,0.0,1.378878332868774,0.0,1210.179723890331,physics_residual_tiny_ttm
2025-03-20 13:10:00,21.732887453085453,0.41001163880850044,1.5345445402948412,13.81911089233646,300.0,0.0,0.3,0.6,0.0,1.706665109092556,0.0,1498.2098108005573,physics_residual_tiny_ttm
2025-03-20 13:15:00,21.734906588908732,0.4016027418620757,1.5566078110974064,14.123001717538958,300.0,0.0,0.2,0.6,0.0,1.471365540785284,0.0,1292.0810984369584,physics_residual_tiny_ttm
2025-03-20 13:20:00,21.737820742896176,0.3967555383434037,1.5694961282274613,14.300920956735432,300.0,0.0,0.3,0.6,0.0,1.8218116829486108,0.0,1598.9195965768122,physics_residual_tiny_ttm
2025-03-20 13:25:00,21.73287172106758,0.3880241940814027,1.5917317886457778,14.625187138161792,300.0,0.0,0.3,0.6,0.0,1.706665109092556,0.0,1497.452881229175,physics_residual_tiny_ttm
2025-03-20 13:30:00,21.73049351601818,0.38095747418627246,1.6098782744462787,14.892544287865768,300.0,0.0,0.2,0.6,0.0,1.316911903564712,0.0,1157.1145320400326,physics_residual_tiny_ttm
2025-03-20 13:35:00,21.742860780640203,0.3788661057037494,1.6165376032690237,14.973971790778364,300.0,0.0,0.2,0.7,0.0,1.378878332868774,0.0,1069.9641903766478,physics_residual_tiny_ttm
2025-03-20 13:40:00,21.72106544914954,0.37517278447186975,1.6239864569228082,15.113818275740286,300.0,0.0,0.1,0.7,0.0,0.8281973855662027,0.0,642.4788991469385,physics_residual_tiny_ttm
2025-03-20 13:45:00,21.71896286869249,0.3765824906980771,1.6201144118779809,15.0591238598981,300.0,0.0,0.0,0.7,0.0,0.21555000895956952,0.0,167.43420521477844,physics_residual_tiny_ttm
2025-03-20 13:50:00,21.729120496113467,0.3837190933730366,1.6025620284699227,14.787292555881068,300.0,0.0,0.1,0.7,0.0,0.7740923689350443,0.0,600.5954764506397,physics_residual_tiny_ttm
2025-03-20 13:55:00,21.72010503186493,0.3852055667533838,1.5978165480294528,14.73000140779801,300.0,0.0,0.0,0.7,0.0,0.21555000895956952,0.0,167.44415863958218,physics_residual_tiny_ttm
2025-03-20 14:00:00,21.72957996745959,0.39204985620146193,1.5809432789590474,14.474287602681574,300.0,0.0,0.1,0.7,0.0,0.8434577748724268,0.0,654.2010269020366,physics_residual_tiny_ttm
2025-03-20 14:05:00,21.71759197457594,0.39095212352432385,1.5826386093286142,14.513895599195838,300.0,0.0,0.0,0.7,0.0,0.21555000895956952,0.0,167.31460254850342,physics_residual_tiny_ttm
2025-03-20 14:10:00,21.723599381606963,0.3973524818012606,1.5665817211459947,14.277420461971573,300.0,0.0,0.0,0.7,0.0,0.21555000895956952,0.0,167.45164245053894,physics_residual_tiny_ttm
2025-03-20 14:15:00,21.729925436156268,0.4035220696744429,1.5511431030429275,14.052671099196832,300.0,0.0,0.0,0.7,0.0,0.21555000895956952,0.0,167.5001785059493,physics_residual_tiny_ttm
2025-03-20 14:20:00,21.732165964130772,0.4093606708051172,1.536169998134521,13.842347968765147,300.0,0.0,0.0,0.7,0.0,0.21555000895956952,0.0,167.45723184581675,physics_residual_tiny_ttm
2025-03-20 14:25:00,21.730183454579368,0.4149607228329833,1.5214208181488436,13.642657341274328,300.0,0.0,0.0,0.7,0.0,0.21555000895956952,0.0,167.46278484727338,physics_residual_tiny_ttm
2025-03-20 14:30:00,21.73043979298596,0.42052985026850237,1.5069616462290467,13.446636879739193,300.0,0.0,0.1,0.7,0.0,0.8434577748724268,0.0,570.470076907969,physics_residual_tiny_ttm
2025-03-20 14:35:00,21.72982020240689,0.4167198123758251,1.5168125743895338,13.580447217753752,300.0,0.0,0.1,0.6,0.0,0.8281973855662027,0.0,645.3996147220013,physics_residual_tiny_ttm
2025-03-20 14:40:00,21.754053351981288,0.4148373060160138,1.5239617146509712,13.649477096514566,300.0,0.0,0.0,0.8,0.0,0.21555000895956952,0.0,145.46687397241368,physics_residual_tiny_ttm
2025-03-20 14:45:00,21.715061571101835,0.4184181982429106,1.5110331943561626,13.519138182576853,300.0,0.0,0.1,0.6,0.0,0.858718164178651,0.0,582.7048687886664,physics_residual_tiny_ttm
2025-03-20 14:50:00,21.751992257497978,0.41707530395369635,1.5179421468604262,13.570172859308368,300.0,0.0,0.1,0.7,0.0,0.7819537816079476,0.0,529.8939301304388,physics_residual_tiny_ttm
2025-03-20 14:55:00,21.742823608278023,0.41532380260905283,1.5216508419175454,13.63110096823802,300.0,0.0,0.2,0.6,0.0,1.6563399566183041,0.0,1124.3069515155355,physics_residual_tiny_ttm
2025-03-20 15:00:00,21.754129067058273,0.4017804733051473,1.5579733297307021,14.118563505888215,300.0,0.0,0.1,0.7,0.0,0.8434577748724268,0.0,571.1280189482964,physics_residual_tiny_ttm
2025-03-20 15:05:00,21.737581927016546,0.3987685605899825,1.5642359165607482,14.226904025097262,300.0,0.0,0.1,0.6,0.0,0.7972141709141718,0.0,541.7111904353573,physics_residual_tiny_ttm
2025-03-20 15:10:00,21.761245968167295,0.39738798285200616,1.5700951032194832,14.28015027938784,300.0,0.0,0.2,0.6,0.0,1.425121936827029,0.0,968.8672150035625,physics_residual_tiny_ttm
2025-03-20 15:15:00,21.764663115420532,0.38947429355713326,1.5910460271984332,14.574278201989078,300.0,0.0,0.3,0.6,0.0,1.8218116829486108,0.0,1236.720976430708,physics_residual_tiny_ttm
2025-03-20 15:20:00,21.75463961105062,0.3776554841809508,1.6208537891049002,15.021812284742936,300.0,0.0,0.2,0.6,0.0,1.6258191780058557,0.0,1102.8230727605608,physics_residual_tiny_ttm
2025-03-20 15:25:00,21.749436872509175,0.3681647089495762,1.6450491309393955,15.390517085914022,300.0,0.0,0.2,0.5,0.0,1.5795755740476007,0.0,1076.4046861617555,physics_residual_tiny_ttm
2025-03-20 15:30:00,21.780615353669965,0.36168114777871563,1.6650966894332777,15.651301462263367,300.0,0.0,0.2,0.6,0.0,1.5943735273142425,0.0,1083.8019870586543,physics_residual_tiny_ttm
2025-03-20 15:35:00,21.763847485528693,0.3533390294540273,1.6851315483504798,15.986254742626773,300.0,0.0,0.1,0.6,0.0,0.8434577748724268,0.0,573.4181371324732,physics_residual_tiny_ttm
2025-03-20 15:40:00,21.76459838983491,0.35384639083195124,1.6838866225052218,15.96565418134006,300.0,0.0,0.2,0.5,0.0,1.471365540785284,0.0,1002.6688860530262,physics_residual_tiny_ttm
2025-03-20 15:45:00,21.780643259474317,0.3496240018605426,1.696551437659521,16.140584461816687,300.0,0.0,0.3,0.5,0.0,1.984126732842086,0.0,1352.9570514829975,physics_residual_tiny_ttm
2025-03-20 15:50:00,21.784979505544385,0.3413853959749438,1.718497305864808,16.48406813858732,300.0,0.0,0.2,0.7,0.0,1.6720627819641107,0.0,1128.5707468108812,physics_residual_tiny_ttm
2025-03-20 15:55:00,21.71599164271156,0.33363092882271406,1.7314210814640831,16.804944262441794,300.0,0.0,0.3,1.0,0.0,1.9147613269047035,0.0,1257.7931522702725,physics_residual_tiny_ttm
2025-03-20 16:00:00,21.53624792453353,0.32055011397439603,1.7461185623000848,17.35287568623906,319.14761326904704,0.0,0.2,0.7,0.0,1.7183063859223657,0.0,1116.5589840629907,physics_residual_tiny_ttm
2025-03-20 16:05:00,21.465691877443664,0.3149564989381685,1.752910006675389,17.593849863300875,300.0,0.0,0.1,0.0,0.0,0.7893527582412685,0.0,526.6728563110797,physics_residual_tiny_ttm
2025-03-20 16:10:00,21.639016433058178,0.3247872127050869,1.7461675568530888,17.179051931026613,300.0,0.0,0.0,0.9,0.0,0.21555000895956952,0.0,141.56433392945618,physics_residual_tiny_ttm
2025-03-20 16:15:00,21.534911988200097,0.3271162066478861,1.7291030548246233,17.063824151918595,300.0,0.0,0.0,0.4,0.0,0.21555000895956952,0.0,142.51114246715284,physics_residual_tiny_ttm
2025-03-20 16:20:00,21.578618692366184,0.33480930583579255,1.713909386835902,16.737267017636952,300.0,0.0,0.1,0.5,0.0,0.8281973855662027,0.0,546.5368334838818,physics_residual_tiny_ttm
2025-03-20 16:25:00,21.56628183374784,0.3366468771596259,1.7078858247821493,16.657394441457242,300.0,0.0,0.2,0.3,0.0,1.5333319700893457,0.0,1014.5072123405595,physics_residual_tiny_ttm
2025-03-20 16:30:00,21.58344006691425,0.3355104283396644,1.7126077198572578,16.707935677427326,300.0,0.0,0.1,0.5,0.0,0.7199873523038859,0.0,475.24476013843963,physics_residual_tiny_ttm
2025-03-20 16:35:00,21.567898128120408,0.3379111779928044,1.704799221225464,16.60392125176995,300.0,0.0,0.0,0.4,0.0,0.21555000895956952,0.0,142.5444337276506,physics_residual_tiny_ttm
2025-03-20 16:40:00,21.580155488049748,0.34427529687895503,1.6896783866829956,16.337897350408696,300.0,0.0,0.0,0.4,0.0,0.21555000895956952,0.0,142.6712338790422,physics_residual_tiny_ttm
2025-03-20 16:45:00,21.58600885384065,0.35042050572278594,1.6744425389730098,16.084365439470183,300.0,0.0,0.1,0.3,0.0,0.8355963621995235,0.0,553.5613316355885,physics_residual_tiny_ttm
2025-03-20 16:50:00,21.591786657734012,0.3517879973653686,1.6715079055338395,16.02901622106844,300.0,0.0,0.0,0.4,0.0,0.21555000895956952,0.0,142.57515412121813,physics_residual_tiny_ttm
2025-03-20 16:55:00,21.581573607025298,0.35711741034187666,1.6567303471761816,15.811204338688594,300.0,0.0,0.1,0.1,0.0,0.858718164178651,0.0,569.8137804473034,physics_residual_tiny_ttm
2025-03-20 17:00:00,21.602618992688047,0.3583727044846894,1.6556244166231833,15.763088753816298,300.0,0.0,0.0,0.0,0.0,0.21555000895956952,0.0,154.58668984297347,physics_residual_tiny_ttm
2025-03-20 17:05:00,21.63605174855993,0.3656385294198668,1.6402247415030073,15.477072667601483,300.0,0.0,0.0,0.0,0.0,0.21555000895956952,0.0,165.59176954992546,physics_residual_tiny_ttm
2025-03-20 17:10:00,21.644069730998186,0.3723892121461666,1.6235654018694636,15.21309683920876,300.0,0.0,0.0,0.0,0.0,0.21555000895956952,0.0,165.60318006589176,physics_residual_tiny_ttm
2025-03-20 17:15:00,21.644596464784232,0.3788778651912952,1.6068316420120583,14.962490854623216,300.0,0.0,0.0,0.0,0.0,0.21555000895956952,0.0,165.2015348714872,physics_residual_tiny_ttm
2025-03-20 17:20:00,21.62605566483087,0.3844946138148069,1.5904977826742297,14.746491173730721,300.0,0.0,0.0,0.0,0.0,0.21555000895956952,0.0,164.63333105118014,physics_residual_tiny_ttm
2025-03-20 17:25:00,21.59982616299239,0.38985368899790246,1.574123589648493,14.542072781038858,300.0,0.0,0.0,0.0,0.0,0.21555000895956952,0.0,163.6637582895539,physics_residual_tiny_ttm
2025-03-20 17:30:00,21.55506861363295,0.39448525969582054,1.557904935968149,14.365038822638153,300.0,0.0,0.0,0.0,0.0,0.21555000895956952,0.0,162.49144430295138,physics_residual_tiny_ttm
2025-03-20 17:35:00,21.500952096341237,0.39871630249105894,1.541906247436458,14.20354931103531,300.0,1.0,0.1,1.0,0.0,0.7972141709141718,23333.40915167523,659.7588944271122,physics_residual_tiny_ttm
2025-03-20 17:40:00,22.234631744127007,0.3717728356345638,1.6847506120737412,15.304634473525516,307.97214170914174,0.0,0.2,1.0,0.0,1.425121936827029,0.0,1150.08131883492,physics_residual_tiny_ttm
2025-03-20 17:45:00,22.029906014755777,0.3604011254557496,1.6939985406445945,15.731872457980206,321.2765882413127,0.0,0.1,0.0,0.0,0.7972141709141718,0.0,633.8634996535498,physics_residual_tiny_ttm
2025-03-20 17:50:00,21.91142421842288,0.35860274420019206,1.6865356008347177,15.790288581775993,300.0,0.0,0.0,0.0,0.0,0.21555000895956952,0.0,169.07101413351236,physics_residual_tiny_ttm
2025-03-20 17:55:00,21.80467909147801,0.36201113333100937,1.6666824939259084,15.640931299184203,300.0,0.0,0.0,0.0,0.0,0.21555000895956952,0.0,187.87245329020797,physics_residual_tiny_ttm
2025-03-20 18:00:00,21.672593676529715,0.36516469244512373,1.6451196277386284,15.500070054570628,300.0,1.0,0.1,1.0,0.0,0.858718164178651,23333.40915167523,809.3264052167461,physics_residual_tiny_ttm
2025-03-20 18:05:00,22.377930260256694,0.3406169746850505,1.7837781684773528,16.589693401767487,308.5871816417865,0.0,0.2,1.0,0.0,1.5638527487017941,0.0,1436.4652547718638,physics_residual_tiny_ttm
2025-03-20 18:10:00,22.13972663123856,0.32983155285451266,1.7868758148551387,17.022536415504128,323.10661849429533,0.0,0.1,0.0,0.0,0.7278487649767893,0.0,655.5187168047603,physics_residual_tiny_ttm
2025-03-20 18:15:00,21.961441731336564,0.32867193872492817,1.7706300497858742,17.05034549916727,300.0,0.0,0.0,0.0,0.0,0.21555000895956952,0.0,190.61241274232376,physics_residual_tiny_ttm
2025-03-20 18:20:00,21.799076056475332,0.3311615190998936,1.7466765361273278,16.921747700736773,300.0,0.0,0.0,0.0,0.0,0.21555000895956952,0.0,187.07077323301905,physics_residual_tiny_ttm
2025-03-20 18:25:00,21.635586412969705,0.3335487012298228,1.723148188864442,16.798377386906136,300.0,0.0,0.1,0.0,0.0,0.7357101776496926,0.0,625.0999211056393,physics_residual_tiny_ttm
2025-03-20 18:30:00,21.45427982573801,0.33226686020364654,1.7074227401525823,16.830626832711367,300.0,0.0,0.2,0.0,0.0,1.240147520994009,0.0,1029.0804128500063,physics_residual_tiny_ttm
2025-03-20 18:35:00,21.25676455797994,0.3282823048925535,1.6969560687797227,16.97771066593322,300.0,0.0,0.2,0.0,0.0,1.1939039170357537,0.0,1006.2291320499427,physics_residual_tiny_ttm
2025-03-20 18:40:00,21.05612724758431,0.3252915440132184,1.683659886955726,17.08231233125786,300.0,0.0,0.2,0.0,0.0,1.1319374877316921,0.0,1005.7828322536326,physics_residual_tiny_ttm
2025-03-20 18:45:00,20.841291576721968,0.32215886366852103,1.6692947759482597,17.192024579052802,311.31937487731693,0.0,0.2,0.0,0.0,1.2096267423815605,0.0,1048.9917788519297,physics_residual_tiny_ttm
2025-03-20 18:50:00,20.628884247594478,0.31908778069231053,1.6550783400195797,17.300098712056037,322.2746240879122,0.0,0.2,0.0,0.0,1.270668299606457,0.0,1075.1926950449945,physics_residual_tiny_ttm
2025-03-20 18:55:00,20.41953386251987,0.3156188624802656,1.6421783710662399,17.42707981060733,332.6226688577967,0.0,0.2,0.0,0.0,1.1014167091192437,0.0,909.9797002487663,physics_residual_tiny_ttm
2025-03-20 19:00:00,20.22079809178241,0.3140851621515319,1.6257850527684146,17.46963630109878,340.64257323431906,0.0,0.2,0.0,0.0,1.1939039170357537,0.0,962.7544327673476,physics_residual_tiny_ttm
2025-03-20 19:05:00,20.023799872415243,0.31252311746828604,1.609756288345268,17.513810459974327,348.53800178943777,0.0,0.2,0.0,0.0,1.1476603130774987,0.0,903.4529513038672,physics_residual_tiny_ttm
2025-03-20 19:10:00,19.832963728533635,0.31207816680109857,1.5918714549595825,17.50869036510478,355.37251005939424,0.0,0.2,0.0,0.0,1.224424695648202,0.0,940.67068075627,physics_residual_tiny_ttm
2025-03-20 19:15:00,19.644330684012868,0.3116892809269751,1.5742440883609108,17.501330139960277,361.96680128448037,0.0,0.2,0.0,0.0,1.1633831384233055,0.0,872.4632618016174,physics_residual_tiny_ttm
2025-03-20 19:20:00,19.46205286880263,0.3119319065948284,1.5559717117089165,17.466480083557066,367.59303835568073,0.0,0.2,0.0,0.0,1.316911903564712,0.0,1092.5767737549527,physics_residual_tiny_ttm
2025-03-20 19:25:00,19.255230023133183,0.3116231991054037,1.5367691573568283,17.453122363288188,373.34431765726936,0.0,0.2,0.0,0.0,1.1781810916899471,0.0,954.1146633827564,physics_residual_tiny_ttm
2025-03-20 19:30:00,19.05791088447791,0.31197214785603444,1.51722128034085,17.411606334230402,377.92505455361083,0.0,0.2,0.0,0.0,1.1476603130774987,0.0,907.2937368431386,physics_residual_tiny_ttm
2025-03-20 19:35:00,18.866263452414962,0.3131847602668066,1.4965420648760315,17.33247971698834,381.949033308921,0.0,0.2,0.0,0.0,1.3483575542563258,0.0,907.592002834751,physics_residual_tiny_ttm
2025-03-20 19:40:00,18.69760492597347,0.3152913061229896,1.4763099387828662,17.217202806993452,386.2245590076437,0.0,0.2,0.0,0.0,1.378878332868774,0.0,905.2276478478726,physics_residual_tiny_ttm
2025-03-20 19:45:00,18.532295172376507,0.3174581688973754,1.4564939927315923,17.100506265153165,390.105577654931,0.0,0.2,0.0,0.0,1.2558703463398155,0.0,804.5178003364101,physics_residual_tiny_ttm
2025-03-20 19:50:00,18.374186846185225,0.3202901896441497,1.4361537911267321,16.95664358259946,393.2342042002752,0.0,0.2,0.0,0.0,1.270668299606457,0.0,794.2485884870723,physics_residual_tiny_ttm
2025-03-20 19:55:00,18.219538987609724,0.32323275888511926,1.4161319853200882,16.80972088149601,396.06840821997935,0.0,0.2,0.0,0.0,1.224424695648202,0.0,867.0037152709522,physics_residual_tiny_ttm
2025-03-20 20:00:00,18.04567840731515,0.3251465414468917,1.39679083404329,16.70559658952395,398.51027755178177,0.0,0.1,0.0,0.0,0.6432229697331826,0.0,445.5200943010546,physics_residual_tiny_ttm
2025-03-20 20:05:00,17.891911472049078,0.3278704281445213,1.3777649087768244,16.570280836755007,399.6621678094388,0.0,0.0,0.0,0.0,0.21555000895956952,0.0,146.28763816986023,physics_residual_tiny_ttm
2025-03-20 20:10:00,17.75294979933347,0.33072830337648407,1.3599558415363697,16.432299846822357,400.02748613534663,0.0,0.0,0.0,0.0,0.21555000895956952,0.0,143.33803921169846,physics_residual_tiny_ttm
2025-03-20 20:15:00,17.616790012068982,0.3336727839045143,1.342402426749961,16.292228823682475,400.38624243055256,1.0,0.1,0.0,0.0,0.7047269629976618,23333.40915167523,522.1699298308383,physics_residual_tiny_ttm
2025-03-20 20:20:00,18.372671924930238,0.318472600166968,1.439857410296562,17.03555946845746,401.5381044142933,0.0,0.2,0.0,0.0,1.1939039170357537,0.0,863.4286474157856,physics_residual_tiny_ttm
2025-03-20 20:25:00,18.195997686617364,0.32311071238911004,1.4142958642945835,16.81197566071335,403.37491520226666,0.0,0.1,0.0,0.0,0.7125883756705651,0.0,573.9893696150224,physics_residual_tiny_ttm
2025-03-20 20:30:00,18.01491745598604,0.32646106884474324,1.391377075256091,16.645633546992023,404.3621520498835,0.0,0.0,0.0,0.0,0.21555000895956952,0.0,170.12455100703497,physics_residual_tiny_ttm
2025-03-20 20:35:00,17.853312603561815,0.329805133594513,1.3704657306644077,16.483678021160102,404.6430469053632,0.0,0.0,0.0,0.0,0.21555000895956952,0.0,166.69432816192054,physics_residual_tiny_ttm
2025-03-20 20:40:00,17.694966191223898,0.3331191768843173,1.3501556816347149,16.324987241992655,404.9188961867916,1.0,0.1,0.0,0.0,0.6275001443873759,23333.40915167523,531.5877076250027,physics_residual_tiny_ttm
2025-03-20 20:45:00,18.429368461390517,0.3181167559344683,1.4457376322509519,17.05840505498565,405.70751242181734,0.0,0.2,0.0,0.0,1.1633831384233055,0.0,962.0612460071947,physics_residual_tiny_ttm
2025-03-20 20:50:00,18.228371548742857,0.32276068681870634,1.417905617804593,16.831166820463324,407.0931490096992,0.0,0.2,0.0,0.0,1.1171395344650505,0.0,901.9576454816735,physics_residual_tiny_ttm
2025-03-20 20:55:00,18.033645451831358,0.32726683180160016,1.391349606515568,16.613720780862874,408.29471180192536,0.0,0.1,0.0,0.0,0.6432229697331826,0.0,507.99231420569885,physics_residual_tiny_ttm
2025-03-20 21:00:00,17.85831683636975,0.3312842950147578,1.3678718310845133,16.422083065399743,408.9221376549544,0.0,0.0,0.0,0.0,0.21555000895956952,0.0,166.8005479532359,physics_residual_tiny_ttm
2025-03-20 21:05:00,17.699869523640924,0.3348042532824074,1.3471603473465417,16.25543528236279,409.1211237655983,1.0,0.1,0.0,0.0,0.6584833590394067,23333.40915167523,558.0912869574807,physics_residual_tiny_ttm
2025-03-20 21:10:00,18.433238376754417,0.32060765845762307,1.440805739214098,16.950434235228805,409.7180870127152,0.0,0.2,0.0,0.0,1.1014167091192437,0.0,911.4608784183467,physics_residual_tiny_ttm
2025-03-20 21:15:00,18.234179122883155,0.32604849506445355,1.4115364733837725,16.690907130139525,410.6618095765407,0.0,0.2,0.0,0.0,1.1014167091192437,0.0,925.6128995228642,physics_residual_tiny_ttm
2025-03-20 21:20:00,18.03202912663497,0.3308227085746661,1.383854721306416,16.463145407115807,411.518912823652,0.0,0.1,0.0,0.0,0.6584833590394067,0.0,519.9082331472908,physics_residual_tiny_ttm
2025-03-20 21:25:00,17.85625965972545,0.3352529129600399,1.3595778799808795,16.256094719598543,411.9843007213343,0.0,0.0,0.0,0.0,0.21555000895956952,0.0,187.982871500097,physics_residual_tiny_ttm
2025-03-20 21:30:00,17.677690816914517,0.3389535181155869,1.3368871082957305,16.08128818344966,412.1282827256121,1.0,0.1,0.0,0.0,0.6122397550811517,23333.40915167523,577.8426771016517,physics_residual_tiny_ttm
2025-03-20 21:35:00,18.391220239134583,0.32388993435230046,1.4300740776524399,16.8032926038023,412.52989758029037,0.0,0.2,0.0,0.0,1.1319374877316921,0.0,1042.9986054970657,physics_residual_tiny_ttm
2025-03-20 21:40:00,18.16843526216458,0.3286170286900351,1.400365512018857,16.573370906677376,413.2345383274624,0.0,0.1,0.0,0.0,0.6432229697331826,0.0,579.7485928894697,physics_residual_tiny_ttm
2025-03-20 21:45:00,17.96834066375306,0.3328629173576336,1.3741220654421642,16.36960467097654,413.59718002318124,0.0,0.0,0.0,0.0,0.21555000895956952,0.0,190.36190167618122,physics_residual_tiny_ttm
2025-03-20 21:50:00,17.787511930654436,0.336700803086407,1.3507571430795138,16.18761166839078,413.7121906817954,0.0,0.0,0.0,0.0,0.21555000895956952,0.0,186.52363294833572,physics_residual_tiny_ttm
2025-03-20 21:55:00,17.610329248920277,0.3405096163854303,1.3280875049741931,16.0092857140348,413.8251354613683,1.0,0.1,0.0,0.0,0.6275001443873759,23333.40915167523,588.0576392948099,physics_residual_tiny_ttm
2025-03-20 22:00:00,18.324810275049117,0.3256242134791654,1.4204789028507032,16.720498733754223,414.1480294938319,0.0,0.2,0.0,0.0,1.0089295012027337,0.0,923.5333640558159,physics_residual_tiny_ttm
2025-03-20 22:05:00,18.108056307272687,0.33066718453576366,1.390805118660038,16.479185245028336,414.6400483008187,0.0,0.1,0.0,0.0,0.6122397550811517,0.0,548.2562619095997,physics_residual_tiny_ttm
2025-03-20 22:10:00,17.910375621446093,0.3354156219650892,1.363882058117261,16.256010736035098,414.9135129271148,0.0,0.0,0.0,0.0,0.21555000895956952,0.0,210.3575254727512,physics_residual_tiny_ttm
2025-03-20 22:15:00,17.710552629061276,0.33947254052211584,1.338607000245191,16.06398705669803,415.0048789549592,1.0,0.1,0.0,0.0,0.6122397550811517,23333.40915167523,640.0154324176892,physics_residual_tiny_ttm
2025-03-20 22:20:00,18.40166488295244,0.3247504018623373,1.4291893943103569,16.767665192959193,415.25972992872727,0.0,0.2,0.0,0.0,1.0089295012027337,0.0,1030.185524185768,physics_residual_tiny_ttm
2025-03-20 22:25:00,18.159879573830015,0.3296813506905413,1.397394616419675,16.527259300117926,415.6582797886086,0.0,0.1,0.0,0.0,0.6584833590394067,0.0,657.6426647536574,physics_residual_tiny_ttm
2025-03-20 22:30:00,17.937545143961582,0.3345871369274044,1.3679184658843804,16.293822023859896,415.89652566434245,0.0,0.0,0.0,0.0,0.21555000895956952,0.0,210.93422546303879,physics_residual_tiny_ttm
2025-03-20 22:35:00,17.73717433225103,0.3388866219732561,1.3420437289451348,16.091305520683356,415.9702343251605,1.0,0.1,0.0,0.0,0.6353615570602792,23333.40915167523,665.7933684378995,physics_residual_tiny_ttm
2025-03-20 22:40:00,18.42683423726482,0.3244800546166093,1.4320186552486036,16.78246167200763,416.18359750797333,0.0,0.2,0.0,0.0,1.1014167091192437,0.0,1126.9278856407025,physics_residual_tiny_ttm
2025-03-20 22:45:00,18.180717887793378,0.32994170394911665,1.3986807706343445,16.518869335059733,416.53388496409355,0.0,0.1,0.0,0.0,0.7047269629976618,0.0,705.1412828196109,physics_residual_tiny_ttm
2025-03-20 22:50:00,17.956098660521544,0.3348756775653606,1.3689219358865787,16.284103532115623,416.7374403576481,0.0,0.0,0.0,0.0,0.21555000895956952,0.0,190.1020530483413,physics_residual_tiny_ttm
2025-03-20 22:55:00,17.775516763043683,0.3390038268481265,1.3450506709236492,16.09117239650391,416.79604408765977,0.0,0.0,0.0,0.0,0.21555000895956952,0.0,186.26902365070544,physics_residual_tiny_ttm
2025-03-20 23:00:00,17.598575939981455,0.3431038632058598,1.3218829438512905,15.902113558590479,416.85359514812734,1.0,0.1,0.0,0.0,0.6737437483456309,23333.40915167523,696.7369015299943,physics_residual_tiny_ttm
2025-03-20 23:05:00,18.289825330303707,0.32840095926358776,1.4115292569777735,16.597781088324247,417.0302510313535,0.0,0.2,0.0,0.0,1.1633831384233055,0.0,1174.3990340215066,physics_residual_tiny_ttm
2025-03-20 23:10:00,18.04446612782633,0.3333273632549475,1.3797532884570418,16.35962520255928,417.31816402097627,0.0,0.1,0.0,0.0,0.6584833590394067,0.0,650.1720244151859,physics_residual_tiny_ttm
2025-03-20 23:15:00,17.82465735611456,0.3378791282564156,1.3515151369429192,16.143499559242755,417.46532605129795,0.0,0.0,0.0,0.0,0.21555000895956952,0.0,208.5380705023525,physics_residual_tiny_ttm
2025-03-20 23:20:00,17.626562701881074,0.3420949509753872,1.3262519670626745,15.946544567800716,417.51085513399397,1.0,0.1,0.0,0.0,0.7278487649767893,23333.40915167523,754.542665723984,physics_residual_tiny_ttm
2025-03-20 23:25:00,18.31517477586651,0.3278166382291477,1.415005504722335,16.62579006265466,417.66183188537485,0.0,0.2,0.0,0.0,1.1633831384233055,0.0,1177.2922186409057,physics_residual_tiny_ttm
2025-03-20 23:30:00,18.06921112000466,0.3327520248338425,1.3830932366900783,16.386772963145077,417.88851399865433,0.0,0.1,0.0,0.0,0.7047269629976618,0.0,697.4180528717621,physics_residual_tiny_ttm
2025-03-20 23:35:00,17.847052088987386,0.3370338769643023,1.3551496897188264,16.181152430150714,418.01251575841604,0.0,0.0,0.0,0.0,0.21555000895956952,0.0,209.01342085946277,physics_residual_tiny_ttm
2025-03-20 23:40:00,17.64850588955448,0.3411593528245987,1.3299768817611253,15.987370891361914,418.0482159455894,1.0,0.1,0.0,0.0,0.6737437483456309,23333.40915167523,700.0435358636372,physics_residual_tiny_ttm
2025-03-20 23:45:00,18.33865967458726,0.32661405454668807,1.4196263690577533,16.679966599975018,418.1577994709877,0.0,0.2,0.0,0.0,1.1014167091192437,0.0,1117.398015766068,physics_residual_tiny_ttm
2025-03-20 23:50:00,18.094624608944507,0.3315657999824128,1.3877663421563295,16.439700130622224,418.3268853413379,0.0,0.1,0.0,0.0,0.6432229697331826,0.0,638.3144173939783,physics_residual_tiny_ttm
2025-03-20 23:55:00,17.874316584785003,0.33614284521136895,1.359301731584011,16.22139131320909,418.4165674896253,0.0,0.0,0.0,0.0,0.21555000895956952,0.0,209.5921367516069,physics_residual_tiny_ttm
2025-03-21 00:00:00,17.675220651079226,0.3403691744988361,1.3338164160223895,16.022929474485114,418.44500989727516,1.0,0.1,0.0,0.0,0.7125883756705651,23333.40915167523,742.1711242880075,physics_residual_tiny_ttm
2025-03-21 00:05:00,18.363328337203153,0.3256095978971729,1.4239447677298922,16.725998543899326,418.53734888656555,0.0,0.2,0.0,0.0,1.0708959305067955,0.0,1089.1589182160378,physics_residual_tiny_ttm
2025-03-21 00:10:00,18.11993963426037,0.3305793370105425,1.3920264020288309,16.484370854845103,418.6678778136596,0.0,0.1,0.0,0.0,0.6894665736914376,0.0,685.79499671102,physics_residual_tiny_ttm
2025-03-21 00:15:00,17.897261264617736,0.33521508334898137,1.3631682893722707,16.262725176488185,418.74441562362244,0.0,0.0,0.0,0.0,0.21555000895956952,0.0,213.68757843344537,physics_residual_tiny_ttm
2025-03-21 00:20:00,17.69427498560502,0.33954416485979855,1.3370895099761817,16.05906200163792,418.7669690589206,1.0,0.1,0.0,0.0,0.7047269629976618,23333.40915167523,735.3240242684387,physics_residual_tiny_ttm
2025-03-21 00:25:00,18.38225772825892,0.32544786809816073,1.4259774631002078,16.735316555893903,418.83938157145303,0.0,0.2,0.0,0.0,1.286391124952264,0.0,1309.5953441850531,physics_residual_tiny_ttm
2025-03-21 00:30:00,18.129733633781832,0.33112387220211414,1.3917499951331456,16.462661713032333,418.9637990086146,0.0,0.1,0.0,0.0,0.7972141709141718,0.0,793.3965544364681,physics_residual_tiny_ttm
2025-03-21 00:35:00,17.902600037725314,0.3358068092196151,1.3624125368907873,16.238810921054785,419.0326385181353,0.0,0.0,0.0,0.0,0.21555000895956952,0.0,210.19248101701228,physics_residual_tiny_ttm
2025-03-21 00:40:00,17.702933824504672,0.33984518935326163,1.3372096121657049,16.047771677070273,419.05001474947557,1.0,0.1,0.0,0.0,0.7740923689350443,23333.40915167523,808.1564311744401,physics_residual_tiny_ttm
2025-03-21 00:45:00,18.388111092202937,0.3244822700799122,1.428542762809852,16.77745115409741,419.11129611056157,0.0,0.2,0.0,0.0,1.286391124952264,0.0,1184.1958559338134,physics_residual_tiny_ttm
2025-03-21 00:50:00,18.159767285445366,0.32929822096707556,1.3981834573404068,16.543442817532895,419.20656451023524,0.0,0.1,0.0,0.0,0.7357101776496926,0.0,662.2387709147487,physics_residual_tiny_ttm
2025-03-21 00:55:00,17.95657108844832,0.3335995715888156,1.3715891007783934,16.33735504658721,419.2552093906626,0.0,0.0,0.0,0.0,0.21555000895956952,0.0,211.3380699543971,physics_residual_tiny_ttm
2025-03-21 01:00:00,17.75581665644874,0.3375567240328736,1.3463236568973183,16.14836122106267,419.2685876925389,1.0,0.1,0.0,0.0,0.6894665736914376,23333.40915167523,723.6113717246596,physics_residual_tiny_ttm
2025-03-21 01:05:00,18.443019902965556,0.32243538694415075,1.437810592095157,16.872563851570096,419.3106113873373,0.0,0.2,0.0,0.0,1.1939039170357537,0.0,1223.003361815669,physics_residual_tiny_ttm
2025-03-21 01:10:00,18.192769707944155,0.32611376420645777,1.4077359686178839,16.682889122971392,419.3792000344221,0.0,0.1,0.0,0.0,0.6968655503247584,0.0,698.1224740969743,physics_residual_tiny_ttm
2025-03-21 01:15:00,17.96819583969193,0.3302924617164997,1.379403945637725,16.477501991463303,419.41525121022664,0.0,0.0,0.0,0.0,0.21555000895956952,0.0,211.5848167982352,physics_residual_tiny_ttm
2025-03-21 01:20:00,17.767207017728946,0.33426804149023615,1.353978578746105,16.28605052803374,419.4257547607995,1.0,0.1,0.0,0.0,0.6584833590394067,23333.40915167523,691.9087528710725,physics_residual_tiny_ttm
2025-03-21 01:25:00,18.45533514729315,0.3197448145743479,1.4446343030544604,16.99076175251009,419.45726567196795,0.0,0.2,0.0,0.0,1.1171395344650505,0.0,1255.6831028412378,physics_residual_tiny_ttm
2025-03-21 01:30:00,18.184242296316302,0.3226455307831619,1.4142237168109353,16.830504983245252,419.50779150318095,0.0,0.1,0.0,0.0,0.6584833590394067,0.0,723.9490245480619,physics_residual_tiny_ttm
2025-03-21 01:35:00,17.939491153707582,0.326244840372802,1.3852376522642498,16.645324578521823,419.5348007618754,0.0,0.0,0.0,0.0,0.21555000895956952,0.0,232.20152060080989,physics_residual_tiny_ttm
2025-03-21 01:40:00,17.718918095631896,0.33036727046778924,1.357775056258501,16.443227359059293,419.5431569035375,1.0,0.1,0.0,0.0,0.6122397550811517,23333.40915167523,640.5189887502819,physics_residual_tiny_ttm
2025-03-21 01:45:00,18.409848785958545,0.3159559691156763,1.4485459247394388,17.150575779618837,419.5664650289949,0.0,0.2,0.0,0.0,1.1014167091192437,0.0,1125.0921051639375,physics_residual_tiny_ttm
2025-03-21 01:50:00,18.16413336328564,0.32021607551104725,1.4175051983207383,16.9329285797713,419.606256917416,0.0,0.1,0.0,0.0,0.6584833590394067,0.0,657.9180098906317,physics_residual_tiny_ttm
2025-03-21 01:55:00,17.941705845320392,0.32436710422228243,1.3892918011847142,16.725762507205964,419.62786302305085,0.0,0.0,0.0,0.0,0.21555000895956952,0.0,211.02254046496225,physics_residual_tiny_ttm
2025-03-21 02:00:00,17.74125114135109,0.32837448983428214,1.3637333274007069,16.530032403129713,419.63454753377715,1.0,0.1,0.0,0.0,0.7047269629976618,23333.40915167523,738.5777070725201,physics_residual_tiny_ttm
2025-03-21 02:05:00,18.428197439628455,0.31386161037609916,1.4546526995677436,17.245291572915395,419.6560095509973,0.0,0.2,0.0,0.0,1.1014167091192437,0.0,1127.0752199823057,physics_residual_tiny_ttm
2025-03-21 02:10:00,18.182048912951384,0.31731596679650204,1.4251548478932439,17.061491277533804,419.687582620023,0.0,0.1,0.0,0.0,0.6894665736914376,0.0,690.0039380797441,physics_residual_tiny_ttm
2025-03-21 02:15:00,17.958003895540244,0.3209910346278843,1.3976660099961924,16.87300357118557,419.7055327317342,0.0,0.0,0.0,0.0,0.21555000895956952,0.0,211.36848270219284,physics_residual_tiny_ttm
2025-03-21 02:20:00,17.75722057383844,0.324827631916446,1.3723151237886153,16.68271332598188,419.71082210026026,1.0,0.1,0.0,0.0,0.6737437483456309,23333.40915167523,707.2432168306431,physics_residual_tiny_ttm
2025-03-21 02:25:00,18.444988849088737,0.31036824134357055,1.463597952329271,17.40273452833499,419.72705808376935,0.0,0.2,0.0,0.0,1.1014167091192437,0.0,1128.8900284974707,physics_residual_tiny_ttm
2025-03-21 02:30:00,18.19844397580206,0.3140717850791735,1.433401956924396,17.20608595108664,419.752109982699,0.0,0.1,0.0,0.0,0.6663447717123101,0.0,667.9992362182024,physics_residual_tiny_ttm
2025-03-21 02:35:00,17.974954185136223,0.3178819495478595,1.4055632804388818,17.010079919259855,419.7658750007813,0.0,0.0,0.0,0.0,0.21555000895956952,0.0,211.72826936534824,physics_residual_tiny_ttm
2025-03-21 02:40:00,17.773829094593534,0.3218306892215784,1.3798493335804944,16.81328449085597,419.7700804712546,0.0,0.0,0.0,0.0,0.21555000895956952,0.0,207.45919037448866,physics_residual_tiny_ttm
2025-03-21 02:45:00,17.576759291052173,0.32575344131353007,1.3549316133157472,16.62046774207776,419.77421040096135,1.0,0.1,0.0,0.0,0.6584833590394067,23333.40915167523,744.3105663391202,physics_residual_tiny_ttm
2025-03-21 02:50:00,18.24717152725071,0.31115949216296096,1.4438970785703171,17.341488545924605,419.7866002920956,0.0,0.2,0.0,0.0,1.1014167091192437,0.0,1215.5895970173021,physics_residual_tiny_ttm
2025-03-21 02:55:00,17.981691829849073,0.31500710013480687,1.412085325822568,17.136741260437034,419.80618712576285,0.0,0.1,0.0,0.0,0.6432229697331826,0.0,694.40642856191,physics_residual_tiny_ttm
2025-03-21 03:00:00,17.742024192597967,0.31904928376504565,1.3827354693527898,16.929381581164925,419.8165758668078,1.0,0.2,0.0,0.0,1.1633831384233055,23333.40915167523,1331.4560096208693,physics_residual_tiny_ttm
2025-03-21 03:05:00,18.38775186448486,0.3051358582929871,1.4694222594022004,17.63056696306801,419.8343585787858,0.0,0.2,0.0,0.0,1.0089295012027337,0.0,1127.8480181609052,physics_residual_tiny_ttm
2025-03-21 03:10:00,18.123045095352495,0.3092703798048826,1.4366175113814863,17.409430119142964,419.8482852884928,0.0,0.1,0.0,0.0,0.6584833590394067,0.0,719.9877679185078,physics_residual_tiny_ttm
2025-03-21 03:15:00,17.879633165938866,0.31344741757733385,1.4062429214338465,17.192121578690585,419.85661042289684,0.0,0.0,0.0,0.0,0.21555000895956952,0.0,230.9309756015308,physics_residual_tiny_ttm
2025-03-21 03:20:00,17.66026702500648,0.3176226438703503,1.3785113118584928,16.98084015445741,419.8591860582826,1.0,0.1,0.0,0.0,0.6584833590394067,23333.40915167523,749.7159698467277,physics_residual_tiny_ttm
2025-03-21 03:25:00,18.328851813912614,0.3040123449303951,1.4663729207051328,17.673704406850252,419.86691302806105,0.0,0.2,0.0,0.0,1.1633831384233055,0.0,1292.9852742640362,physics_residual_tiny_ttm
2025-03-21 03:30:00,18.058717194828272,0.30877285615372335,1.4318534620275813,17.42320465473389,419.87981562298586,0.0,0.1,0.0,0.0,0.6737437483456309,0.0,732.3687340998393,physics_residual_tiny_ttm
2025-03-21 03:35:00,17.816057445377847,0.3132891042168576,1.4009492867484008,17.190823364594028,419.88656341237436,0.0,0.0,0.0,0.0,0.21555000895956952,0.0,229.58151804631746,physics_residual_tiny_ttm
2025-03-21 03:40:00,17.59797318226834,0.31755310447694,1.3732469491203512,16.975844178780008,419.88860101716426,1.0,0.1,0.0,0.0,0.6584833590394067,23333.40915167523,745.6837282794577,physics_residual_tiny_ttm
2025-03-21 03:45:00,18.267921182805956,0.30424267413878175,1.460295663199493,17.655111191405872,419.8947138818652,0.0,0.2,0.0,0.0,1.1014167091192437,0.0,1217.8322111157481,physics_residual_tiny_ttm
2025-03-21 03:50:00,18.001951707839833,0.30889065252462133,1.4265102222244868,17.410456172152486,419.9043775393445,0.0,0.1,0.0,0.0,0.6894665736914376,0.0,745.5660515749968,physics_residual_tiny_ttm
2025-03-21 03:55:00,17.759865612692114,0.31345073911284066,1.3956716457097191,17.176384070217026,419.9098715802042,1.0,0.2,0.0,0.0,1.1014167091192437,23333.40915167523,1262.7518562630707,physics_residual_tiny_ttm
2025-03-21 04:00:00,18.407757829679365,0.3006836277274194,1.480692900050701,17.836350768354002,419.91814399249836,0.0,0.2,0.0,0.0,1.1014167091192437,0.0,1232.9456974540017,physics_residual_tiny_ttm
2025-03-21 04:05:00,18.138487632339828,0.3055635592935611,1.4457287587729288,17.578054892701733,419.9256571236987,0.0,0.1,0.0,0.0,0.6737437483456309,0.0,737.651568746,physics_residual_tiny_ttm
2025-03-21 04:10:00,17.89407749231163,0.3101577719736846,1.4142659529746004,17.339744993194326,419.92983112771054,0.0,0.0,0.0,0.0,0.21555000895956952,0.0,231.23757071648495,physics_residual_tiny_ttm
2025-03-21 04:15:00,17.67442011029727,0.314525397195684,1.386004271784573,17.11802325322532,419.9310915361314,1.0,0.1,0.0,0.0,0.6584833590394067,23333.40915167523,750.6320902256637,physics_residual_tiny_ttm
2025-03-21 04:20:00,18.342695179179053,0.30171977563064745,1.4724808402225569,17.78010683386,419.93487279252764,0.0,0.2,0.0,0.0,1.1014167091192437,0.0,1225.9137533860262,physics_residual_tiny_ttm
2025-03-21 04:25:00,18.074960729091625,0.30705085065540894,1.436886515348534,17.50258943646448,419.940850475405,0.0,0.1,0.0,0.0,0.6584833590394067,0.0,781.6046728673995,physics_residual_tiny_ttm
2025-03-21 04:30:00,17.810717487832985,0.3111678931146668,1.4048043123612555,17.283934003642813,419.94409622354175,1.0,0.2,0.0,0.0,1.1014167091192437,23333.40915167523,1376.3274876413557,physics_residual_tiny_ttm
2025-03-21 04:35:00,18.43380526068507,0.2980643944418843,1.4886667288113853,17.960621029073913,419.9492273363329,0.0,0.2,0.0,0.0,1.0089295012027337,0.0,1231.4496125611413,physics_residual_tiny_ttm
2025-03-21 04:40:00,18.144783120253507,0.302535144471438,1.4526077619336695,17.71633156268122,419.95349617285194,0.0,0.1,0.0,0.0,0.6122397550811517,0.0,731.0509696669625,physics_residual_tiny_ttm
2025-03-21 04:45:00,17.881193505144303,0.30703499499985165,1.4195166600625853,17.477659984713956,419.9558687971639,0.0,0.0,0.0,0.0,0.21555000895956952,0.0,252.1900845005901,physics_residual_tiny_ttm
2025-03-21 04:50:00,17.641632894125344,0.3115150534097221,1.3892165839286068,17.246433505717587,419.95666150392776,1.0,0.1,0.0,0.0,0.6584833590394067,23333.40915167523,813.2391701539457,physics_residual_tiny_ttm
2025-03-21 04:55:00,18.28874189491634,0.2985490723537287,1.4741700842172856,17.91857186473709,419.9590396438002,0.0,0.2,0.0,0.0,1.1939039170357537,0.0,1322.0475893406524,physics_residual_tiny_ttm
2025-03-21 05:00:00,18.01822533102979,0.30520791337771036,1.4355797264960082,17.57813908608561,419.96311487127605,0.0,0.1,0.0,0.0,0.7047269629976618,0.0,763.1490853541231,physics_residual_tiny_ttm
2025-03-21 05:05:00,17.775128008518745,0.31050578830384196,1.4030065252719648,17.308663521478014,419.96528103333816,1.0,0.2,0.0,0.0,1.1633831384233055,23333.40915167523,1335.2342165575114,physics_residual_tiny_ttm
2025-03-21 05:10:00,18.420066325327923,0.29906104840309133,1.485273733921967,17.912701486014047,419.9686469883713,0.0,0.2,0.0,0.0,1.0394502798151821,0.0,1165.1219759817357,physics_residual_tiny_ttm
2025-03-21 05:15:00,18.153254482183506,0.30483514447810883,1.4485880177403048,17.612967076700723,419.9713628130972,0.0,0.1,0.0,0.0,0.6584833590394067,0.0,721.9432026765431,physics_residual_tiny_ttm
2025-03-21 05:20:00,17.909181463556276,0.31024266577121745,1.4154364792615406,17.337949218494774,419.97293423901596,0.0,0.0,0.0,0.0,0.21555000895956952,0.0,245.5673202892997,physics_residual_tiny_ttm
2025-03-21 05:25:00,17.675911954125365,0.31479110657094084,1.3855973096969563,17.10655818709412,419.97342040776783,1.0,0.1,0.0,0.0,0.6894665736914376,23333.40915167523,853.7299095761184,physics_residual_tiny_ttm
2025-03-21 05:30:00,18.3208655720972,0.30200664677956635,1.4698623450992236,17.764056768676802,419.9749475528,0.0,0.2,0.0,0.0,1.1319374877316921,0.0,1257.3070063369335,physics_residual_tiny_ttm
2025-03-21 05:35:00,18.0523042231417,0.30829065613669615,1.4322749482125667,17.443947343474786,419.97731070314546,0.0,0.1,0.0,0.0,0.6353615570602792,0.0,690.3514768093042,physics_residual_tiny_ttm
2025-03-21 05:40:00,17.81143302918461,0.31359053900545625,1.3999266413829363,17.176936347054394,419.978512028727,1.0,0.2,0.0,0.0,1.1014167091192437,23333.40915167523,1376.4048230515216,physics_residual_tiny_ttm
2025-03-21 05:45:00,18.4345039123057,0.30058408635876377,1.4833878987779145,17.844524512777834,419.98048429627744,0.0,0.2,0.0,0.0,1.0708959305067955,0.0,1306.8340970208978,physics_residual_tiny_ttm
2025-03-21 05:50:00,18.142472464446563,0.3056694948854048,1.4458700242112164,17.57379864597501,419.9822259035856,0.0,0.1,0.0,0.0,0.6122397550811517,0.0,730.9118805493138,physics_residual_tiny_ttm
2025-03-21 05:55:00,17.87893299966683,0.3105262917533086,1.4121639395672596,17.321364256959402,419.9831327376219,0.0,0.0,0.0,0.0,0.21555000895956952,0.0,252.1421030358382,physics_residual_tiny_ttm
2025-03-21 06:00:00,17.639417967240053,0.31523132025398,1.3815249953063087,17.082534749310252,419.98343571583496,1.0,0.1,0.0,0.0,0.6122397550811517,23333.40915167523,756.122806412784,physics_residual_tiny_ttm
2025-03-21 06:05:00,18.28866624817643,0.3025020261133652,1.465855595772158,17.73711364165804,419.984280825275,0.0,0.1,0.0,0.0,0.6122397550811517,0.0,739.7119641981333,physics_residual_tiny_ttm
2025-03-21 06:10:00,18.021953802635892,0.3074593150725294,1.4312633112884416,17.477223323156117,419.9850828172486,0.0,0.0,0.0,0.0,0.21555000895956952,0.0,255.17786104874267,physics_residual_tiny_ttm
2025-03-21 06:15:00,17.779555040478357,0.3121885202881405,1.3999727483040794,17.234659624795423,419.9853507671549,1.0,0.1,0.0,0.0,0.6122397550811517,23333.40915167523,764.5583084932044,physics_residual_tiny_ttm
2025-03-21 06:20:00,18.42576179512055,0.299778341219074,1.4842834757772114,17.880406325390332,419.98609817071565,0.0,0.2,0.0,0.0,1.0089295012027337,0.0,1230.6529841480844,physics_residual_tiny_ttm
2025-03-21 06:25:00,18.13692662397033,0.3052758574652517,1.4461859242865032,17.590851723784116,419.9872670011895,0.0,0.1,0.0,0.0,0.6122397550811517,0.0,730.5780506227003,physics_residual_tiny_ttm
2025-03-21 06:30:00,17.873507525766275,0.3106158148132274,1.4114985363458814,17.316673258384117,419.98791663852893,0.0,0.0,0.0,0.0,0.21555000895956952,0.0,252.10633153181945,physics_residual_tiny_ttm
2025-03-21 06:35:00,17.637766678218593,0.31563661550227806,1.3805635603034827,17.064581152509657,300.0,0.0,0.1,0.0,0.0,0.6122397550811517,0.0,700.846985292741,physics_residual_tiny_ttm
2025-03-21 06:40:00,17.390312023734104,0.321353254176954,1.3478160458124897,16.784930603244828,300.0,1.0,0.0,0.0,0.0,0.21555000895956952,23333.40915167523,261.4981708964814,physics_residual_tiny_ttm
2025-03-21 06:45:00,18.071314041115542,0.30846584148897743,1.4336238615244896,17.43860842839078,300.0,1.0,0.0,1.0,0.0,0.21555000895956952,23333.40915167523,296.9885665778569,physics_residual_tiny_ttm
2025-03-21 06:50:00,18.709626501369538,0.29612692881643005,1.5187717500085394,18.088136179992123,302.1555000895957,1.0,0.0,0.0,0.0,0.21555000895956952,23333.40915167523,310.9025718496899,physics_residual_tiny_ttm
2025-03-21 06:55:00,19.351926700373696,0.2852577564960442,1.6052604255254264,18.69361698599367,300.0,1.0,0.0,0.0,0.0,0.21555000895956952,23333.40915167523,324.61541845481264,physics_residual_tiny_ttm
2025-03-21 07:00:00,19.984940985714953,0.2752272704825395,1.6930089839649858,19.27840879345098,300.0,1.0,0.0,0.0,0.0,0.21555000895956952,23333.40915167523,338.13116235722305,physics_residual_tiny_ttm
2025-03-21 07:05:00,20.608856589353632,0.26604346680559215,1.7818122588175709,19.83879911212379,300.0,1.0,0.0,0.0,0.0,0.21555000895956952,23333.40915167523,351.4855335589448,physics_residual_tiny_ttm
2025-03-21 07:10:00,21.225322884490467,0.25764109436243393,1.8718048918779737,20.375064085868985,300.0,1.0,0.0,0.0,0.0,0.21555000895956952,23333.40915167523,364.74529745611517,physics_residual_tiny_ttm
2025-03-21 07:15:00,21.837421904399687,0.2500479125537483,1.9630944374746206,20.882940163439056,300.0,1.0,0.1,1.0,0.0,0.6122397550811517,23333.40915167523,1008.8201842530083,physics_residual_tiny_ttm
2025-03-21 07:20:00,22.395556969804247,0.2418686158453025,2.053112502148239,21.43096778035064,306.1223975508115,0.0,0.2,0.7,0.0,1.0089295012027337,0.0,1625.5177644033674,physics_residual_tiny_ttm
2025-03-21 07:25:00,22.03115588768604,0.2485510539186891,1.9903886982898331,20.99617203304911,300.0,0.0,0.1,0.0,0.0,0.6122397550811517,0.0,968.9585292464006,physics_residual_tiny_ttm
2025-03-21 07:30:00,21.747717002114218,0.2567524068857756,1.934919455643462,20.502221060858755,300.0,1.0,0.2,1.0,0.0,1.0089295012027337,23333.40915167523,1651.108141910958,physics_residual_tiny_ttm
2025-03-21 07:35:00,22.28353290873908,0.24865501573699333,2.020924714973085,21.029593751451927,310.0892950120273,0.0,0.1,0.0,0.0,0.6122397550811517,0.0,985.3228493924408,physics_residual_tiny_ttm
2025-03-21 07:40:00,22.0136733612499,0.2577198763677445,1.9640094175903189,20.49033684557726,300.0,0.0,0.0,0.0,0.0,0.21555000895956952,0.0,341.9701853138728,physics_residual_tiny_ttm
2025-03-21 07:45:00,21.786074087900175,0.266795592437408,1.9132494086139495,19.97391236082406,300.0,1.0,0.1,1.0,0.0,0.6122397550811517,23333.40915167523,1005.7293204087913,physics_residual_tiny_ttm
2025-03-21 07:50:00,22.34532360311037,0.257130716790673,2.0056483297719727,20.57263147064534,306.1223975508115,0.0,0.2,1.0,0.0,1.0708959305067955,0.0,1612.7536937374834,physics_residual_tiny_ttm
2025-03-21 07:55:00,21.98492988726229,0.26307204790841276,1.9464350657489915,20.199608069988063,316.28498597070376,0.0,0.2,0.8,0.0,1.1014167091192437,0.0,1622.5019685864197,physics_residual_tiny_ttm
2025-03-21 08:00:00,21.657756742949413,0.26980048171540977,1.8905327409055817,19.79867645820838,300.0,0.0,0.1,0.0,0.0,0.7047269629976618,0.0,1025.250862152715,physics_residual_tiny_ttm
2025-03-21 08:05:00,21.47582063917889,0.28084777902716235,1.84132946174645,19.211238566733478,300.0,0.0,0.0,0.0,0.0,0.21555000895956952,0.0,289.43549533115413,physics_residual_tiny_ttm
2025-03-21 08:10:00,21.360960601790598,0.29195458649954725,1.8001875644054461,18.6508599857073,300.0,1.0,0.1,1.0,0.0,0.7047269629976618,23333.40915167523,989.2875882911046,physics_residual_tiny_ttm
2025-03-21 08:15:00,21.968044521902343,0.28055890445682047,1.8982923379858985,19.29613180103207,307.0472696299766,0.0,0.2,1.0,0.0,1.286391124952264,0.0,1761.898669059572,physics_residual_tiny_ttm
2025-03-21 08:20:00,21.62830456486888,0.285099183624638,1.8475946808097428,19.022220102734003,319.15571878723694,0.0,0.1,0.0,0.0,0.6584833590394067,0.0,829.5971289901139,physics_residual_tiny_ttm
2025-03-21 08:25:00,21.535924693584636,0.2975154378537133,1.8052796933102262,18.409342274672717,300.0,0.0,0.0,0.0,0.0,0.21555000895956952,0.0,270.4697045545891,physics_residual_tiny_ttm
2025-03-21 08:30:00,21.485459194965692,0.309853916899201,1.7681042227730126,17.828081569064917,300.0,0.0,0.0,0.0,0.0,0.21555000895956952,0.0,269.6843267943292,physics_residual_tiny_ttm
2025-03-21 08:35:00,21.449204480248174,0.32250260919360213,1.7318522687431641,17.255208786412418,300.0,0.0,0.0,0.0,0.0,0.21555000895956952,0.0,247.95871991382216,physics_residual_tiny_ttm
2025-03-21 08:40:00,21.446304068022194,0.33526754308578577,1.6989202718205028,16.701163427342436,300.0,0.0,0.0,0.0,0.0,0.21555000895956952,0.0,248.18295816154384,physics_residual_tiny_ttm
2025-03-21 08:45:00,21.45665538443484,0.34819370636685193,1.666939454233142,16.160381722556366,300.0,0.0,0.0,0.0,0.0,0.21555000895956952,0.0,248.73611118534356,physics_residual_tiny_ttm
2025-03-21 08:50:00,21.482190109363078,0.3614217077542478,1.6356640431209992,15.626705893371467,300.0,0.0,0.0,0.0,0.0,0.21555000895956952,0.0,249.4686458905574,physics_residual_tiny_ttm
2025-03-21 08:55:00,21.5160054758046,0.37461083968849707,1.6051989489612488,15.112320235354687,300.0,0.0,0.0,0.0,0.0,0.21555000895956952,0.0,250.44045703966552,physics_residual_tiny_ttm
2025-03-21 09:00:00,21.560866353910647,0.38793383691770406,1.5753193057362287,14.609708561042112,300.0,0.0,0.0,0.0,0.0,0.21555000895956952,0.0,230.42073094358227,physics_residual_tiny_ttm
2025-03-21 09:05:00,21.636713041883834,0.40114526605183565,1.5484800056891381,14.129257589686704,300.0,0.0,0.1,0.5,0.0,0.7357101776496926,0.0,780.156837278696,physics_residual_tiny_ttm
2025-03-21 09:10:00,21.55137584828172,0.4059682317881424,1.528015710170086,13.945405195120092,300.0,0.0,0.0,0.5,0.0,0.21555000895956952,0.0,227.33744504838722,physics_residual_tiny_ttm
2025-03-21 09:15:00,21.494381980095355,0.41454346283433996,1.5007163420351732,13.63323923701081,300.0,0.0,0.0,0.3,0.0,0.21555000895956952,0.0,227.655148688435,physics_residual_tiny_ttm
2025-03-21 09:20:00,21.509047858628556,0.42510825553676806,1.4749582476292014,13.265048403867619,300.0,0.0,0.1,0.3,0.0,0.7819537816079476,0.0,825.9057764726425,physics_residual_tiny_ttm
2025-03-21 09:25:00,21.509531532927873,0.4305589465845649,1.4610170362654746,13.077511151252637,300.0,0.0,0.0,0.5,0.0,0.21555000895956952,0.0,205.604338730012,physics_residual_tiny_ttm
2025-03-21 09:30:00,21.49113537780109,0.43894681006126346,1.4378769217906457,12.791112147417874,300.0,0.0,0.1,0.4,0.0,0.7972141709141718,0.0,760.3976785020155,physics_residual_tiny_ttm
2025-03-21 09:35:00,21.490732015049687,0.4426911145643188,1.4282457009921123,12.665577508053904,300.0,0.0,0.2,0.3,0.0,1.4408447621728357,0.0,1376.9779012996098,physics_residual_tiny_ttm
2025-03-21 09:40:00,21.509194195969762,0.44044837200245207,1.4356140712748167,12.74240669122363,300.0,0.0,0.1,0.5,0.0,0.7819537816079476,0.0,745.4131929091981,physics_residual_tiny_ttm
2025-03-21 09:45:00,21.48527505086309,0.44315814207048854,1.426572388753748,12.649469540414435,300.0,0.0,0.1,0.5,0.0,0.7199873523038859,0.0,614.3758406731486,physics_residual_tiny_ttm
2025-03-21 09:50:00,21.49069421142934,0.44677954869778175,1.417764769580582,12.529606377430786,300.0,0.0,0.0,0.6,0.0,0.21555000895956952,0.0,183.65936281658523,physics_residual_tiny_ttm
2025-03-21 09:55:00,21.478108422516733,0.4537561860324005,1.3988076877108424,12.298926636462312,300.0,0.0,0.0,0.6,0.0,0.21555000895956952,0.0,183.46207979822785,physics_residual_tiny_ttm
2025-03-21 10:00:00,21.469001417058887,0.4605989080279062,1.3805153997552944,12.076006587949507,300.0,0.0,0.0,0.0,0.0,0.21555000895956952,0.0,188.67043931990435,physics_residual_tiny_ttm
2025-03-21 10:05:00,21.709430415891465,0.47443321577583625,1.365028497948187,11.656895452957043,300.0,0.0,0.0,0.4,0.0,0.21555000895956952,0.0,186.8214768011077,physics_residual_tiny_ttm
2025-03-21 10:10:00,21.79407835725897,0.48344373839061106,1.34857892291315,11.38295647607949,300.0,0.0,0.1,0.7,0.0,0.7357101776496926,0.0,573.0774088015523,physics_residual_tiny_ttm
2025-03-21 10:15:00,21.75069170901143,0.481266005178212,1.3506815985319682,11.446789418754834,300.0,0.0,0.1,0.6,0.0,0.7972141709141718,0.0,621.5548175485611,physics_residual_tiny_ttm
2025-03-21 10:20:00,21.757796180595335,0.4794330681330505,1.3560423792380132,11.504479385831118,300.0,0.0,0.0,0.7,0.0,0.21555000895956952,0.0,167.65829570314577,physics_residual_tiny_ttm
2025-03-21 10:25:00,21.73946499163875,0.4845651464918032,1.341171445792811,11.343580646320149,300.0,0.0,0.1,0.6,0.0,0.6968655503247584,0.0,543.0883424053676,physics_residual_tiny_ttm
2025-03-21 10:30:00,21.754528977673882,0.4840929998184599,1.3436354712611094,11.359466718625725,300.0,0.0,0.0,0.7,0.0,0.21555000895956952,0.0,167.6794501719876,physics_residual_tiny_ttm
2025-03-21 10:35:00,21.740441527099353,0.48915005510563764,1.3293207018477082,11.202590962884862,300.0,0.0,0.1,0.6,0.0,0.7509705669559168,0.0,585.6237311083828,physics_residual_tiny_ttm
2025-03-21 10:40:00,21.7594276772974,0.48660915581083813,1.3374823851842732,11.2822453906233,300.0,0.0,0.0,0.8,0.0,0.21555000895956952,0.0,145.56824701590867,physics_residual_tiny_ttm
2025-03-21 10:45:00,21.71974116728844,0.48987942643420446,1.3257455413517305,11.178507905101773,300.0,0.0,0.0,0.7,0.0,0.21555000895956952,0.0,145.89130012245664,physics_residual_tiny_ttm
2025-03-21 10:50:00,21.73465398861996,0.4945497479705601,1.3148049422615673,11.037447704703807,300.0,0.0,0.1,0.7,0.0,0.7278487649767893,0.0,492.65604424313767,physics_residual_tiny_ttm
2025-03-21 10:55:00,21.734984556345754,0.49060457195968443,1.325094102993432,11.157619704392006,300.0,0.0,0.2,0.7,0.0,1.3483575542563258,0.0,911.1270321500234,physics_residual_tiny_ttm
2025-03-21 11:00:00,21.723691790645567,0.4770475589733102,1.3594221074508361,11.576069562089433,300.0,0.0,0.3,0.7,0.0,2.0063236627420484,0.0,1154.2807028173538,physics_residual_tiny_ttm
2025-03-21 11:05:00,21.724589875912024,0.4553219234569404,1.4159758681157513,12.270639494739045,300.0,0.0,0.3,0.7,0.0,1.9605424948233758,0.0,1128.6178435506183,physics_residual_tiny_ttm
2025-03-21 11:10:00,21.728020853252513,0.4367214058753955,1.4646377183840529,12.88912538252831,300.0,0.0,0.4,0.7,0.0,2.0187290599705316,0.0,1162.0824292036173,physics_residual_tiny_ttm
2025-03-21 11:15:00,21.727865851386678,0.42039199308866554,1.5070832104938747,13.45120174076218,300.0,0.0,0.4,0.7,0.0,2.2961906837200616,0.0,1321.7647301070158,physics_residual_tiny_ttm
2025-03-21 11:20:00,21.7276984681664,0.40273353451113986,1.552982445507306,14.081077615070978,300.0,0.0,0.3,0.8,0.0,2.099273306698141,0.0,993.0357168021543,physics_residual_tiny_ttm
2025-03-21 11:25:00,21.706844208643286,0.38986538827707345,1.5844219827234622,14.553321904122551,300.0,0.0,0.2,0.8,0.0,1.2096267423815605,0.0,571.63981813813,physics_residual_tiny_ttm
2025-03-21 11:30:00,21.702242592814585,0.3854698857808485,1.595387862931487,14.718039481058874,300.0,0.0,0.1,0.8,0.0,0.7509705669559168,0.0,355.23885255038533,physics_residual_tiny_ttm
2025-03-21 11:35:00,21.706862167818617,0.3843097873473019,1.5988507436708508,14.76243408474263,300.0,0.0,0.2,0.8,0.0,1.1939039170357537,0.0,564.6155658908226,physics_residual_tiny_ttm
2025-03-21 11:40:00,21.705626015697835,0.37996069179629516,1.610023077894882,14.927859885126903,300.0,0.0,0.3,0.8,0.0,1.5901312271177532,0.0,672.6638607404963,physics_residual_tiny_ttm
2025-03-21 11:45:00,21.70919520951643,0.37363991517756345,1.6267905563406082,15.171888132339145,300.0,0.0,0.2,0.9,0.0,1.5481299233559875,0.0,571.1576986509052,physics_residual_tiny_ttm
2025-03-21 11:50:00,21.670984647261545,0.3653646590730996,1.6444397455438673,15.491963965228829,300.0,0.0,0.3,0.7,0.0,1.936958256804666,0.0,918.4187108723075,physics_residual_tiny_ttm
2025-03-21 11:55:00,21.717961578904035,0.3574846257713993,1.669643118445046,15.812526166689098,300.0,0.0,0.2,0.9,0.0,1.5018863193977323,0.0,555.6200920764533,physics_residual_tiny_ttm
2025-03-21 12:00:00,21.681076296327777,0.35157050910549675,1.6812189070343808,16.048638548228908,300.0,0.0,0.2,0.8,0.0,1.5018863193977323,0.0,559.1871328319986,physics_residual_tiny_ttm
2025-03-21 12:05:00,21.7047085395827,0.347599541102312,1.6939586118168015,16.214980013305677,300.0,0.0,0.1,0.9,0.0,0.9280835701160335,0.0,343.0652097497644,physics_residual_tiny_ttm
2025-03-21 12:10:00,21.678099997167052,0.34490541757084425,1.698191008257964,16.323600908922984,300.0,0.0,0.2,0.8,0.0,1.5638527487017941,0.0,581.5713606488006,physics_residual_tiny_ttm
2025-03-21 12:15:00,21.70033541377349,0.3403599677363145,1.712298667469459,16.516811318545127,300.0,0.0,0.1,0.9,0.0,0.9359449827889369,0.0,345.503474961381,physics_residual_tiny_ttm
2025-03-21 12:20:00,21.673127785523963,0.33752676136916976,1.7167969134016574,16.633303337661477,300.0,0.0,0.0,0.9,0.0,0.21555000895956952,0.0,57.99889959025472,physics_residual_tiny_ttm
2025-03-21 12:25:00,21.677353071315547,0.33952966918448435,1.712048336744287,16.549006931827126,300.0,0.0,0.0,0.9,0.0,0.21555000895956952,0.0,58.04571510572115,physics_residual_tiny_ttm
2025-03-21 12:30:00,21.679514175491743,0.3414747753045945,1.7072317172907225,16.46732034857788,300.0,0.0,0.0,0.9,0.0,0.21555000895956952,0.0,58.1201669161479,physics_residual_tiny_ttm
2025-03-21 12:35:00,21.68295103006518,0.3431284381414487,1.7033022233071229,16.398390400544187,300.0,0.0,0.1,0.9,0.0,0.9359449827889369,0.0,252.0720790730702,physics_residual_tiny_ttm
2025-03-21 12:40:00,21.67983688934411,0.33960856307038234,1.7121036456823293,16.545982108670326,300.0,0.0,0.1,0.9,0.0,0.7740923689350443,0.0,208.36431378692004,physics_residual_tiny_ttm
2025-03-21 12:45:00,21.67833250565564,0.3374762604396542,1.7174738903295854,16.636094873891125,300.0,0.0,0.0,0.9,0.0,0.21555000895956952,0.0,58.08714585040473,physics_residual_tiny_ttm
2025-03-21 12:50:00,21.681426707148535,0.3390367935183235,1.7137524537481768,16.57034346836055,300.0,0.0,0.0,1.0,0.0,0.21555000895956952,0.0,35.68994505255204,physics_residual_tiny_ttm
2025-03-21 12:55:00,21.647524085398146,0.3383444553423827,1.7119971263019549,16.595445399950375,302.1555000895957,0.0,0.0,0.9,0.0,0.21555000895956952,0.0,36.20721750010058,physics_residual_tiny_ttm
2025-03-21 13:00:00,21.671402486297733,0.33942525258139367,1.71169651987584,16.55268160277189,300.0,0.0,0.1,0.9,0.0,0.9821885867471919,0.0,166.8528971551663,physics_residual_tiny_ttm
2025-03-21 13:05:00,21.690335089199163,0.33449767742536884,1.7264609432859626,16.764581463167662,300.0,0.0,0.0,1.0,0.0,0.21555000895956952,0.0,35.87903427335616,physics_residual_tiny_ttm
2025-03-21 13:10:00,21.656252847661726,0.3335542283966799,1.72531168669525,16.800734848197678,302.1555000895957,0.0,0.0,0.9,0.0,0.21555000895956952,0.0,36.35597492201878,physics_residual_tiny_ttm
2025-03-21 13:15:00,21.67826944658952,0.33450520853626753,1.7251691621284295,16.76274769806404,300.0,0.0,0.1,0.9,0.0,0.812474560220396,0.0,138.53449921074196,physics_residual_tiny_ttm
2025-03-21 13:20:00,21.696610325978906,0.3305763665477289,1.7372996104982688,16.934092415202354,300.0,0.0,0.0,1.0,0.0,0.21555000895956952,0.0,36.01223238119438,physics_residual_tiny_ttm
2025-03-21 13:25:00,21.662401556786097,0.32953399583074483,1.736371680883618,16.974902041250072,302.1555000895957,0.0,0.0,0.9,0.0,0.21555000895956952,0.0,36.49125072798572,physics_residual_tiny_ttm
2025-03-21 13:30:00,21.68451406669678,0.3306525334091602,1.7358186562034152,16.92926860566943,300.0,0.0,0.0,1.0,0.0,0.21555000895956952,0.0,14.529488156838811,physics_residual_tiny_ttm
2025-03-21 13:35:00,21.670712203441383,0.3292969820053502,1.737867824537657,16.98623717101112,302.1555000895957,0.0,0.0,1.0,0.0,0.21555000895956952,0.0,14.236529957047038,physics_residual_tiny_ttm
2025-03-21 13:40:00,21.657188627278373,0.3279627446459015,1.7398865567281017,17.042514951881422,304.27228200722266,0.0,0.1,0.9,0.0,0.7819537816079476,0.0,54.68440573489477,physics_residual_tiny_ttm
2025-03-21 13:45:00,21.69585115251865,0.3232804052593955,1.7561527614990302,17.252675432301068,300.0,0.0,0.2,1.0,0.0,1.471365540785284,0.0,100.32040203258484,physics_residual_tiny_ttm
2025-03-21 13:50:00,21.67842621556527,0.30982079034469506,1.789175977538536,17.855278726257314,314.71365540785285,0.0,0.1,1.0,0.0,0.8665795768515543,0.0,57.744234111288826,physics_residual_tiny_ttm
2025-03-21 13:55:00,21.663031427225857,0.30297249088306966,1.8052301023602582,18.169894712415438,322.3169050699287,0.0,0.2,0.9,0.0,1.471365540785284,0.0,103.35994875380284,physics_residual_tiny_ttm
2025-03-21 14:00:00,21.698981438005866,0.29408948506639226,1.8322563796609657,18.595169016748184,300.0,0.0,0.3,1.0,0.0,2.0063236627420484,0.0,137.11732343598243,physics_residual_tiny_ttm
2025-03-21 14:05:00,21.680025612173804,0.278352212843076,1.8709359105072534,19.36555920435586,320.0632366274205,0.0,0.2,1.0,0.0,1.6100963526600491,0.0,107.22334505171476,physics_residual_tiny_ttm
2025-03-21 14:10:00,21.662630502811727,0.2693857665313362,1.8921699318410974,19.82086243494856,333.47222147765723,0.0,0.2,0.9,0.0,1.5018863193977323,0.0,105.33353437702165,physics_residual_tiny_ttm
2025-03-21 14:15:00,21.697852331355808,0.2621143633692285,1.915118674015913,20.20739825629302,300.0,0.0,0.2,1.0,0.0,1.316911903564712,0.0,90.10310625227602,physics_residual_tiny_ttm
2025-03-21 14:20:00,21.680795973133304,0.2567496957715176,1.9270330540002556,20.492195086208593,313.1691190356471,0.0,0.3,0.9,0.0,1.9147613269047035,0.0,137.3185062642303,physics_residual_tiny_ttm
2025-03-21 14:25:00,21.713589352867423,0.2503421429567972,1.9475438189619054,20.847513341641505,300.0,0.0,0.4,1.0,0.0,2.3886778916365716,0.0,166.40567023650308,physics_residual_tiny_ttm
2025-03-21 14:30:00,21.693177518448962,0.2408240994033637,1.9698130676270604,21.379599470826626,323.8867789163657,0.0,0.3,1.0,0.0,2.099273306698141,0.0,142.22565228173542,physics_residual_tiny_ttm
2025-03-21 14:35:00,21.67412881171944,0.2344621962183505,1.9840096974821386,21.7448177280654,340.7007722031699,0.0,0.4,0.9,0.0,2.7271810726109984,0.0,192.83855976696333,physics_residual_tiny_ttm
2025-03-21 14:40:00,21.70358057950117,0.22940179946855654,2.0007213306851686,22.048882593441785,300.0,0.0,0.2,1.0,0.0,1.7488271645348141,0.0,120.42944913349768,physics_residual_tiny_ttm
2025-03-21 14:45:00,21.68520377585252,0.22553635735472877,2.008501051323888,22.27846043736012,317.48827164534816,0.0,0.2,0.9,0.0,1.5333319700893457,0.0,110.42009551991697,physics_residual_tiny_ttm
2025-03-21 14:50:00,21.71654895322153,0.22602854497815528,2.0110718990701746,22.25380632032904,300.0,0.0,0.2,1.0,0.0,1.5018863193977323,0.0,105.43442775992865,physics_residual_tiny_ttm
2025-03-21 14:55:00,21.69852076693899,0.22433859020874614,2.0132446533914456,22.353441952665445,315.0188631939773,0.0,0.3,0.9,0.0,1.9605424948233758,0.0,142.9074938225687,physics_residual_tiny_ttm
2025-03-21 15:00:00,21.72529165596611,0.222806195316999,2.020523483514125,22.451508724415714,300.0,0.0,0.4,1.0,0.0,2.666139515386102,0.0,188.57129891899015,physics_residual_tiny_ttm
2025-03-21 15:05:00,21.703763370858535,0.2182203537082197,2.029774633657088,22.731581026052062,326.661395153861,0.0,0.2,1.0,0.0,1.5943735273142425,0.0,0.0,physics_residual_tiny_ttm
2025-03-21 15:10:00,21.711323034847283,0.21618436182746437,2.036000789252113,22.860479938731434,339.06277854078843,0.0,0.1,1.0,0.0,0.8203359728932993,0.0,0.0,physics_residual_tiny_ttm
2025-03-21 15:15:00,21.717821811725166,0.21523547938775492,2.039274930709353,22.92142548294586,344.595754733207,0.0,0.2,1.0,0.0,1.5018863193977323,0.0,105.62171867333612,physics_residual_tiny_ttm
2025-03-21 15:20:00,21.69976160065198,0.213685260010853,2.0410502981561622,23.016639393819652,354.0331384324326,0.0,0.2,1.0,0.0,1.5018863193977323,0.0,102.96430355722464,physics_residual_tiny_ttm
2025-03-21 15:25:00,21.682155779816984,0.2111491494300589,2.0454320153036667,23.175762521120394,362.28936567592706,0.0,0.2,1.0,0.0,1.6720627819641107,0.0,111.6711693364699,physics_residual_tiny_ttm
2025-03-21 15:30:00,21.664541981187146,0.20867954362465277,2.049628396862245,23.332257950013176,370.33068265732896,0.0,0.2,1.0,0.0,1.5943735273142425,0.0,103.7652488931597,physics_residual_tiny_ttm
2025-03-21 15:35:00,21.647583531117178,0.2066802900398945,2.0526783292894626,23.459680307364568,376.92996971490606,0.0,0.3,1.0,0.0,1.8675928508672834,0.0,118.3161921151033,physics_residual_tiny_ttm
2025-03-21 15:40:00,21.630370555813144,0.2046449852289005,2.0557806664344587,23.59052878605317,383.633076435496,0.0,0.2,1.0,0.0,1.5018863193977323,0.0,92.75396821118419,physics_residual_tiny_ttm
2025-03-21 15:45:00,21.61451059571393,0.20331224837633494,2.05723003074634,23.676030994903115,388.18465851717195,0.0,0.3,1.0,0.0,2.099273306698141,0.0,126.08483106176563,physics_residual_tiny_ttm
2025-03-21 15:50:00,21.597623677416102,0.2016479005840941,2.059400569068635,23.784014051293013,393.75041661037085,0.0,0.4,1.0,0.0,2.695735421919385,0.0,157.0846113324236,physics_residual_tiny_ttm
2025-03-21 15:55:00,21.579816159190685,0.2020475908969097,2.056129588387286,23.75418250290093,399.6472442565417,0.0,0.5,0.8,0.0,3.1238708187325805,0.0,197.98241566345357,physics_residual_tiny_ttm
2025-03-21 16:00:00,21.630619638109028,0.20552624390035454,2.0535341121151407,23.532483259883822,300.0,0.0,0.6,1.0,0.0,3.059049397350777,0.0,187.82368903626138,physics_residual_tiny_ttm
2025-03-21 16:05:00,21.610938950459584,0.20488396973170106,2.0527232428118003,23.571376939924175,330.59049397350776,0.0,0.7,1.0,0.0,3.8016413010801067,0.0,225.4604124471266,physics_residual_tiny_ttm
2025-03-21 16:10:00,21.590110168439942,0.2073757065637416,2.043686276277238,23.404294147171356,358.91573320846476,0.0,0.2,1.0,0.0,1.5943735273142425,0.0,92.14305527119267,physics_residual_tiny_ttm
2025-03-21 16:15:00,21.575051144163716,0.20564120934272095,2.046273388465917,23.51528381535107,367.0316613674501,0.0,0.2,1.0,0.0,1.7488271645348141,0.0,98.42951117883769,physics_residual_tiny_ttm
2025-03-21 16:20:00,21.56003139763842,0.20494052559067782,2.04619804404798,23.558801475890004,374.7510338225236,0.0,0.2,1.0,0.0,1.6868607352307525,0.0,92.48491444789867,physics_residual_tiny_ttm
2025-03-21 16:25:00,21.545538754761715,0.2048371717987983,2.0446509112889255,23.563097985645346,381.11175918540437,0.0,0.2,1.0,0.0,1.5176091447435391,0.0,81.10690906939607,physics_residual_tiny_ttm
2025-03-21 16:30:00,21.531779822152362,0.204789018580742,2.043054589082155,23.563882650213415,386.029855009006,0.0,0.1,0.4,0.0,0.9900499994200953,0.0,67.43879273996149,physics_residual_tiny_ttm
2025-03-21 16:35:00,21.677776641558257,0.21262752830581785,2.0410524982302487,23.080307804400007,300.0,0.0,0.2,1.0,0.0,1.6563399566183041,0.0,109.91784956600827,physics_residual_tiny_ttm
2025-03-21 16:40:00,21.660317310803407,0.21263683227814878,2.0388520526113805,23.076740484377467,316.563399566183,0.0,0.2,1.0,0.0,1.5333319700893457,0.0,99.18225319366181,physics_residual_tiny_ttm
2025-03-21 16:45:00,21.643623240583523,0.21268002064141447,2.0366612911258946,23.07114067629045,329.7802867597271,0.0,0.2,1.0,0.0,1.5943735273142425,0.0,100.4988813998842,physics_residual_tiny_ttm
2025-03-21 16:50:00,21.627198615957386,0.21273579495448183,2.0344735926938737,23.064784882441312,341.76728029574156,0.0,0.3,1.0,0.0,1.936958256804666,0.0,308.25262347304835,physics_residual_tiny_ttm
2025-03-21 16:55:00,21.58350871658626,0.21230451284449042,2.030158323640442,23.08488566011488,354.39507299436224,0.0,0.2,0.9,0.0,1.6258191780058557,0.0,255.43218648310227,physics_residual_tiny_ttm
2025-03-21 17:00:00,21.563281962862053,0.21324053267465426,2.025239362435888,23.021745992938648,300.0,0.0,0.2,0.3,0.0,1.2558703463398155,0.0,209.24124443437972,physics_residual_tiny_ttm
2025-03-21 17:05:00,21.657816380688338,0.21910225159467758,2.0218010340005836,22.668934357386075,300.0,0.0,0.2,0.9,0.0,1.378878332868774,0.0,226.67573827005194,physics_residual_tiny_ttm
2025-03-21 17:10:00,21.635735314002673,0.21916741864119949,2.0189059518916714,22.66118673610675,300.0,0.0,0.1,0.7,0.0,0.8744409895244577,0.0,145.04467638456663,physics_residual_tiny_ttm
2025-03-21 17:15:00,21.650460840789922,0.22178514097271024,2.013949335190108,22.501780788836186,300.0,0.0,0.0,0.8,0.0,0.21555000895956952,0.0,35.73129191523122,physics_residual_tiny_ttm
2025-03-21 17:20:00,21.64943274488247,0.22339573513979138,2.009654990377884,22.402855008887386,300.0,0.0,0.0,0.7,0.0,0.21555000895956952,0.0,35.930172500974905,physics_residual_tiny_ttm
2025-03-21 17:25:00,21.65861349746274,0.22558303373802902,2.0051194893030857,22.271253869202422,300.0,0.0,0.0,0.6,0.0,0.21555000895956952,0.0,46.91110684432025,physics_residual_tiny_ttm
2025-03-21 17:30:00,21.665516878350502,0.22809806885800676,1.999450866382256,22.12071932730241,300.0,0.0,0.0,0.2,0.0,0.21555000895956952,0.0,58.547093099799376,physics_residual_tiny_ttm
2025-03-21 17:35:00,21.70265885447391,0.23231135549619866,1.993054958207363,21.875926005713467,300.0,0.0,0.1,1.0,0.0,0.7509705669559168,0.0,199.43951786731117,physics_residual_tiny_ttm
2025-03-21 17:40:00,21.64254406486826,0.23133267600293178,1.9882789372514198,21.92408810097725,307.5097056695592,0.0,0.0,0.3,0.0,0.21555000895956952,0.0,57.557730478207326,physics_residual_tiny_ttm
2025-03-21 17:45:00,21.656987762913936,0.23451264294014554,1.9818020545117094,21.739106033367115,300.0,0.0,0.0,0.0,0.0,0.21555000895956952,0.0,57.95322854799733,physics_residual_tiny_ttm
2025-03-21 17:50:00,21.675244798466892,0.23796129579737596,1.9750759148145325,21.541386624161063,300.0,0.0,0.0,0.0,0.0,0.21555000895956952,0.0,58.10258354818331,physics_residual_tiny_ttm
2025-03-21 17:55:00,21.682139344247748,0.24072567079268958,1.9687403020117755,21.383483964358327,300.0,0.0,0.0,0.0,0.0,0.21555000895956952,0.0,58.02663637291364,physics_residual_tiny_ttm
2025-03-21 18:00:00,21.678633460439563,0.24315663044299626,1.962016681785893,21.24443621364798,300.0,0.0,0.0,0.0,0.0,0.21555000895956952,0.0,57.74580770120124,physics_residual_tiny_ttm
2025-03-21 18:05:00,21.665669809197308,0.24514085102093325,1.955323368494768,21.130269412726502,300.0,0.0,0.0,0.0,0.0,0.21555000895956952,0.0,78.50609562573042,physics_residual_tiny_ttm
2025-03-21 18:10:00,21.624009036817284,0.2467907615301346,1.9460881902847524,21.031149687203705,300.0,1.0,0.1,1.0,0.0,0.7199873523038859,23333.40915167523,321.6856680108663,physics_residual_tiny_ttm
2025-03-21 18:15:00,22.445706452726107,0.23250668469641267,2.0848078578580984,21.984701821248702,307.19987352303883,0.0,0.2,1.0,0.0,1.332634728910519,0.0,580.823562866848,physics_residual_tiny_ttm
2025-03-21 18:20:00,22.33677646891532,0.23099130435146453,2.0751427953302946,22.057143537894326,319.72665402043026,0.0,0.3,1.0,0.0,1.7288620389925182,0.0,733.8949940614089,physics_residual_tiny_ttm
2025-03-21 18:25:00,22.223840646134065,0.22903063211946245,2.066193059626217,22.156031372182365,334.17321913600034,0.0,0.2,1.0,0.0,1.5943735273142425,0.0,659.5337666225118,physics_residual_tiny_ttm
2025-03-21 18:30:00,22.116052436015252,0.22771548123019014,2.0561826228692857,22.217506771624556,345.57654808134714,0.0,0.2,0.0,0.0,1.378878332868774,0.0,557.4302513687535,physics_residual_tiny_ttm
2025-03-21 18:35:00,22.022522896433525,0.22824762050346845,2.043092014714085,22.170145399815432,300.0,0.0,0.2,0.0,0.0,1.5333319700893457,0.0,755.1933041407872,physics_residual_tiny_ttm
2025-03-21 18:40:00,21.900674727856785,0.22818625192130051,2.0281318267394197,22.15389306825165,300.0,0.0,0.2,0.0,0.0,1.471365540785284,0.0,706.5270455470655,physics_residual_tiny_ttm
2025-03-21 18:45:00,21.77795602881773,0.22812846460010233,2.01315076016335,22.137285986260597,314.71365540785285,0.0,0.2,0.0,0.0,1.5333319700893457,0.0,717.6677588867132,physics_residual_tiny_ttm
2025-03-21 18:50:00,21.65716026570869,0.22914103595552338,1.9957298697463193,22.056893028514637,328.1668985892681,0.0,0.2,0.0,0.0,1.286391124952264,0.0,587.4440377737101,physics_residual_tiny_ttm
2025-03-21 18:55:00,21.5438857535829,0.23104251452957367,1.977067607435771,21.925283801363683,338.011339141902,0.0,0.2,0.0,0.0,1.4556427154394773,0.0,648.1294147913117,physics_residual_tiny_ttm
2025-03-21 19:00:00,21.430378989977005,0.23296727574871595,1.9584687106658833,21.793276088892704,347.9568555524627,0.0,0.2,0.0,0.0,1.4408447621728357,0.0,744.1563268745621,physics_residual_tiny_ttm
2025-03-21 19:05:00,21.29902729864512,0.23451472785453092,1.9388562100720077,21.681441169826034,356.6071044964373,0.0,0.2,0.0,0.0,1.471365540785284,0.0,763.9572731288598,physics_residual_tiny_ttm
2025-03-21 19:10:00,21.166333379465843,0.2367234070810009,1.9175973267336746,21.531785192885387,364.379947994316,0.0,0.2,0.0,0.0,1.378878332868774,0.0,698.2657031553823,physics_residual_tiny_ttm
2025-03-21 19:15:00,21.038818348734896,0.23910263051989533,1.8967179004868546,21.37447947391761,370.77105504295537,0.0,0.2,0.0,0.0,1.286391124952264,0.0,635.5855558985476,physics_residual_tiny_ttm
2025-03-21 19:20:00,20.916260897932506,0.24186955059324589,1.8756455271130776,21.19742143329446,376.0483615332475,0.0,0.2,0.0,0.0,1.378878332868774,0.0,664.4666769733475,physics_residual_tiny_ttm
2025-03-21 19:25:00,20.79491813635756,0.24460650821609434,1.8549814830426548,21.02410096448965,381.0986916979047,0.0,0.2,0.0,0.0,1.378878332868774,0.0,648.0663631510313,physics_residual_tiny_ttm
2025-03-21 19:30:00,20.67657034720013,0.24807687722197022,1.8330585593420192,20.812405942014408,385.56870595940535,0.0,0.2,0.0,0.0,1.224424695648202,0.0,602.4463800812047,physics_residual_tiny_ttm
2025-03-21 19:35:00,20.55576154858437,0.25068480299400503,1.8131562062555195,20.650204734358567,389.0819165199411,0.0,0.2,0.0,0.0,1.332634728910519,0.0,617.4122581181209,physics_residual_tiny_ttm
2025-03-21 19:40:00,20.439969573910634,0.2535388441821389,1.7933995423644287,20.476997118250697,392.5154591696812,0.0,0.2,0.0,0.0,1.3483575542563258,0.0,719.0625461959443,physics_residual_tiny_ttm
2025-03-21 19:45:00,20.306345622749884,0.2550582567894451,1.775048892953158,20.374586441721018,395.60370819083346,0.0,0.2,0.0,0.0,1.316911903564712,0.0,685.1280736270246,physics_residual_tiny_ttm
2025-03-21 19:50:00,20.176652093435166,0.25660314579879817,1.7572303534744118,20.272003677014233,398.2810221146943,0.0,0.2,0.0,0.0,1.316911903564712,0.0,668.382711711599,physics_residual_tiny_ttm
2025-03-21 19:55:00,20.050128431434405,0.2589618283962946,1.73800171811704,20.127286940991308,400.66452049056244,0.0,0.2,0.0,0.0,1.4093991114812223,0.0,697.5831117823158,physics_residual_tiny_ttm
2025-03-21 20:00:00,19.92488283398764,0.26130674149924427,1.7191209680692427,19.984727142861026,402.9354711272845,0.0,0.2,0.0,0.0,1.4408447621728357,0.0,695.3736585163139,physics_residual_tiny_ttm
2025-03-21 20:05:00,19.80214181458735,0.2644875924253688,1.6987487086571509,19.80025504647947,404.98441588105106,0.0,0.2,0.0,0.0,1.316911903564712,0.0,620.0278693883891,physics_residual_tiny_ttm
2025-03-21 20:10:00,19.684771638484712,0.26738069260492864,1.6797935818127046,19.633415359153016,406.63226600315284,0.0,0.2,0.0,0.0,1.3483575542563258,0.0,619.2394602482572,physics_residual_tiny_ttm
2025-03-21 20:15:00,19.569697888877297,0.270179584798717,1.661464400746937,19.473386114121443,408.13430642964767,0.0,0.2,0.0,0.0,1.378878332868774,0.0,617.6262883589758,physics_residual_tiny_ttm
2025-03-21 20:20:00,19.456908968005997,0.2728858923989056,1.6437432467583013,19.319901984907407,409.4977520770326,0.0,0.2,0.0,0.0,1.3946011582145807,0.0,609.2126676384178,physics_residual_tiny_ttm
2025-03-21 20:25:00,19.346631689452007,0.2754904528063692,1.6266611398778963,19.17328499769922,410.7182893368015,0.0,0.2,0.0,0.0,1.378878332868774,0.0,722.6342672710089,physics_residual_tiny_ttm
2025-03-21 20:30:00,19.21466655013341,0.27719011754091566,1.6095686519372943,19.06971890721713,411.7848184805883,0.0,0.2,0.0,0.0,1.286391124952264,0.0,657.7666644649428,physics_residual_tiny_ttm
2025-03-21 20:35:00,19.08783200382965,0.2789128403413834,1.5930920475768855,18.966373337689653,412.6654798636252,0.0,0.2,0.0,0.0,1.240147520994009,0.0,618.8114551208055,physics_residual_tiny_ttm
2025-03-21 20:40:00,18.96499634713986,0.2806445257274814,1.5771366402561857,18.86378322168319,413.42347044402567,0.0,0.2,0.0,0.0,1.1939039170357537,0.0,581.4608494837984,physics_residual_tiny_ttm
2025-03-21 20:45:00,18.846018186062196,0.28237736171768685,1.5616942396618536,18.762302615852818,414.0777824771406,0.0,0.2,0.0,0.0,1.316911903564712,0.0,625.6929609605297,physics_residual_tiny_ttm
2025-03-21 20:50:00,18.727575618171564,0.28330322924717105,1.5481783091120456,18.70060744462019,414.7277023730867,0.0,0.2,0.0,0.0,1.316911903564712,0.0,610.4002653572804,physics_residual_tiny_ttm
2025-03-21 20:55:00,18.612027930438185,0.28457720114117274,1.534297774639529,18.62271621783694,415.3062983317549,0.0,0.2,0.0,0.0,1.378878332868774,0.0,623.3474863661713,physics_residual_tiny_ttm
2025-03-21 21:00:00,18.498194222838265,0.285594640019381,1.5212364269337377,18.55774922600045,415.845635292696,0.0,0.2,0.0,0.0,1.1939039170357537,0.0,526.7927005548255,physics_residual_tiny_ttm
2025-03-21 21:05:00,18.39040222474107,0.28674477048481,1.508564310368894,18.487511030649927,416.2589613174331,0.0,0.2,0.0,0.0,1.2558703463398155,0.0,540.722157715316,physics_residual_tiny_ttm
2025-03-21 21:10:00,18.284136489843522,0.28870940358275626,1.4944173244431607,18.37898849046874,416.65048294626195,0.0,0.2,0.0,0.0,1.286391124952264,0.0,540.3916323211175,physics_residual_tiny_ttm
2025-03-21 21:15:00,18.179934907102098,0.2906474705798261,1.4806308274332898,18.27271747261744,417.00954869716236,0.0,0.2,0.0,0.0,1.1476603130774987,0.0,470.6466497328928,physics_residual_tiny_ttm
2025-03-21 21:20:00,18.080520331460722,0.29250313372988146,1.467564986301626,18.171654754715966,417.2955505537005,0.0,0.1,0.0,0.0,0.7431091542830134,0.0,297.97428816795167,physics_residual_tiny_ttm
2025-03-21 21:25:00,17.98988260760839,0.2941950192729598,1.4557381743763547,18.08005200371064,417.46302564877055,0.0,0.0,0.0,0.0,0.21555000895956952,0.0,88.08536322778946,physics_residual_tiny_ttm
2025-03-21 21:30:00,17.90620848743644,0.2956981689370295,1.4450126064219226,17.998667304652187,417.5085960524487,0.0,0.0,0.0,0.0,0.21555000895956952,0.0,93.52613357342312,physics_residual_tiny_ttm
2025-03-21 21:35:00,17.817366066254582,0.29728312049003147,1.4337209994548912,17.9132058398031,417.5533478977167,0.0,0.0,0.0,0.0,0.21555000895956952,0.0,102.2533598828263,physics_residual_tiny_ttm
2025-03-21 21:40:00,17.720233471129838,0.2989087669650515,1.4216794523567862,17.82520024819081,417.5972958879307,0.0,0.0,0.0,0.0,0.21555000895956952,0.0,100.1916244720138,physics_residual_tiny_ttm
2025-03-21 21:45:00,17.62505936139024,0.3005110478115942,1.4099460997099338,17.738994422745904,417.6404544623377,1.0,0.1,0.0,0.0,0.8281973855662027,23333.40915167523,451.34938017698715,physics_residual_tiny_ttm
2025-03-21 21:50:00,18.422666971661485,0.2851102515117638,1.5150820570814594,18.57048821324497,417.8033019161224,0.0,0.2,0.0,0.0,1.3021139502980705,0.0,692.3202272361365,physics_residual_tiny_ttm
2025-03-21 21:55:00,18.290442114059704,0.28644361707705407,1.4997708771636389,18.487996928272796,418.04166451775654,0.0,0.2,0.0,0.0,1.378878332868774,0.0,715.0398573695392,physics_residual_tiny_ttm
2025-03-21 22:00:00,18.159863841384553,0.28863633101202524,1.482958560571324,18.36523436898505,418.2666900481693,0.0,0.2,0.0,0.0,1.3483575542563258,0.0,682.0377910943284,physics_residual_tiny_ttm
2025-03-21 22:05:00,18.03312022920629,0.2908003767325712,1.4667212606558309,18.245258455787322,418.4614501787875,0.0,0.1,0.0,0.0,0.7125883756705651,0.0,352.483933990843,physics_residual_tiny_ttm
2025-03-21 22:10:00,17.921919786411145,0.2927732427516963,1.452448703228368,18.13723378437372,418.5528129052864,0.0,0.0,0.0,0.0,0.21555000895956952,0.0,104.47261601308948,physics_residual_tiny_ttm
2025-03-21 22:15:00,17.822679073690793,0.2945881995225376,1.4397008559053681,18.038896780994236,418.5788080045557,0.0,0.0,0.0,0.0,0.21555000895956952,0.0,123.59212287705805,physics_residual_tiny_ttm
2025-03-21 22:20:00,17.70527634339634,0.2965423598155733,1.4251341972605571,17.932242253874215,418.60433616683497,0.0,0.0,0.0,0.0,0.21555000895956952,0.0,121.10013379694263,physics_residual_tiny_ttm
2025-03-21 22:25:00,17.590240805403944,0.2984709703972576,1.4109564667151027,17.827769108635284,418.62940577948024,1.0,0.1,0.0,0.0,0.7047269629976618,23333.40915167523,451.06863496703056,physics_residual_tiny_ttm
2025-03-21 22:30:00,18.36877167996898,0.28350740868679186,1.5133580033226488,18.64026146549148,418.709897004691,0.0,0.2,0.0,0.0,1.1319374877316921,0.0,707.3223512804104,physics_residual_tiny_ttm
2025-03-21 22:35:00,18.217687303719718,0.28450175245113074,1.497002419790632,18.571082933251898,418.8315899999765,0.0,0.2,0.0,0.0,1.1939039170357537,0.0,728.1660425647948,physics_residual_tiny_ttm
2025-03-21 22:40:00,18.06869041634463,0.28541766763319043,1.4811609608074874,18.50622159597323,418.9478374396208,0.0,0.1,0.0,0.0,0.6968655503247584,0.0,415.65632201864344,physics_residual_tiny_ttm
2025-03-21 22:45:00,17.934981000643663,0.2869623143556106,1.4655864894737016,18.413706117266955,419.0089387597599,0.0,0.0,0.0,0.0,0.21555000895956952,0.0,125.97584236075816,physics_residual_tiny_ttm
2025-03-21 22:50:00,17.815313925590598,0.28875429975098893,1.4509344695665098,18.31191252806317,419.0267406980277,0.0,0.0,0.0,0.0,0.21555000895956952,0.0,123.43579032335097,physics_residual_tiny_ttm
2025-03-21 22:55:00,17.69805969884323,0.2906460873591026,1.4364260094457943,18.20637327524348,419.0442228689661,0.0,0.0,0.0,0.0,0.21555000895956952,0.0,120.94695337791556,physics_residual_tiny_ttm
2025-03-21 23:00:00,17.58316967011957,0.29251292032444637,1.4223051070597976,18.102996430464497,419.0613910163959,1.0,0.1,0.0,0.0,0.7047269629976618,23333.40915167523,450.57887093856334,physics_residual_tiny_ttm
2025-03-21 23:05:00,18.361856556565204,0.2777807486211329,1.5247925085600937,18.918706834523245,419.11651293793403,0.0,0.2,0.0,0.0,1.316911903564712,0.0,821.4102203603146,physics_residual_tiny_ttm
2025-03-21 23:10:00,18.206365058559964,0.2791664411414285,1.5070937652864669,18.828553412846357,419.2134691569907,0.0,0.2,0.0,0.0,1.316911903564712,0.0,801.3339573221556,physics_residual_tiny_ttm
2025-03-21 23:15:00,18.05467396154411,0.2806370957415076,1.489757131055438,18.7352633580892,419.29978514279736,0.0,0.1,0.0,0.0,0.7125883756705651,0.0,424.0262898177467,physics_residual_tiny_ttm
2025-03-21 23:20:00,17.92090357759878,0.28242377453388545,1.4736094415296215,18.629705105920518,419.34136555677355,0.0,0.0,0.0,0.0,0.21555000895956952,0.0,125.67703513186291,physics_residual_tiny_ttm
2025-03-21 23:25:00,17.801520345752603,0.28438660977089186,1.4585770960346964,18.518358395098016,419.3531962784518,0.0,0.0,0.0,0.0,0.21555000895956952,0.0,123.14300794728719,physics_residual_tiny_ttm
2025-03-21 23:30:00,17.684544239079006,0.28632458646529635,1.443946426335902,18.40927852623405,419.36481449078303,1.0,0.1,0.0,0.0,0.7819537816079476,23333.40915167523,507.611994402953,physics_residual_tiny_ttm
2025-03-21 23:35:00,18.459289199373885,0.2721570853205775,1.5460776574059523,19.212187104949813,419.40620496669595,0.0,0.2,0.0,0.0,1.240147520994009,0.0,785.6159844707968,physics_residual_tiny_ttm
2025-03-21 23:40:00,18.30334241694138,0.2733004237896128,1.5286320648365144,19.132454320719216,419.4675710865735,0.0,0.2,0.0,0.0,1.1781810916899471,0.0,728.5213629993658,physics_residual_tiny_ttm
2025-03-21 23:45:00,18.152677917845075,0.27524189552714934,1.5101998967053696,19.014224747132616,419.5198458931125,0.0,0.1,0.0,0.0,0.7357101776496926,0.0,444.83028172805,physics_residual_tiny_ttm
2025-03-21 23:50:00,18.016189651790505,0.2772404014365101,1.4931751115501704,18.896031843269572,419.5492837483856,0.0,0.0,0.0,0.0,0.21555000895956952,0.0,127.69957630937485,physics_residual_tiny_ttm
2025-03-21 23:55:00,17.89488516597729,0.2792606044106107,1.4776842497754643,18.779762751431935,419.55737973939176,0.0,0.0,0.0,0.0,0.21555000895956952,0.0,125.12476860892875,physics_residual_tiny_ttm
2025-03-22 00:00:00,17.776026543597588,0.2813798624993631,1.4623557189603291,18.659848897462673,419.5653303061534,0.0,0.0,0.0,0.0,0.21555000895956952,0.0,122.6018767791995,physics_residual_tiny_ttm
2025-03-22 00:05:00,17.659564468685094,0.2834739536151463,1.4474330143559635,18.542350615842324,419.57313806085364,1.0,0.1,0.0,0.0,0.6122397550811517,23333.40915167523,396.1676178104758,physics_residual_tiny_ttm
2025-03-22 00:10:00,18.43859911686132,0.2703231456930938,1.5479653490824619,19.301465149278656,419.5949165482767,0.0,0.2,0.0,0.0,1.0708959305067955,0.0,781.7774660365492,physics_residual_tiny_ttm
2025-03-22 00:15:00,18.263899355177145,0.2729160391753481,1.5256607745435322,19.145968750054028,419.6310667332738,0.0,0.2,0.0,0.0,1.0246523265485403,0.0,730.5853451425713,physics_residual_tiny_ttm
2025-03-22 00:20:00,18.094607344818492,0.27603360817071715,1.503057595866864,18.966730185723893,419.6625690941148,0.0,0.1,0.0,0.0,0.6122397550811517,0.0,427.0574062526075,physics_residual_tiny_ttm
2025-03-22 00:25:00,17.940626429650646,0.27915536376594025,1.4821592515930526,18.7913901488271,419.67978481204614,0.0,0.0,0.0,0.0,0.21555000895956952,0.0,147.32166133164642,physics_residual_tiny_ttm
2025-03-22 00:30:00,17.800682516808767,0.281772178812516,1.4638286461428285,18.644316624386104,419.68553667759886,0.0,0.0,0.0,0.0,0.21555000895956952,0.0,165.57720251122078,physics_residual_tiny_ttm
2025-03-22 00:35:00,17.643397285381262,0.28449450460192355,1.4438989393446415,18.491065770639427,419.6911852252623,1.0,0.1,0.0,0.0,0.6122397550811517,23333.40915167523,515.5837399381967,physics_residual_tiny_ttm
2025-03-22 00:40:00,18.37937494987847,0.2717031439522866,1.539313559354416,19.223411314504915,419.70694094876654,0.0,0.2,0.0,0.0,1.0089295012027337,0.0,829.8970282379861,physics_residual_tiny_ttm
2025-03-22 00:45:00,18.184597499796464,0.27565253700148706,1.5123724032987995,18.99845652526999,419.7315806089652,0.0,0.2,0.0,0.0,1.0089295012027337,0.0,810.6061828040821,physics_residual_tiny_ttm
2025-03-22 00:50:00,17.994347625492765,0.2790313649678674,1.4874310834160414,18.805073383384233,419.75414862915767,0.0,0.1,0.0,0.0,0.6122397550811517,0.0,481.21695756961975,physics_residual_tiny_ttm
2025-03-22 00:55:00,17.820838803409426,0.28213027504202115,1.4649569408842775,18.629823362614,419.76669196108026,0.0,0.0,0.0,0.0,0.21555000895956952,0.0,144.77905047602667,physics_residual_tiny_ttm
2025-03-22 01:00:00,17.68331016954793,0.2849509910432208,1.4466130309701288,18.47476409979587,419.7708827569035,1.0,0.1,0.0,0.0,0.7125883756705651,23333.40915167523,532.638999353075,physics_residual_tiny_ttm
2025-03-22 01:05:00,18.43752034383002,0.2725249763755583,1.5431899829594475,19.190596566626162,419.7844882805782,0.0,0.2,0.0,0.0,1.3483575542563258,0.0,983.1015124545999,physics_residual_tiny_ttm
2025-03-22 01:10:00,18.25482982659858,0.27633885996278434,1.5176146777038708,18.974556362358257,419.80870385182095,0.0,0.2,0.0,0.0,1.3483575542563258,0.0,958.953232450185,physics_residual_tiny_ttm
2025-03-22 01:15:00,18.076626802986436,0.27934223450166673,1.4944990409165886,18.80154393228575,419.83019848569575,0.0,0.1,0.0,0.0,0.7588319796288201,0.0,527.6615195747538,physics_residual_tiny_ttm
2025-03-22 01:20:00,17.91900647284458,0.2820708305324517,1.474158287609733,18.646517198490287,419.84093605396606,0.0,0.0,0.0,0.0,0.21555000895956952,0.0,146.86275636292748,physics_residual_tiny_ttm
2025-03-22 01:25:00,17.779498483385346,0.2845444589404538,1.4562343341943256,18.507699418930248,419.84379324021546,0.0,0.0,0.0,0.0,0.21555000895956952,0.0,143.90156129148977,physics_residual_tiny_ttm
2025-03-22 01:30:00,17.642803394766624,0.28699189399913955,1.438805299444265,18.371682172345196,419.8465991042547,1.0,0.1,0.0,0.0,0.6122397550811517,23333.40915167523,455.3533408661216,physics_residual_tiny_ttm
2025-03-22 01:35:00,18.40049788663705,0.27360458798043236,1.5373288477849156,19.131267553833567,419.8544256148247,0.0,0.2,0.0,0.0,1.286391124952264,0.0,933.4826615421035,physics_residual_tiny_ttm
2025-03-22 01:40:00,18.22049811429312,0.27663465714245705,1.5137293992536696,18.955038762864774,419.87003108125054,0.0,0.2,0.0,0.0,1.2096267423815605,0.0,856.6896697594947,physics_residual_tiny_ttm
2025-03-22 01:45:00,18.04702948630837,0.2796003139161167,1.4911876306249985,18.78473667395352,419.8831322379004,0.0,0.1,0.0,0.0,0.7047269629976618,0.0,488.09440226225047,physics_residual_tiny_ttm
2025-03-22 01:50:00,17.891549456783707,0.2823133691267786,1.4711165398121335,18.63091576312731,419.8899955598218,0.0,0.0,0.0,0.0,0.21555000895956952,0.0,146.2799540377632,physics_residual_tiny_ttm
2025-03-22 01:55:00,17.75259508338514,0.284784161234306,1.4532815718102596,18.492439084138237,419.8919715146606,0.0,0.0,0.0,0.0,0.21555000895956952,0.0,143.33051001482568,physics_residual_tiny_ttm
2025-03-22 02:00:00,17.61644244826149,0.28722874294581774,1.4359384848773848,18.356755577223808,419.8939119764092,1.0,0.1,0.0,0.0,0.7509705669559168,23333.40915167523,482.5251188603031,physics_residual_tiny_ttm
2025-03-22 02:05:00,18.393386339022726,0.27425771885497824,1.5352620841518458,19.097679202532234,419.90055105834443,0.0,0.2,0.0,0.0,1.378878332868774,0.0,864.1104008706633,physics_residual_tiny_ttm
2025-03-22 02:10:00,18.235585284461358,0.27824131810613384,1.5117981161435872,18.878075350754326,419.9119783909174,0.0,0.2,0.0,0.0,1.316911903564712,0.0,805.1067227064797,physics_residual_tiny_ttm
2025-03-22 02:15:00,18.08318000964897,0.2812468197221266,1.4911632056972455,18.70963198735218,419.921638116315,0.0,0.1,0.0,0.0,0.6968655503247584,0.0,416.64874223573145,physics_residual_tiny_ttm
2025-03-22 02:20:00,17.94915134961001,0.28417917641232987,1.4726190281499485,18.54899573594223,419.92618875774826,0.0,0.0,0.0,0.0,0.21555000895956952,0.0,147.50261119025964,physics_residual_tiny_ttm
2025-03-22 02:25:00,17.809035548730662,0.28674954114920004,1.4544490567488984,18.40633456758121,419.92751459224235,0.0,0.0,0.0,0.0,0.21555000895956952,0.0,165.7545038762147,physics_residual_tiny_ttm
2025-03-22 02:30:00,17.65158189504573,0.28954062631174377,1.4344558286945603,18.252083921670614,419.9288166114333,1.0,0.1,0.0,0.0,0.7047269629976618,23333.40915167523,593.8421325041312,physics_residual_tiny_ttm
2025-03-22 02:35:00,18.38463298637719,0.2762923090486464,1.530118249188503,18.995423427089154,419.93299701587,0.0,0.2,0.0,0.0,1.1781810916899471,0.0,969.0706687721043,physics_residual_tiny_ttm
2025-03-22 02:40:00,18.184220816858428,0.28003393819206585,1.5031888812839735,18.782999061644126,419.93957548661905,0.0,0.1,0.0,0.0,0.7357101776496926,0.0,591.7080822853789,physics_residual_tiny_ttm
2025-03-22 02:45:00,18.002665708137258,0.2833866082332295,1.4792192061927008,18.594683552450682,419.9432800640752,0.0,0.0,0.0,0.0,0.21555000895956952,0.0,169.86449554005458,physics_residual_tiny_ttm
2025-03-22 02:50:00,17.841307887814597,0.2863169703804258,1.4582912178696075,18.431467006866527,419.9442988959666,0.0,0.0,0.0,0.0,0.21555000895956952,0.0,166.43951619564922,physics_residual_tiny_ttm
2025-03-22 02:55:00,17.683203526667775,0.2891123004648528,1.4381846339450115,18.276692422169216,419.94529942708937,1.0,0.1,0.0,0.0,0.7278487649767893,23333.40915167523,615.5374210866746,physics_residual_tiny_ttm
2025-03-22 03:00:00,18.414866869725596,0.2758954316872756,1.5338612664791218,19.01940260878235,419.9486172391257,0.0,0.2,0.0,0.0,1.1014167091192437,0.0,909.4752936185012,physics_residual_tiny_ttm
2025-03-22 03:05:00,18.216241259292154,0.2790329540173387,1.5083076152181132,18.836493296582628,419.95333339174135,0.0,0.2,0.0,0.0,1.2096267423815605,0.0,856.1846071381535,physics_residual_tiny_ttm
2025-03-22 03:10:00,18.04287489998539,0.2830650785714863,1.4836282960025533,18.615853037245444,419.95803748985185,0.0,0.1,0.0,0.0,0.6968655503247584,0.0,550.8720284000964,physics_residual_tiny_ttm
2025-03-22 03:15:00,17.86566894126048,0.28599175453201636,1.461194685461203,18.450400661639403,419.96047434216246,0.0,0.0,0.0,0.0,0.21555000895956952,0.0,166.9566036519204,physics_residual_tiny_ttm
2025-03-22 03:20:00,17.70707338797492,0.2887902681593306,1.441002334845658,18.29523120967617,419.9611843218209,1.0,0.1,0.0,0.0,0.7199873523038859,23333.40915167523,610.5950308209901,physics_residual_tiny_ttm
2025-03-22 03:25:00,18.43844329562011,0.27593887642949466,1.536036918405086,19.02062644098668,419.9635132216009,0.0,0.2,0.0,0.0,1.2096267423815605,0.0,1001.1950818045103,physics_residual_tiny_ttm
2025-03-22 03:30:00,18.235714182247627,0.2790711394944521,1.5100721850866936,18.837387837084062,419.9671911701755,0.0,0.2,0.0,0.0,1.1781810916899471,0.0,951.8590811754798,physics_residual_tiny_ttm
2025-03-22 03:35:00,18.03886151744019,0.2821898975996744,1.48506473271717,18.657625602286718,419.9704123987538,0.0,0.1,0.0,0.0,0.6584833590394067,0.0,520.3504895405022,physics_residual_tiny_ttm
2025-03-22 03:40:00,17.862942533432236,0.2851497770146354,1.4626667449384403,18.490327784770543,419.9720359773417,0.0,0.0,0.0,0.0,0.21555000895956952,0.0,166.8987329489232,physics_residual_tiny_ttm
2025-03-22 03:45:00,17.704401952732123,0.2878461800807945,1.4426722806224441,18.339624233131403,419.97253828111957,1.0,0.1,0.0,0.0,0.7047269629976618,23333.40915167523,597.5005781703495,physics_residual_tiny_ttm
2025-03-22 03:50:00,18.43628766450266,0.2744012580555434,1.5390909509247637,19.09669926590853,419.974151032265,0.0,0.2,0.0,0.0,1.0856938837734371,0.0,898.8307707805297,physics_residual_tiny_ttm
2025-03-22 03:55:00,18.23767167954001,0.2770969767595743,1.5143933357340047,18.934683774091763,419.976489704446,0.0,0.2,0.0,0.0,1.0394502798151821,0.0,840.4410299673841,physics_residual_tiny_ttm
2025-03-22 04:00:00,18.04521146946557,0.2798115545887658,1.4905800427734082,18.774165549098324,419.978526186387,0.0,0.1,0.0,0.0,0.6122397550811517,0.0,484.27868885696546,physics_residual_tiny_ttm
2025-03-22 04:05:00,17.870598701686124,0.28254511828338785,1.4687037471715172,18.61676441706817,419.9796217799193,0.0,0.0,0.0,0.0,0.21555000895956952,0.0,167.06124269325676,physics_residual_tiny_ttm
2025-03-22 04:10:00,17.71190374959696,0.2852628303286165,1.4485902583356942,18.46382424603382,419.9799878237127,1.0,0.1,0.0,0.0,0.620101167754055,23333.40915167523,526.3660456967178,physics_residual_tiny_ttm
2025-03-22 04:15:00,18.446159052528863,0.2720761488337699,1.544978115237686,19.21434931105001,419.9810219548698,0.0,0.2,0.0,0.0,1.0089295012027337,0.0,836.5113555183166,physics_residual_tiny_ttm
2025-03-22 04:20:00,18.249829214912214,0.2754319313209518,1.5190398953780337,19.018729202263906,419.98261758067036,0.0,0.2,0.0,0.0,1.0089295012027337,0.0,817.066760931358,physics_residual_tiny_ttm
2025-03-22 04:25:00,18.058063038114508,0.2787556384931206,1.493971685296959,18.827613110738174,419.98407905030905,0.0,0.1,0.0,0.0,0.6122397550811517,0.0,485.052284534181,physics_residual_tiny_ttm
2025-03-22 04:30:00,17.883171340690936,0.28213684608223594,1.4707027690663153,18.638277414561912,419.98489133683734,0.0,0.0,0.0,0.0,0.21555000895956952,0.0,188.5540985484403,physics_residual_tiny_ttm
2025-03-22 04:35:00,17.70405987741575,0.2851998412486957,1.4480019847582781,18.465744628156784,419.98516272621066,1.0,0.1,0.0,0.0,0.6122397550811517,23333.40915167523,579.4299534702585,physics_residual_tiny_ttm
2025-03-22 04:40:00,18.417016987191907,0.2723367539101343,1.541607281356899,19.197066741765852,419.9859197236166,0.0,0.2,0.0,0.0,1.0089295012027337,0.0,932.6655579066243,physics_residual_tiny_ttm
2025-03-22 04:45:00,18.198119686723118,0.2759823564693808,1.5129676214021752,18.984071251667142,419.9871035574689,0.0,0.1,0.0,0.0,0.6122397550811517,0.0,553.6775955165308,physics_residual_tiny_ttm
2025-03-22 04:50:00,17.99848427092813,0.27939843355546234,1.4870605122126017,18.787717045115176,419.98776153370363,0.0,0.0,0.0,0.0,0.21555000895956952,0.0,191.00172955520216,physics_residual_tiny_ttm
2025-03-22 04:55:00,17.817047752008154,0.282583607488499,1.463682405100503,18.607376951668833,419.9879813671636,0.0,0.0,0.0,0.0,0.21555000895956952,0.0,187.15055997210345,physics_residual_tiny_ttm
2025-03-22 05:00:00,17.6392695392436,0.28574422782010167,1.4410018984410264,18.430675545659096,419.9881972518649,1.0,0.1,0.0,0.0,0.6122397550811517,23333.40915167523,575.5299217383775,physics_residual_tiny_ttm
2025-03-22 05:05:00,18.35363285447707,0.2731334683549906,1.5338130658438285,19.14804283891282,419.98879942783384,0.0,0.2,0.0,0.0,1.0856938837734371,0.0,996.5678462534202,physics_residual_tiny_ttm
2025-03-22 05:10:00,18.133419761200518,0.27633256865700245,1.5061045116250402,18.95751099494255,419.9898127938918,0.0,0.1,0.0,0.0,0.6584833590394067,0.0,591.2005616229281,physics_residual_tiny_ttm
2025-03-22 05:15:00,17.933547935890083,0.27918358705546753,1.4814414248218273,18.789007079607426,419.99037180269994,0.0,0.0,0.0,0.0,0.21555000895956952,0.0,189.6233916118538,physics_residual_tiny_ttm
2025-03-22 05:20:00,17.753420728874865,0.2820647938990898,1.4588830636847256,18.62350407624932,419.99054474920115,0.0,0.0,0.0,0.0,0.21555000895956952,0.0,185.80001346904737,physics_residual_tiny_ttm
2025-03-22 05:25:00,17.576925428347412,0.2849201842457027,1.4370031116313902,18.461383803020436,419.9907145891507,1.0,0.1,0.0,0.0,0.6122397550811517,23333.40915167523,571.7771398012778,physics_residual_tiny_ttm
2025-03-22 05:30:00,18.292641856274024,0.2715755037352715,1.5312323375267916,19.217268061765015,419.9911883306227,0.0,0.2,0.0,0.0,1.1014167091192437,0.0,1004.3448472289365,physics_residual_tiny_ttm
2025-03-22 05:35:00,18.07329713106128,0.2734464792355038,1.5064104335195982,19.092039406618202,419.99199710728,0.0,0.1,0.0,0.0,0.6584833590394067,0.0,522.579485321371,physics_residual_tiny_ttm
2025-03-22 05:40:00,17.896624572912415,0.2764444310931395,1.483620441847859,18.918167292757136,419.99243625492,0.0,0.0,0.0,0.0,0.21555000895956952,0.0,167.61366755368167,physics_residual_tiny_ttm
2025-03-22 05:45:00,17.737404860948704,0.2792120199117338,1.4632029399529944,18.759814087197952,419.9925721186966,0.0,0.0,0.0,0.0,0.21555000895956952,0.0,164.23407167411767,physics_residual_tiny_ttm
2025-03-22 05:50:00,17.581395497462843,0.2819540638353086,1.4433706853227255,18.60465571295135,419.9927055420201,1.0,0.1,0.0,0.0,0.6584833590394067,23333.40915167523,550.4225371742117,physics_residual_tiny_ttm
2025-03-22 05:55:00,18.317356985151687,0.26914901855265827,1.5387166227292006,19.343170471597787,419.9931058152862,0.0,0.2,0.0,0.0,1.0089295012027337,0.0,823.7547413810319,physics_residual_tiny_ttm
2025-03-22 06:00:00,18.124021134365687,0.27236105439839003,1.5134763454768363,19.153532825714287,419.9936854608149,0.0,0.1,0.0,0.0,0.6432229697331826,0.0,513.7070488667943,physics_residual_tiny_ttm
2025-03-22 06:05:00,17.94672013371666,0.2750497400797002,1.4911724655294507,18.99422840452176,419.99402393220214,0.0,0.0,0.0,0.0,0.21555000895956952,0.0,168.67699538407652,physics_residual_tiny_ttm
2025-03-22 06:10:00,17.786490344511936,0.2777211193209792,1.4707700438084634,18.839710569825655,419.9941312773244,0.0,0.0,0.0,0.0,0.21555000895956952,0.0,165.2759596159481,physics_residual_tiny_ttm
2025-03-22 06:15:00,17.629491269981518,0.2803669405429401,1.450955619878293,18.688322912194998,419.9942366942599,1.0,0.1,0.0,0.0,0.6584833590394067,23333.40915167523,553.5357465161846,physics_residual_tiny_ttm
2025-03-22 06:20:00,18.36440025049404,0.2673754968343987,1.5470073944892158,19.44007856627927,419.9945529476701,0.0,0.2,0.0,0.0,1.0394502798151821,0.0,853.3703982212118,physics_residual_tiny_ttm
2025-03-22 06:25:00,18.16897922717806,0.27017417064204374,1.5223171780988525,19.269825949816315,419.99502477600913,0.0,0.1,0.0,0.0,0.6275001443873759,0.0,503.9549006180557,physics_residual_tiny_ttm
2025-03-22 06:30:00,17.991195966912215,0.2732417594128868,1.4990785229132322,19.090420628806648,419.99528493882354,0.0,0.0,0.0,0.0,0.21555000895956952,0.0,169.7321843018145,physics_residual_tiny_ttm
2025-03-22 06:35:00,17.835200118484934,0.27613010190785026,1.4785377496816137,18.924889632987565,300.0,1.0,0.0,0.0,0.0,0.21555000895956952,23333.40915167523,186.02152623804605,physics_residual_tiny_ttm
2025-03-22 06:40:00,18.587150930841496,0.26373373365027886,1.5765424561167625,19.65957164554419,300.0,1.0,0.0,0.0,0.0,0.21555000895956952,23333.40915167523,223.25604891067695,physics_residual_tiny_ttm
2025-03-22 06:45:00,19.305976017883097,0.2524239536863662,1.67420894866736,20.36433662078862,300.0,1.0,0.0,1.0,0.0,0.21555000895956952,23333.40915167523,238.29153168403664,physics_residual_tiny_ttm
2025-03-22 06:50:00,20.00004601345816,0.24158271996975722,1.7732572011080165,21.06955296016373,302.1555000895957,1.0,0.0,0.0,0.0,0.21555000895956952,23333.40915167523,253.38904579596021,physics_residual_tiny_ttm
2025-03-22 06:55:00,20.6969795080995,0.23197678524889676,1.8746620650077792,21.733126158546614,300.0,1.0,0.0,0.0,0.0,0.21555000895956952,23333.40915167523,268.26153814183454,physics_residual_tiny_ttm
2025-03-22 07:00:00,21.38352551744886,0.22317742323710163,1.9777831781182724,22.372179325706707,300.0,1.0,0.1,0.5,0.0,0.620101167754055,23333.40915167523,781.4454552105161,physics_residual_tiny_ttm
2025-03-22 07:05:00,22.039206621596477,0.21442005787320445,2.08181363611343,23.02755379027934,300.0,0.0,0.0,0.0,0.0,0.21555000895956952,0.0,256.1633076569634,physics_residual_tiny_ttm
2025-03-22 07:10:00,21.825045360497818,0.21878940569274055,2.0433735348660793,22.71642751449593,300.0,0.0,0.0,0.0,0.0,0.21555000895956952,0.0,251.88744750819293,physics_residual_tiny_ttm
2025-03-22 07:15:00,21.62766252422501,0.22360033195082452,2.0064540001792244,22.386753231784414,300.0,1.0,0.1,1.0,0.0,0.6122397550811517,23333.40915167523,755.4151916344946,physics_residual_tiny_ttm
2025-03-22 07:20:00,22.277165944563144,0.21420538376443218,2.11276708702111,23.081623957923004,306.1223975508115,0.0,0.2,0.7,0.0,1.1014167091192437,0.0,1220.8029102576033,physics_residual_tiny_ttm
2025-03-22 07:25:00,22.028789139301157,0.21810505821706086,2.070733395394753,22.79337470965976,300.0,0.0,0.1,0.0,0.0,0.6353615570602792,0.0,693.3288807692264,physics_residual_tiny_ttm
2025-03-22 07:30:00,21.858061456290038,0.2238847473064077,2.0341401134333603,22.407500883145715,300.0,0.0,0.0,0.0,0.0,0.21555000895956952,0.0,232.23554265121405,physics_residual_tiny_ttm
2025-03-22 07:35:00,21.72048862613826,0.23022727130308923,2.000643396061515,22.002409667641395,300.0,1.0,0.1,1.0,0.0,0.6737437483456309,23333.40915167523,771.0360954831109,physics_residual_tiny_ttm
2025-03-22 07:40:00,22.387120057023466,0.22008809921979866,2.1110142593759256,22.72968534597929,306.7374374834563,0.0,0.2,1.0,0.0,1.1939039170357537,0.0,1333.5688565702683,physics_residual_tiny_ttm
2025-03-22 07:45:00,22.114246018528814,0.2219502245713262,2.0713045716208733,22.568756523372056,318.00615557029033,0.0,0.1,0.1,0.0,0.7199873523038859,0.0,781.9343878954508,physics_residual_tiny_ttm
2025-03-22 07:50:00,21.976358814088723,0.22878133911859483,2.035942504357328,22.13054238704479,300.0,0.0,0.2,1.0,0.0,1.1171395344650505,0.0,1093.5642676235948,physics_residual_tiny_ttm
2025-03-22 07:55:00,21.74026624075896,0.23106535622100557,2.000880705475499,21.955798102724504,311.1713953446505,0.0,0.1,0.0,0.0,0.7047269629976618,0.0,684.6535094723727,physics_residual_tiny_ttm
2025-03-22 08:00:00,21.66682571941126,0.23964995532888098,1.9696856423495774,21.44273335095891,300.0,0.0,0.0,0.0,0.0,0.21555000895956952,0.0,208.53817674119185,physics_residual_tiny_ttm
2025-03-22 08:05:00,21.626567606092788,0.2488047146445658,1.941188250840297,20.91925483196601,300.0,0.0,0.0,0.0,0.0,0.21555000895956952,0.0,207.96946083063096,physics_residual_tiny_ttm
2025-03-22 08:10:00,21.60031446507454,0.2583640702871736,1.9134123134887941,20.392987609792087,300.0,0.0,0.0,0.0,0.0,0.21555000895956952,0.0,207.5392352179235,physics_residual_tiny_ttm
2025-03-22 08:15:00,21.58045433197411,0.2680052797232595,1.8862462457730977,19.880400890077752,300.0,0.0,0.0,0.0,0.0,0.21555000895956952,0.0,207.3399749773467,physics_residual_tiny_ttm
2025-03-22 08:20:00,21.57125605371593,0.2778973451485294,1.8597094778244558,19.37279732830917,300.0,0.0,0.0,0.0,0.0,0.21555000895956952,0.0,186.28393517911854,physics_residual_tiny_ttm
2025-03-22 08:25:00,21.599264287979036,0.2882020041611621,1.8363128757631046,18.866020167634026,300.0,0.0,0.0,0.2,0.0,0.21555000895956952,0.0,186.18616081334545,physics_residual_tiny_ttm
2025-03-22 08:30:00,21.594750814441642,0.2970588142850783,1.8129635149057255,18.439086243055385,300.0,0.0,0.1,0.1,0.0,0.7047269629976618,0.0,609.6832991433781,physics_residual_tiny_ttm
2025-03-22 08:35:00,21.60829911088412,0.3049844973275932,1.794007667541385,18.06883616448098,300.0,0.0,0.2,0.2,0.0,1.1633831384233055,0.0,1004.6271988671995,physics_residual_tiny_ttm
2025-03-22 08:40:00,21.592432025050385,0.30906881387881874,1.781735769904316,17.878281787174494,300.0,0.0,0.1,0.2,0.0,0.7199873523038859,0.0,622.3239989823927,physics_residual_tiny_ttm
2025-03-22 08:45:00,21.60053801920974,0.3149665855212444,1.7674026201324453,17.611112431577496,300.0,0.0,0.0,0.5,0.0,0.21555000895956952,0.0,164.13138855501953,physics_residual_tiny_ttm
2025-03-22 08:50:00,21.576655425388513,0.3213081512557946,1.74848611653182,17.324486983531457,300.0,0.0,0.0,0.2,0.0,0.21555000895956952,0.0,165.50916470340596,physics_residual_tiny_ttm
2025-03-22 08:55:00,21.640256514866554,0.3306587258365524,1.7311144398948046,16.923404432963103,300.0,0.0,0.0,0.4,0.0,0.21555000895956952,0.0,165.8588524573532,physics_residual_tiny_ttm
2025-03-22 09:00:00,21.656398848404713,0.33824462237424757,1.713184361497114,16.600776278757834,300.0,0.0,0.1,0.9,0.0,0.6894665736914376,0.0,520.9007698080618,physics_residual_tiny_ttm
2025-03-22 09:05:00,21.517539551113565,0.3361203783833945,1.704153119142302,16.673720105573114,300.0,0.0,0.0,0.7,0.0,0.21555000895956952,0.0,140.3323136534786,physics_residual_tiny_ttm
2025-03-22 09:10:00,21.478039301078187,0.3403475997877402,1.6892144532921267,16.489894295423873,300.0,0.0,0.1,0.5,0.0,0.6894665736914376,0.0,450.01632872906436,physics_residual_tiny_ttm
2025-03-22 09:15:00,21.494548954331968,0.34333358738119146,1.683267710777777,16.36672319541445,300.0,0.0,0.1,0.6,0.0,0.7047269629976618,0.0,459.17238235484945,physics_residual_tiny_ttm
2025-03-22 09:20:00,21.483190889961126,0.34503467490973694,1.6777407791866723,16.29443665477075,300.0,0.0,0.2,0.5,0.0,1.224424695648202,0.0,799.4095256162087,physics_residual_tiny_ttm
2025-03-22 09:25:00,21.49637635229275,0.34302792546033084,1.6842395405643762,16.379719975536986,300.0,0.0,0.2,0.7,0.0,1.2558703463398155,0.0,690.1444570370688,physics_residual_tiny_ttm
2025-03-22 09:30:00,21.468007939878813,0.3389494609837179,1.6917558715962118,16.547605183183443,300.0,0.0,0.2,0.6,0.0,1.224424695648202,0.0,674.4824229356129,physics_residual_tiny_ttm
2025-03-22 09:35:00,21.481160183847564,0.33631507859888343,1.6998654030704494,16.660900482285015,300.0,0.0,0.1,0.7,0.0,0.7509705669559168,0.0,412.9062380898279,physics_residual_tiny_ttm
2025-03-22 09:40:00,21.470946482819365,0.33742851516869216,1.6959532344267987,16.612340737563283,300.0,0.0,0.1,0.8,0.0,0.7047269629976618,0.0,315.0674558650837,physics_residual_tiny_ttm
2025-03-22 09:45:00,21.448530743752748,0.33711272083984134,1.6944353019993046,16.622950594682994,300.0,0.0,0.2,0.7,0.0,1.1939039170357537,0.0,535.039027838449,physics_residual_tiny_ttm
2025-03-22 09:50:00,21.459128867334698,0.3349587679478363,1.7010441908780782,16.715938640614088,300.0,0.0,0.3,0.7,0.0,1.706665109092556,0.0,765.6079343053042,physics_residual_tiny_ttm
2025-03-22 09:55:00,21.463669735489706,0.32967399612343695,1.7150381657768987,16.943650188205652,300.0,0.0,0.2,0.0,0.0,1.1633831384233055,0.0,557.5241377569403,physics_residual_tiny_ttm
2025-03-22 10:00:00,21.768423810745926,0.33840635789695006,1.7245263589857862,16.60782416442194,300.0,0.0,0.2,0.9,0.0,1.1319374877316921,0.0,423.28609685278093,physics_residual_tiny_ttm
2025-03-22 10:05:00,21.720878585949333,0.3330007763797414,1.7335758041984224,16.83262042406868,300.0,0.0,0.3,0.7,0.0,1.7760305150299383,0.0,669.5689631568871,physics_residual_tiny_ttm
2025-03-22 10:10:00,21.75127436520554,0.328045767591923,1.7496993054042913,17.050876193423402,300.0,0.0,0.4,0.8,0.0,2.048324966503815,0.0,768.9912167860884,physics_residual_tiny_ttm
2025-03-22 10:15:00,21.735566388876894,0.3192599823265685,1.770876980972707,17.436169911798125,300.0,0.0,0.3,0.8,0.0,1.5443500591990806,0.0,578.823310455857,physics_residual_tiny_ttm
2025-03-22 10:20:00,21.729359085802617,0.3150075769051528,1.7812637581783277,17.626195086398994,300.0,0.0,0.2,0.9,0.0,1.2558703463398155,0.0,341.80963177918835,physics_residual_tiny_ttm
2025-03-22 10:25:00,21.70815444714246,0.31242750768072625,1.7856586870981306,17.740284620483745,300.0,0.0,0.3,0.8,0.0,1.7524462770112283,0.0,480.530870725672,physics_residual_tiny_ttm
2025-03-22 10:30:00,21.72841556485116,0.3099349907367955,1.794351174276838,17.8567041926785,300.0,0.0,0.2,0.9,0.0,1.3021139502980705,0.0,354.39335313189997,physics_residual_tiny_ttm
2025-03-22 10:35:00,21.70813627363851,0.3068407915663533,1.800165657889455,17.996307210880104,300.0,0.0,0.3,0.8,0.0,1.8675928508672834,0.0,512.5343914429355,physics_residual_tiny_ttm
2025-03-22 10:40:00,21.730704761804045,0.3035864106548572,1.811112364577391,18.150401177530817,300.0,0.0,0.2,1.0,0.0,1.471365540785284,0.0,249.51456482532436,physics_residual_tiny_ttm
2025-03-22 10:45:00,21.68736586490032,0.3002271055055638,1.8150371323434225,18.301935380051766,314.71365540785285,0.0,0.1,0.9,0.0,0.7199873523038859,0.0,122.91617599620295,physics_residual_tiny_ttm
2025-03-22 10:50:00,21.698705572273983,0.3010190963390363,1.814239353637646,18.26623156473959,300.0,0.0,0.2,0.9,0.0,1.3483575542563258,0.0,231.29117526421018,physics_residual_tiny_ttm
2025-03-22 10:55:00,21.706820807086615,0.2992559542025902,1.8197175867548645,18.350385596232936,300.0,0.0,0.3,0.9,0.0,2.0534921387794687,0.0,353.0517423166043,physics_residual_tiny_ttm
2025-03-22 11:00:00,21.7107212603963,0.29555032937197556,1.8297764085125565,18.526887628489742,300.0,0.0,0.4,0.9,0.0,2.603248214002875,0.0,447.7409661173083,physics_residual_tiny_ttm
2025-03-22 11:05:00,21.711375030338186,0.29097549063391487,1.8417328966188797,18.74693030068601,300.0,0.0,0.5,0.9,0.0,2.737736725681151,0.0,470.9821688827911,physics_residual_tiny_ttm
2025-03-22 11:10:00,21.711775166752492,0.28812441221869267,1.8491839386500297,18.88561184220544,300.0,0.0,0.6,0.9,0.0,3.5668041688124172,0.0,611.8250276668601,physics_residual_tiny_ttm
2025-03-22 11:15:00,21.706797158587133,0.2831248979262537,1.8616046101888342,19.130941494043686,300.0,0.0,0.7,0.9,0.0,4.610904370349569,0.0,785.8243855215075,physics_residual_tiny_ttm
2025-03-22 11:20:00,21.695794899786453,0.2743998696485285,1.882996005128859,19.568045371089497,300.0,0.0,0.6,0.9,0.0,3.6139726448498375,0.0,614.8305282676478,physics_residual_tiny_ttm
2025-03-22 11:25:00,21.692795519052627,0.2735688489301622,1.8848071684023369,19.610029606779754,300.0,0.0,0.5,0.9,0.0,3.2001727652637015,0.0,544.5165184244062,physics_residual_tiny_ttm
2025-03-22 11:30:00,21.693056971487174,0.2733953042043986,1.885287563505761,19.618940855087672,300.0,0.0,0.4,1.0,0.0,2.4182737981698548,0.0,163.60070633366627,physics_residual_tiny_ttm
2025-03-22 11:35:00,21.67315277779756,0.27271229495226135,1.8847662382934982,19.651004593080774,324.18273798169855,0.0,0.3,1.0,0.0,1.7760305150299383,0.0,117.00082013819056,physics_residual_tiny_ttm
2025-03-22 11:40:00,21.655499584722506,0.27241037653769334,1.883515732407881,19.663905911156174,338.36393641595873,0.0,0.4,0.9,0.0,2.603248214002875,0.0,180.94468594173944,physics_residual_tiny_ttm
2025-03-22 11:45:00,21.691614663001253,0.2742347563656596,1.8829435493471323,19.575856846667786,300.0,0.0,0.5,1.0,0.0,2.9319598623058223,0.0,197.53308610418654,physics_residual_tiny_ttm
2025-03-22 11:50:00,21.67037184566862,0.27550478290569747,1.8772104906827476,19.508131945397384,329.3195986230582,0.0,0.6,0.9,0.0,3.380904880900232,0.0,239.03962818275528,physics_residual_tiny_ttm
2025-03-22 11:55:00,21.70351099684862,0.2761826901724788,1.8792550703694975,19.478535842205716,300.0,0.0,0.7,1.0,0.0,4.504081645206001,0.0,306.72551772779445,physics_residual_tiny_ttm
2025-03-22 12:00:00,21.677606544836955,0.2772161885624016,1.8736042023002013,19.42249325037529,345.04081645206,0.0,0.8,0.9,0.0,5.116729021812635,0.0,363.0174144186123,physics_residual_tiny_ttm
2025-03-22 12:05:00,21.705941933001757,0.28029888196222297,1.868845662318693,19.27159094120283,300.0,0.0,0.9,1.0,0.0,5.171678534682711,0.0,352.4539602421609,physics_residual_tiny_ttm
2025-03-22 12:10:00,21.678117279719736,0.2755311038016726,1.878030894235835,19.50791809880778,351.7167853468271,0.0,0.2,1.0,0.0,1.5481299233559875,0.0,102.83280926307926,physics_residual_tiny_ttm
2025-03-22 12:15:00,21.660934212969906,0.2749262565717971,1.8776263382403908,19.536171748304277,360.5260593357869,0.0,0.2,0.9,0.0,1.6258191780058557,0.0,114.58951594945934,physics_residual_tiny_ttm
2025-03-22 12:20:00,21.70130442793173,0.2762805845815352,1.878747636679011,19.473254927600713,300.0,0.0,0.1,1.0,0.0,0.766230956262141,0.0,0.0,physics_residual_tiny_ttm
2025-03-22 12:25:00,21.707965969888573,0.27608428597045936,1.8800221284222483,19.484169871950666,307.66230956262143,0.0,0.0,1.0,0.0,0.21555000895956952,0.0,0.0,physics_residual_tiny_ttm
2025-03-22 12:30:00,21.71385425465235,0.2759629145811695,1.8810137912173048,19.491178478225507,309.6801754109776,0.0,0.0,1.0,0.0,0.21555000895956952,0.0,0.0,physics_residual_tiny_ttm
2025-03-22 12:35:00,21.719623813877718,0.2758439962401386,1.8819858701521546,19.498048312244165,311.6617953425261,0.0,0.0,1.0,0.0,0.21555000895956952,0.0,0.0,physics_residual_tiny_ttm
2025-03-22 12:40:00,21.725277041428765,0.27572748021131993,1.8829387465309115,19.504782125227507,313.6078204245746,0.0,0.0,1.0,0.0,0.21555000895956952,0.0,0.0,physics_residual_tiny_ttm
2025-03-22 12:45:00,21.730816282902087,0.27561331685168183,1.8838727944569769,19.511382613806582,315.51889002963384,0.0,0.0,1.0,0.0,0.21555000895956952,0.0,0.0,physics_residual_tiny_ttm
2025-03-22 12:50:00,21.73624383659999,0.2753189186398474,1.885263257394614,19.52713057293272,317.39563204548534,0.0,0.0,1.0,0.0,0.21555000895956952,0.0,0.0,physics_residual_tiny_ttm
2025-03-22 12:55:00,21.741561954484087,0.2750301733356332,1.886627089021538,19.54259025973133,319.2386630814759,0.0,0.0,1.0,0.0,0.21555000895956952,0.0,0.0,physics_residual_tiny_ttm
2025-03-22 13:00:00,21.746772843109675,0.27438212557444996,1.888914548681776,19.57636307407456,321.0485886711064,0.0,0.0,1.0,0.0,0.21555000895956952,0.0,0.0,physics_residual_tiny_ttm
2025-03-22 13:05:00,21.75187866454125,0.2739286524512032,1.890684444152674,19.600250636859514,322.82600347098185,0.0,0.0,1.0,0.0,0.21555000895956952,0.0,0.0,physics_residual_tiny_ttm
2025-03-22 13:10:00,21.777044546202788,0.27323873976130064,1.895391264604657,19.639198980951836,324.57149145618746,0.0,0.0,1.0,0.0,0.21555000895956952,0.0,0.0,physics_residual_tiny_ttm
2025-03-22 13:15:00,21.80170300796707,0.2725636535965283,1.9000099437753133,19.677404018066504,326.28562611215557,0.0,0.0,1.0,0.0,0.21555000895956952,0.0,0.0,physics_residual_tiny_ttm
2025-03-22 13:20:00,21.825864280946025,0.2719030448149289,1.9045420284104326,19.714879821234398,327.968970623086,0.0,0.0,1.0,0.0,0.21555000895956952,0.0,0.0,physics_residual_tiny_ttm
2025-03-22 13:25:00,21.849538389961584,0.27125657366269373,1.908989042333082,19.751640201217725,329.62207805698205,0.0,0.0,1.0,0.0,0.21555000895956952,0.0,0.0,physics_residual_tiny_ttm
2025-03-22 13:30:00,21.872735157705105,0.27062390947811665,1.9133524866057834,19.787698711262358,331.24549154736246,0.0,0.0,1.0,0.0,0.21555000895956952,0.0,0.0,physics_residual_tiny_ttm
2025-03-22 13:35:00,21.89546420881293,0.27000473040646555,1.9176338397000876,19.823068651767827,332.8397444717098,0.0,0.0,1.0,0.0,0.21555000895956952,0.0,0.0,physics_residual_tiny_ttm
2025-03-22 13:40:00,21.917734973859766,0.2693987231253094,1.9218345576730695,19.857763074876384,334.4053606267133,0.0,0.0,1.0,0.0,0.21555000895956952,0.0,0.0,physics_residual_tiny_ttm
2025-03-22 13:45:00,21.93955669327157,0.26880558257986464,1.925956074350234,19.891794788982416,335.94285440036356,0.0,0.0,1.0,0.0,0.21555000895956952,0.0,0.0,physics_residual_tiny_ttm
2025-03-22 13:50:00,21.960938421159497,0.2682250117279421,1.9299998015143693,19.925176363163505,337.45273094095666,0.0,0.0,1.0,0.0,0.21555000895956952,0.0,0.0,physics_residual_tiny_ttm
2025-03-22 13:55:00,21.981889029076587,0.267656721294097,1.9339671290999,19.957920131534472,338.93548632306204,0.0,0.0,1.0,0.0,0.21555000895956952,0.0,0.0,physics_residual_tiny_ttm
2025-03-22 14:00:00,22.00241720969867,0.26700500915082603,1.938111726380948,19.995031529369832,340.3916077105093,0.0,0.0,1.0,0.0,0.21555000895956952,0.0,0.0,physics_residual_tiny_ttm
2025-03-22 14:05:00,22.022531480431077,0.26646227040409465,1.9419258062641922,20.026449595149675,341.82157351644736,0.0,0.0,1.0,0.0,0.21555000895956952,0.0,0.0,physics_residual_tiny_ttm
2025-03-22 14:10:00,22.042240186942617,0.26593095118559873,1.9456676087043756,20.057266917933656,343.2258535605286,0.0,0.0,1.0,0.0,0.21555000895956952,0.0,0.0,physics_residual_tiny_ttm
2025-03-22 14:15:00,22.061551506628312,0.2652206375068227,1.949843038796399,20.0975073853159,344.60490922326954,0.0,0.0,1.0,0.0,0.21555000895956952,0.0,0.0,physics_residual_tiny_ttm
2025-03-22 14:20:00,22.080473452002284,0.26471501581229884,1.953435111007761,20.126984020704686,345.9591935976389,0.0,0.0,1.0,0.0,0.21555000895956952,0.0,0.0,physics_residual_tiny_ttm
2025-03-22 14:25:00,22.09901387402227,0.2642199808215299,1.9569589158113623,20.155896404075172,347.28915163792243,0.0,0.0,1.0,0.0,0.21555000895956952,0.0,0.0,physics_residual_tiny_ttm
2025-03-22 14:30:00,22.11718046534707,0.2637352938779682,1.9604156917120352,20.184255275416174,348.5952203059144,0.0,0.0,1.0,0.0,0.21555000895956952,0.0,0.0,physics_residual_tiny_ttm
2025-03-22 14:35:00,22.134980763528336,0.26307141649658505,1.9643112591259573,20.222116092750717,349.8778287144824,0.0,0.0,1.0,0.0,0.21555000895956952,0.0,0.0,physics_residual_tiny_ttm
2025-03-22 14:40:00,22.152422154138005,0.262578183471622,1.9677143311195737,20.250934328922845,351.1373982685539,0.0,0.0,1.0,0.0,0.21555000895956952,0.0,0.0,physics_residual_tiny_ttm
2025-03-22 14:45:00,22.169511873832658,0.2621273038009611,1.970966809841304,20.277493986240696,352.37434280356996,0.0,0.0,1.0,0.0,0.21555000895956952,0.0,0.0,physics_residual_tiny_ttm
2025-03-22 14:50:00,22.186257013356098,0.26168579313759055,1.9741572028461145,20.30354448464374,353.58906872145224,0.0,0.0,1.0,0.0,0.21555000895956952,0.0,0.0,physics_residual_tiny_ttm
2025-03-22 14:55:00,22.202664520481406,0.26125344307998377,1.9772866472110264,20.32909553816812,354.7819751241276,0.0,0.0,1.0,0.0,0.21555000895956952,0.0,0.0,physics_residual_tiny_ttm
2025-03-22 15:00:00,22.218741202893646,0.2606417071909857,1.980860863128362,20.364238744771498,355.95345394465426,0.0,0.0,1.0,0.0,0.21555000895956952,0.0,0.0,physics_residual_tiny_ttm
2025-03-22 15:05:00,22.23449373101447,0.26004247115392787,1.9843672842920919,20.39873773219793,357.1038900759925,0.0,0.0,1.0,0.0,0.21555000895956952,0.0,0.0,physics_residual_tiny_ttm
2025-03-22 15:10:00,22.27009164972296,0.25940562536245576,1.990380556726876,20.438334273258373,358.23366149746266,0.0,0.0,1.0,0.0,0.21555000895956952,0.0,0.0,physics_residual_tiny_ttm
2025-03-22 15:15:00,22.284808798324615,0.2588326525895833,1.993704184898284,20.471415573109756,359.34313939893116,0.0,0.0,1.0,0.0,0.21555000895956952,0.0,0.0,physics_residual_tiny_ttm
2025-03-22 15:20:00,22.299229204927247,0.25845872502347755,1.9964600398905539,20.493771182837623,360.4326883027661,0.0,0.0,1.0,0.0,0.21555000895956952,0.0,0.0,physics_residual_tiny_ttm
2025-03-22 15:25:00,22.313358852742443,0.25809248099873505,1.9991629533381077,20.51569737962964,361.50266618360246,0.0,0.0,1.0,0.0,0.21555000895956952,0.0,0.0,physics_residual_tiny_ttm
2025-03-22 15:30:00,22.327203604342234,0.25754664816500916,2.0023185100944443,20.547332180482684,362.5534245859554,0.0,0.0,1.0,0.0,0.21555000895956952,0.0,0.0,physics_residual_tiny_ttm
2025-03-22 15:35:00,22.340769204091565,0.2570118343942759,2.005414010297628,20.578387803561345,363.58530873972154,0.0,0.0,1.0,0.0,0.21555000895956952,0.0,0.0,physics_residual_tiny_ttm
2025-03-22 15:40:00,22.354061280531692,0.2566746015013286,2.00794596419313,20.59872254743628,364.59865767360526,0.0,0.1,1.0,0.0,1.074675794663702,0.0,0.0,physics_residual_tiny_ttm
2025-03-22 15:45:00,22.36924100556804,0.25487318514056206,2.014670052171362,20.69922161539067,369.5601978061098,0.0,0.2,1.0,0.0,1.5638527487017941,0.0,0.0,physics_residual_tiny_ttm
2025-03-22 15:50:00,22.38526256654576,0.25390682499226586,2.019248017106731,20.754604468216154,376.13356641485063,0.0,0.1,1.0,0.0,0.9359449827889369,0.0,0.0,physics_residual_tiny_ttm
2025-03-22 15:55:00,22.399377774203195,0.2533155802517997,2.022582238379024,20.789245823804297,379.55494711708934,0.0,0.0,1.0,0.0,0.21555000895956952,0.0,0.0,physics_residual_tiny_ttm
2025-03-22 16:00:00,22.41148812551943,0.2530499922130137,2.0247909773468726,20.80571812879313,380.28144140969613,0.0,0.0,1.0,0.0,0.21555000895956952,0.0,0.0,physics_residual_tiny_ttm
2025-03-22 16:05:00,22.423354295713647,0.2527898477957966,2.0269568973145278,20.821869075885694,380.99488604802957,0.0,0.0,1.0,0.0,0.21555000895956952,0.0,0.0,physics_residual_tiny_ttm
2025-03-22 16:10:00,22.434981208211997,0.25253502998092997,2.0290808041630246,20.837704933629006,381.69551543651426,0.0,0.0,1.0,0.0,0.21555000895956952,0.0,0.0,physics_residual_tiny_ttm
2025-03-22 16:15:00,22.446373687169547,0.25222412540589223,2.0313300082475965,20.85661592906135,382.3835597690852,0.0,0.0,1.0,0.0,0.21555000895956952,0.0,0.0,physics_residual_tiny_ttm
2025-03-22 16:20:00,22.457536459471875,0.25198076244018097,2.033369258905025,20.871779991535405,383.0592451048186,0.0,0.0,1.0,0.0,0.21555000895956952,0.0,0.0,physics_residual_tiny_ttm
2025-03-22 16:25:00,22.46847415669633,0.25155686341033895,2.0358734855550678,20.89691248793806,383.7227934422044,0.0,0.0,1.0,0.0,0.21555000895956952,0.0,0.0,physics_residual_tiny_ttm
2025-03-22 16:30:00,22.47919131703372,0.2513267840483145,2.037825169779764,20.911308445136935,384.3744227920845,0.0,0.0,1.0,0.0,0.21555000895956952,0.0,0.0,physics_residual_tiny_ttm
2025-03-22 16:35:00,22.489692387171274,0.25110139791504954,2.039738876396128,20.925423067635954,385.01434724928083,0.0,0.0,1.0,0.0,0.21555000895956952,0.0,0.0,physics_residual_tiny_ttm
2025-03-22 16:40:00,22.499981724137626,0.25069545410342536,2.042119927441301,20.949540008260183,385.642777062937,0.0,0.1,1.0,0.0,0.9743271740742886,0.0,47.82670580127487,physics_residual_tiny_ttm
2025-03-22 16:45:00,22.4884269191869,0.24955220265335493,2.043801293882259,21.011359920883244,388.43237505737943,0.0,0.2,1.0,0.0,1.4408447621728357,0.0,68.96391755128197,physics_residual_tiny_ttm
2025-03-22 16:50:00,22.47625403711348,0.24852617103889016,2.0450833919031597,21.0667715403305,392.22271231178036,0.0,0.3,1.0,0.0,2.099273306698141,0.0,97.71745227952294,physics_residual_tiny_ttm
2025-03-22 16:55:00,22.463166446647442,0.2460310336905374,2.0502435528412475,21.20494546869129,397.08205552647655,0.0,0.4,1.0,0.0,2.5422066567779784,0.0,114.87972802071104,physics_residual_tiny_ttm
2025-03-22 17:00:00,22.449641600853017,0.24354056805090324,2.05532677882195,21.34402053923117,401.93723477649814,0.0,0.2,1.0,0.0,1.7950707684930691,0.0,78.98414353861725,physics_residual_tiny_ttm
2025-03-22 17:05:00,22.437816653137247,0.24221597328032599,2.057447428040426,21.41776709886865,404.6392299307366,0.0,0.2,1.0,0.0,1.5333319700893457,0.0,65.76178063698897,physics_residual_tiny_ttm
2025-03-22 17:10:00,22.426747820272613,0.24128884361483569,2.058580017235686,21.469152537776623,406.6019932501027,0.0,0.3,1.0,0.0,1.9605424948233758,0.0,81.8187121259077,physics_residual_tiny_ttm
2025-03-22 17:15:00,22.415250646551065,0.24024092398704638,2.0599839413005916,21.527601473300805,408.79094004836134,0.0,0.4,1.0,0.0,2.172257825111938,0.0,88.13726032968967,physics_residual_tiny_ttm
2025-03-22 17:20:00,22.403721719785654,0.23928080670734347,2.061142899178809,21.581190378891506,410.820020731036,0.0,0.5,1.0,0.0,2.968954745472426,0.0,116.74517366972626,physics_residual_tiny_ttm
2025-03-22 17:25:00,22.391263464312896,0.23819791943187843,2.0625150276266466,21.64194428825834,413.0912659821968,0.0,0.6,1.0,0.0,3.982996604436712,0.0,151.16933974225824,physics_residual_tiny_ttm
2025-03-22 17:30:00,22.37764846022548,0.23711775533213134,2.063731300847704,21.70259583289533,415.38438799335233,0.0,0.7,1.0,0.0,3.9634939149339994,0.0,145.20597394283268,physics_residual_tiny_ttm
2025-03-22 17:35:00,22.36453583445057,0.2364569379636797,2.0638735206902736,21.739052450736207,416.9088838351894,0.0,0.8,1.0,0.0,4.931754605979615,0.0,173.7259657412662,physics_residual_tiny_ttm
2025-03-22 17:40:00,22.35050741828153,0.23192679643102854,2.0743490989649627,22.003690490963614,418.1792693671413,0.0,0.9,1.0,0.0,5.5212801806071194,0.0,718.8267661281155,physics_residual_tiny_ttm
2025-03-22 17:45:00,22.29544324896344,0.22765573781706563,2.0789126038785466,22.250534431509482,419.01699969692686,0.0,1.0,1.0,0.0,5.722359481985283,0.0,714.047699622603,physics_residual_tiny_ttm
2025-03-22 17:50:00,22.24161235543102,0.2255679948054029,2.0777181925749835,22.368230572382558,419.48575645568394,0.0,1.0,1.0,0.0,6.032191628505592,0.0,720.5251734617256,physics_residual_tiny_ttm
2025-03-22 17:55:00,22.18852403116346,0.22472974293574735,2.0732589627759834,22.410549736859814,419.744257755937,0.0,1.0,1.0,0.0,6.3420237750259005,0.0,724.2315796601966,physics_residual_tiny_ttm
2025-03-22 18:00:00,22.13627520652095,0.22462313926644062,2.066959506365186,22.408420385621408,419.8794180386142,0.0,1.0,1.0,0.0,5.338537569131766,0.0,585.2138369467467,physics_residual_tiny_ttm
2025-03-22 18:05:00,22.090752509989077,0.22491933978293172,2.060450095353657,22.382834796629492,419.93306231619897,0.0,1.0,1.0,0.0,6.3420237750259005,0.0,664.6541362351876,physics_residual_tiny_ttm
2025-03-22 18:10:00,22.04280182903649,0.22536079304688963,2.053270048132463,22.348046051068952,419.9684390147082,0.0,0.9,0.0,0.0,4.618142595302399,0.0,478.5397181491291,physics_residual_tiny_ttm
2025-03-22 18:15:00,22.03106154412777,0.22700161106040376,2.0474556791363243,22.246648497295904,300.0,0.0,1.0,1.0,0.0,5.800973608714317,0.0,1039.5776308098907,physics_residual_tiny_ttm
2025-03-22 18:20:00,21.953158608482568,0.22181270188171423,2.051435377161359,22.550428393787005,358.00973608714315,0.0,0.9,0.0,0.0,5.795967188119154,0.0,1099.068857969834,physics_residual_tiny_ttm
2025-03-22 18:25:00,21.886830650013067,0.2149553646010245,2.061157916725374,22.967755889611304,300.0,0.0,0.2,1.0,0.0,1.5018863193977323,0.0,277.6319872768244,physics_residual_tiny_ttm
2025-03-22 18:30:00,21.839358479006314,0.21430673312114035,2.056894565328389,23.000844084151524,315.0188631939773,0.0,0.2,0.0,0.0,1.316911903564712,0.0,238.65259410623491,physics_residual_tiny_ttm
2025-03-22 18:35:00,21.803197823063257,0.21528943672460332,2.0497929921705564,22.932457866233054,300.0,0.0,0.2,0.0,0.0,1.286391124952264,0.0,228.11474998216372,physics_residual_tiny_ttm
2025-03-22 18:40:00,21.76446996815952,0.21604313946505316,2.0429880757568393,22.878343800224894,300.0,0.0,0.2,0.0,0.0,1.378878332868774,0.0,238.98818166739426,physics_residual_tiny_ttm
2025-03-22 18:45:00,21.724584251345487,0.21669806933951102,2.0363152070783648,22.830411797285514,300.0,0.0,0.2,0.0,0.0,1.6868607352307525,0.0,284.80193720649106,physics_residual_tiny_ttm
2025-03-22 18:50:00,21.67995499703772,0.215902799403226,2.032832784288187,22.872917457842355,316.86860735230755,0.0,0.2,0.0,0.0,1.471365540785284,0.0,242.1980046874426,physics_residual_tiny_ttm
2025-03-22 18:55:00,21.637886934346525,0.2154162213436671,2.0288717725229035,22.896494310807935,329.51393879522516,0.0,0.2,0.0,0.0,1.3631555075229673,0.0,218.8612384562794,physics_residual_tiny_ttm
2025-03-22 19:00:00,21.597560772571967,0.21509854278875842,2.0246959858325173,22.909735659157327,339.7928198523376,0.0,0.2,0.0,0.0,1.4408447621728357,0.0,225.56915901815046,physics_residual_tiny_ttm
2025-03-22 19:05:00,21.557745360837465,0.2148251466765042,2.020476074709026,22.920278912058563,349.4233278027053,0.0,0.2,0.0,0.0,1.224424695648202,0.0,307.16292749010114,physics_residual_tiny_ttm
2025-03-22 19:10:00,21.496149863750443,0.21462230106679234,2.0133973651951553,22.922681122474884,356.6246461672916,0.0,0.2,0.0,0.0,1.316911903564712,0.0,322.29004087175167,physics_residual_tiny_ttm
2025-03-22 19:15:00,21.43514093057046,0.21444235823091104,2.0063532709021867,22.923735146124216,363.5796259885349,0.0,0.2,0.0,0.0,1.270668299606457,0.0,303.4280753834807,physics_residual_tiny_ttm
2025-03-22 19:20:00,21.37606055854345,0.21437221972026482,1.999286923487637,22.91816788908176,369.55392438089393,0.0,0.2,0.0,0.0,1.1476603130774987,0.0,267.53644884298836,physics_residual_tiny_ttm
2025-03-22 19:25:00,21.319548900497185,0.21442900555261363,1.9922338508799058,22.905007842635637,374.37850429244014,0.0,0.2,0.0,0.0,1.3483575542563258,0.0,306.60111527397834,physics_residual_tiny_ttm
2025-03-22 19:30:00,21.262572977234402,0.2144469647956167,1.9852442732638624,22.89422833723522,379.50467832358686,0.0,0.2,0.0,0.0,1.224424695648202,0.0,271.7152966000343,physics_residual_tiny_ttm
2025-03-22 19:35:00,21.208085806868553,0.21457248803279494,1.978307192001617,22.877079519527776,383.6366343168217,0.0,0.2,0.0,0.0,1.5018863193977323,0.0,324.90210535557156,physics_residual_tiny_ttm
2025-03-22 19:40:00,21.152530939228196,0.21410278458996618,1.9727565325790608,22.897357636669533,388.1877711040569,0.0,0.2,0.0,0.0,1.4556427154394773,0.0,307.0320632208011,physics_residual_tiny_ttm
2025-03-22 19:45:00,21.098760480699237,0.21325508009992503,1.968379053784084,22.94193516732315,392.0467077085796,0.0,0.2,0.0,0.0,1.316911903564712,0.0,270.98116620621295,physics_residual_tiny_ttm
2025-03-22 19:50:00,21.047464226501027,0.2136541917148275,1.9611950628963197,22.907942928194885,395.11437632211255,0.0,0.2,0.0,0.0,1.286391124952264,0.0,258.26267162613135,physics_residual_tiny_ttm
2025-03-22 19:55:00,20.997664456229085,0.21407005624221484,1.9541723113585097,22.873207101364997,397.7820967752906,0.0,0.2,0.0,0.0,1.316911903564712,0.0,387.0430274031251,physics_residual_tiny_ttm
2025-03-22 20:00:00,20.924397897533243,0.21339753136125483,1.9470599439748306,22.903333718273196,400.220348544363,0.0,0.2,0.0,0.0,1.240147520994009,0.0,355.6821288443944,physics_residual_tiny_ttm
2025-03-22 20:05:00,20.85379408516378,0.21381168809114898,1.93760657219542,22.865176262190484,402.2644890209325,0.0,0.2,0.0,0.0,1.316911903564712,0.0,368.4672245459984,physics_residual_tiny_ttm
2025-03-22 20:10:00,20.784043893006007,0.2151623115279734,1.9259971585000548,22.768313077369562,404.2108311479439,0.0,0.2,0.0,0.0,1.2558703463398155,0.0,342.88298518916207,physics_residual_tiny_ttm
2025-03-22 20:15:00,20.716658615955506,0.21642417192611427,1.914942841149635,22.6779468210354,405.863260227498,0.0,0.2,0.0,0.0,1.1781810916899471,0.0,313.98323409824064,physics_residual_tiny_ttm
2025-03-22 20:20:00,20.651724176016383,0.21760132967260107,1.9044364932755058,22.59373603146567,407.25123018567325,0.0,0.2,0.0,0.0,1.1014167091192437,0.0,286.5972404452812,physics_residual_tiny_ttm
2025-03-22 20:25:00,20.589132534185744,0.21870444656429483,1.8944326521972075,22.514912147372442,408.4213725268578,0.0,0.2,0.0,0.0,1.1939039170357537,0.0,420.3306319529891,physics_residual_tiny_ttm
2025-03-22 20:30:00,20.503124739028465,0.2195719892256684,1.8823236216097965,22.44705245713626,409.57335325136467,0.0,0.2,0.0,0.0,1.1633831384233055,0.0,399.818867425852,physics_residual_tiny_ttm
2025-03-22 20:35:00,20.41959330243396,0.22044600140352316,1.870553322240824,22.379463541902023,410.5842020028362,0.0,0.2,0.0,0.0,1.1014167091192437,0.0,369.5882146366508,physics_residual_tiny_ttm
2025-03-22 20:40:00,20.338876778020044,0.22206824492694419,1.857384679392288,22.266978910157302,411.44842843981684,0.0,0.2,0.0,0.0,1.1476603130774987,0.0,375.9463255698269,physics_residual_tiny_ttm
2025-03-22 20:45:00,20.25946572847434,0.22365574489394544,1.8445262558897433,22.157564934468834,412.26628671432223,0.0,0.2,0.0,0.0,1.1014167091192437,0.0,352.28169338112286,physics_residual_tiny_ttm
2025-03-22 20:50:00,20.182528876111967,0.22515392914792015,1.8322350152342297,22.054635576558898,412.97612346735417,0.0,0.2,0.0,0.0,1.1319374877316921,0.0,390.10507966646935,physics_residual_tiny_ttm
2025-03-22 20:55:00,20.099202253495864,0.227032655431254,1.8183993227950976,21.928599262895865,413.63867256372924,0.0,0.2,0.0,0.0,1.2096267423815605,0.0,486.35761262414553,physics_residual_tiny_ttm
2025-03-22 21:00:00,20.000721098942506,0.2281260440259669,1.8047957037899378,21.847560347599323,414.2799085457258,0.0,0.2,0.0,0.0,1.1781810916899471,0.0,462.39131482820414,physics_residual_tiny_ttm
2025-03-22 21:05:00,19.905094588350895,0.2284536327312311,1.793378715586833,21.81261224010493,414.8415171785727,0.0,0.2,0.0,0.0,1.1014167091192437,0.0,422.0609906647598,physics_residual_tiny_ttm
2025-03-22 21:10:00,19.812918228532048,0.22961335000293093,1.7804837818801986,21.729203950071692,415.31498710967475,0.0,0.2,0.0,0.0,1.0394502798151821,0.0,389.00954636587676,physics_residual_tiny_ttm
2025-03-22 21:15:00,19.723835406126955,0.23075691949670415,1.768046692266287,21.64764041017887,415.72080693965694,0.0,0.2,0.0,0.0,1.0551731051609887,0.0,385.6435546392933,physics_residual_tiny_ttm
2025-03-22 21:20:00,19.636606430854787,0.23247017276169168,1.7545856227406325,21.533585147289447,416.09708105874574,0.0,0.2,0.0,0.0,1.0551731051609887,0.0,376.6100479391439,physics_residual_tiny_ttm
2025-03-22 21:25:00,19.551420750545258,0.2342451516510622,1.7412926170619842,21.41707012534847,416.44026898361534,0.0,0.2,0.0,0.0,1.0708959305067955,0.0,373.2451059094565,physics_residual_tiny_ttm
2025-03-22 21:30:00,19.468013599680773,0.2359666526258266,1.7283969984202148,21.304719808688446,416.75794410521075,0.0,0.2,0.0,0.0,1.0089295012027337,0.0,343.47361199127823,physics_residual_tiny_ttm
2025-03-22 21:35:00,19.387400087356045,0.23826641276335428,1.714578915014032,21.160682922119648,417.0305279249442,0.0,0.2,0.0,0.0,1.0856938837734371,0.0,360.9051223171824,physics_residual_tiny_ttm
2025-03-22 21:40:00,19.307650340599107,0.24055504147901996,1.7009668099302127,21.018678735699964,417.2991893974379,0.0,0.2,0.0,0.0,1.1781810916899471,0.0,382.2882805766806,physics_residual_tiny_ttm
2025-03-22 21:45:00,19.22858982812993,0.24283645814722632,1.6875307437877682,20.878420098198422,417.5643597294524,0.0,0.2,0.0,0.0,1.1939039170357537,0.0,378.1067402356938,physics_residual_tiny_ttm
2025-03-22 21:50:00,19.151221859703078,0.24501467862106174,1.6745859995077959,20.745339140116094,417.8066864344105,0.0,0.2,0.0,0.0,1.1014167091192437,0.0,340.5827412934406,physics_residual_tiny_ttm
2025-03-22 21:55:00,19.076840009676836,0.24699207784306904,1.6624746607516436,20.624827363534788,418.0079991185337,0.0,0.2,0.0,0.0,1.1014167091192437,0.0,440.6231640070383,physics_residual_tiny_ttm
2025-03-22 22:00:00,18.9806097486284,0.24849442981458583,1.649229448795809,20.527753234011573,418.19083437315265,0.0,0.2,0.0,0.0,1.1633831384233055,0.0,454.31521853323886,physics_residual_tiny_ttm
2025-03-22 22:05:00,18.885692760055154,0.24998591333846218,1.6362337249096703,20.432026755895674,418.3662304385601,0.0,0.2,0.0,0.0,1.0708959305067955,0.0,408.37622676381665,physics_residual_tiny_ttm
2025-03-22 22:10:00,18.79443503954958,0.2507258901772668,1.6253282476558573,20.3779855133608,418.51203020312107,0.0,0.2,0.0,0.0,1.286391124952264,0.0,478.62175951203966,physics_residual_tiny_ttm
2025-03-22 22:15:00,18.70214429725695,0.25226583498628846,1.6126577240966022,20.28089084957828,418.6715394648629,0.0,0.2,0.0,0.0,1.1014167091192437,0.0,400.1262080425072,physics_residual_tiny_ttm
2025-03-22 22:20:00,18.61475840246628,0.25371720659972136,1.6007536797129822,20.189833747115234,418.79347185076335,0.0,0.2,0.0,0.0,1.0394502798151821,0.0,368.79246867746707,physics_residual_tiny_ttm
2025-03-22 22:25:00,18.530305271949448,0.25512114157158855,1.5893185846693232,20.10223465658094,418.89798235262407,0.0,0.2,0.0,0.0,1.0089295012027337,0.0,349.6430069651238,physics_residual_tiny_ttm
2025-03-22 22:30:00,18.448243798033502,0.25648854018288747,1.5782680907928577,20.017384640044597,418.9906371955644,0.0,0.2,0.0,0.0,1.0246523265485403,0.0,346.81598162927736,physics_residual_tiny_ttm
2025-03-22 22:35:00,18.367879231258524,0.25783297595621324,1.5674992028408758,19.93442663764204,419.07682435772244,0.0,0.2,0.0,0.0,1.0089295012027337,0.0,333.556259530601,physics_residual_tiny_ttm
2025-03-22 22:40:00,18.289593328936153,0.2598287127212916,1.5556279244030522,19.818151027805563,419.1544426194129,0.0,0.2,0.0,0.0,1.1939039170357537,0.0,385.2509846460054,physics_residual_tiny_ttm
2025-03-22 22:45:00,18.210763509616015,0.2610975827731639,1.5452981020838275,19.74033951732113,419.2385688084764,0.0,0.2,0.0,0.0,1.332634728910519,0.0,419.4804854995519,physics_residual_tiny_ttm
2025-03-22 22:50:00,18.132092454556076,0.26328071333563946,1.5331403562464234,19.615718697473643,419.3231279459347,0.0,0.2,0.0,0.0,1.1171395344650505,0.0,343.32610274191194,physics_residual_tiny_ttm
2025-03-22 22:55:00,18.05797084553189,0.2651760980621339,1.5220912650274319,19.507444687120778,419.38614132354894,0.0,0.1,0.0,0.0,0.7199873523038859,0.0,216.3758227871353,physics_residual_tiny_ttm
2025-03-22 23:00:00,17.99032094754745,0.26669739784368834,1.5124943061087683,19.419868107757193,419.42297219714453,0.0,0.0,0.0,0.0,0.21555000895956952,0.0,63.472520005616744,physics_residual_tiny_ttm
2025-03-22 23:05:00,17.9300270795091,0.2678211753588775,1.5044605016498696,19.353971181079316,419.43333705948413,0.0,0.0,0.0,0.0,0.21555000895956952,0.0,62.192723016461194,physics_residual_tiny_ttm
2025-03-22 23:10:00,17.870948917271832,0.26892755412186736,1.496613285851467,19.289392595806863,419.4435157429762,0.0,0.0,0.0,0.0,0.21555000895956952,0.0,60.93873058545624,physics_residual_tiny_ttm
2025-03-22 23:15:00,17.813061948548693,0.2700167065544052,1.4889478370165143,19.22610592371718,419.4535115918585,0.0,0.0,0.0,0.0,0.21555000895956952,0.0,59.71002241506488,physics_residual_tiny_ttm
2025-03-22 23:20:00,17.756342155294192,0.27108880728482476,1.4814594772326009,19.164085267899193,419.46332789029776,0.0,0.0,0.0,0.0,0.21555000895956952,0.0,58.506088698514006,physics_residual_tiny_ttm
2025-03-22 23:25:00,17.700766003738906,0.2722952689834463,1.473837365485219,19.095760911883566,419.47296786346897,0.0,0.0,0.0,0.0,0.21555000895956952,0.0,57.32642990826904,physics_residual_tiny_ttm
2025-03-22 23:30:00,17.646310434625015,0.2734833481982214,1.466388900411728,19.02879642543908,419.4824346786149,0.0,0.0,0.0,0.0,0.21555000895956952,0.0,56.17055658877348,physics_residual_tiny_ttm
2025-03-22 23:35:00,17.592952853638717,0.27465322095961014,1.4591097073385288,18.963164532144877,419.4917314460867,1.0,0.1,0.0,0.0,0.6737437483456309,23333.40915167523,299.0116952752827,physics_residual_tiny_ttm
2025-03-22 23:40:00,18.415982717930152,0.26084775087636775,1.5658460690299005,19.783839203506368,419.52026834281,0.0,0.2,0.0,0.0,1.1014167091192437,0.0,477.27756614344617,physics_residual_tiny_ttm
2025-03-22 23:45:00,18.311747288351572,0.26285828513489645,1.5514150428421054,19.664076596152242,419.56430038140354,0.0,0.2,0.0,0.0,1.1171395344650505,0.0,472.6346408977782,physics_residual_tiny_ttm
2025-03-22 23:50:00,18.209708906229935,0.26482503349715353,1.5374009487337774,19.5477487688085,419.604861820494,0.0,0.2,0.0,0.0,1.1319374877316921,0.0,467.5346128556999,physics_residual_tiny_ttm
2025-03-22 23:55:00,18.109843300074022,0.26747400929079307,1.5222849545651909,19.397848097389986,419.64213446367876,0.0,0.1,0.0,0.0,0.6432229697331826,0.0,323.1112374571317,physics_residual_tiny_ttm
2025-03-23 00:00:00,17.998324593354955,0.26931091937955043,1.5078623474772117,19.2885659576498,419.6613167414319,0.0,0.0,0.0,0.0,0.21555000895956952,0.0,106.09438361674539,physics_residual_tiny_ttm
2025-03-23 00:05:00,17.897543329828125,0.2710093967249155,1.4948511716500108,19.18849408223474,419.6674003397168,0.0,0.0,0.0,0.0,0.21555000895956952,0.0,103.95520160999642,physics_residual_tiny_ttm
2025-03-23 00:10:00,17.7987941198201,0.2726853100407629,1.4821724334963473,19.09044154983774,419.67337466136297,0.0,0.0,0.0,0.0,0.21555000895956952,0.0,101.85915194920207,physics_residual_tiny_ttm
2025-03-23 00:15:00,17.702035991017592,0.2743387333925483,1.4698163239079007,18.99436761532574,419.6792416692521,0.0,0.0,0.0,0.0,0.21555000895956952,0.0,99.80536495648468,physics_residual_tiny_ttm
2025-03-23 00:20:00,17.607228797232423,0.2759697501194326,1.457773374939036,18.90023235565021,419.68500329100766,1.0,0.1,0.0,0.0,0.6584833590394067,23333.40915167523,293.1772066639083,physics_residual_tiny_ttm
2025-03-23 00:25:00,18.43015923775943,0.2633960800895314,1.5618345046045627,19.65380549623388,419.702288298593,0.0,0.2,0.0,0.0,1.0246523265485403,0.0,445.57465040429275,physics_residual_tiny_ttm
2025-03-23 00:30:00,18.326910207603923,0.2664424486515798,1.545340569216151,19.482172842835567,419.72770921421693,0.0,0.2,0.0,0.0,1.0089295012027337,0.0,428.53911469795037,physics_residual_tiny_ttm
2025-03-23 00:35:00,18.22633175849381,0.2693398429358619,1.5295546163551341,19.320268745763595,419.75060273144044,0.0,0.2,0.0,0.0,1.1014167091192437,0.0,456.78016972723606,physics_residual_tiny_ttm
2025-03-23 00:40:00,18.126572874791773,0.27225043845114655,1.5139490634536017,19.159434710824986,419.77349359134047,0.0,0.1,0.0,0.0,0.6894665736914376,0.0,347.41096833267676,physics_residual_tiny_ttm
2025-03-23 00:45:00,18.01376816143676,0.27426365686614196,1.499096648050176,19.04283085370456,419.78650764113195,0.0,0.0,0.0,0.0,0.21555000895956952,0.0,106.42218862537985,physics_residual_tiny_ttm
2025-03-23 00:50:00,17.91267550910843,0.2760356511231418,1.4859586085845442,18.94061888453962,419.7903424977875,0.0,0.0,0.0,0.0,0.21555000895956952,0.0,104.27639708330686,physics_residual_tiny_ttm
2025-03-23 00:55:00,17.813621188834095,0.27778442700544953,1.4731558817037747,18.84046543234014,419.7941084708275,0.0,0.0,0.0,0.0,0.21555000895956952,0.0,102.17387115530845,physics_residual_tiny_ttm
2025-03-23 01:00:00,17.716564101706307,0.2795100490381657,1.4606785809763088,18.74232903279646,419.79780679757397,0.0,0.0,0.0,0.0,0.21555000895956952,0.0,100.11373847642061,physics_residual_tiny_ttm
2025-03-23 01:05:00,17.62146397749525,0.2813460855573621,1.4482481438084707,18.639703633858705,419.8014386931235,1.0,0.1,0.0,0.0,0.6122397550811517,23333.40915167523,333.6795220427973,physics_residual_tiny_ttm
2025-03-23 01:10:00,18.42302949396348,0.26793261389713086,1.551522261180223,19.420298009128015,419.8115692869477,0.0,0.2,0.0,0.0,1.0089295012027337,0.0,636.1397026877922,physics_residual_tiny_ttm
2025-03-23 01:15:00,18.273727032369504,0.27017809744645677,1.5323504453467494,19.284836822445705,419.82741206239194,0.0,0.2,0.0,0.0,1.0089295012027337,0.0,621.3527203738844,physics_residual_tiny_ttm
2025-03-23 01:20:00,18.1278950865281,0.27316282630047106,1.512176590021118,19.114042535881225,419.8419228175423,0.0,0.1,0.0,0.0,0.6584833590394067,0.0,396.6548249661969,physics_residual_tiny_ttm
2025-03-23 01:25:00,17.99379486905444,0.2757760260673712,1.4940952468444995,18.965039580416732,419.85059708371665,0.0,0.0,0.0,0.0,0.21555000895956952,0.0,127.22422489386803,physics_residual_tiny_ttm
2025-03-23 01:30:00,17.872941929446036,0.27781092091692644,1.478613180194575,18.847604841932245,419.8532807337119,0.0,0.0,0.0,0.0,0.21555000895956952,0.0,103.43301255226369,physics_residual_tiny_ttm
2025-03-23 01:35:00,17.77468875769418,0.27966990622421484,1.46571188671799,18.742767295929117,419.8559161786422,0.0,0.0,0.0,0.0,0.21555000895956952,0.0,101.3474917941157,physics_residual_tiny_ttm
2025-03-23 01:40:00,17.678416665524036,0.2815050111617671,1.4531362963967993,18.64003183888921,419.8585042843909,0.0,0.0,0.0,0.0,0.21555000895956952,0.0,99.30402140968633,physics_residual_tiny_ttm
2025-03-23 01:45:00,17.584085708410264,0.28345009583939146,1.4406079057220205,18.532919902308628,419.86104590128815,1.0,0.1,0.0,0.0,0.6122397550811517,23333.40915167523,391.6242002507044,physics_residual_tiny_ttm
2025-03-23 01:50:00,18.36475854289025,0.2696558673614818,1.5422268148321796,19.324432838608132,419.8681353365684,0.0,0.2,0.0,0.0,1.0089295012027337,0.0,630.3685217324667,physics_residual_tiny_ttm
2025-03-23 01:55:00,18.216810581761024,0.27286298115961244,1.5212699415368454,19.141829056301574,419.87922218232694,0.0,0.2,0.0,0.0,1.0089295012027337,0.0,615.7156897480481,physics_residual_tiny_ttm
2025-03-23 02:00:00,18.07230165120221,0.2764687414308106,1.5000503439694004,18.942056553611806,419.88937687427205,0.0,0.1,0.0,0.0,0.6122397550811517,0.0,425.7147228316016,physics_residual_tiny_ttm
2025-03-23 02:05:00,17.918804857416923,0.2789325116148144,1.4805835673163568,18.799188658772295,419.8950208638889,0.0,0.0,0.0,0.0,0.21555000895956952,0.0,146.85847687604638,physics_residual_tiny_ttm
2025-03-23 02:10:00,17.779300933131363,0.28143532422748313,1.4625444525758813,18.657622304677613,419.89690655169966,0.0,0.0,0.0,0.0,0.21555000895956952,0.0,143.897368091941,physics_residual_tiny_ttm
2025-03-23 02:15:00,17.642609827720182,0.2839121886688892,1.4450023144905964,18.518906084306252,419.8987583678417,1.0,0.1,0.0,0.0,0.6122397550811517,23333.40915167523,455.34168916550277,physics_residual_tiny_ttm
2025-03-23 02:20:00,18.400308520757708,0.27081803188871645,1.5432079434148078,19.27095744714907,419.9039237138481,0.0,0.2,0.0,0.0,1.0089295012027337,0.0,732.9298529015151,physics_residual_tiny_ttm
2025-03-23 02:25:00,18.228289338883737,0.27498719035001956,1.5179190157204299,19.037699025583706,419.91200156380347,0.0,0.2,0.0,0.0,1.0708959305067955,0.0,759.674454067893,physics_residual_tiny_ttm
2025-03-23 02:30:00,18.058528822817635,0.2785792207727828,1.4943808572353747,18.83632179037928,419.91985466107127,0.0,0.1,0.0,0.0,0.6122397550811517,0.0,485.08032228137705,physics_residual_tiny_ttm
2025-03-23 02:35:00,17.883627016031927,0.28104998475313575,1.47297168591302,18.691029223613963,419.92394367462765,0.0,0.0,0.0,0.0,0.21555000895956952,0.0,167.33778155228183,physics_residual_tiny_ttm
2025-03-23 02:40:00,17.724669373923966,0.2836713725963184,1.4529840546498316,18.541976867535,419.92530983642894,1.0,0.1,0.0,0.0,0.6122397550811517,23333.40915167523,520.4758848655869,physics_residual_tiny_ttm
2025-03-23 02:45:00,18.45888311408214,0.27062913188650906,1.5492839074814186,19.288975992838957,419.9291205270499,0.0,0.2,0.0,0.0,1.0089295012027337,0.0,837.7715522434121,physics_residual_tiny_ttm
2025-03-23 02:50:00,18.26225750735636,0.27358441418423735,1.5241012869875283,19.112366138697396,419.93507989299064,0.0,0.2,0.0,0.0,1.0089295012027337,0.0,818.2976645521129,physics_residual_tiny_ttm
2025-03-23 02:55:00,18.070202436562905,0.2770293979870226,1.498690261291698,18.914119993216204,419.94053821058924,0.0,0.1,0.0,0.0,0.6122397550811517,0.0,485.78301137540996,physics_residual_tiny_ttm
2025-03-23 03:00:00,17.895047266392805,0.28016816734822114,1.4758385875780147,18.735524890701036,419.94357194987134,0.0,0.0,0.0,0.0,0.21555000895956952,0.0,167.5801876626007,physics_residual_tiny_ttm
2025-03-23 03:05:00,17.73585935767457,0.2830143385353393,1.4553424971576643,18.575187852727762,419.94458553876393,0.0,0.0,0.0,0.0,0.21555000895956952,0.0,164.20126683838035,physics_residual_tiny_ttm
2025-03-23 03:10:00,17.579881156185063,0.2859444221814625,1.4352124107290907,18.412844020072296,419.94558092106524,1.0,0.1,0.0,0.0,0.6122397550811517,23333.40915167523,511.7604087696937,physics_residual_tiny_ttm
2025-03-23 03:15:00,18.31723737078747,0.2736380092801908,1.5292541337459853,19.117609348926006,419.9483573813618,0.0,0.2,0.0,0.0,1.0089295012027337,0.0,823.7428947211092,physics_residual_tiny_ttm
2025-03-23 03:20:00,18.123904300421373,0.2775156351787278,1.5027438788787042,18.897843433060164,419.9526993614838,0.0,0.1,0.0,0.0,0.6122397550811517,0.0,489.0155762765637,physics_residual_tiny_ttm
2025-03-23 03:25:00,17.947583588348635,0.28121470512123575,1.4785718609436862,18.692055738201695,419.9551126390955,0.0,0.0,0.0,0.0,0.21555000895956952,0.0,189.92131221873657,physics_residual_tiny_ttm
2025-03-23 03:30:00,17.767173380347234,0.28428545556263335,1.455631047962801,18.518410704195386,419.95591892834926,0.0,0.0,0.0,0.0,0.21555000895956952,0.0,164.86593794406116,physics_residual_tiny_ttm
2025-03-23 03:35:00,17.610563793938216,0.28742444882527807,1.4350121063896921,18.346638343089186,419.9567107346317,1.0,0.1,0.0,0.0,0.6122397550811517,23333.40915167523,573.8019894457443,physics_residual_tiny_ttm
2025-03-23 03:40:00,18.325550136876796,0.27439151389593314,1.5284643858930513,19.08126638144279,419.95891935206726,0.0,0.2,0.0,0.0,1.0089295012027337,0.0,824.5661947781223,physics_residual_tiny_ttm
2025-03-23 03:45:00,18.13202383737467,0.27870104374854254,1.50104360340848,18.84079415037064,419.96237330853626,0.0,0.1,0.0,0.0,0.6122397550811517,0.0,489.50432896190864,physics_residual_tiny_ttm
2025-03-23 03:50:00,17.95552689937849,0.2826518898580332,1.476352942070871,18.623544168543123,419.9642930215668,0.0,0.0,0.0,0.0,0.21555000895956952,0.0,168.86392769651403,physics_residual_tiny_ttm
2025-03-23 03:55:00,17.79511953927888,0.2858039573801344,1.4551015856942917,18.44954492092721,419.9649344081935,0.0,0.0,0.0,0.0,0.21555000895956952,0.0,165.45912281049624,physics_residual_tiny_ttm
2025-03-23 04:00:00,17.637946474217113,0.2889304770867589,1.4344540100228889,18.27903573976254,419.96556427391255,1.0,0.1,0.0,0.0,0.6122397550811517,23333.40915167523,515.2556302677673,physics_residual_tiny_ttm
2025-03-23 04:05:00,18.374042442779743,0.276614154043206,1.5284227247074924,18.97799344912599,419.9673211839547,0.0,0.2,0.0,0.0,1.0089295012027337,0.0,829.3688943591749,physics_residual_tiny_ttm
2025-03-23 04:10:00,18.179388946112095,0.2807064593748393,1.5013292257625355,18.749516869586227,419.9700687357524,0.0,0.1,0.0,0.0,0.6122397550811517,0.0,492.3554551061976,physics_residual_tiny_ttm
2025-03-23 04:15:00,18.001863998751062,0.2842447244053699,1.4773734293147445,18.55322495604603,419.97159582824344,0.0,0.0,0.0,0.0,0.21555000895956952,0.0,169.84747846531693,physics_residual_tiny_ttm
2025-03-23 04:20:00,17.840522343301934,0.28727620492903916,1.4562591664362436,18.385618227134252,419.9721060381998,0.0,0.0,0.0,0.0,0.21555000895956952,0.0,166.4228422363418,physics_residual_tiny_ttm
2025-03-23 04:25:00,17.68243382109615,0.29028176917562526,1.435749044648325,18.221379636965917,419.97260708350944,1.0,0.1,0.0,0.0,0.6584833590394067,23333.40915167523,556.962684812143,physics_residual_tiny_ttm
2025-03-23 04:30:00,18.416184229616523,0.2775728399615889,1.530434380552069,18.93669434944827,419.97411023181485,0.0,0.2,0.0,0.0,1.1014167091192437,0.0,909.6176733248172,physics_residual_tiny_ttm
2025-03-23 04:35:00,18.217527524049128,0.28165125655726414,1.5029513015730824,18.70893791408856,419.9764865170877,0.0,0.2,0.0,0.0,1.1014167091192437,0.0,888.1469396314295,physics_residual_tiny_ttm
2025-03-23 04:40:00,18.023559937159533,0.2856540214757296,1.4764770476459224,18.48858884985906,419.9786446956685,0.0,0.1,0.0,0.0,0.6122397550811517,0.0,482.9753824470956,physics_residual_tiny_ttm
2025-03-23 04:45:00,17.84941709288638,0.28908122117710905,1.4533846694298207,18.30114449396718,419.97973424285965,0.0,0.0,0.0,0.0,0.21555000895956952,0.0,166.6116420945667,physics_residual_tiny_ttm
2025-03-23 04:50:00,17.69114922576509,0.29218117838056806,1.4326933632890555,18.133328652778353,419.9800982665374,1.0,0.1,0.0,0.0,0.6122397550811517,23333.40915167523,518.4581512780633,physics_residual_tiny_ttm
2025-03-23 04:55:00,18.42609048512753,0.27958571112828173,1.5271179293885617,18.83920758703537,419.9811136525725,0.0,0.2,0.0,0.0,1.0089295012027337,0.0,933.5642011846179,physics_residual_tiny_ttm
2025-03-23 05:00:00,18.206982272412684,0.2831656019898731,1.4987905269458033,18.634054702783647,419.9827015686633,0.0,0.1,0.0,0.0,0.6122397550811517,0.0,554.2110757605141,physics_residual_tiny_ttm
2025-03-23 05:05:00,18.007154503610845,0.2868638832398797,1.4724569807346901,18.42844303748391,419.983584134277,0.0,0.0,0.0,0.0,0.21555000895956952,0.0,191.1857638201055,physics_residual_tiny_ttm
2025-03-23 05:10:00,17.82554316671166,0.29020138232491477,1.4489153262663148,18.24489975058838,419.9838790042773,0.0,0.0,0.0,0.0,0.21555000895956952,0.0,187.33088355247583,physics_residual_tiny_ttm
2025-03-23 05:15:00,17.647593660824377,0.29351396779637023,1.42607480996341,18.065053231947893,419.984168577675,1.0,0.1,0.0,0.0,0.6122397550811517,23333.40915167523,576.0309893237761,physics_residual_tiny_ttm
2025-03-23 05:20:00,18.361776309842416,0.2810119203637135,1.517963028213823,18.76041977372312,419.98497629651894,0.0,0.2,0.0,0.0,1.0089295012027337,0.0,927.194496610953,physics_residual_tiny_ttm
2025-03-23 05:25:00,18.144163071530922,0.2850237847493678,1.4890206280917684,18.53568045658732,419.9862394513239,0.0,0.1,0.0,0.0,0.6122397550811517,0.0,550.4296959479977,physics_residual_tiny_ttm
2025-03-23 05:30:00,17.94569872674563,0.28868485826923235,1.4630319730093646,18.333256846183268,419.9869415142365,0.0,0.0,0.0,0.0,0.21555000895956952,0.0,189.88130416679056,physics_residual_tiny_ttm
2025-03-23 05:35:00,17.765326523225603,0.29211075511800544,1.4395483590877785,18.14680663417216,419.9871760772968,0.0,0.0,0.0,0.0,0.21555000895956952,0.0,186.0527257308298,physics_residual_tiny_ttm
2025-03-23 05:40:00,17.588591166060063,0.29561438291808184,1.4165543971865022,17.959352633870207,419.9874064270179,1.0,0.1,0.0,0.0,0.6122397550811517,23333.40915167523,572.4793548002834,physics_residual_tiny_ttm
2025-03-23 05:45:00,18.3040544015432,0.2829438586371416,1.5084142039096076,18.65843262869779,419.9880489508544,0.0,0.2,0.0,0.0,1.0089295012027337,0.0,1020.518138619309,physics_residual_tiny_ttm
2025-03-23 05:50:00,18.064538035007057,0.2861487906531951,1.4792594636109602,18.470612987402706,419.9890537646922,0.0,0.1,0.0,0.0,0.6122397550811517,0.0,545.6366947404698,physics_residual_tiny_ttm
2025-03-23 05:55:00,17.86780186704654,0.2903831890335307,1.4524027241107413,18.242149760862716,419.9896122413942,0.0,0.0,0.0,0.0,0.21555000895956952,0.0,209.45385542353588,physics_residual_tiny_ttm
2025-03-23 06:00:00,17.668837289652853,0.29391135071176033,1.4271827669780726,18.04942708805041,419.9897988315159,1.0,0.1,0.0,0.0,0.6122397550811517,23333.40915167523,637.5043921609343,physics_residual_tiny_ttm
2025-03-23 06:05:00,18.36085493066785,0.2810410733918206,1.5178137961117004,18.758868834054443,419.9903192949237,0.0,0.2,0.0,0.0,1.0089295012027337,0.0,1026.1436883297408,physics_residual_tiny_ttm
2025-03-23 06:10:00,18.120018243428504,0.28562040814765727,1.4855235553661554,18.503666702033104,419.9911332240024,0.0,0.1,0.0,0.0,0.6122397550811517,0.0,609.1709565046009,physics_residual_tiny_ttm
2025-03-23 06:15:00,17.900373998877537,0.28976060102330337,1.4566598216677464,18.27604388395493,419.9915856067328,0.0,0.0,0.0,0.0,0.21555000895956952,0.0,224.36664387509194,physics_residual_tiny_ttm
2025-03-23 06:20:00,17.68724345329947,0.2934946724035024,1.4296827341245735,18.071373975071246,419.99173675027816,1.0,0.1,0.0,0.0,0.6122397550811517,23333.40915167523,698.8069947744859,physics_residual_tiny_ttm
2025-03-23 06:25:00,18.357157670478696,0.2813224792557877,1.5168680460587365,18.744639823751648,419.9921583411103,0.0,0.2,0.0,0.0,1.0089295012027337,0.0,1124.817955556126,physics_residual_tiny_ttm
2025-03-23 06:30:00,18.093162059294446,0.286318898510492,1.4815693252519675,18.466463887758742,419.9928176478597,0.0,0.1,0.0,0.0,0.6122397550811517,0.0,668.0647008495014,physics_residual_tiny_ttm
2025-03-23 06:35:00,17.857527469480317,0.29105282670061455,1.450094081708265,18.209180101636814,300.0,1.0,0.0,0.0,0.0,0.21555000895956952,23333.40915167523,250.17341381617143,physics_residual_tiny_ttm
2025-03-23 06:40:00,18.54853906839925,0.27909382941592387,1.5399259973298223,18.88071922547552,300.0,1.0,0.0,0.0,0.0,0.21555000895956952,23333.40915167523,264.920208067659,physics_residual_tiny_ttm
2025-03-23 06:45:00,19.229282585262677,0.2680732557193647,1.6313545234996387,19.531078535843605,300.0,1.0,0.0,1.0,0.0,0.21555000895956952,23333.40915167523,279.1156160269088,physics_residual_tiny_ttm
2025-03-23 06:50:00,19.88457293329991,0.25748623447752605,1.723702662127801,20.180762670488154,302.1555000895957,1.0,0.0,0.0,0.0,0.21555000895956952,23333.40915167523,293.42174957918496,physics_residual_tiny_ttm
2025-03-23 06:55:00,20.544974611184035,0.2482931497402787,1.817734450179104,20.78008401883175,300.0,1.0,0.0,0.0,0.0,0.21555000895956952,23333.40915167523,307.51881797872153,physics_residual_tiny_ttm
2025-03-23 07:00:00,21.195725395124533,0.23979270004941636,1.9133325156665943,21.359837019346106,300.0,1.0,0.0,0.0,0.0,0.21555000895956952,23333.40915167523,321.41103660806493,physics_residual_tiny_ttm
2025-03-23 07:05:00,21.8370198761824,0.23196388008200744,2.0103823558776206,21.918225314932336,300.0,1.0,0.1,1.0,0.0,0.6122397550811517,23333.40915167523,948.6013342707964,physics_residual_tiny_ttm
2025-03-23 07:10:00,22.416867604790678,0.22417916207337382,2.1037398910813594,22.481995308278254,306.1223975508115,0.0,0.2,1.0,0.0,1.0089295012027337,0.0,1526.8934361434467,physics_residual_tiny_ttm
2025-03-23 07:15:00,22.05850457911457,0.22922218377173345,2.04499049714173,22.117532447734007,315.69693693724673,0.0,0.1,0.0,0.0,0.6122397550811517,0.0,909.7787382899896,physics_residual_tiny_ttm
2025-03-23 07:20:00,21.78591464205795,0.2360839075622757,1.993370157002402,21.668032932284273,300.0,1.0,0.2,1.0,0.0,1.0394502798151821,23333.40915167523,1500.7090913965853,physics_residual_tiny_ttm
2025-03-23 07:25:00,22.36569796563075,0.22740074754655473,2.088500110771766,22.277475084696164,310.39450279815185,0.0,0.3,1.0,0.0,1.4056192473243156,0.0,1841.3036692773221,physics_residual_tiny_ttm
2025-03-23 07:30:00,22.034418516909163,0.23226190179648862,2.033938653899131,21.93255965642993,323.2331358381076,0.0,0.2,0.0,0.0,1.0246523265485403,0.0,1319.8765725380415,physics_residual_tiny_ttm
2025-03-23 07:35:00,21.817128194591547,0.24052868586384715,1.985551507970634,21.416147395266012,300.0,1.0,0.3,1.0,0.0,1.451400415242988,23333.40915167523,1954.4602700491725,physics_residual_tiny_ttm
2025-03-23 07:40:00,22.3990356257961,0.23329392455526826,2.076772744202427,21.930514909291958,314.5140041524299,0.0,0.4,1.0,0.0,1.802308993445898,0.0,2423.0635897744523,physics_residual_tiny_ttm
2025-03-23 07:45:00,22.037331832704023,0.23891373707432947,2.0166741657018528,21.544048536219993,330.35720073565255,0.0,0.5,1.0,0.0,2.19899873956748,0.0,2800.9487102391354,physics_residual_tiny_ttm
2025-03-23 07:50:00,21.67401200319545,0.24658723690470777,1.9525718417660278,21.05034039501509,346.7842342851193,0.0,0.4,0.0,0.0,1.802308993445898,0.0,2260.1916578016567,physics_residual_tiny_ttm
2025-03-23 07:55:00,21.478142934225097,0.25911885951255803,1.8972341603323177,20.334037655921225,300.0,0.0,0.3,0.0,0.0,1.4056192473243156,0.0,1740.4641092042675,physics_residual_tiny_ttm
2025-03-23 08:00:00,21.320584589901856,0.2705152714767047,1.8501146369985837,19.71227359515688,300.0,1.0,0.4,1.0,0.0,1.802308993445898,23333.40915167523,2159.894716440709,physics_residual_tiny_ttm
2025-03-23 08:05:00,21.92442017100387,0.2600994701882444,1.9470897695792588,20.3488843192097,318.023089934459,0.0,0.4,0.8,0.0,1.802308993445898,0.0,2109.298142272414,physics_residual_tiny_ttm
2025-03-23 08:10:00,21.645084884425483,0.26534598389053,1.9005932827454388,20.028928279100825,300.0,0.0,0.3,0.0,0.0,1.4056192473243156,0.0,1630.6691951559226,physics_residual_tiny_ttm
2025-03-23 08:15:00,21.543356539682478,0.2765263761739622,1.860063780975183,19.437966694454456,300.0,0.0,0.2,0.0,0.0,1.0089295012027337,0.0,1064.433787135859,physics_residual_tiny_ttm
2025-03-23 08:20:00,21.49764225736297,0.28825632645291704,1.8247955102989986,18.849103996142,300.0,0.0,0.1,0.0,0.0,0.6122397550811517,0.0,644.9806083772078,physics_residual_tiny_ttm
2025-03-23 08:25:00,21.482359962789353,0.30011571667007936,1.7927127640898415,18.279232425740684,300.0,0.0,0.0,0.0,0.0,0.21555000895956952,0.0,206.1787436962291,physics_residual_tiny_ttm
2025-03-23 08:30:00,21.517651137778348,0.31204460953553437,1.7659667349838362,17.732484239664952,300.0,0.0,0.0,0.0,0.0,0.21555000895956952,0.0,207.18188034156213,physics_residual_tiny_ttm
2025-03-23 08:35:00,21.56395806769091,0.3241751777356129,1.739748528609797,17.196308419956573,300.0,0.0,0.1,0.1,0.0,0.6122397550811517,0.0,529.3453381994805,physics_residual_tiny_ttm
2025-03-23 08:40:00,21.603031327705118,0.3345663647919264,1.7170964434487153,16.750708604056523,300.0,0.0,0.2,0.3,0.0,1.0089295012027337,0.0,870.5165921153288,physics_residual_tiny_ttm
2025-03-23 08:45:00,21.585195127744573,0.3411564013741143,1.6982384289526098,16.46908580778532,300.0,0.0,0.2,0.2,0.0,1.0089295012027337,0.0,872.3397461461108,physics_residual_tiny_ttm
2025-03-23 08:50:00,21.603175408929292,0.34897995948877836,1.6799181524843647,16.145685029154894,300.0,0.0,0.2,0.4,0.0,1.0089295012027337,0.0,770.3235914141388,physics_residual_tiny_ttm
2025-03-23 08:55:00,21.59707328234268,0.35506887301868145,1.6635853249650667,15.895962127873577,300.0,0.0,0.2,0.8,0.0,1.0089295012027337,0.0,758.422583940918,physics_residual_tiny_ttm
2025-03-23 09:00:00,21.479703352464526,0.3561661197178421,1.6488748485093248,15.83756509004907,300.0,0.0,0.1,0.4,0.0,0.6122397550811517,0.0,461.65718941470584,physics_residual_tiny_ttm
2025-03-23 09:05:00,21.50294935382678,0.3633974819751613,1.6326758252029916,15.550444087289979,300.0,0.0,0.1,0.6,0.0,0.6122397550811517,0.0,399.30802404555817,physics_residual_tiny_ttm
2025-03-23 09:10:00,21.48963765687006,0.3680860317693441,1.6193317522252388,15.3636680960451,300.0,0.0,0.1,0.6,0.0,0.6122397550811517,0.0,398.84948341440315,physics_residual_tiny_ttm
2025-03-23 09:15:00,21.48218535847395,0.37341692016162975,1.6049388590366576,15.154729414338219,300.0,0.0,0.1,0.6,0.0,0.6584833590394067,0.0,428.6680237153857,physics_residual_tiny_ttm
2025-03-23 09:20:00,21.47754178029209,0.3782486931731163,1.5921102042363384,14.967858647089354,300.0,0.0,0.1,0.6,0.0,0.6584833590394067,0.0,428.6584801862982,physics_residual_tiny_ttm
2025-03-23 09:25:00,21.477397569376006,0.3827854874636024,1.5804789481857304,14.794775275967732,300.0,0.0,0.1,0.6,0.0,0.6432229697331826,0.0,418.9484761615721,physics_residual_tiny_ttm
2025-03-23 09:30:00,21.480865500769813,0.3869046016548762,1.570264487680869,14.639580861374032,300.0,0.0,0.2,0.6,0.0,1.1014167091192437,0.0,717.0652494023782,physics_residual_tiny_ttm
2025-03-23 09:35:00,21.478000149189086,0.38756172159683083,1.568306448396748,14.614581898003452,300.0,0.0,0.2,0.7,0.0,1.1014167091192437,0.0,604.8140560063239,physics_residual_tiny_ttm
2025-03-23 09:40:00,21.4639177512869,0.3875998302540251,1.5668579174740942,14.611606005798373,300.0,0.0,0.1,0.7,0.0,0.6122397550811517,0.0,336.1505341197256,physics_residual_tiny_ttm
2025-03-23 09:45:00,21.46318889988412,0.3901857438652528,1.560172125113896,14.514764606514554,300.0,0.0,0.0,0.8,0.0,0.21555000895956952,0.0,96.475818041983,physics_residual_tiny_ttm
2025-03-23 09:50:00,21.45352980086167,0.39345436933299444,1.550892414473717,14.392217370963166,300.0,0.0,0.0,0.0,0.0,0.21555000895956952,0.0,103.46983815672056,physics_residual_tiny_ttm
2025-03-23 09:55:00,21.77638870624307,0.4072253403241354,1.5458926959602606,13.923671970044014,300.0,0.0,0.0,1.0,0.0,0.21555000895956952,0.0,80.1575857275752,physics_residual_tiny_ttm
2025-03-23 10:00:00,21.700245346948318,0.40686876508069314,1.5396461484400532,13.92854783578982,302.1555000895957,0.0,0.1,0.7,0.0,0.620101167754055,0.0,233.68666450052405,physics_residual_tiny_ttm
2025-03-23 10:05:00,21.749775945775227,0.4047991207507774,1.5496997041578655,14.00847774602266,300.0,0.0,0.0,0.9,0.0,0.21555000895956952,0.0,80.5533170710169,physics_residual_tiny_ttm
2025-03-23 10:10:00,21.71851315091123,0.4051125968266262,1.5459289584939484,13.99384797637993,300.0,0.0,0.1,0.8,0.0,0.6584833590394067,0.0,246.6826019297594,physics_residual_tiny_ttm
2025-03-23 10:15:00,21.727585852151414,0.40091610598687305,1.5576973180316025,14.14726776172587,300.0,0.0,0.1,0.9,0.0,0.6122397550811517,0.0,167.00927245542755,physics_residual_tiny_ttm
2025-03-23 10:20:00,21.714269682318122,0.3963465245718038,1.568302714902377,14.313464109265293,300.0,0.0,0.0,0.9,0.0,0.21555000895956952,0.0,58.62606945236707,physics_residual_tiny_ttm
2025-03-23 10:25:00,21.70630457157548,0.39653049881045777,1.5670620975896028,14.305827588209844,300.0,0.0,0.0,0.9,0.0,0.21555000895956952,0.0,58.47446779827271,physics_residual_tiny_ttm
2025-03-23 10:30:00,21.699306315452112,0.39671038352182875,1.5659253744808908,14.298449077942898,300.0,0.0,0.1,0.9,0.0,0.6584833590394067,0.0,113.20124420032482,physics_residual_tiny_ttm
2025-03-23 10:35:00,21.71056796476964,0.3919449562734756,1.5793809010071853,14.476127143655134,300.0,0.0,0.0,1.0,0.0,0.21555000895956952,0.0,36.308497070809935,physics_residual_tiny_ttm
2025-03-23 10:40:00,21.676077767580928,0.3902534379241898,1.580440780737715,14.53545726158137,302.1555000895957,0.0,0.0,0.9,0.0,0.21555000895956952,0.0,36.65928192892467,physics_residual_tiny_ttm
2025-03-23 10:45:00,21.692270745790506,0.3902581194010411,1.5819930364593633,14.537049089020037,300.0,0.0,0.1,0.9,0.0,0.6432229697331826,0.0,110.27209736185885,physics_residual_tiny_ttm
2025-03-23 10:50:00,21.70583895670833,0.3849557824554152,1.5970733666158297,14.73786971479271,300.0,0.0,0.0,1.0,0.0,0.21555000895956952,0.0,36.208119196981905,physics_residual_tiny_ttm
2025-03-23 10:55:00,21.671444110551498,0.3830502805611666,1.5986584073332983,14.806276914573132,302.1555000895957,0.0,0.0,0.9,0.0,0.21555000895956952,0.0,36.605386120915334,physics_residual_tiny_ttm
2025-03-23 11:00:00,21.689782800189395,0.38309795453534884,1.600327022584552,14.806503281748775,300.0,0.0,0.0,1.0,0.0,0.21555000895956952,0.0,14.641322236818837,physics_residual_tiny_ttm
2025-03-23 11:05:00,21.67587470341341,0.38101721526434673,1.6043608254944872,14.88416521332178,302.1555000895957,0.0,0.0,1.0,0.0,0.21555000895956952,0.0,14.346109125471164,physics_residual_tiny_ttm
2025-03-23 11:10:00,21.662247035717243,0.3789694637067325,1.6083286061380488,14.960959895409776,304.27228200722266,0.0,0.1,0.9,0.0,0.6584833590394067,0.0,46.43198412454621,physics_residual_tiny_ttm
2025-03-23 11:15:00,21.701627134447286,0.37405943674138054,1.6249495490126247,15.154746236566965,300.0,0.0,0.2,1.0,0.0,1.1319374877316921,0.0,77.92343318261445,physics_residual_tiny_ttm
2025-03-23 11:20:00,21.684982653644035,0.36354177352970923,1.6505742509017982,15.565929203425739,311.31937487731693,0.0,0.1,1.0,0.0,0.6122397550811517,0.0,41.232291115715434,physics_residual_tiny_ttm
2025-03-23 11:25:00,21.670115832866525,0.3575493684949915,1.6646020159578532,15.80425030103856,316.8642581529151,0.0,0.0,1.0,0.0,0.21555000895956952,0.0,14.223871401692113,physics_residual_tiny_ttm
2025-03-23 11:30:00,21.656604281328754,0.3557304824971671,1.6679370598036791,15.876209991951018,318.7168339928477,0.0,0.1,1.0,0.0,0.6894665736914376,0.0,0.0,physics_residual_tiny_ttm
2025-03-23 11:35:00,21.66416033418475,0.3492118797711234,1.6855910816051654,16.143496778315402,324.53611377947874,0.0,0.0,1.0,0.0,0.21555000895956952,0.0,14.097460051254188,physics_residual_tiny_ttm
2025-03-23 11:40:00,21.650768863420222,0.34736242161991165,1.6889985389351363,16.218249742856955,326.25088390699113,0.0,0.1,1.0,0.0,0.6506219463665034,0.0,0.0,physics_residual_tiny_ttm
2025-03-23 11:45:00,21.658400622625088,0.3416623324564923,1.7045449326078281,16.456841333880348,331.3338199388722,0.0,0.1,1.0,0.0,0.6432229697331826,0.0,0.0,physics_residual_tiny_ttm
2025-03-23 11:50:00,21.665855786813847,0.33578372655737043,1.7205492743771935,16.706571298784837,336.08649691002347,0.0,0.0,1.0,0.0,0.21555000895956952,0.0,0.0,physics_residual_tiny_ttm
2025-03-23 11:55:00,21.67259313957598,0.3338312364225182,1.7263174548554006,16.790905975062902,337.5937932719296,0.0,0.0,1.0,0.0,0.21555000895956952,0.0,0.0,physics_residual_tiny_ttm
2025-03-23 12:00:00,21.67919464703405,0.33173245817612496,1.7324549258396946,16.881969234854495,339.07401482180956,0.0,0.0,1.0,0.0,0.21555000895956952,0.0,0.0,physics_residual_tiny_ttm
2025-03-23 12:05:00,21.705826057191338,0.3295192725433252,1.741022902586742,16.981047443247945,340.5276478909946,0.0,0.0,1.0,0.0,0.21555000895956952,0.0,0.0,physics_residual_tiny_ttm
2025-03-23 12:10:00,21.73192049798719,0.3273532695729456,1.7494335111739745,17.07860390190787,341.95517007508914,0.0,0.0,1.0,0.0,0.21555000895956952,0.0,0.0,physics_residual_tiny_ttm
2025-03-23 12:15:00,21.757488796339647,0.3254270303217689,1.7571849249491642,17.16615743456628,343.357050390886,0.0,0.0,1.0,0.0,0.21555000895956952,0.0,0.0,physics_residual_tiny_ttm
2025-03-23 12:20:00,21.782541560863507,0.32354167383721316,1.7647935408880029,17.252313874537897,344.7337494304637,0.0,0.0,1.0,0.0,0.21555000895956952,0.0,0.0,physics_residual_tiny_ttm
2025-03-23 12:25:00,21.81717069074857,0.321435439373448,1.774034589841436,17.349965032262517,346.08571951251514,0.0,0.0,1.0,0.0,0.21555000895956952,0.0,0.0,physics_residual_tiny_ttm
2025-03-23 12:30:00,21.86118309765432,0.31951722070473365,1.783834274937072,17.44103255123293,347.41340483095826,0.0,0.0,1.0,0.0,0.21555000895956952,0.0,0.0,physics_residual_tiny_ttm
2025-03-23 12:35:00,21.904308082005574,0.3174394720692749,1.7939944166429311,17.539652836178217,348.71724160087757,0.0,0.0,1.0,0.0,0.21555000895956952,0.0,0.0,physics_residual_tiny_ttm
2025-03-23 12:40:00,21.94656353691125,0.31520623411300763,1.8045082074826193,17.64578087229621,349.9976582018437,0.0,0.0,1.0,0.0,0.21555000895956952,0.0,0.0,physics_residual_tiny_ttm
2025-03-23 12:45:00,21.987966994701342,0.3130242817905947,1.8148330415103495,17.75015644804901,351.255075318659,0.0,0.0,1.0,0.0,0.21555000895956952,0.0,0.0,physics_residual_tiny_ttm
2025-03-23 12:50:00,22.02853563420132,0.31089224990897685,1.8249720160496978,17.85280612659055,352.48990607957467,0.0,0.0,1.0,0.0,0.21555000895956952,0.0,0.0,physics_residual_tiny_ttm
2025-03-23 12:55:00,22.068286287859838,0.30860693609804646,1.8354641287582665,17.963056095355117,353.70255619202544,0.0,0.0,1.0,0.0,0.21555000895956952,0.0,0.0,physics_residual_tiny_ttm
2025-03-23 13:00:00,22.107235448732744,0.30637351535198976,1.8457668334655741,18.071539597979587,354.8934240759259,0.0,0.0,1.0,0.0,0.21555000895956952,0.0,0.0,physics_residual_tiny_ttm
2025-03-23 13:05:00,22.15548078180285,0.3041261021193181,1.8571948855768308,18.182658809597424,356.06290099457266,0.0,0.0,1.0,0.0,0.21555000895956952,0.0,0.0,physics_residual_tiny_ttm
2025-03-23 13:10:00,22.212834848266915,0.30187132996825156,1.8697279284520922,18.296121270614027,357.21137118319507,0.0,0.0,1.0,0.0,0.21555000895956952,0.0,0.0,physics_residual_tiny_ttm
2025-03-23 13:15:00,22.269032484175362,0.2994597925656571,1.8826119034228705,18.417640135653137,358.33921197519686,0.0,0.0,1.0,0.0,0.21555000895956952,0.0,0.0,physics_residual_tiny_ttm
2025-03-23 13:20:00,22.32409700664784,0.29689582387482577,1.8958398240540324,18.547187975048207,359.4467939261302,0.0,0.0,1.0,0.0,0.21555000895956952,0.0,0.0,physics_residual_tiny_ttm
2025-03-23 13:25:00,22.3780512626607,0.2943939117565042,1.9088359011494038,18.67462510150758,360.534480935443,0.0,0.0,1.0,0.0,0.21555000895956952,0.0,0.0,physics_residual_tiny_ttm
2025-03-23 13:30:00,22.430917638526513,0.29195228058923345,1.921603680460956,18.79998306168388,361.6026303660389,0.0,0.0,1.0,0.0,0.21555000895956952,0.0,0.0,physics_residual_tiny_ttm
2025-03-23 13:35:00,22.50288107813562,0.2894446065308467,1.9368557007155238,18.932217454640444,362.6515931616902,0.0,0.0,1.0,0.0,0.21555000895956952,0.0,0.0,physics_residual_tiny_ttm
2025-03-23 13:40:00,22.573393518267586,0.2867807496325012,1.952455413883442,19.073017082289873,363.6817139623414,0.0,0.0,1.0,0.0,0.21555000895956952,0.0,0.0,physics_residual_tiny_ttm
2025-03-23 13:45:00,22.64248421543786,0.2841850654406933,1.9677916362612562,19.21143360367812,364.69333121734184,0.0,0.0,1.0,0.0,0.21555000895956952,0.0,0.0,physics_residual_tiny_ttm
2025-03-23 13:50:00,22.710181836262507,0.281436740931673,1.983471700934269,19.358483975244702,365.686777296644,0.0,0.0,1.0,0.0,0.21555000895956952,0.0,0.0,physics_residual_tiny_ttm
2025-03-23 13:55:00,22.776514469352353,0.2789759953116629,1.9982808527257985,19.49209571549507,366.66237860000496,0.0,0.0,1.0,0.0,0.21555000895956952,0.0,0.0,physics_residual_tiny_ttm
2025-03-23 14:00:00,22.84150963696732,0.2763602667570305,2.013441177415298,19.634516643774326,367.62045566422586,0.0,0.0,1.0,0.0,0.21555000895956952,0.0,0.0,physics_residual_tiny_ttm
2025-03-23 14:05:00,22.905194306435753,0.27402638394651135,2.027737883312641,19.763471100890825,368.5613232684654,0.0,0.0,1.0,0.0,0.21555000895956952,0.0,0.0,physics_residual_tiny_ttm
2025-03-23 14:10:00,22.96759490134351,0.2715353867740509,2.0423930168473916,19.90140626037372,369.4852905376613,0.0,0.0,1.0,0.0,0.21555000895956952,0.0,0.0,physics_residual_tiny_ttm
2025-03-23 14:15:00,23.02873731249746,0.26910632849125105,2.0567954874115286,20.037075725150725,370.3926610440944,0.0,0.0,1.0,0.0,0.21555000895956952,0.0,0.0,physics_residual_tiny_ttm
2025-03-23 14:20:00,23.08864690866789,0.2667373740714556,2.0709489659165703,20.170513910608776,371.2837329071282,0.0,0.0,1.0,0.0,0.21555000895956952,0.0,0.0,physics_residual_tiny_ttm
2025-03-23 14:25:00,23.147348547114355,0.2646035532311406,2.0843559906786617,20.29234841101996,372.15879889115695,0.0,0.0,1.0,0.0,0.21555000895956952,0.0,0.0,physics_residual_tiny_ttm
2025-03-23 14:30:00,23.204866583899253,0.2623457835754894,2.098031394628072,20.421552716950213,373.01814650179426,0.0,0.0,1.0,0.0,0.21555000895956952,0.0,0.0,physics_residual_tiny_ttm
2025-03-23 14:35:00,23.26122488399349,0.2601430887343935,2.111468498549977,20.548624936306464,373.8620580803339,0.0,0.0,1.0,0.0,0.21555000895956952,0.0,0.0,physics_residual_tiny_ttm
2025-03-23 14:40:00,23.316446831178336,0.2577830302720205,2.1252746100692614,20.68508325877504,374.6908108965139,0.0,0.0,1.0,0.0,0.21555000895956952,0.0,0.0,physics_residual_tiny_ttm
2025-03-23 14:45:00,23.370555337747682,0.25569022913521816,2.1382349330545734,20.8078309606527,375.50467723961447,0.0,0.0,1.0,0.0,0.21555000895956952,0.0,0.0,physics_residual_tiny_ttm
2025-03-23 14:50:00,23.423572854014626,0.2536477854158956,2.150967754498835,20.92854433447721,376.3039245079195,0.0,0.0,1.0,0.0,0.21555000895956952,0.0,0.0,physics_residual_tiny_ttm
2025-03-23 14:55:00,23.475521377626404,0.2516542706721037,2.163476544027069,21.04725457101382,377.08881529657083,0.0,0.0,1.0,0.0,0.21555000895956952,0.0,0.0,physics_residual_tiny_ttm
2025-03-23 15:00:00,23.526422462691492,0.24970830524758236,2.1757647394208903,21.1639924267504,377.85960748384497,0.0,0.0,1.0,0.0,0.21555000895956952,0.0,0.0,physics_residual_tiny_ttm
2025-03-23 15:05:00,23.576297228722684,0.24780855629572698,2.1878357459871216,21.27878823006426,378.61655431587974,0.0,0.0,1.0,0.0,0.21555000895956952,0.0,0.0,physics_residual_tiny_ttm
2025-03-23 15:10:00,23.62516636939985,0.24595373589560154,2.199692935978212,21.391671887246925,379.3599044898789,0.0,0.0,1.0,0.0,0.21555000895956952,0.0,0.0,physics_residual_tiny_ttm
2025-03-23 15:15:00,23.673050161156006,0.24414259925519485,2.2113396480624217,21.502672888391945,380.0899022358226,0.0,0.0,1.0,0.0,0.21555000895956952,0.0,0.0,physics_residual_tiny_ttm
2025-03-23 15:20:00,23.71996847159027,0.24237394299738646,2.2227791868418723,21.61182031315095,380.80678739670975,0.0,0.0,1.0,0.0,0.21555000895956952,0.0,0.0,physics_residual_tiny_ttm
2025-03-23 15:25:00,23.76594076771118,0.24064660352435405,2.2340148224165217,21.719142836362774,381.5107955073592,0.0,0.0,1.0,0.0,0.21555000895956952,0.0,0.0,physics_residual_tiny_ttm
2025-03-23 15:30:00,23.8109861240138,0.23895945545639252,2.2450497899922466,21.82466873356054,382.20215787179546,0.0,0.0,1.0,0.0,0.21555000895956952,0.0,0.0,physics_residual_tiny_ttm
2025-03-23 15:35:00,23.855123230393996,0.2374481694332778,2.255482781646206,21.920380034667684,382.8811016392444,0.0,0.0,1.0,0.0,0.21555000895956952,0.0,0.0,physics_residual_tiny_ttm
2025-03-23 15:40:00,23.89837039990308,0.23583536849877929,2.266133243530879,22.022511000777627,383.54784987876354,0.0,0.0,1.0,0.0,0.21555000895956952,0.0,0.0,physics_residual_tiny_ttm
2025-03-23 15:45:00,23.94074557634615,0.23405659083538996,2.2771961429711376,22.135026045596394,384.20262165253257,0.0,0.0,1.0,0.0,0.21555000895956952,0.0,0.0,physics_residual_tiny_ttm
2025-03-23 15:50:00,23.982266341727204,0.23252113459796547,2.287456243881291,22.233578695371474,384.8456320878264,0.0,0.0,1.0,0.0,0.21555000895956952,0.0,0.0,physics_residual_tiny_ttm
2025-03-23 15:55:00,24.022949923544136,0.231020732800179,2.2975313874861882,22.330470971422557,385.4770924476962,0.0,0.0,1.0,0.0,0.21555000895956952,0.0,0.0,physics_residual_tiny_ttm
2025-03-23 16:00:00,24.062813201936645,0.2293528722970323,2.3080283355180073,22.43796773698717,386.0972102003803,0.0,0.0,1.0,0.0,0.21555000895956952,0.0,0.0,physics_residual_tiny_ttm
2025-03-23 16:05:00,24.10187271669002,0.22788973009201893,2.317834375439525,22.533527395048207,386.70618908746883,0.0,0.0,1.0,0.0,0.21555000895956952,0.0,0.0,physics_residual_tiny_ttm
2025-03-23 16:10:00,24.14014467409772,0.226293088527434,2.3279638622125622,22.63772056261952,387.30422919084333,0.0,0.0,1.0,0.0,0.21555000895956952,0.0,0.0,physics_residual_tiny_ttm
2025-03-23 16:15:00,24.177644953685547,0.22473236667221322,2.337909626308058,22.74022755576459,387.89152699841446,0.0,0.0,1.0,0.0,0.21555000895956952,0.0,0.0,physics_residual_tiny_ttm
2025-03-23 16:20:00,24.214389114800298,0.2232066341567915,2.3476747305202643,22.84107306964148,388.4682754686786,0.0,0.0,1.0,0.0,0.21555000895956952,0.0,0.0,physics_residual_tiny_ttm
2025-03-23 16:25:00,24.250392403065515,0.22171498929927377,2.3572621974591685,22.940281488565237,389.034664094115,0.0,0.0,1.0,0.0,0.21555000895956952,0.0,0.0,physics_residual_tiny_ttm
2025-03-23 16:30:00,24.285669756707097,0.220256558053882,2.366675009621299,23.03787688966785,389.59087896344414,0.0,0.0,1.0,0.0,0.21555000895956952,0.0,0.0,physics_residual_tiny_ttm
2025-03-23 16:35:00,24.32023581275136,0.21863199032657196,2.37651985259557,23.146477656392577,390.13710282276764,0.0,0.0,1.0,0.0,0.21555000895956952,0.0,0.0,physics_residual_tiny_ttm
2025-03-23 16:40:00,24.354104913098123,0.21704332957297945,2.3861850411072583,23.25339286259208,390.6735151356102,0.0,0.0,1.0,0.0,0.21555000895956952,0.0,0.0,physics_residual_tiny_ttm
2025-03-23 16:45:00,24.387291110471356,0.2155885205800797,2.395371761205169,23.352288404330803,391.20029214188287,0.0,0.0,1.0,0.0,0.21555000895956952,0.0,0.0,physics_residual_tiny_ttm
2025-03-23 16:50:00,24.41980817424983,0.21406700980312698,2.404692192864113,23.455986901910904,391.71760691578703,0.0,0.0,1.0,0.0,0.21555000895956952,0.0,0.0,physics_residual_tiny_ttm
2025-03-23 16:55:00,24.431506587227005,0.21286213467641887,2.4100648186822444,23.536161898416175,392.2256294226787,0.0,0.0,1.0,0.0,0.21555000895956952,0.0,0.0,physics_residual_tiny_ttm
2025-03-23 17:00:00,24.442969124998584,0.21168077973909608,2.415337493741519,23.615163566783878,392.72452657491107,0.0,0.0,1.0,0.0,0.21555000895956952,0.0,0.0,physics_residual_tiny_ttm
2025-03-23 17:05:00,24.454200543518446,0.21052245362238556,2.420512055625864,23.693005702404065,393.21446228667395,0.0,0.0,1.0,0.0,0.21555000895956952,0.0,0.0,physics_residual_tiny_ttm
2025-03-23 17:10:00,24.465205502846135,0.2095721273940066,2.4250213481960277,23.757465081116894,393.69559752784846,0.0,0.0,1.0,0.0,0.21555000895956952,0.0,0.0,physics_residual_tiny_ttm
2025-03-23 17:15:00,24.47598856908037,0.2088256446184323,2.4288773639479366,23.8086521900634,394.16809037689416,0.0,0.1,1.0,0.0,0.7819537816079476,0.0,36.569684720267645,physics_residual_tiny_ttm
2025-03-23 17:20:00,24.465343948020703,0.20548167581606996,2.4375909779193545,24.029647390519408,395.8513703282227,0.0,0.2,1.0,0.0,1.224424695648202,0.0,55.883752758343356,physics_residual_tiny_ttm
2025-03-23 17:25:00,24.454137558114326,0.20052641453676676,2.4511503467924287,24.363846628633578,398.31538520623826,0.0,0.3,1.0,0.0,1.8218116829486108,0.0,80.95364788446246,physics_residual_tiny_ttm
2025-03-23 17:30:00,24.44214719979731,0.19386073352279054,2.4698150421256777,24.82565473576451,401.60749225386456,0.0,0.4,1.0,0.0,2.2037034758035516,0.0,95.19263034887786,physics_residual_tiny_ttm
2025-03-23 17:35:00,24.429817514983384,0.1870121538465239,2.4889609811084163,25.314983689406606,404.98512835793974,0.0,0.5,1.0,0.0,2.506518705889876,0.0,105.12657809303053,physics_residual_tiny_ttm
2025-03-23 17:40:00,24.4173260708,0.1806551449978083,2.5065490791281366,25.783382396371692,408.1213830777197,0.0,0.6,1.0,0.0,2.964712445275937,0.0,120.50878852679219,physics_residual_tiny_ttm
2025-03-23 17:45:00,24.40445488231509,0.1771217285469623,2.51542066224993,26.048950136463887,411.0561066962322,0.0,0.7,1.0,0.0,3.6948185759365377,0.0,145.12795550347613,physics_residual_tiny_ttm
2025-03-23 17:50:00,24.39083360361612,0.17381711437290984,2.523464762082802,26.30129215914892,413.8099452895618,0.0,0.8,1.0,0.0,3.69612550821504,0.0,140.2891881001032,physics_residual_tiny_ttm
2025-03-23 17:55:00,24.377669079770545,0.1715643033401574,2.5283530085185464,26.475015823000124,415.71654688226994,0.0,0.9,1.0,0.0,4.755486099058416,0.0,633.5370731393851,physics_residual_tiny_ttm
2025-03-23 18:00:00,24.32559560530981,0.16610252910028353,2.537101501271478,26.900787162601215,417.41403869538107,0.0,1.0,1.0,0.0,4.797487402820183,0.0,614.8702190996257,physics_residual_tiny_ttm
2025-03-23 18:05:00,24.275274142301154,0.16664265857449703,2.5278294239853936,26.847331140784426,418.44788176063855,0.0,1.0,1.0,0.0,5.028705422611457,0.0,619.4591370074888,physics_residual_tiny_ttm
2025-03-23 18:10:00,24.225717553432727,0.1710551289357361,2.506991496206582,26.485905689222555,419.09831054453946,0.0,1.0,1.0,0.0,5.800973608714317,0.0,684.6783515893275,physics_residual_tiny_ttm
2025-03-23 18:15:00,24.174409741509173,0.1742150033647725,2.4897677519386088,26.229116151775383,419.5342002724047,0.0,1.0,1.0,0.0,5.4171516958608,0.0,613.5659004815705,physics_residual_tiny_ttm
2025-03-23 18:20:00,24.12700062337002,0.17176662947377597,2.4900623116943175,26.410995019229237,419.74447592109425,0.0,0.2,0.0,0.0,1.1633831384233055,0.0,129.65528037665362,physics_residual_tiny_ttm
2025-03-23 18:25:00,24.108922976186026,0.17210454157735713,2.48634961919151,26.381038761349146,300.0,0.0,0.2,0.0,0.0,1.2096267423815605,0.0,132.37220108010925,physics_residual_tiny_ttm
2025-03-23 18:30:00,24.088878315109078,0.17230902052402142,2.482749041278814,26.36119314913855,300.0,0.0,0.2,0.0,0.0,1.1939039170357537,0.0,128.1363804562696,physics_residual_tiny_ttm
2025-03-23 18:35:00,24.06791580299607,0.17244485728333134,2.4792222100658416,26.34655750921335,300.0,0.0,0.2,0.0,0.0,1.2558703463398155,0.0,254.68461378514797,physics_residual_tiny_ttm
2025-03-23 18:40:00,24.0178637619158,0.17153570569583773,2.474503435069017,26.40817807750295,312.55870346339816,0.0,0.2,0.0,0.0,1.1014167091192437,0.0,218.08987186155602,physics_residual_tiny_ttm
2025-03-23 18:45:00,23.970233843619173,0.17171716746144278,2.4668987787288614,26.38480497175306,322.42017340130224,0.0,0.2,0.0,0.0,1.1939039170357537,0.0,230.73810417856134,physics_residual_tiny_ttm
2025-03-23 18:50:00,23.92302035478311,0.17189896205455976,2.45937532808204,26.3615096672513,332.1285848346235,0.0,0.2,0.0,0.0,1.0551731051609887,0.0,199.14961978236008,physics_residual_tiny_ttm
2025-03-23 18:55:00,23.87797456819994,0.17212074456205906,2.452073075581783,26.33552656462668,339.8552143342019,0.0,0.2,0.0,0.0,1.0089295012027337,0.0,185.99543791488267,physics_residual_tiny_ttm
2025-03-23 19:00:00,23.834321300515796,0.17311192058363423,2.4427217728526824,26.249888711958306,346.5935842196847,0.0,0.2,0.0,0.0,1.0708959305067955,0.0,192.78240911834337,physics_residual_tiny_ttm
2025-03-23 19:05:00,23.79124121392719,0.174086230338472,2.4335340480681524,26.166103021343716,353.14447021403714,0.0,0.2,0.0,0.0,1.0708959305067955,0.0,240.8035064347318,physics_residual_tiny_ttm
2025-03-23 19:10:00,23.737430101411835,0.17464740120184416,2.4240247490108215,26.112524086426316,359.1107464456758,0.0,0.2,0.0,0.0,1.0089295012027337,0.0,271.1162968311662,physics_residual_tiny_ttm
2025-03-23 19:15:00,23.67379890479872,0.17486971601469148,2.414113450447248,26.08330563031553,364.23016013044,0.0,0.2,0.0,0.0,1.0089295012027337,0.0,264.8142347694587,physics_residual_tiny_ttm
2025-03-23 19:20:00,23.611646806841065,0.17511366828411196,2.4043890286198235,26.05274141278749,368.9191465239193,0.0,0.2,0.0,0.0,1.0089295012027337,0.0,258.65866329755994,physics_residual_tiny_ttm
2025-03-23 19:25:00,23.550939426088433,0.1753767634590828,2.3948520806604825,26.021023785304564,373.2138948588053,0.0,0.2,0.0,0.0,1.0089295012027337,0.0,252.64617726130135,physics_residual_tiny_ttm
2025-03-23 19:30:00,23.49164318028261,0.17637923146336904,2.383411873656072,25.933091739898472,377.1475516690823,0.0,0.2,0.0,0.0,1.0089295012027337,0.0,246.77345065886706,physics_residual_tiny_ttm
2025-03-23 19:35:00,23.43372526778047,0.17794233537024828,2.3705993152466154,25.803376795617126,380.75047661240137,0.0,0.2,0.0,0.0,1.0089295012027337,0.0,340.07768032364095,physics_residual_tiny_ttm
2025-03-23 19:40:00,23.353908783145165,0.17998111177056997,2.3533662190684184,25.634914415694276,384.0504767835593,0.0,0.2,0.0,0.0,1.0089295012027337,0.0,332.17262012530193,physics_residual_tiny_ttm
2025-03-23 19:45:00,23.275947622020833,0.1814547698302077,2.3381129068776283,25.510435651168084,387.07302132749595,0.0,0.2,0.0,0.0,1.0089295012027337,0.0,324.4513119940786,physics_residual_tiny_ttm
2025-03-23 19:50:00,23.199798657660587,0.18355740160835687,2.3214102462445823,25.34089286779313,389.84143800817617,0.0,0.2,0.0,0.0,1.0708959305067955,0.0,336.29053631116403,physics_residual_tiny_ttm
2025-03-23 19:55:00,23.124649553084762,0.18562944044533294,2.3050312632469945,25.17549373760556,392.53282811709124,0.0,0.2,0.0,0.0,1.0708959305067955,0.0,328.39256041177293,physics_residual_tiny_ttm
2025-03-23 20:00:00,23.05126536828132,0.18758612525513071,2.2893163207049163,25.020375547770243,394.98403499975274,0.0,0.2,0.0,0.0,1.1014167091192437,0.0,329.7794854853254,physics_residual_tiny_ttm
2025-03-23 20:05:00,22.979242904259966,0.19023436308464328,2.271936669509639,24.817692808831715,397.2801184869206,0.0,0.2,0.0,0.0,1.1014167091192437,0.0,321.9953276814021,physics_residual_tiny_ttm
2025-03-23 20:10:00,22.908920467832942,0.19348228150550092,2.253216046800691,24.575778285338025,399.3654565808969,0.0,0.2,0.0,0.0,1.1014167091192437,0.0,314.3949081492129,physics_residual_tiny_ttm
2025-03-23 20:15:00,22.840257931328132,0.19651052981585104,2.2354440893690324,24.352922521389516,401.25939248980075,0.0,0.2,0.0,0.0,1.1014167091192437,0.0,306.97388990672954,physics_residual_tiny_ttm
2025-03-23 20:20:00,22.7732161142522,0.200885658146147,2.2142616604634,24.041988840093456,402.979494010699,0.0,0.2,0.0,0.0,1.0089295012027337,0.0,274.66055948635824,physics_residual_tiny_ttm
2025-03-23 20:25:00,22.708753076556505,0.2046582687231576,2.195215488477842,23.777529295928865,404.41053489553263,0.0,0.2,0.0,0.0,1.1014167091192437,0.0,400.84048214653916,physics_residual_tiny_ttm
2025-03-23 20:30:00,22.621211187280963,0.2088998459934767,2.171948188636714,23.482751233123402,405.84140967489026,0.0,0.2,0.0,0.0,1.1014167091192437,0.0,391.3789913487188,physics_residual_tiny_ttm
2025-03-23 20:35:00,22.535735648128963,0.21360234528563954,2.1478686723530998,23.16412286332964,407.14095200502777,0.0,0.2,0.0,0.0,1.286391124952264,0.0,445.98998255029,physics_residual_tiny_ttm
2025-03-23 20:40:00,22.44973716242157,0.21770969426884532,2.125522504947939,22.889011832233578,408.51943243970004,0.0,0.2,0.0,0.0,1.1939039170357537,0.0,404.0057556362526,physics_residual_tiny_ttm
2025-03-23 20:45:00,22.367069753406728,0.22210380289871548,2.1029942064681966,22.60136589783598,409.6616569880363,0.0,0.2,0.0,0.0,1.0856938837734371,0.0,358.73905941598713,physics_residual_tiny_ttm
2025-03-23 20:50:00,22.287798644821287,0.2244126496946758,2.086671702254777,22.44633755387984,410.59701330273975,0.0,0.2,0.0,0.0,1.1171395344650505,0.0,360.39392569164085,physics_residual_tiny_ttm
2025-03-23 20:55:00,22.209992216934012,0.22740334007649537,2.068810186795777,22.251754340520037,411.4723839845363,0.0,0.2,0.0,0.0,1.1319374877316921,0.0,356.5050462736388,physics_residual_tiny_ttm
2025-03-23 21:00:00,22.133842576747377,0.2310154882128062,2.0496155158409244,22.022699498029162,412.2767780052767,0.0,0.2,0.0,0.0,1.1633831384233055,0.0,357.67193093830315,physics_residual_tiny_ttm
2025-03-23 21:05:00,22.059116612929905,0.23606471316865332,2.0269118029063016,21.712959972299082,413.02553352552343,0.0,0.2,0.0,0.0,1.1014167091192437,0.0,330.62804472489375,physics_residual_tiny_ttm
2025-03-23 21:10:00,21.986908827110224,0.2405367231856805,2.006199219617298,21.44259897463047,413.66568301820513,0.0,0.2,0.0,0.0,1.0708959305067955,0.0,313.91636751164435,physics_residual_tiny_ttm
2025-03-23 21:15:00,21.9167595621652,0.24461044387245673,1.986921512594547,21.199537235907766,414.23096587473384,0.0,0.2,0.0,0.0,1.1014167091192437,0.0,315.2421541876717,physics_residual_tiny_ttm
2025-03-23 21:20:00,21.847911990659707,0.2477321784622601,1.9704171070912415,21.013384452054545,414.7604750898211,0.0,0.2,0.0,0.0,1.0708959305067955,0.0,299.30816065975637,physics_residual_tiny_ttm
2025-03-23 21:25:00,21.781027146047233,0.25135233990750805,1.9529457362541982,20.80215183503634,415.2280572484961,0.0,0.2,0.0,0.0,1.0089295012027337,0.0,275.43416755533065,physics_residual_tiny_ttm
2025-03-23 21:30:00,21.716382541962084,0.254592151023301,1.93683311044073,20.614699169109556,415.629270066833,0.0,0.2,0.0,0.0,1.0089295012027337,0.0,368.0721826888288,physics_residual_tiny_ttm
2025-03-23 21:35:00,21.629995726790007,0.2572467062226264,1.9197752572690852,20.457640394485573,415.9967499311132,0.0,0.2,0.0,0.0,1.0089295012027337,0.0,359.5163940268966,physics_residual_tiny_ttm
2025-03-23 21:40:00,21.54561696158354,0.2591059317710499,1.9051154358771925,20.344918580536397,416.3333330223792,0.0,0.2,0.0,0.0,1.0089295012027337,0.0,351.1594835281901,physics_residual_tiny_ttm
2025-03-23 21:45:00,21.46319956948978,0.261580625434307,1.8892016143553527,20.20053625198588,416.6416170627798,0.0,0.2,0.0,0.0,1.0089295012027337,0.0,342.99682829640227,physics_residual_tiny_ttm
2025-03-23 21:50:00,21.38269795865303,0.2639451653395199,1.8738939078686294,20.063493111684114,416.9239813645879,0.0,0.2,0.0,0.0,1.0089295012027337,0.0,434.0643584165653,physics_residual_tiny_ttm
2025-03-23 21:55:00,21.280822730730637,0.2651594358471501,1.8591625358092974,19.984561430551366,417.18260519354766,0.0,0.2,0.0,0.0,1.1014167091192437,0.0,462.6695312277661,physics_residual_tiny_ttm
2025-03-23 22:00:00,21.17977763504317,0.2670736546688637,1.8428668361859852,19.86965422084622,417.44119900321533,0.0,0.2,0.0,0.0,1.1014167091192437,0.0,451.74861952568153,physics_residual_tiny_ttm
2025-03-23 22:05:00,21.081117620917055,0.26893875143703355,1.8270828838315953,19.758415003758135,417.6760578509795,0.0,0.2,0.0,0.0,1.0246523265485403,0.0,410.4688927882871,physics_residual_tiny_ttm
2025-03-23 22:10:00,20.986003334116983,0.27072095708810046,1.8120145013659839,19.652680180519635,417.8744939117926,0.0,0.2,0.0,0.0,1.1014167091192437,0.0,430.8055740849268,physics_residual_tiny_ttm
2025-03-23 22:15:00,20.891917193755436,0.2732151585751913,1.795406638146419,19.511487609306375,418.0695829051998,0.0,0.2,0.0,0.0,1.1014167091192437,0.0,420.6367833654201,physics_residual_tiny_ttm
2025-03-23 22:20:00,20.80005187486997,0.277055313710356,1.7758593626030499,19.304070075813453,418.24676570884833,0.0,0.2,0.0,0.0,1.1633831384233055,0.0,433.7077751879765,physics_residual_tiny_ttm
2025-03-23 22:25:00,20.70944025927287,0.28004687831679,1.758676754279699,19.141584948854984,418.4167393098509,0.0,0.2,0.0,0.0,1.1171395344650505,0.0,406.61241200512603,physics_residual_tiny_ttm
2025-03-23 22:30:00,20.62165559627659,0.2828224081867371,1.7424517106849433,18.991739010565563,418.56413290237845,0.0,0.2,0.0,0.0,1.1633831384233055,0.0,413.34703916692,physics_residual_tiny_ttm
2025-03-23 22:35:00,20.53529781077238,0.28552549628814206,1.726671066959486,18.846991124665934,418.70333819991095,0.0,0.2,0.0,0.0,1.1014167091192437,0.0,382.0935095299854,physics_residual_tiny_ttm
2025-03-23 22:40:00,20.451850182117077,0.28728490617374675,1.7135788047345883,18.74964171266102,418.8223519476355,0.0,0.2,0.0,0.0,1.0089295012027337,0.0,341.87277991459956,physics_residual_tiny_ttm
2025-03-23 22:45:00,20.371612386271977,0.2889502045530151,1.701131887474617,18.657847634533468,418.92136560280755,0.0,0.2,0.0,0.0,1.0089295012027337,0.0,333.92599286633896,physics_residual_tiny_ttm
2025-03-23 22:50:00,20.29323970726058,0.29057214780986235,1.689058671915228,18.56889771613639,419.0120544415025,0.0,0.2,0.0,0.0,1.0089295012027337,0.0,326.1639278202401,physics_residual_tiny_ttm
2025-03-23 22:55:00,20.216688790691517,0.29283985423005315,1.675716022025391,18.449890098162925,419.0951183931317,0.0,0.2,0.0,0.0,1.0089295012027337,0.0,417.622736460799,physics_residual_tiny_ttm
2025-03-23 23:00:00,20.118672423676912,0.29451167416293583,1.6616552417780177,18.356986719418423,419.1711985388205,0.0,0.2,0.0,0.0,1.0089295012027337,0.0,407.915151803153,physics_residual_tiny_ttm
2025-03-23 23:05:00,20.0229344340052,0.2961617366284709,1.6479788851744024,18.265933284293197,419.2408820592225,0.0,0.2,0.0,0.0,1.0246523265485403,0.0,404.61696923965,physics_residual_tiny_ttm
2025-03-23 23:10:00,19.92917616113095,0.2984597074553047,1.6330910734091364,18.145335010988266,419.3057013895677,0.0,0.2,0.0,0.0,1.0089295012027337,0.0,389.14735753570807,physics_residual_tiny_ttm
2025-03-23 23:15:00,19.83784298673956,0.30067309126104236,1.6187525998374015,18.02986930340997,419.3640762521268,0.0,0.2,0.0,0.0,1.0089295012027337,0.0,380.1016792529792,physics_residual_tiny_ttm
2025-03-23 23:20:00,19.74863283977232,0.3028193831192564,1.6048832239979332,17.9185879316174,419.4175431046055,0.0,0.2,0.0,0.0,1.0089295012027337,0.0,470.30671207492776,physics_residual_tiny_ttm
2025-03-23 23:25:00,19.638251504477143,0.30434936298856274,1.5904310336629868,17.833450045956607,419.4665146000174,0.0,0.2,0.0,0.0,1.0089295012027337,0.0,459.37449544989937,physics_residual_tiny_ttm
2025-03-23 23:30:00,19.530435968558894,0.30588576399695594,1.5763287632950633,17.748791008766506,419.5113686965593,0.0,0.2,0.0,0.0,1.0089295012027337,0.0,448.69639673828374,physics_residual_tiny_ttm
2025-03-23 23:35:00,19.425126590354196,0.3090145601470961,1.5589858474621257,17.592819204417584,419.5524515746637,0.0,0.2,0.0,0.0,1.0089295012027337,0.0,438.2665090031686,physics_residual_tiny_ttm
2025-03-23 23:40:00,19.322265114562164,0.31043175262789957,1.5458657766578905,17.51538807503006,419.5900803087919,0.0,0.2,0.0,0.0,1.0089295012027337,0.0,428.07906261359983,physics_residual_tiny_ttm
2025-03-23 23:45:00,19.221794640018587,0.31250103937920937,1.5316173043865906,17.40948792348206,419.6245453145906,0.0,0.2,0.0,0.0,1.0089295012027337,0.0,418.1284220529239,physics_residual_tiny_ttm
2025-03-23 23:50:00,19.123659588219212,0.3132345423656795,1.520657604796227,17.363931430203962,419.6561125902968,0.0,0.2,0.0,0.0,1.0089295012027337,0.0,408.40908280131737,physics_residual_tiny_ttm
