reg_date,Tin,RHin,VPD,dTcond,CO2,u_heat,x_vent,curtain,u_co2,ACH,Q_heat,Q_ventloss,model
2025-03-17 00:30:00,13.3,0.45399999999999996,0.8339162084804209,11.54370824887092,371.0,1.0,0.0,0.0,0.0,0.21555000895956952,23333.40915167523,301.842652261269,random_forest
2025-03-17 00:35:00,13.933701463217536,0.4316201640724572,0.9046532012378288,12.307078020963147,371.8801625365849,1.0,0.0,0.0,0.0,0.21555000895956952,23333.40915167523,315.2935926476689,random_forest
2025-03-17 00:40:00,14.554625598158559,0.41066894477407184,0.9764901038243988,13.060873834530184,372.74451515294925,1.0,0.0,0.0,0.0,0.21555000895956952,23333.40915167523,328.4733216026288,random_forest
2025-03-17 00:45:00,15.163030034207505,0.39124343849929527,1.0490151368077432,13.797854737945139,373.5933418347968,1.0,0.0,0.0,0.0,0.21555000895956952,23333.40915167523,341.38730756466913,random_forest
2025-03-17 00:50:00,15.75916720616523,0.37311025799916925,1.1223700024871823,14.522042352461737,374.4269214667379,1.0,0.0,0.0,0.0,0.21555000895956952,23333.40915167523,354.04090871213526,random_forest
2025-03-17 00:55:00,16.343284458987434,0.3561832860340391,1.1964742678058413,15.232933692729771,375.2455279239179,1.0,0.0,0.0,0.0,0.21555000895956952,23333.40915167523,366.4393751863748,random_forest
2025-03-17 01:00:00,16.91562415041126,0.3402506899030564,1.271503415394371,15.93541013289828,376.0494301619996,1.0,0.0,0.0,0.0,0.21555000895956952,23333.40915167523,378.58785127008827,random_forest
2025-03-17 01:05:00,17.47642375151264,0.32529257537443224,1.3472995904201839,16.627406200142172,376.83889230552955,1.0,0.0,0.0,0.0,0.21555000895956952,23333.40915167523,390.491377521758,random_forest
2025-03-17 01:10:00,18.025915945236058,0.31128720673771487,1.4237068247444118,17.30681690002125,377.61417373471687,0.0,0.0,0.0,0.0,0.21555000895956952,0.0,361.39190722463337,random_forest
2025-03-17 01:15:00,17.682622249595788,0.315288779154009,1.3851767002220288,17.085614089693195,378.3755291706536,1.0,0.0,0.0,0.0,0.21555000895956952,23333.40915167523,373.6421554500504,random_forest
2025-03-17 01:20:00,18.24811987010942,0.30162062886136737,1.4639788661055588,17.77194524803342,379.12320875900383,0.0,0.0,0.0,0.0,0.21555000895956952,0.0,366.1084053244171,random_forest
2025-03-17 01:25:00,17.90034587474249,0.30562272861380063,1.4241249975692494,17.543751781672498,379.8574581521901,1.0,0.0,0.0,0.0,0.21555000895956952,23333.40915167523,378.26355475642043,random_forest
2025-03-17 01:30:00,18.461453531852968,0.29246418754409576,1.5031452854764253,18.225805074741366,380.57851859010304,0.0,0.0,0.0,0.0,0.21555000895956952,0.0,370.63662331519646,random_forest
2025-03-17 01:35:00,18.109378087954283,0.2964631729514576,1.4619989482426359,17.990790142033887,381.2866269793616,0.0,0.0,0.0,0.0,0.21555000895956952,0.0,363.1634737609074,random_forest
2025-03-17 01:40:00,17.764401544383134,0.3004253684707427,1.4225570527427092,17.761635051658985,381.9820159711494,1.0,0.0,0.0,0.0,0.21555000895956952,23333.40915167523,375.37800187439234,random_forest
2025-03-17 01:45:00,18.328250248243783,0.28755602308651995,1.500988036002861,18.440071040151096,382.66491403765303,0.0,0.0,0.0,0.0,0.21555000895956952,0.0,367.8092518617637,random_forest
2025-03-17 01:50:00,17.97886058334511,0.29151680002552244,1.4602496288437212,18.204039514386867,383.3355455471272,0.0,0.0,0.0,0.0,0.21555000895956952,0.0,360.3931106234042,random_forest
2025-03-17 01:55:00,17.636515665387943,0.2954427055206026,1.4211885466692125,17.973828745286028,383.99413083761175,1.0,0.0,0.0,0.0,0.21555000895956952,23333.40915167523,372.6634975936343,random_forest
2025-03-17 02:00:00,18.202942933371762,0.28285648745695313,1.4990566837675092,18.648440134677852,384.6408862893242,0.0,0.0,0.0,0.0,0.21555000895956952,0.0,365.1494801551221,random_forest
2025-03-17 02:05:00,17.856079840984755,0.28678245177768974,1.4586958644190573,18.411309168594205,385.2760243957524,1.0,0.0,0.0,0.0,0.21555000895956952,23333.40915167523,387.9369589819019,random_forest
2025-03-17 02:10:00,18.40799853005361,0.2747757363485352,1.535571967573906,19.073999030378086,385.8997538334697,0.0,0.0,0.0,0.0,0.21555000895956952,0.0,390.7279771826741,random_forest
2025-03-17 02:15:00,18.0368378908816,0.27890486932210984,1.4916713227588208,18.817292992642837,386.5122795306963,0.0,0.0,0.0,0.0,0.21555000895956952,0.0,382.8497254804731,random_forest
2025-03-17 02:20:00,17.67316096700029,0.2830048197366137,1.4496226507424579,18.566847009411806,387.11380273462913,1.0,0.0,0.0,0.0,0.21555000895956952,23333.40915167523,380.44590678975806,random_forest
2025-03-17 02:25:00,18.232195562485046,0.27112385699068153,1.5263816220185897,19.231202402368798,387.7045210775622,0.0,0.0,0.0,0.0,0.21555000895956952,0.0,365.77039614346523,random_forest
2025-03-17 02:30:00,17.88474264907532,0.2750101336336642,1.4854503101629088,18.9873089323762,388.2846286418193,1.0,0.0,0.0,0.0,0.21555000895956952,23333.40915167523,388.5453554356129,random_forest
2025-03-17 02:35:00,18.436083409688024,0.2636154344166066,1.5619491192516013,19.64335904142032,388.8543160235203,0.0,0.0,0.0,0.0,0.21555000895956952,0.0,391.3241065332419,random_forest
2025-03-17 02:40:00,18.064356494836495,0.26769011718046376,1.517492653697957,19.380227254867616,389.41377039520216,0.0,0.0,0.0,0.0,0.21555000895956952,0.0,383.43383506960816,random_forest
2025-03-17 02:45:00,17.700124713097264,0.2717398669530272,1.4749026240330116,19.12339252774928,389.963175567315,1.0,0.0,0.0,0.0,0.21555000895956952,23333.40915167523,395.2396517065411,random_forest
2025-03-17 02:50:00,18.24510642232941,0.26053739823662875,1.5498065527952827,19.774578886379892,390.5027120486135,0.0,0.0,0.0,0.0,0.21555000895956952,0.0,387.2704310705214,random_forest
2025-03-17 02:55:00,17.877230178183847,0.26457367294321466,1.5061216059165545,19.51172067707435,391.03255710546387,1.0,0.0,0.0,0.0,0.21555000895956952,23333.40915167523,398.99889038793816,random_forest
2025-03-17 03:00:00,18.418640908337792,0.2537244801688473,1.5811996409130724,20.159731774689043,391.55288482008496,0.0,0.0,0.0,0.0,0.21555000895956952,0.0,390.95387218872827,random_forest
2025-03-17 03:05:00,18.047265686797154,0.25771015600639785,1.5365218607838451,19.892851836121483,392.0638661477437,0.0,0.0,0.0,0.0,0.21555000895956952,0.0,383.0710657634977,random_forest
2025-03-17 03:10:00,17.683378507173437,0.2616557839696737,1.4937479131732183,19.633207333139573,392.5656689729228,1.0,0.0,0.0,0.0,0.21555000895956952,23333.40915167523,394.88419692119777,random_forest
2025-03-17 03:15:00,18.22869787030556,0.25091207299479884,1.568363963263467,20.281594178901837,393.05845816448,0.0,0.0,0.0,0.0,0.21555000895956952,0.0,386.9221433231974,random_forest
2025-03-17 03:20:00,17.861152471941363,0.25484480590902,1.5245024661245234,20.015947133963117,393.5423956298159,1.0,0.0,0.0,0.0,0.21555000895956952,23333.40915167523,377.4316360135768,random_forest
2025-03-17 03:25:00,18.423050385983426,0.24437215485756492,1.601457707402881,20.667843897438065,394.0176403680694,0.0,0.0,0.0,0.0,0.21555000895956952,0.0,369.8214785574131,random_forest
2025-03-17 03:30:00,18.07174926505874,0.24817666361400073,1.5586523666937522,20.405445669813354,394.4843485223572,0.0,0.0,0.0,0.0,0.21555000895956952,0.0,362.3647647741734,random_forest
2025-03-17 03:35:00,17.727531431780534,0.25196235249220106,1.5175755313636383,20.149042232130558,394.94267343107515,1.0,0.0,0.0,0.0,0.21555000895956952,23333.40915167523,374.5953972641089,random_forest
2025-03-17 03:40:00,18.292123548051695,0.24161337744747402,1.594164350916233,20.800367786759978,395.392765678278,0.0,0.0,0.0,0.0,0.21555000895956952,0.0,367.04242691524416,random_forest
2025-03-17 03:45:00,17.943462306132442,0.24539529754834305,1.5518515586874737,20.53736664564267,395.83477314315445,1.0,0.0,0.0,0.0,0.21555000895956952,23333.40915167523,379.1787436615492,random_forest
2025-03-17 03:50:00,18.503700606250774,0.23542959664186072,1.6286181230779873,21.18219940505042,396.26884104861307,0.0,0.0,0.0,0.0,0.21555000895956952,0.0,371.5333592582373,random_forest
2025-03-17 03:55:00,18.15077333421276,0.23914913552762443,1.585217833325732,20.915986036009087,396.69511200899575,0.0,0.0,0.0,0.0,0.21555000895956952,0.0,364.0421288091,random_forest
2025-03-17 04:00:00,17.804962137920683,0.2428517253859231,1.543568811309531,20.655816674391545,397.1137260769343,1.0,0.0,0.0,0.0,0.21555000895956952,23333.40915167523,376.23894059298146,random_forest
2025-03-17 04:05:00,18.367993018170687,0.2328808766585318,1.6202110217429422,21.306638887602794,397.524820789365,0.0,0.0,0.0,0.0,0.21555000895956952,0.0,368.6528314652617,random_forest
2025-03-17 04:10:00,18.01780201944615,0.23657873696596224,1.5773393859186209,21.039928388484306,397.9285312127167,0.0,0.0,0.0,0.0,0.21555000895956952,0.0,361.2196811238042,random_forest
2025-03-17 04:15:00,17.67467192496423,0.24026062984539107,1.5361892661395984,20.77923023279112,398.3249899872875,1.0,0.0,0.0,0.0,0.21555000895956952,23333.40915167523,373.47340194563424,random_forest
2025-03-17 04:20:00,18.24032984794459,0.23045684835795083,1.6123676446665045,21.426279412148105,398.7143273708241,0.0,0.0,0.0,0.0,0.21555000895956952,0.0,387.1690435544264,random_forest
2025-03-17 04:25:00,17.872549913911115,0.23423497919196112,1.5677920784486377,21.1501135193844,399.0966712813182,1.0,0.0,0.0,0.0,0.21555000895956952,23333.40915167523,398.8995471492379,random_forest
2025-03-17 04:30:00,18.414055012275494,0.22487410403788308,1.6418555404688067,21.782131715972987,399.4721473390346,0.0,0.0,0.0,0.0,0.21555000895956952,0.0,390.85653200863936,random_forest
2025-03-17 04:35:00,18.04277225619822,0.22863901687121718,1.5962475304892918,21.50026828055569,399.8408789077839,0.0,0.0,0.0,0.0,0.21555000895956952,0.0,382.9756882543315,random_forest
2025-03-17 04:40:00,17.6789756776559,0.23239080548847899,1.5525231266058928,21.22480449847367,400.2029871354543,1.0,0.0,0.0,0.0,0.21555000895956952,23333.40915167523,394.79074250960275,random_forest
2025-03-17 04:45:00,18.224383815079,0.2231409873238744,1.6260678943746083,21.85433619079234,400.55859099381473,0.0,0.0,0.0,0.0,0.21555000895956952,0.0,386.8305732337401,random_forest
2025-03-17 04:50:00,17.85692540104896,0.22695256919640708,1.5811460501847479,21.56891226931598,400.9078073176039,1.0,0.0,0.0,0.0,0.21555000895956952,23333.40915167523,398.56790140865803,random_forest
2025-03-17 04:55:00,18.39874553660607,0.21806260718194154,1.6546950434319472,22.18961189644709,401.25075084291626,0.0,0.0,0.0,0.0,0.21555000895956952,0.0,390.5315732440961,random_forest
2025-03-17 05:00:00,18.027771465623786,0.2218971097519975,1.6086816250857707,21.896505781990022,401.58753424489913,0.0,0.0,0.0,0.0,0.21555000895956952,0.0,382.65728163626704,random_forest
2025-03-17 05:05:00,17.664277348156123,0.22572404681837924,1.5645566575557674,21.609876181933565,401.91826817477244,1.0,0.0,0.0,0.0,0.21555000895956952,23333.40915167523,394.4787559270291,random_forest
2025-03-17 05:10:00,18.20998184812853,0.21686476951656097,1.6377237109683693,22.231449908893495,402.24306129618344,0.0,0.0,0.0,0.0,0.21555000895956952,0.0,386.5248772394242,random_forest
2025-03-17 05:15:00,17.842813821087056,0.22068003080207807,1.592560233116661,21.93916401693365,402.56202032090863,1.0,0.0,0.0,0.0,0.21555000895956952,23333.40915167523,398.2683691654124,random_forest
2025-03-17 05:20:00,18.38491848855728,0.21210661697468294,1.6658543702927169,22.55517197300018,402.87525004391404,0.0,0.0,0.0,0.0,0.21555000895956952,0.0,390.2380804721528,random_forest
2025-03-17 05:25:00,18.014223212468597,0.21590038446848053,1.6196994182172362,22.257963699783737,403.1828533777861,0.0,0.0,0.0,0.0,0.21555000895956952,0.0,382.3697065617122,random_forest
2025-03-17 05:30:00,17.651002268550602,0.21964350106410155,1.5755243218292585,21.96998250292715,403.4849313865438,1.0,0.0,0.0,0.0,0.21555000895956952,23333.40915167523,394.1969792312772,random_forest
2025-03-17 05:35:00,18.196974434071947,0.2110928884939605,1.6484475422882408,22.586920519925172,403.7815833188437,0.0,0.0,0.0,0.0,0.21555000895956952,0.0,386.2487820097116,random_forest
2025-03-17 05:40:00,17.830068675636557,0.21487867362128274,1.6031286356307213,22.290035609519684,404.0729066405881,1.0,0.0,0.0,0.0,0.21555000895956952,23333.40915167523,397.99784084628845,random_forest
2025-03-17 05:45:00,18.37243032358861,0.20659830546031174,1.676187937187077,22.90148154007402,404.3589970669482,0.0,0.0,0.0,0.0,0.21555000895956952,0.0,389.97300681794945,random_forest
2025-03-17 05:50:00,18.001986846482,0.21037195778611228,1.6298650375028316,22.59919424757859,404.6399485938112,0.0,0.0,0.0,0.0,0.21555000895956952,0.0,382.1099775899718,random_forest
2025-03-17 05:55:00,17.639012624520948,0.2141603562415299,1.5853957629401219,22.302349931084827,404.91585352866315,1.0,0.0,0.0,0.0,0.21555000895956952,23333.40915167523,393.94248717711946,random_forest
2025-03-17 06:00:00,18.18522653734221,0.20594082660412294,1.6579896672232572,22.91153633920443,405.18680252091684,0.0,0.0,0.0,0.0,0.21555000895956952,0.0,385.9994212811203,random_forest
2025-03-17 06:05:00,17.818557651853762,0.2097542024816717,1.6124232047985978,22.606969096910923,405.45288459169484,1.0,0.0,0.0,0.0,0.21555000895956952,23333.40915167523,397.75350798030036,random_forest
2025-03-17 06:10:00,18.361151396681407,0.20173283200440714,1.685274912007882,23.214198318407817,405.71418716307784,0.0,0.0,0.0,0.0,0.21555000895956952,0.0,389.73360043772584,random_forest
2025-03-17 06:15:00,17.990935336679012,0.20542766488622347,1.6389312646432608,22.911142727149567,405.9707960868273,0.0,0.0,0.0,0.0,0.21555000895956952,0.0,381.87539836273606,random_forest
2025-03-17 06:20:00,17.628183946409063,0.20911966970217866,1.5944760319754199,22.614642110644734,406.2227956725923,1.0,0.0,0.0,0.0,0.21555000895956952,23333.40915167523,393.7126377729427,random_forest
2025-03-17 06:25:00,18.174616197964045,0.20110385553359517,1.6669783515792922,23.222982166321955,406.47026871560985,0.0,0.0,0.0,0.0,0.21555000895956952,0.0,385.77420633253786,random_forest
2025-03-17 06:30:00,17.808161248843476,0.204839027404457,1.6213904153582714,22.917575294578295,406.71329652390745,1.0,0.0,0.0,0.0,0.21555000895956952,23333.40915167523,397.53283404274254,random_forest
2025-03-17 06:35:00,18.350964616438098,0.19706632535225194,1.6940443457860865,23.520575620759683,406.951958945017,0.0,0.0,0.0,0.0,0.21555000895956952,0.0,389.5967654969073,random_forest
2025-03-17 06:40:00,17.984618743577215,0.20106138945064744,1.64728298555479,23.192796686811562,300.0,0.0,0.0,0.0,0.0,0.21555000895956952,0.0,381.8524677906793,random_forest
2025-03-17 06:45:00,17.6271254222309,0.20517817095751784,1.6023154430652373,22.864781969766316,300.0,1.0,0.0,1.0,0.0,0.21555000895956952,23333.40915167523,393.69016955021567,random_forest
2025-03-17 06:50:00,18.173579016818366,0.19752158620234467,1.6743440799686826,23.459139388330993,302.1555000895957,1.0,0.0,1.0,0.0,0.21555000895956952,23333.40915167523,405.28918762318915,random_forest
2025-03-17 06:55:00,18.70901446268565,0.19031968502691496,1.7470089147378647,24.041769435364902,304.27228200722266,1.0,0.0,1.0,0.0,0.21555000895956952,23333.40915167523,416.65433459090883,random_forest
2025-03-17 07:00:00,19.233653918864054,0.1835389256297329,1.8202642496343673,24.612902620710827,306.3510412280738,1.0,0.0,1.0,0.0,0.21555000895956952,23333.40915167523,427.79032599856396,random_forest
2025-03-17 07:05:00,19.747715064990327,0.17714868247586316,1.8940645725141618,25.172764938136655,308.39246073486834,1.0,0.0,1.0,0.0,0.21555000895956952,23333.40915167523,438.7017823117638,random_forest
2025-03-17 07:10:00,20.251411191624765,0.17112095748403408,1.9683646420958019,25.721577953990753,310.39721124224786,1.0,0.0,1.0,0.0,0.21555000895956952,23333.40915167523,449.393230833628,random_forest
2025-03-17 07:15:00,20.744951288748176,0.1653853083747195,2.043229279511423,26.263110749265927,312.3659514171418,1.0,0.0,1.0,0.0,0.21555000895956952,23333.40915167523,459.86910758322324,random_forest
2025-03-17 07:20:00,21.228540132474524,0.15996646865679123,2.1185023386715107,26.793982359935153,314.29932809517425,1.0,0.0,1.0,0.0,0.21555000895956952,23333.40915167523,470.13375913612373,random_forest
2025-03-17 07:25:00,21.70237837001515,0.1548003446882061,2.194249598638988,27.31797712852321,316.19797649318406,1.0,0.0,1.0,0.0,0.21555000895956952,23333.40915167523,480.1914444278616,random_forest
2025-03-17 07:30:00,22.166662602929875,0.14991224044694534,2.2703160059887355,27.83168329481831,318.06252041792703,0.0,0.0,1.0,0.0,0.21555000895956952,0.0,470.50934003461134,random_forest
2025-03-17 07:35:00,21.719715986404378,0.15348197408248015,2.200001000837985,27.433432438055185,319.8935724710297,1.0,0.0,1.0,0.0,0.21555000895956952,23333.40915167523,480.55945248533027,random_forest
2025-03-17 07:40:00,22.18365064080462,0.14864818074061786,2.2760441567573886,27.94595901607957,321.6917342502614,0.0,0.0,1.0,0.0,0.21555000895956952,0.0,470.8699279423225,random_forest
2025-03-17 07:45:00,21.736361494319357,0.15216452394937482,2.205666186375692,27.549552887172503,323.45759654719103,1.0,0.0,1.0,0.0,0.21555000895956952,23333.40915167523,480.9127698558298,random_forest
2025-03-17 07:50:00,22.199960525194477,0.14735783714155756,2.2817575935920975,28.063292462431345,325.19173954129366,0.0,0.0,1.0,0.0,0.21555000895956952,0.0,471.2161213715173,random_forest
2025-03-17 07:55:00,21.752342522364238,0.15086270464535678,2.2112099002030092,27.665080967334227,326.89473299056993,1.0,0.0,1.0,0.0,0.21555000895956952,23333.40915167523,481.25198298381235,random_forest
2025-03-17 08:00:00,22.21561932762781,0.1461163627815144,2.287258323081017,28.177038651977313,328.5671364187421,0.0,0.0,1.0,0.0,0.21555000895956952,0.0,450.32250578615816,random_forest
2025-03-17 08:05:00,21.78784860517711,0.14954203160184695,2.219455409663395,27.787106100433924,330.20949929908704,1.0,0.0,1.0,0.0,0.21555000895956952,23333.40915167523,460.7796455565656,random_forest
2025-03-17 08:10:00,22.270572509928236,0.1447934602909605,2.2984731072332947,28.307083431848433,331.82236123496756,0.0,0.0,1.0,0.0,0.21555000895956952,0.0,451.488941437755,random_forest
2025-03-17 08:15:00,21.841693765970806,0.14820941613904612,2.2302509104600152,27.91488099056483,333.4062521371206,1.0,0.0,1.0,0.0,0.21555000895956952,23333.40915167523,461.92256235567584,random_forest
2025-03-17 08:20:00,22.32333199026276,0.1434392449800704,2.3095104800221833,28.440579180765802,334.9616923977611,0.0,0.0,1.0,0.0,0.21555000895956952,0.0,452.60881359521204,random_forest
2025-03-17 08:25:00,21.893389456430977,0.14680016350898695,2.240997845974531,28.05004517867892,336.4891930615585,1.0,0.0,1.0,0.0,0.21555000895956952,23333.40915167523,463.01985452079566,random_forest
2025-03-17 08:30:00,22.37398534005334,0.1421429803308079,2.3201382872733927,28.569444845266172,337.98925599354203,0.0,0.0,1.0,0.0,0.21555000895956952,0.0,432.4579918925773,random_forest
2025-03-17 08:35:00,21.963184491229427,0.14538262727497991,2.254295742321283,28.190830379528734,339.46237404398977,0.0,0.0,1.0,0.0,0.21555000895956952,0.0,423.7383375301632,random_forest
2025-03-17 08:40:00,21.560666623598333,0.14868755580101733,2.191058137846242,27.815674589267367,340.9090312103565,1.0,0.0,1.0,0.0,0.21555000895956952,23333.40915167523,434.73149412312966,random_forest
2025-03-17 08:45:00,22.06813420963124,0.14378341472845307,2.2730055472253046,28.356547282725458,342.3297027962922,0.0,0.0,1.0,0.0,0.21555000895956952,0.0,425.96599911488585,random_forest
2025-03-17 08:50:00,21.66350023988837,0.14703007399015441,2.20916833280889,27.982625773557317,343.72485556780487,1.0,0.0,1.0,0.0,0.21555000895956952,23333.40915167523,436.9142393473748,random_forest
2025-03-17 08:55:00,22.16889439079533,0.14223660410840283,2.2911264365874286,28.51824340522541,345.09494790661756,0.0,0.0,1.0,0.0,0.21555000895956952,0.0,428.104733627632,random_forest
2025-03-17 09:00:00,21.762228792617528,0.1454742654358186,2.2265855212239223,28.141319125828478,346.4404299607714,1.0,0.0,1.0,0.0,0.21555000895956952,23333.40915167523,439.00985053699196,random_forest
2025-03-17 09:05:00,22.265632278831873,0.14066770634252587,2.308867700823934,28.682710431462905,347.76174379252285,0.0,0.0,1.0,0.0,0.21555000895956952,0.0,430.15809099007043,random_forest
2025-03-17 09:10:00,21.857016153751474,0.14384755707558847,2.243768497785818,28.307123070961325,349.05932352358496,1.0,0.0,1.0,0.0,0.21555000895956952,23333.40915167523,441.0218060365474,random_forest
2025-03-17 09:15:00,22.358508441554623,0.13912551500657955,2.3261101630399756,28.845505907860616,350.33359547775905,0.0,0.0,1.0,0.0,0.21555000895956952,0.0,410.90349025686993,random_forest
2025-03-17 09:20:00,21.96818266252691,0.14219832987044634,2.263384815739892,28.480059027776846,351.5849783210049,0.0,0.0,1.0,0.0,0.21555000895956952,0.0,402.61843950391847,random_forest
2025-03-17 09:25:00,21.5857270256764,0.14526654770602784,2.203236712294425,28.123635193550676,352.8138831989946,1.0,0.0,1.0,0.0,0.21555000895956952,23333.40915167523,414.03743678987877,random_forest
2025-03-17 09:30:00,22.112852327551035,0.1403913481670828,2.2882343524851567,28.676369818402414,354.02071387219587,0.0,0.0,1.0,0.0,0.21555000895956952,0.0,405.68919624492344,random_forest
2025-03-17 09:35:00,21.727479714949386,0.143399181487943,2.227260924651268,28.32093064773559,355.20586684852873,1.0,0.0,1.0,0.0,0.21555000895956952,23333.40915167523,417.04627783522176,random_forest
2025-03-17 09:40:00,22.25174685608107,0.13857443903764313,2.312537876795335,28.874653251937623,356.36973151363935,0.0,0.0,1.0,0.0,0.21555000895956952,0.0,408.63737000133034,random_forest
2025-03-17 09:45:00,21.863573711857118,0.14157415452115074,2.2506268559124543,28.515464300095896,357.5126902588339,1.0,0.0,1.0,0.0,0.21555000895956952,23333.40915167523,419.93500753778267,random_forest
2025-03-17 09:50:00,22.385096788510676,0.13679763773411838,2.3361721530654305,29.070277205342904,358.63511860671457,0.0,0.0,1.0,0.0,0.21555000895956952,0.0,411.46785422103517,random_forest
2025-03-17 09:55:00,21.994234908405236,0.1397374967497044,2.27348559833028,28.712181104126792,359.7373853345584,0.0,0.0,1.0,0.0,0.21555000895956952,0.0,403.17142419242134,random_forest
2025-03-17 10:00:00,21.611253979887827,0.14263489126732784,2.213472139230645,28.366242121213094,360.8198525954803,1.0,0.0,1.0,0.0,0.21555000895956952,23333.40915167523,393.35328248715143,random_forest
2025-03-17 10:05:00,22.158027590509356,0.13772142244865346,2.301663664893908,28.935061381091753,361.8828760374197,0.0,0.0,1.0,0.0,0.21555000895956952,0.0,385.42209673059136,random_forest
2025-03-17 10:10:00,21.791907117629414,0.14053855080890965,2.2435077500776996,28.595784259487083,362.9268049199896,1.0,0.0,1.0,0.0,0.21555000895956952,23333.40915167523,397.1878240298526,random_forest
2025-03-17 10:15:00,22.33503821741723,0.13574200521014063,2.3319232328366906,29.16015401540765,363.95198222922687,0.0,0.0,1.0,0.0,0.21555000895956952,0.0,389.1793223778356,random_forest
2025-03-17 10:20:00,21.965348677682137,0.13849739739306527,2.2727573424518615,28.821709607128003,364.95874479028157,0.0,0.0,1.0,0.0,0.21555000895956952,0.0,381.33229621632995,random_forest
2025-03-17 10:25:00,21.603113191446624,0.1413153410405652,2.2157758119520197,28.485032448524326,365.9474233780816,1.0,0.0,1.0,0.0,0.21555000895956952,23333.40915167523,393.1804861999771,random_forest
2025-03-17 10:30:00,22.15005094485838,0.13638542532103612,2.3041106795336512,29.05971269693665,366.91834282601013,0.0,0.0,1.0,0.0,0.21555000895956952,0.0,385.2527845365024,random_forest
2025-03-17 10:35:00,21.784091305156114,0.13914086454239055,2.246084247017367,28.723653614626272,367.8718221326303,1.0,0.0,1.0,0.0,0.21555000895956952,23333.40915167523,397.02192567904893,random_forest
2025-03-17 10:40:00,22.327379995240808,0.13425110880507107,2.3348586353411735,29.30158738057625,368.80817456649345,0.0,0.0,1.0,0.0,0.21555000895956952,0.0,389.0167690369646,random_forest
2025-03-17 10:45:00,21.957844868308023,0.13694445736113503,2.2758128059099656,28.96615529891958,369.7277077690642,0.0,0.0,1.0,0.0,0.21555000895956952,0.0,366.9516077054029,random_forest
2025-03-17 10:50:00,21.60926989744675,0.13957178531912062,2.221110783209807,28.647048630307037,370.6307238557972,1.0,0.0,1.0,0.0,0.21555000895956952,23333.40915167523,393.31116837477254,random_forest
2025-03-17 10:55:00,22.156083513140302,0.1346476993712761,2.309594944935702,29.226967464624703,371.5175195153981,0.0,0.0,1.0,0.0,0.21555000895956952,0.0,385.38083176543745,random_forest
2025-03-17 11:00:00,21.79000223870976,0.13733996051515648,2.251595386447232,28.893470117970697,372.38838610730124,1.0,0.0,1.0,0.0,0.21555000895956952,23333.40915167523,397.1473910905606,random_forest
2025-03-17 11:05:00,22.33317174658829,0.13250427336504958,2.340393640201741,29.472247998552835,373.24360975739717,0.0,0.0,1.0,0.0,0.21555000895956952,0.0,389.1397046882605,random_forest
2025-03-17 11:10:00,21.96351984052123,0.13507929869352972,2.2815203396379573,29.144693759462445,374.0834714520397,0.0,0.0,1.0,0.0,0.21555000895956952,0.0,360.06748818257944,random_forest
2025-03-17 11:15:00,21.62148423809897,0.13763532961270836,2.227772345411981,28.83023888058851,374.9082471303651,1.0,0.0,1.0,0.0,0.21555000895956952,23333.40915167523,372.3444406809992,random_forest
2025-03-17 11:20:00,22.18821458488579,0.1326799142947768,2.3193786421244096,29.42410549795999,375.7182077749528,0.0,0.0,1.0,0.0,0.21555000895956952,0.0,364.83685638987293,random_forest
2025-03-17 11:25:00,21.84164846032117,0.13529197864867681,2.2640664931276286,29.098524669545107,376.5136195008574,1.0,0.0,1.0,0.0,0.21555000895956952,23333.40915167523,377.01764407442795,random_forest
2025-03-17 11:30:00,22.403939633924153,0.13047150770668287,2.355989205171843,29.68717469588958,377.2947436430415,0.0,0.0,1.0,0.0,0.21555000895956952,0.0,369.41583394143987,random_forest
2025-03-17 11:35:00,22.05302384326434,0.13301960909832589,2.299462595923627,29.362190865400827,378.06183684223845,0.0,0.0,1.0,0.0,0.21555000895956952,0.0,361.9672991742238,random_forest
2025-03-17 11:40:00,21.709183570833424,0.13545041687508114,2.2454178218969583,29.055351194873765,378.81515112927207,1.0,0.0,1.0,0.0,0.21555000895956952,23333.40915167523,374.20594576660966,random_forest
2025-03-17 11:45:00,22.274145635189136,0.13055469209934958,2.337249437428819,29.650980908320037,379.5549340078624,0.0,0.0,1.0,0.0,0.21555000895956952,0.0,345.43483877577086,random_forest
2025-03-17 11:50:00,21.946009891041093,0.13296457186854876,2.284658254193461,29.344673266089313,380.2814285359437,0.0,0.0,1.0,0.0,0.21555000895956952,0.0,359.6958221847919,random_forest
2025-03-17 11:55:00,21.60432734188697,0.13539312997599554,2.2312232784303565,29.038603612800113,380.9948734055219,1.0,0.0,1.0,0.0,0.21555000895956952,23333.40915167523,371.98026858805264,random_forest
2025-03-17 12:00:00,22.171403623325727,0.13049302083408262,2.322848856001095,29.634943565172946,381.69550302109764,0.0,0.0,1.0,0.0,0.21555000895956952,0.0,364.48002710209704,random_forest
2025-03-17 12:05:00,21.825176458329555,0.1329684181467625,2.2678693512116066,29.31849883587217,382.3835475766805,1.0,0.0,1.0,0.0,0.21555000895956952,23333.40915167523,355.44202038277126,random_forest
2025-03-17 12:10:00,22.407962766009376,0.12813426365901479,2.3628994934573,29.921185334526086,383.05923313141994,0.0,0.0,1.0,0.0,0.21555000895956952,0.0,348.27523974344905,random_forest
2025-03-17 12:15:00,22.077128865854515,0.13054085058986026,2.3094257131343925,29.609920761913255,383.72278168387794,0.0,0.0,1.0,0.0,0.21555000895956952,0.0,341.252962966323,random_forest
2025-03-17 12:20:00,21.752965572590497,0.13301313279107677,2.257777270852405,29.298753723216056,384.37441124496695,1.0,0.0,1.0,0.0,0.21555000895956952,23333.40915167523,353.9092729051285,random_forest
2025-03-17 12:25:00,22.337207869005994,0.12829655787706487,2.352322630166477,29.889520078800494,385.0143359095784,0.0,0.0,1.0,0.0,0.21555000895956952,0.0,346.77339706692095,random_forest
2025-03-17 12:30:00,22.007800600472894,0.13082980927901622,2.2989266697374524,29.56652253770553,385.64276592692397,0.0,0.0,1.0,0.0,0.21555000895956952,0.0,339.78140195712814,random_forest
2025-03-17 12:35:00,21.685035173644476,0.13330214784516828,2.247678934795664,29.256310030437593,386.2599077696138,1.0,0.0,1.0,0.0,0.21555000895956952,23333.40915167523,352.4673829937371,random_forest
2025-03-17 12:40:00,22.270647151302114,0.12855603892968565,2.3421238137432314,29.84906329707126,386.8659642014935,0.0,0.0,1.0,0.0,0.21555000895956952,0.0,345.36057999472246,random_forest
2025-03-17 12:45:00,21.942581947116008,0.13105780497797592,2.2892040865855465,29.53008147712701,387.4611343442631,1.0,0.0,1.0,0.0,0.21555000895956952,23333.40915167523,357.93406801460793,random_forest
2025-03-17 12:50:00,22.52300100687427,0.12639210169281503,2.384220137754227,30.12256052915656,388.0456137428988,0.0,0.0,1.0,0.0,0.21555000895956952,0.0,350.7170401965731,random_forest
2025-03-17 12:55:00,22.189847589638887,0.1288589174632653,2.3298282537726465,29.801260246126226,388.61959442990013,0.0,0.0,1.0,0.0,0.21555000895956952,0.0,343.6455293750489,random_forest
2025-03-17 13:00:00,21.863411547738014,0.13126488111158463,2.277633245141209,29.49275452882416,389.18326498838263,1.0,0.0,1.0,0.0,0.21555000895956952,23333.40915167523,356.25359797593404,random_forest
2025-03-17 13:05:00,22.445426920967765,0.12652199261751593,2.372662873065745,30.09239976297919,389.73681061403755,0.0,0.0,1.0,0.0,0.21555000895956952,0.0,349.07045349033467,random_forest
2025-03-17 13:10:00,22.113837630721054,0.12886255133859645,2.319062563615109,29.784443117500423,390.2804131759783,0.0,0.0,1.0,0.0,0.21555000895956952,0.0,342.03214281131056,random_forest
2025-03-17 13:15:00,21.788934178302373,0.1312035173915785,2.2674640262189394,29.482785377839463,390.81425127649436,1.0,0.0,1.0,0.0,0.21555000895956952,23333.40915167523,354.6727421399254,random_forest
2025-03-17 13:20:00,22.372451239398867,0.1264282369665582,2.3624197144705588,30.08600729275595,391.33850030973133,0.0,0.0,1.0,0.0,0.21555000895956952,0.0,347.52147246470116,random_forest
2025-03-17 13:25:00,22.042333358472995,0.12876777213548132,2.3092350116942337,29.778430333895322,391.85333251931735,0.0,0.0,1.0,0.0,0.21555000895956952,0.0,340.5143939039652,random_forest
2025-03-17 13:30:00,21.718871647335842,0.1310431039942315,2.258200524154628,29.48347841416693,392.3589170549543,1.0,0.0,1.0,0.0,0.21555000895956952,23333.40915167523,353.18559561738755,random_forest
2025-03-17 13:35:00,22.303801379871498,0.12617830137074218,2.3532543064545295,30.09646057300334,392.85542002799235,0.0,0.0,1.0,0.0,0.21555000895956952,0.0,346.06431129081193,random_forest
2025-03-17 13:40:00,21.97506768667791,0.12838935448349326,2.3007865139266666,29.801695206052283,393.3430045660065,0.0,0.0,1.0,0.0,0.21555000895956952,0.0,339.08661348387136,random_forest
2025-03-17 13:45:00,21.652962253883405,0.13059818974597193,2.250276852366698,29.51302572797188,393.8218308663926,1.0,0.0,1.0,0.0,0.21555000895956952,23333.40915167523,351.7866035466872,random_forest
2025-03-17 13:50:00,22.239220918109343,0.12557508938336798,2.3456471710416658,30.143907224548748,394.29205624900044,0.0,0.0,1.0,0.0,0.21555000895956952,0.0,344.69352710975863,random_forest
2025-03-17 13:55:00,21.911789361344468,0.1277519525899221,2.2936021838771383,29.85189247303709,394.75383520782214,1.0,0.0,1.0,0.0,0.21555000895956952,23333.40915167523,357.2804649229359,random_forest
2025-03-17 14:00:00,22.492829292285336,0.12288670611641704,2.3894060945433186,30.477451684318964,395.2073194617512,0.0,0.0,1.0,0.0,0.21555000895956952,0.0,328.8506265538853,random_forest
2025-03-17 14:05:00,22.180447236554546,0.12494534752676764,2.3389563550823107,30.19556200693104,395.65265800443046,0.0,0.0,1.0,0.0,0.21555000895956952,0.0,322.2200084264131,random_forest
2025-03-17 14:10:00,21.874363743010278,0.12700020293485859,2.2903442082040484,29.919485947073,396.08999715320437,1.0,0.0,1.0,0.0,0.21555000895956952,23333.40915167523,335.2600799980126,random_forest
2025-03-17 14:15:00,22.4763212959819,0.12208346967751589,2.38919810590546,30.557915223402205,396.5194805971919,0.0,0.0,1.0,0.0,0.21555000895956952,0.0,328.50022800336126,random_forest
2025-03-17 14:20:00,22.164272091128378,0.12407376954349998,2.338982022805275,30.281772518837936,396.9412494444961,0.0,0.0,1.0,0.0,0.21555000895956952,0.0,321.87667496500035,random_forest
2025-03-17 14:25:00,21.858514737186155,0.12605925239824445,2.2905967807261614,30.011363855773602,397.35544226856575,1.0,0.0,1.0,0.0,0.21555000895956952,23333.40915167523,334.92366917225627,random_forest
2025-03-17 14:30:00,22.460791853804107,0.12119156142582159,2.3893709033560753,30.648439210978403,397.7621951537238,0.0,0.0,1.0,0.0,0.21555000895956952,0.0,328.17060023209655,random_forest
2025-03-17 14:35:00,22.149055769232252,0.12311336580914192,2.3393785976691954,30.377971943501514,398.16164173987846,0.0,0.0,1.0,0.0,0.21555000895956952,0.0,321.55369348143887,random_forest
2025-03-17 14:40:00,21.843605222124655,0.12502935385701222,2.291210714890955,30.113164222722055,398.5539132664311,1.0,0.0,1.0,0.0,0.21555000895956952,23333.40915167523,334.6071999672396,random_forest
2025-03-17 14:45:00,22.44618295942828,0.12008306893206401,2.3902629396332236,30.76282315189588,398.9391386153951,0.0,0.0,1.0,0.0,0.21555000895956952,0.0,327.86051199849413,random_forest
2025-03-17 14:50:00,22.134741434124525,0.12186862052624207,2.340658591866022,30.504850158010612,399.31744435374077,0.0,0.0,1.0,0.0,0.21555000895956952,0.0,321.2498575596669,random_forest
2025-03-17 14:55:00,21.829579507083867,0.12357735303633423,2.2930493958637417,30.259502570713813,399.6889547749789,1.0,0.0,1.0,0.0,0.21555000895956952,23333.40915167523,334.3094902918786,random_forest
2025-03-17 15:00:00,22.432440045005436,0.1186630567977942,2.3921225925396468,30.91184861032962,400.05379193999823,0.0,0.0,1.0,0.0,0.21555000895956952,0.0,327.5688050459829,random_forest
2025-03-17 15:05:00,22.12127561820823,0.12049234012320979,2.3424056826205355,30.647011923494738,400.4120757171685,0.0,0.0,1.0,0.0,0.21555000895956952,0.0,331.5770268750534,random_forest
2025-03-17 15:10:00,21.806303698057853,0.12241894169967062,2.292820639867945,30.374686251574783,400.7639238217238,1.0,0.0,1.0,0.0,0.21555000895956952,23333.40915167523,333.8154382218952,random_forest
2025-03-17 15:15:00,22.409633546325207,0.11767558860429447,2.39148697675301,31.01344371392215,401.1094518544383,0.0,0.0,1.0,0.0,0.21555000895956952,0.0,327.08471455230983,random_forest
2025-03-17 15:20:00,22.09892896716508,0.11952586508504773,2.3417906895213507,30.74483552604144,401.4487733396072,0.0,0.0,1.0,0.0,0.21555000895956952,0.0,320.4897025243359,random_forest
2025-03-17 15:25:00,21.79448912721636,0.12137021592334644,2.2939056378968514,30.481856365732213,401.78199976234544,1.0,0.0,1.0,0.0,0.21555000895956952,23333.40915167523,333.56466226933077,random_forest
2025-03-17 15:30:00,22.398057192781366,0.11654919163278252,2.392856328326406,31.133522333058927,402.1092406052164,0.0,0.0,1.0,0.0,0.21555000895956952,0.0,326.8389949975222,random_forest
2025-03-17 15:35:00,22.087586027741388,0.11833064470832695,2.3433501476959235,30.870442543311714,402.43060338420304,0.0,0.0,1.0,0.0,0.21555000895956952,0.0,320.24893741513137,random_forest
2025-03-17 15:40:00,21.783374895581822,0.12010525588341608,2.2956500136516618,30.61292441991905,402.74619368403216,1.0,0.0,1.0,0.0,0.21555000895956952,23333.40915167523,333.3287517091788,random_forest
2025-03-17 15:45:00,22.387167057498786,0.11521801782861266,2.3948765412674757,31.27740340750806,403.056115192865,0.0,0.0,1.0,0.0,0.21555000895956952,0.0,326.60784110410674,random_forest
2025-03-17 15:50:00,22.076915470354013,0.11693044842923528,2.3455466783782186,31.019625120548522,403.360469736364,0.0,0.0,1.0,0.0,0.21555000895956952,0.0,320.02244427973847,random_forest
2025-03-17 15:55:00,21.772919488738587,0.11863519085484028,2.2980180281437104,30.76734768482107,403.65935731114814,1.0,0.0,1.0,0.0,0.21555000895956952,23333.40915167523,333.1068253569026,random_forest
2025-03-17 16:00:00,22.37692246311734,0.11389219146138824,2.396972471225223,31.422322723142088,403.95287611764707,0.0,0.0,1.0,0.0,0.21555000895956952,0.0,326.39038945485845,random_forest
2025-03-17 16:05:00,22.0668774378208,0.11553556703515556,2.347815596952886,31.169965432193216,404.2411225923651,0.0,0.0,1.0,0.0,0.21555000895956952,0.0,319.8093771100408,random_forest
2025-03-17 16:10:00,21.76308385314521,0.11717040725269944,2.3004552619846006,30.923050764452753,404.5241914395658,1.0,0.0,1.0,0.0,0.21555000895956952,23333.40915167523,332.8980542624553,random_forest
2025-03-17 16:15:00,22.367285143532495,0.11243840882311737,2.3994992207595662,31.583330456118198,404.8021756623873,0.0,0.0,1.0,0.0,0.21555000895956952,0.0,326.1858278138576,random_forest
2025-03-17 16:20:00,22.05743443559703,0.1140804324619965,2.3503257981794223,31.328765932156635,405.0751665933988,0.0,0.0,1.0,0.0,0.21555000895956952,0.0,319.608940047239,random_forest
2025-03-17 16:25:00,21.753831250259825,0.11571441177905858,2.302947740688314,31.079665006097553,405.34325392460823,1.0,0.0,1.0,0.0,0.21555000895956952,23333.40915167523,332.7016586139452,random_forest
2025-03-17 16:30:00,22.358219100961925,0.11099295353718258,2.4020829917846074,31.745383089984145,405.6065257369306,0.0,0.0,1.0,0.0,0.21555000895956952,0.0,325.99339209256686,random_forest
2025-03-17 16:35:00,22.048551191723984,0.1126336775098309,2.3528902611385094,31.488565610803164,405.8650685291276,0.0,0.0,1.0,0.0,0.21555000895956952,0.0,319.42038440911955,random_forest
2025-03-17 16:40:00,21.745127119312524,0.11426684485342802,2.305491859708511,31.23723404207165,406.1189672462267,1.0,0.0,1.0,0.0,0.21555000895956952,23333.40915167523,332.5169048248453,random_forest
2025-03-17 16:45:00,22.349690471484845,0.1097553863559219,2.40418023046084,31.885452785064203,406.3683053074304,0.0,0.0,1.0,0.0,0.21555000895956952,0.0,325.81236349577074,random_forest
2025-03-17 16:50:00,22.040194525079407,0.11139500071145965,2.35497530146278,31.626669385200568,406.6131646335235,0.0,0.0,1.0,0.0,0.21555000895956952,0.0,319.24300589354146,random_forest
2025-03-17 16:55:00,21.736938948212323,0.11309664421145704,2.307383671587789,31.365654068123682,406.8536256737889,1.0,0.0,1.0,0.0,0.21555000895956952,23333.40915167523,332.343102793865,random_forest
2025-03-17 17:00:00,22.34166739855185,0.108647221505236,2.4059992284703267,32.01198642683088,407.0897674324389,0.0,0.0,1.0,0.0,0.21555000895956952,0.0,325.64206583669716,random_forest
2025-03-17 17:05:00,22.032333221437792,0.11035378567134232,2.356605618814601,31.743627618290358,407.3216674945729,0.0,0.0,1.0,0.0,0.21555000895956952,0.0,319.07614194769246,random_forest
2025-03-17 17:10:00,21.729236152106417,0.11212407759696337,2.3088274763249617,31.4730844248974,407.5494020516677,1.0,0.0,1.0,0.0,0.21555000895956952,23333.40915167523,332.1796033272501,random_forest
2025-03-17 17:15:00,22.33411991399279,0.10779287310458026,2.407200621037513,32.1100100365164,407.7730459266106,0.0,0.0,1.0,0.0,0.21555000895956952,0.0,325.4818630112914,random_forest
2025-03-17 17:20:00,22.02493791687747,0.10956665482847584,2.3576279871682333,31.832364809155415,407.9926725982829,0.0,0.0,1.0,0.0,0.21555000895956952,0.0,318.9191692932897,random_forest
2025-03-17 17:25:00,21.721989959138156,0.11133654278300423,2.309852838349604,31.56045542724287,408.2083542257013,1.0,0.0,1.0,0.0,0.21555000895956952,23333.40915167523,332.02579571388344,random_forest
2025-03-17 17:30:00,22.327019826078224,0.10704703808011974,2.4081732043695623,32.19603250141755,408.4201616717262,0.0,0.0,1.0,0.0,0.21555000895956952,0.0,325.3311566222102,random_forest
2025-03-17 17:35:00,22.017980988099094,0.10888819190364864,2.358424306258366,31.909174181752036,408.62816452634365,0.0,0.0,1.0,0.0,0.21555000895956952,0.0,339.9974907544858,random_forest
2025-03-17 17:40:00,21.695010294023824,0.11074334238370624,2.3075884389523575,31.6216964902285,408.83243112952977,1.0,0.0,1.0,0.0,0.21555000895956952,23333.40915167523,352.679114790739,random_forest
2025-03-17 17:45:00,22.280421143239945,0.10650318837802518,2.4028217864742882,32.24944285073161,409.03302859370365,0.0,0.0,1.0,0.0,0.21555000895956952,0.0,345.5680426416058,random_forest
2025-03-17 17:50:00,21.95215886596689,0.10834769664935891,2.3504053436352974,31.956724076171497,409.23002282577755,1.0,0.0,1.0,0.0,0.21555000895956952,23333.40915167523,358.13734759028466,random_forest
2025-03-17 17:55:00,22.532384826224618,0.10431040714883712,2.445877545905439,32.570678587046416,409.4234785488107,0.0,0.0,1.0,0.0,0.21555000895956952,0.0,350.9162210443455,random_forest
2025-03-17 18:00:00,22.19904220295566,0.10610242342453272,2.3920276155022138,32.277987923001106,409.6134593232744,0.0,0.0,1.0,0.0,0.21555000895956952,0.0,343.8406941376043,random_forest
2025-03-17 18:05:00,21.872420769984156,0.10795578529661774,2.340030474654575,31.98393001397026,409.800027567935,1.0,0.0,1.0,0.0,0.21555000895956952,23333.40915167523,356.4448276296347,random_forest
2025-03-17 18:10:00,22.454254490185097,0.10387247456705583,2.43549215205357,32.605304335306826,409.98324458036154,0.0,0.0,1.0,0.0,0.21555000895956952,0.0,349.2578273788156,random_forest
2025-03-17 18:15:00,22.12248720958122,0.1058513496818549,2.381574945483656,32.28995829411396,410.1631705570656,0.0,0.0,1.0,0.0,0.21555000895956952,0.0,363.44172783440547,random_forest
2025-03-17 18:20:00,21.777246346673337,0.10784352458336459,2.326770174892986,31.974987089540626,410.3398646132788,1.0,0.0,1.0,0.0,0.21555000895956952,23333.40915167523,375.65064550851525,random_forest
2025-03-17 18:25:00,22.34083606067041,0.10395718905547513,2.4185366512862827,32.568365876279564,410.5133848023753,0.0,0.0,0.0,0.0,0.21555000895956952,0.0,368.2669330906362,random_forest
2025-03-17 18:30:00,21.99998812632372,0.10634400895550748,2.362565601224174,32.20294485531144,300.0,0.0,0.0,0.0,0.0,0.21555000895956952,0.0,360.9527089861861,random_forest
2025-03-17 18:35:00,21.662347920928685,0.10866249028798326,2.3083767523294183,31.85320208113665,300.0,0.0,0.0,0.0,0.0,0.21555000895956952,0.0,353.75420582937556,random_forest
2025-03-17 18:40:00,21.330049641617887,0.11096908862812743,2.256062594710316,31.512437038896522,300.0,0.0,0.0,0.0,0.0,0.21555000895956952,0.0,367.8474457660098,random_forest
2025-03-17 18:45:00,20.9806236955345,0.11310142527792458,2.202918194981477,31.193259793375923,302.1555000895957,0.0,0.0,0.0,0.0,0.21555000895956952,0.0,360.430534423617,random_forest
2025-03-17 18:50:00,20.638243227930474,0.1152357385810509,2.151817142848893,30.880647738516064,304.27228200722266,0.0,0.0,0.0,0.0,0.21555000895956952,0.0,353.16317033102604,random_forest
2025-03-17 18:55:00,20.30276618076015,0.11737120045567682,2.102665088634434,30.574465471979643,306.3510412280738,0.0,0.0,0.0,0.0,0.21555000895956952,0.0,346.04233816570013,random_forest
2025-03-17 19:00:00,19.974053360295514,0.11950699419491068,2.055372724860589,30.274580393679727,308.39246073486834,0.0,0.0,0.0,0.0,0.21555000895956952,0.0,339.06508340307795,random_forest
2025-03-17 19:05:00,19.65196837937294,0.12164231530799342,2.0098554845854,29.98086264765837,310.39721124224786,0.0,0.0,0.0,0.0,0.21555000895956952,0.0,332.2285110907033,random_forest
2025-03-17 19:10:00,19.336377600804397,0.1237763723120105,1.9660332594787064,29.693185065165782,312.3659514171418,0.0,0.0,0.0,0.0,0.21555000895956952,0.0,325.5297846470723,random_forest
2025-03-17 19:15:00,19.027150081929683,0.12597475696476867,1.9236840604548706,29.40480145825987,314.29932809517425,0.0,0.0,0.0,0.0,0.21555000895956952,0.0,318.9661246846993,random_forest
2025-03-17 19:20:00,18.724157520286617,0.12817165694252772,1.8828846224331688,29.122308367070904,316.19797649318406,0.0,0.0,0.0,0.0,0.21555000895956952,0.0,312.53480785691335,random_forest
2025-03-17 19:25:00,18.42727420037671,0.13050409226941184,1.843274499826994,28.832313163738036,318.06252041792703,0.0,0.0,0.0,0.0,0.21555000895956952,0.0,327.459154883912,random_forest
2025-03-17 19:30:00,18.116213932551005,0.13278068468103962,1.802916698704406,28.549162609004576,319.8935724710297,1.0,0.0,0.0,0.0,0.21555000895956952,23333.40915167523,340.3935894985818,random_forest
2025-03-17 19:35:00,18.713295057985583,0.1276560480752436,1.8827191155018035,29.170603930430858,321.6917342502614,0.0,0.0,0.0,0.0,0.21555000895956952,0.0,333.5302305059091,random_forest
2025-03-17 19:40:00,18.396467749047105,0.1299971256017521,1.8407917855445017,28.874633661280484,323.45759654719103,0.0,0.0,0.0,0.0,0.21555000895956952,0.0,326.80525748205474,random_forest
2025-03-17 19:45:00,18.086028631975374,0.13233811502804876,1.8004192697427879,28.584706972757804,325.19173954129366,0.0,0.0,0.0,0.0,0.21555000895956952,0.0,320.2158801494904,random_forest
2025-03-17 19:50:00,17.781848901600583,0.1347450086873558,1.7613960534327473,28.294471280153196,326.89473299056993,1.0,0.0,0.0,0.0,0.21555000895956952,23333.40915167523,333.29636097748084,random_forest
2025-03-17 19:55:00,18.385671832147853,0.12958691890846766,1.8404138693140326,28.91200120032311,328.5671364187421,0.0,0.0,0.0,0.0,0.21555000895956952,0.0,326.5761034670221,random_forest
2025-03-17 20:00:00,18.07545039324522,0.1319928668483629,1.7999388884304193,28.61525350986876,330.20949929908704,0.0,0.0,0.0,0.0,0.21555000895956952,0.0,341.2173357249195,random_forest
2025-03-17 20:05:00,17.751320943039453,0.13453823614465668,1.7584323672630273,28.307343164776853,331.82236123496756,1.0,0.0,0.0,0.0,0.21555000895956952,23333.40915167523,353.8743640161124,random_forest
2025-03-17 20:10:00,18.335596400135312,0.12952240246395916,1.8347807850261002,28.90756456018456,333.4062521371206,0.0,0.0,0.0,0.0,0.21555000895956952,0.0,346.73919204614657,random_forest
2025-03-17 20:15:00,18.00622162366348,0.13212524053152958,1.791850488834033,28.58803789253947,334.9616923977611,0.0,0.0,0.0,0.0,0.21555000895956952,0.0,339.7478866124939,random_forest
2025-03-17 20:20:00,17.683488033758607,0.134795642779928,1.7504113896029836,28.2691516563571,336.4891930615585,1.0,0.0,0.0,0.0,0.21555000895956952,23333.40915167523,352.43454341929686,random_forest
2025-03-17 20:25:00,18.26913120641162,0.12988244179905598,1.8263916437839962,28.858574096384764,337.98925599354203,0.0,0.0,0.0,0.0,0.21555000895956952,0.0,345.32840256491573,random_forest
2025-03-17 20:30:00,17.941096568235913,0.13260922961781454,1.7835317221406348,28.52842058414806,339.46237404398977,1.0,0.0,0.0,0.0,0.21555000895956952,23333.40915167523,357.9025393786065,random_forest
2025-03-17 20:35:00,18.521545577701836,0.1278270723535413,1.8599004788491882,29.112619471499556,340.9090312103565,0.0,0.0,0.0,0.0,0.21555000895956952,0.0,350.6861472727417,random_forest
2025-03-17 20:40:00,18.18842150629789,0.13060810426999722,1.8156479933668186,28.77151749287681,342.3297027962922,0.0,0.0,0.0,0.0,0.21555000895956952,0.0,343.6152593455173,random_forest
2025-03-17 20:45:00,17.862014218528188,0.1333784884736554,1.7731048575211257,28.439202389627965,343.72485556780487,1.0,0.0,0.0,0.0,0.21555000895956952,23333.40915167523,377.4499274372839,random_forest
2025-03-17 20:50:00,18.423894757166103,0.12877857054855832,1.8465414030114335,28.998675431357167,345.09494790661756,0.0,0.0,0.0,0.0,0.21555000895956952,0.0,369.83940117098024,random_forest
2025-03-17 20:55:00,18.072576611177702,0.13173085596224485,1.8001571000282788,28.639574435873165,346.4404299607714,0.0,0.0,0.0,0.0,0.21555000895956952,0.0,362.3823260139227,random_forest
2025-03-17 21:00:00,17.72834209611229,0.13475546207175348,1.7554477581603747,28.28228706376491,347.76174379252285,1.0,0.0,0.0,0.0,0.21555000895956952,23333.40915167523,374.6126044164239,random_forest
2025-03-17 21:05:00,18.29291786695127,0.1301891058539433,1.8284745175759545,28.834056182742152,349.05932352358496,0.0,0.0,0.0,0.0,0.21555000895956952,0.0,367.059287119593,random_forest
2025-03-17 21:10:00,17.944240609172937,0.13326270669415466,1.782540535561702,28.46741143024495,350.33359547775905,1.0,0.0,0.0,0.0,0.21555000895956952,23333.40915167523,379.1952639134468,random_forest
2025-03-17 21:15:00,18.504463216360094,0.12873781639692117,1.855971858837784,29.01988674764892,351.5849783210049,0.0,0.0,0.0,0.0,0.21555000895956952,0.0,371.54954641214795,random_forest
2025-03-17 21:20:00,18.15152056780762,0.131689229164954,1.8091933343934303,28.660257334271847,352.8138831989946,0.0,0.0,0.0,0.0,0.21555000895956952,0.0,364.0579895812814,random_forest
2025-03-17 21:25:00,17.805694305037875,0.1346548729582933,1.7642268739415443,28.307867499590735,354.02071387219587,1.0,0.0,0.0,0.0,0.21555000895956952,23333.40915167523,376.2544815642714,random_forest
2025-03-17 21:30:00,18.36871042259574,0.12998559151920275,1.8376159469020945,28.86983260249361,355.20586684852873,0.0,0.0,0.0,0.0,0.21555000895956952,0.0,368.6680590838084,random_forest
2025-03-17 21:35:00,18.018504958839358,0.13294306148260154,1.7915449351860877,28.51320378338574,356.36973151363935,0.0,0.0,0.0,0.0,0.21555000895956952,0.0,361.2346017077417,random_forest
2025-03-17 21:40:00,17.675360690984157,0.1362059103653828,1.7466632284209789,28.136840759786388,357.5126902588339,1.0,0.0,0.0,0.0,0.21555000895956952,23333.40915167523,373.48802168570427,random_forest
2025-03-17 21:45:00,18.24100472636909,0.1317865104059015,1.8191814534869983,28.66993861636961,358.63511860671457,0.0,0.0,0.0,0.0,0.21555000895956952,0.0,387.18336851654647,random_forest
2025-03-17 21:50:00,17.8732111847559,0.13496407036636146,1.7711084798800107,28.293216102079427,359.7373853345584,1.0,0.0,0.0,0.0,0.21555000895956952,23333.40915167523,398.91358327701846,random_forest
2025-03-17 21:55:00,18.414702949910314,0.1306030683553307,1.8416132665826932,28.820114796549674,360.8198525954803,0.0,0.0,0.0,0.0,0.21555000895956952,0.0,390.8702851258498,random_forest
2025-03-17 22:00:00,18.043407129460707,0.1338786948382626,1.7924152174034784,28.430372540741757,361.8828760374197,0.0,0.0,0.0,0.0,0.21555000895956952,0.0,382.9891640673165,random_forest
2025-03-17 22:05:00,17.67959774996311,0.13723137647097755,1.7450556522897562,28.043503361462832,362.9268049199896,1.0,0.0,0.0,0.0,0.21555000895956952,23333.40915167523,394.80394660964987,random_forest
2025-03-17 22:10:00,18.224993344536713,0.13284234362252823,1.8151442489745795,28.566289928412026,363.95198222922687,0.0,0.0,0.0,0.0,0.21555000895956952,0.0,386.8435110993998,random_forest
2025-03-17 22:15:00,17.857522640558763,0.13613262132058243,1.7669702900622686,28.18160385050466,364.95874479028157,1.0,0.0,0.0,0.0,0.21555000895956952,23333.40915167523,398.58057840801655,random_forest
2025-03-17 22:20:00,18.399330733970288,0.131910121092108,1.8370738128678104,28.69169189564834,365.9474233780816,0.0,0.0,0.0,0.0,0.21555000895956952,0.0,390.5439946370031,random_forest
2025-03-17 22:25:00,18.02834486364831,0.1353694854727961,1.7876367943388245,28.28799759671825,366.91834282601013,0.0,0.0,0.0,0.0,0.21555000895956952,0.0,382.66945257651764,random_forest
2025-03-17 22:30:00,17.664839184751145,0.13872958815792513,1.7404054436139877,27.903911754508442,367.8718221326303,1.0,0.0,0.0,0.0,0.21555000895956952,23333.40915167523,394.4906814645025,random_forest
2025-03-17 22:35:00,18.210532356407253,0.13436834736815842,1.8103060836028804,28.41959380480322,368.80817456649345,0.0,0.0,0.0,0.0,0.21555000895956952,0.0,386.5365623221787,random_forest
2025-03-17 22:40:00,17.843353229462426,0.1377738209699736,1.7620410194054164,28.027908242092735,369.7277077690642,1.0,0.0,0.0,0.0,0.21555000895956952,23333.40915167523,398.27981864173876,random_forest
2025-03-17 22:45:00,18.38544702083675,0.1334155373197546,1.8322927624457757,28.54597701283743,370.6307238557972,0.0,0.0,0.0,0.0,0.21555000895956952,0.0,390.2492990925855,random_forest
2025-03-17 22:50:00,18.014741087946987,0.13686551959028606,1.7830182602136089,28.14682985802653,371.5175195153981,0.0,0.0,0.0,0.0,0.21555000895956952,0.0,382.38069898100065,random_forest
2025-03-17 22:55:00,17.651509702101084,0.1403509093273714,1.7356700211790965,27.754894550240756,372.38838610730124,1.0,0.0,0.0,0.0,0.21555000895956952,23333.40915167523,394.2077500103171,random_forest
2025-03-17 23:00:00,18.197471636235207,0.13585382718192174,1.805718414241631,28.278420120149253,373.24360975739717,0.0,0.0,0.0,0.0,0.21555000895956952,0.0,386.2593356174372,random_forest
2025-03-17 23:05:00,17.830555852708144,0.13926694592761582,1.7575731084103317,27.88950550607999,374.0834714520397,1.0,0.0,0.0,0.0,0.21555000895956952,23333.40915167523,398.0081816615271,random_forest
2025-03-17 23:10:00,18.372907677704543,0.1348841706020045,1.82775020972114,28.405433705592,374.9082471303651,0.0,0.0,0.0,0.0,0.21555000895956952,0.0,389.98313913123786,random_forest
2025-03-17 23:15:00,18.00245457570262,0.13834201800647067,1.7785937737254403,28.009079457870662,375.7182077749528,0.0,0.0,0.0,0.0,0.21555000895956952,0.0,382.1199056053366,random_forest
2025-03-17 23:20:00,17.639470922913105,0.14177108950055992,1.7314878520770214,27.62554147484508,376.5136195008574,1.0,0.0,0.0,0.0,0.21555000895956952,23333.40915167523,393.95221501382156,random_forest
2025-03-17 23:25:00,18.18567559505978,0.13741107501744423,1.8011300594396153,28.132284876184606,377.2947436430415,0.0,0.0,0.0,0.0,0.21555000895956952,0.0,386.0089529753639,random_forest
2025-03-17 23:30:00,17.818997655216553,0.14104720018866815,1.75266202156295,27.726961014790575,378.06183684223845,1.0,0.0,0.0,0.0,0.21555000895956952,23333.40915167523,397.76284748690756,random_forest
2025-03-17 23:35:00,18.361582528252455,0.13674647665835704,1.8225211921473488,28.230113338338786,378.81515112927207,0.0,0.0,0.0,0.0,0.21555000895956952,0.0,389.7427516317777,random_forest
2025-03-17 23:40:00,17.991357775340333,0.14053327230454443,1.7728333156735547,27.80850441574035,379.5549340078624,0.0,0.0,0.0,0.0,0.21555000895956952,0.0,381.88436504118033,random_forest
2025-03-17 23:45:00,17.628597867435875,0.1444082550646099,1.7249842815511167,27.39070205541952,380.2814285359437,1.0,0.0,0.0,0.0,0.21555000895956952,23333.40915167523,393.72142365616924,random_forest
2025-03-17 23:50:00,18.175021773097487,0.140018183455719,1.7944855382685594,27.892767513543095,380.9948734055219,0.0,0.0,0.0,0.0,0.21555000895956952,0.0,385.78281506592225,random_forest
2025-03-17 23:55:00,17.80855864636187,0.1437213044078988,1.7460575406583325,27.48760921528595,381.69550302109764,1.0,0.0,0.0,0.0,0.21555000895956952,23333.40915167523,397.54126919815866,random_forest
2025-03-18 00:00:00,18.351354001226774,0.13931903530588416,1.8159249838717315,27.99250664123047,382.3835475766805,0.0,0.0,0.0,0.0,0.21555000895956952,0.0,389.5256410280487,random_forest
2025-03-18 00:05:00,17.98133548619665,0.14295976055549856,1.7667144107485742,27.59007781301835,383.05923313141994,0.0,0.0,0.0,0.0,0.21555000895956952,0.0,381.67163204049814,random_forest
2025-03-18 00:10:00,17.618777657797924,0.14666531086270745,1.7193686916677473,27.192615411569506,383.72278168387794,1.0,0.0,0.0,0.0,0.21555000895956952,23333.40915167523,393.51297999288437,random_forest
2025-03-18 00:15:00,18.16539956843439,0.14200166737706538,1.7892653195266879,27.712872022456633,384.37441124496695,0.0,0.0,0.0,0.0,0.21555000895956952,0.0,385.57857425408645,random_forest
2025-03-18 00:20:00,17.799130454297543,0.14566102340280507,1.7410682304211542,27.31607844253411,385.0143359095784,1.0,0.0,0.0,0.0,0.21555000895956952,23333.40915167523,397.3411464956405,random_forest
2025-03-18 00:25:00,18.34211590988345,0.14121175910818612,1.810882299338556,27.819815134098064,385.64276592692397,0.0,0.0,0.0,0.0,0.21555000895956952,0.0,389.3295534013731,random_forest
2025-03-18 00:30:00,17.97228366257179,0.14502217606551632,1.761459956771982,27.40689085111985,386.2599077696138,0.0,0.0,0.0,0.0,0.21555000895956952,0.0,381.47949813039486,random_forest
2025-03-18 00:35:00,17.60990834617386,0.14902809261030647,1.713649183582506,26.988414631884524,386.8659642014935,1.0,0.0,0.0,0.0,0.21555000895956952,23333.40915167523,393.32472008053077,random_forest
2025-03-18 00:40:00,18.15670908882001,0.14448004682177992,1.7831235692004803,27.49188173250693,387.4611343442631,0.0,0.0,0.0,0.0,0.21555000895956952,0.0,385.3941102280311,random_forest
2025-03-18 00:45:00,17.790615200901435,0.14835810550680328,1.7346413578742859,27.081840246557846,388.0456137428988,1.0,0.0,0.0,0.0,0.21555000895956952,23333.40915167523,397.16040181939405,random_forest
2025-03-18 00:50:00,18.333772349617806,0.14382331728501505,1.8044310990031842,27.585782400159125,388.61959442990013,0.0,0.0,0.0,0.0,0.21555000895956952,0.0,389.1524530816521,random_forest
2025-03-18 00:55:00,17.964108333586484,0.1476473616978257,1.7551488074785853,27.177712312922488,389.18326498838263,1.0,0.0,0.0,0.0,0.21555000895956952,23333.40915167523,400.84296517240824,random_forest
2025-03-18 01:00:00,18.503767338715207,0.14330847941189714,1.8248537494896035,27.66605521193941,389.73681061403755,0.0,0.0,0.0,0.0,0.21555000895956952,0.0,392.7607648768087,random_forest
2025-03-18 01:05:00,18.130675712196716,0.1472824533363766,1.7743791681514698,27.242747933799734,390.2804131759783,0.0,0.0,0.0,0.0,0.21555000895956952,0.0,384.84152605813097,random_forest
2025-03-18 01:10:00,17.765106735484082,0.15113038636070267,1.7262191092344112,26.841641552420196,390.81425127649436,1.0,0.0,0.0,0.0,0.21555000895956952,23333.40915167523,396.618959409059,random_forest
2025-03-18 01:15:00,18.308778211617046,0.14654064163020258,1.7958868794994483,27.342942929917164,391.33850030973133,0.0,0.0,0.0,0.0,0.21555000895956952,0.0,388.6219277794842,random_forest
2025-03-18 01:20:00,17.93961815261401,0.1505393987104762,1.7465012217708251,26.92629760017201,391.85333251931735,1.0,0.0,0.0,0.0,0.21555000895956952,23333.40915167523,400.3231368566579,random_forest
2025-03-18 01:25:00,18.479770953480948,0.14605336630211996,1.8162749747294158,27.41997088141136,392.3589170549543,0.0,0.0,0.0,0.0,0.21555000895956952,0.0,392.251417864043,random_forest
2025-03-18 01:30:00,18.10716316629278,0.1500955929917435,1.765915328311321,26.997385544134016,392.85542002799235,0.0,0.0,0.0,0.0,0.21555000895956952,0.0,384.3424490137439,random_forest
2025-03-18 01:35:00,17.742068273253718,0.15422807910743042,1.717425437615504,26.578917294304432,393.3430045660065,1.0,0.0,0.0,0.0,0.21555000895956952,23333.40915167523,396.12994525958624,random_forest
2025-03-18 01:40:00,18.2862042741069,0.14944475025664017,1.78724336233345,27.088625143290898,393.8218308663926,0.0,0.1,0.0,0.0,0.6584833590394067,0.0,1183.6545915396086,random_forest
2025-03-18 01:45:00,17.886036853597936,0.1544908009118489,1.732526558954042,26.585665511246372,395.25832159510924,1.0,0.0,0.0,0.0,0.21555000895956952,23333.40915167523,399.18582078477806,random_forest
2025-03-18 01:50:00,18.427270014676658,0.14983745329873924,1.802288565216526,27.083476252626323,395.70274401193,0.0,0.0,0.0,0.0,0.21555000895956952,0.0,391.13703350630306,random_forest
2025-03-18 01:55:00,18.05572080438765,0.15406053524433047,1.7520048061628457,26.654790566240045,396.1391834907568,0.0,0.0,0.0,0.0,0.21555000895956952,0.0,383.2505339977863,random_forest
2025-03-18 02:00:00,17.691663144152255,0.1582686128014874,1.7038004600060659,26.239215245003322,396.56778342511933,1.0,0.0,0.0,0.0,0.21555000895956952,23333.40915167523,395.06004653587155,random_forest
2025-03-18 02:05:00,18.236815464074798,0.15359146032513438,1.773026998594284,26.72959744048692,396.98868463284083,0.0,0.0,0.0,0.0,0.21555000895956952,0.0,387.0944472805162,random_forest
2025-03-18 02:10:00,17.869106390594755,0.15800358554966437,1.7234911570665112,26.295289999647736,397.4020254023044,1.0,0.0,0.0,0.0,0.21555000895956952,23333.40915167523,398.8264549606664,random_forest
2025-03-18 02:15:00,18.410680920750593,0.1533956173751513,1.7928806205123613,26.780396773261018,397.8079415378878,0.0,0.0,0.0,0.0,0.21555000895956952,0.0,390.78491357852045,random_forest
2025-03-18 02:20:00,18.039466196510944,0.15748789515868417,1.7431247685934061,26.370431789020966,398.20656640458276,0.0,0.0,0.0,0.0,0.21555000895956952,0.0,382.9055138672602,random_forest
2025-03-18 02:25:00,17.675736278079697,0.16168596726833623,1.6951805747272162,25.96303602053675,398.5980309718121,1.0,0.0,0.0,0.0,0.21555000895956952,23333.40915167523,394.7219830493263,random_forest
2025-03-18 02:30:00,18.221209731545457,0.15688633115196082,1.7643960483237282,26.455055862961082,398.9824638564603,0.0,0.0,0.0,0.0,0.21555000895956952,0.0,386.7632001710768,random_forest
2025-03-18 02:35:00,17.853815316590122,0.16126210128398658,1.7151696901848603,26.031097698056985,399.35999136513095,1.0,0.0,0.0,0.0,0.21555000895956952,23333.40915167523,398.50188678966043,random_forest
2025-03-18 02:40:00,18.39569816080802,0.1564882193116846,1.7846546310652232,26.521894049003265,399.73073753564523,0.0,0.0,0.0,0.0,0.21555000895956952,0.0,390.4668896784524,random_forest
2025-03-18 02:45:00,18.024785534091237,0.16053492366162406,1.7352185785403178,26.122164080931007,400.09482417779486,0.0,0.0,0.0,0.0,0.21555000895956952,0.0,382.59390228593657,random_forest
2025-03-18 02:50:00,17.661351621987798,0.16455803641313796,1.6878416825818974,25.73471700690316,400.45237091336304,1.0,0.0,0.0,0.0,0.21555000895956952,23333.40915167523,394.41665449510685,random_forest
2025-03-18 02:55:00,18.20711511340313,0.15940140943152256,1.7575770832042477,26.24849116887671,400.8034952154266,0.0,0.0,0.0,0.0,0.21555000895956952,0.0,386.46402795922984,random_forest
2025-03-18 03:00:00,17.840004888359594,0.16349503977397375,1.7091169719319619,25.852141572377533,401.1483124469522,1.0,0.0,0.0,0.0,0.21555000895956952,23333.40915167523,398.2087467897995,random_forest
2025-03-18 03:05:00,18.382166192365553,0.15824399948355355,1.7794298496386325,26.376162612069205,401.4869358986991,0.0,0.0,0.0,0.0,0.21555000895956952,0.0,390.1796602630331,random_forest
2025-03-18 03:10:00,18.011526410849626,0.16219390404609718,1.7303464644973108,25.98773054986109,401.81947682644113,0.0,0.0,0.0,0.0,0.21555000895956952,0.0,382.312464279792,random_forest
2025-03-18 03:15:00,17.64835984256682,0.16622523122119137,1.683094328146589,25.602915354833875,402.1460444875203,1.0,0.0,0.0,0.0,0.21555000895956952,23333.40915167523,394.1408911259999,random_forest
2025-03-18 03:20:00,18.194385287346933,0.1609828564328169,1.7528691768756834,26.119334043278116,402.4667461767436,0.0,0.0,0.0,0.0,0.21555000895956952,0.0,386.19382480940305,random_forest
2025-03-18 03:25:00,17.827531733900138,0.1651115588442625,1.704475170304817,25.723464434341444,402.7816872616347,1.0,0.0,0.0,0.0,0.21555000895956952,23333.40915167523,397.9439917485018,random_forest
2025-03-18 03:30:00,18.369944534231134,0.15988155677619,1.7746079639370598,26.24161096395673,403.0909712170533,0.0,0.0,0.0,0.0,0.21555000895956952,0.0,389.92024348000353,random_forest
2025-03-18 03:35:00,17.999551178117596,0.16394645281888057,1.725427305196289,25.84742677544682,403.3946996591918,0.0,0.0,0.0,0.0,0.21555000895956952,0.0,382.0582781196813,random_forest
2025-03-18 03:40:00,17.636626066559582,0.16798636332821082,1.678297125966118,25.465335853961406,403.6929723789616,1.0,0.0,0.0,0.0,0.21555000895956952,23333.40915167523,372.6658409677063,random_forest
2025-03-18 03:45:00,18.20305110852359,0.16269224646141317,1.7502498255977617,25.98531947442337,403.98588737477985,0.0,0.0,0.0,0.0,0.21555000895956952,0.0,365.1517762797217,random_forest
2025-03-18 03:50:00,17.856185835000026,0.16692519697274089,1.7038432110895962,25.588547567754617,404.273540884767,1.0,0.0,0.0,0.0,0.21555000895956952,23333.40915167523,377.32621423171815,random_forest
2025-03-18 03:55:00,18.418183891387205,0.1617489871825567,1.7760253475044159,26.10170224050884,404.5560274183662,0.0,0.0,0.0,0.0,0.21555000895956952,0.0,369.718182395886,random_forest
2025-03-18 04:00:00,18.066980893636636,0.16596890870353534,1.7285644133949707,25.702692917902716,404.83343978739475,0.0,0.0,0.0,0.0,0.21555000895956952,0.0,383.48954053008094,random_forest
2025-03-18 04:05:00,17.7026961961209,0.17028792650776337,1.6806396421806888,25.302809637890824,405.1058691365375,1.0,0.0,0.0,0.0,0.21555000895956952,23333.40915167523,395.2942339773157,random_forest
2025-03-18 04:10:00,18.24762605651782,0.1649189654042268,1.7504857003907688,25.8189944317415,405.37340497329285,0.0,0.0,0.0,0.0,0.21555000895956952,0.0,387.32391279848173,random_forest
2025-03-18 04:15:00,17.87969900896556,0.16917295816296993,1.701762571082975,25.420854584842772,405.6361351973807,1.0,0.0,0.0,0.0,0.21555000895956952,23333.40915167523,399.05129376333883,random_forest
2025-03-18 04:20:00,18.42105996006235,0.16394615086249137,1.7716894535426817,25.928536911296305,405.8941461296223,0.0,0.0,0.0,0.0,0.21555000895956952,0.0,391.0052189544015,random_forest
2025-03-18 04:25:00,18.04963596316013,0.16818987500088886,1.7220831824013465,25.528175514882157,406.1475225403008,0.0,0.0,0.0,0.0,0.21555000895956952,0.0,383.12137722387496,random_forest
2025-03-18 04:30:00,17.685700991632885,0.17268281528649745,1.673994607316813,25.11967588943268,406.39634767701335,1.0,0.0,0.0,0.0,0.21555000895956952,23333.40915167523,394.933493951149,random_forest
2025-03-18 04:35:00,18.230973526490057,0.1679505110430702,1.7423092514130916,25.581009246177857,406.6407032920219,0.0,0.0,0.0,0.0,0.21555000895956952,0.0,386.9704463766924,random_forest
2025-03-18 04:40:00,17.863382244049838,0.17316757805445324,1.6918421786921378,25.116773684307653,406.8806696691134,1.0,0.0,0.0,0.0,0.21555000895956952,23333.40915167523,398.70495428817657,random_forest
2025-03-18 04:45:00,18.40507219022371,0.1687389245772908,1.7597689136565553,25.55361257245383,407.1163256499772,0.0,0.0,0.0,0.0,0.21555000895956952,0.0,390.6658627251779,random_forest
2025-03-18 04:50:00,18.03397055486789,0.17417496226685852,1.708009766963134,25.07369111859957,407.34774866010883,0.0,0.0,0.0,0.0,0.21555000895956952,0.0,382.78886343733944,random_forest
2025-03-18 04:55:00,17.670351445108295,0.17972835844405413,1.6581335741415064,24.600080557126017,407.5750147342482,1.0,0.0,0.0,0.0,0.21555000895956952,23333.40915167523,394.60768464306847,random_forest
2025-03-18 05:00:00,18.21593347300947,0.17516050602771652,1.7255818585464209,25.034566323681084,407.79819854136116,0.0,0.0,0.0,0.0,0.21555000895956952,0.0,386.65120636460773,random_forest
2025-03-18 05:05:00,17.84864544330224,0.18075445050081845,1.6747638725007865,24.55899388502588,408.0173734091722,1.0,0.0,0.0,0.0,0.21555000895956952,23333.40915167523,398.39215111531394,random_forest
2025-03-18 05:10:00,18.39063252772153,0.17618261934075732,1.7424329863338706,24.99159231863958,408.2326113482565,0.0,0.0,0.0,0.0,0.21555000895956952,0.0,390.35936660549015,random_forest
2025-03-18 05:15:00,18.01982203941002,0.18181777997825782,1.6906981751490817,24.5141479729981,408.44398307569935,0.0,0.0,0.0,0.0,0.21555000895956952,0.0,382.4885472016572,random_forest
2025-03-18 05:20:00,17.656488206294277,0.1875176150015723,1.6409532953033468,24.04684571504288,408.65155803833017,1.0,0.0,0.0,0.0,0.21555000895956952,23333.40915167523,415.53941284233997,random_forest
2025-03-18 05:25:00,18.182186749850576,0.18250608181795377,1.706595506044491,24.494652846183396,408.85540443553975,0.0,0.0,0.0,0.0,0.21555000895956952,0.0,407.1608879407914,random_forest
2025-03-18 05:30:00,17.795416146671336,0.18814483967043397,1.654102972963823,24.028323766308155,409.05558924168724,1.0,0.0,0.0,0.0,0.21555000895956952,23333.40915167523,418.48829579824957,random_forest
2025-03-18 05:35:00,18.318313484921962,0.1831512950293192,1.7198773975647836,24.47350895320288,409.25217822810487,0.0,0.1,0.0,0.0,0.6894665736914376,0.0,1309.1385138309465,random_forest
2025-03-18 05:40:00,17.89323480792034,0.19162089382402106,1.6571940334707886,23.806959990711775,409.86970021574774,1.0,0.0,0.0,0.0,0.21555000895956952,23333.40915167523,420.56459364117586,random_forest
2025-03-18 05:45:00,18.414159827628414,0.18645553132589424,1.7232442813247306,24.257479907541764,410.051665733186,0.0,0.0,0.0,0.0,0.21555000895956952,0.0,412.0847459741888,random_forest
2025-03-18 05:50:00,18.022711949205036,0.19210175189238018,1.6697506121846526,23.79721738065693,410.23036269488136,0.0,0.0,0.0,0.0,0.21555000895956952,0.0,403.775877551633,random_forest
2025-03-18 05:55:00,17.63915683785902,0.19786194741197052,1.6182917770241656,23.34305069214775,410.40584981226885,1.0,0.0,0.0,0.0,0.21555000895956952,23333.40915167523,415.17153740387454,random_forest
2025-03-18 06:00:00,18.165204833952252,0.192382688926595,1.6841804015310455,23.803411263004445,410.57818474217925,0.0,0.0,0.0,0.0,0.21555000895956952,0.0,406.80042997808533,random_forest
2025-03-18 06:05:00,17.778776637295312,0.19808399030070029,1.632141298181007,23.352758711951793,410.74742410578244,1.0,0.0,0.0,0.0,0.21555000895956952,23333.40915167523,418.1351057526728,random_forest
2025-03-18 06:10:00,18.302009478122464,0.19259606365116247,1.6982538569828431,23.813191382916287,410.9136235071906,0.0,0.1,0.0,0.0,0.6584833590394067,0.0,1249.4070285035436,random_forest
2025-03-18 06:15:00,17.87961261392266,0.2006119420346706,1.637357971994904,23.203976951872576,411.41222581673077,1.0,0.0,0.0,0.0,0.21555000895956952,23333.40915167523,420.27544909910006,random_forest
2025-03-18 06:20:00,18.40081229805027,0.19500058503714002,1.703718375139531,23.667853246695188,411.56648371690966,0.0,0.0,0.0,0.0,0.21555000895956952,0.0,411.80143145610367,random_forest
2025-03-18 06:25:00,18.009633545985277,0.2007028851698164,1.6506162525615726,23.22059580713031,411.7179707594414,0.0,0.0,0.0,0.0,0.21555000895956952,0.0,403.49827550671256,random_forest
2025-03-18 06:30:00,17.626342134600474,0.20641471562316513,1.599743621490791,22.7856612435094,411.86673671585856,1.0,0.0,0.0,0.0,0.21555000895956952,23333.40915167523,414.8995326514712,random_forest
2025-03-18 06:35:00,18.15264851367024,0.20050800242609446,1.6659220437577535,23.258214974160495,412.0128304636725,0.0,0.0,0.0,0.0,0.21555000895956952,0.0,406.53390965994,random_forest
2025-03-18 06:40:00,17.766473490211563,0.2062604017144363,1.6142484139747366,22.819441676075872,412.15630000243226,1.0,0.0,0.0,0.0,0.21555000895956952,23333.40915167523,417.87395928608845,random_forest
2025-03-18 06:45:00,18.289954399503518,0.2003654591382037,1.680640709326791,23.29144985218302,412.2971924694949,0.0,0.1,0.0,0.0,0.6584833590394067,0.0,1248.869237778006,random_forest
2025-03-18 06:50:00,17.871486134453697,0.2083237656064544,1.620732991047022,22.706206627501437,300.0,1.0,0.0,0.0,0.0,0.21555000895956952,23333.40915167523,420.18234608017605,random_forest
2025-03-18 06:55:00,18.396514463859862,0.20248177628343128,1.687430394577147,23.17144797231508,300.0,0.0,0.0,0.0,0.0,0.21555000895956952,0.0,411.8213510388087,random_forest
2025-03-18 07:00:00,18.0105530764645,0.20846179332130174,1.6346879490052122,22.721117325708708,300.0,1.0,0.0,1.0,0.0,0.21555000895956952,23333.40915167523,423.05478993709545,random_forest
2025-03-18 07:05:00,18.529112606873543,0.20246586003942724,1.7015400060679047,23.195434646612362,302.1555000895957,1.0,0.0,1.0,0.0,0.21555000895956952,23333.40915167523,434.06172890630086,random_forest
2025-03-18 07:10:00,19.03721641682818,0.1967825655855338,1.7689500060238061,23.660218446047,304.27228200722266,1.0,0.0,1.0,0.0,0.21555000895956952,23333.40915167523,444.84673486652287,random_forest
2025-03-18 07:15:00,19.535075325113546,0.19139133758607915,1.8368741930051335,24.115657677115934,306.3510412280738,1.0,0.0,1.0,0.0,0.21555000895956952,23333.40915167523,455.4142826550085,random_forest
2025-03-18 07:20:00,20.022895899773722,0.18627322329386087,1.9052691761470655,24.56193767070865,308.39246073486834,1.0,0.0,1.0,0.0,0.21555000895956952,23333.40915167523,465.76875688282155,random_forest
2025-03-18 07:25:00,20.50088054381947,0.18141074278416808,1.9740919994858044,24.99924019848476,310.39721124224786,1.0,0.0,1.0,0.0,0.21555000895956952,23333.40915167523,475.9144537540735,random_forest
2025-03-18 07:30:00,20.96922757920783,0.17678775709101893,2.0433002071455313,25.42774353515222,312.3659514171418,1.0,0.0,1.0,0.0,0.21555000895956952,23333.40915167523,464.62959369246886,random_forest
2025-03-18 07:35:00,21.44829433808165,0.17244894864102603,2.115308996185809,25.846874838653378,314.29932809517425,1.0,0.0,1.0,0.0,0.21555000895956952,23333.40915167523,474.7982595213271,random_forest
2025-03-18 07:40:00,21.917701669607116,0.1683169864186908,2.1877239482018567,26.257656484571964,316.19797649318406,0.0,0.0,1.0,0.0,0.21555000895956952,0.0,465.2248979636335,random_forest
2025-03-18 07:45:00,21.475774854609202,0.1736306068161129,2.115844187392502,25.761649370647106,318.06252041792703,1.0,0.0,1.0,0.0,0.21555000895956952,23333.40915167523,475.38156066714237,random_forest
2025-03-18 07:50:00,21.944628096233885,0.16940341882243115,2.188456659474702,26.177583454594824,319.8935724710297,0.0,0.0,1.0,0.0,0.21555000895956952,0.0,465.7964380032233,random_forest
2025-03-18 07:55:00,21.502158363454818,0.17472528793812414,2.1164554426970996,25.683326715236866,321.6917342502614,1.0,0.0,1.0,0.0,0.21555000895956952,23333.40915167523,475.94157673979674,random_forest
2025-03-18 08:00:00,21.97047963415443,0.17040705476508186,2.1892601708946295,26.1042012824371,323.45759654719103,0.0,0.0,1.0,0.0,0.21555000895956952,0.0,466.34516246679084,random_forest
2025-03-18 08:05:00,21.52748865658482,0.17554434343052788,2.1176340117519086,25.626059010933922,325.19173954129366,1.0,0.0,1.0,0.0,0.21555000895956952,23333.40915167523,476.47923726709257,random_forest
2025-03-18 08:10:00,21.995299192357262,0.17106480669478807,2.190836486865819,26.057819068024976,326.89473299056993,1.0,0.0,1.0,0.0,0.21555000895956952,23333.40915167523,486.40897862646335,random_forest
2025-03-18 08:15:00,22.453677260108524,0.16668182594273867,2.2647097238775076,26.490522521974164,328.5671364187421,0.0,0.0,1.0,0.0,0.21555000895956952,0.0,476.6015100354998,random_forest
2025-03-18 08:20:00,22.000943564480632,0.17166207735485314,2.1900112210672638,26.01261813708517,330.20949929908704,0.0,0.0,1.0,0.0,0.21555000895956952,0.0,466.9917895215441,random_forest
2025-03-18 08:25:00,21.557338342411104,0.17666021478253943,2.1186324566295047,25.547540818948335,331.82236123496756,1.0,0.0,1.0,0.0,0.21555000895956952,23333.40915167523,477.1128263747515,random_forest
2025-03-18 08:30:00,22.024547018700982,0.17192359906277727,2.192471345385251,25.996894558514143,333.4062521371206,0.0,0.0,1.0,0.0,0.21555000895956952,0.0,467.4927961848695,random_forest
2025-03-18 08:35:00,21.58046587997268,0.1768382498525201,2.1211722083012896,25.53849839293436,334.9616923977611,1.0,0.0,1.0,0.0,0.21555000895956952,23333.40915167523,477.6037312362386,random_forest
2025-03-18 08:40:00,22.04720823551564,0.17205322060778994,2.195157147412779,25.991196143530814,336.4891930615585,0.0,0.0,1.0,0.0,0.21555000895956952,0.0,467.9738029272393,random_forest
2025-03-18 08:45:00,21.602670178469815,0.17692598639700463,2.123827504663423,25.536071818437907,337.98925599354203,1.0,0.0,1.0,0.0,0.21555000895956952,23333.40915167523,478.07503943535545,random_forest
2025-03-18 08:50:00,22.068964828543375,0.17217938615567432,2.197733717556834,25.985596181846404,339.46237404398977,0.0,0.0,1.0,0.0,0.21555000895956952,0.0,468.4356081349177,random_forest
2025-03-18 08:55:00,21.623988093117543,0.1770953039345747,2.1261596097775683,25.527355507919832,340.9090312103565,1.0,0.0,1.0,0.0,0.21555000895956952,23333.40915167523,457.3015441044917,random_forest
2025-03-18 09:00:00,22.1100159188404,0.17224540531530244,2.2030599128724973,25.988313418405866,342.3297027962922,0.0,0.0,1.0,0.0,0.21555000895956952,0.0,448.0809689763995,random_forest
2025-03-18 09:05:00,21.684374478866573,0.17696661873565725,2.13435410610582,25.54834293853431,343.72485556780487,1.0,0.0,1.0,0.0,0.21555000895956952,23333.40915167523,458.58330487357097,random_forest
2025-03-18 09:10:00,22.16918473335292,0.17199280528827832,2.2116853086857406,26.01909484134717,345.09494790661756,0.0,0.0,1.0,0.0,0.21555000895956952,0.0,470.5628747476209,random_forest
2025-03-18 09:15:00,21.722187263089122,0.17690474208740262,2.139450896592758,25.560087070469258,346.4404299607714,1.0,0.0,1.0,0.0,0.21555000895956952,23333.40915167523,480.6119077774421,random_forest
2025-03-18 09:20:00,22.18607208911544,0.1722058468117649,2.2133901559070237,26.00584629987708,347.76174379252285,0.0,0.0,1.0,0.0,0.21555000895956952,0.0,470.9213255779098,random_forest
2025-03-18 09:25:00,21.73873411894621,0.1772036978920488,2.140836311854341,25.540729586288172,349.05932352358496,1.0,0.0,1.0,0.0,0.21555000895956952,23333.40915167523,480.96313116043063,random_forest
2025-03-18 09:30:00,22.202285310569735,0.1725330038341697,2.214699576079404,25.983680087531873,350.33359547775905,0.0,0.0,1.0,0.0,0.21555000895956952,0.0,471.2654672406826,random_forest
2025-03-18 09:35:00,21.75462043307116,0.1776176811505621,2.141836077419805,25.512655177423095,351.5849783210049,1.0,0.0,1.0,0.0,0.21555000895956952,23333.40915167523,481.30033389177584,random_forest
2025-03-18 09:40:00,22.217851308800753,0.17292893270255047,2.2157376420198753,25.956132961967672,352.8138831989946,0.0,0.0,1.0,0.0,0.21555000895956952,0.0,471.5958709503365,random_forest
2025-03-18 09:45:00,21.76987257394048,0.1779464896580286,2.142974578755821,25.490890705611754,354.02071387219587,1.0,0.0,1.0,0.0,0.21555000895956952,23333.40915167523,481.62407566847384,random_forest
2025-03-18 09:50:00,22.232795920617168,0.17324353566393816,2.2169097023539956,25.93477277048642,355.20586684852873,0.0,0.0,1.0,0.0,0.21555000895956952,0.0,471.91308511869244,random_forest
2025-03-18 09:55:00,21.784515857415037,0.17829177349174574,2.143990422136699,25.467816903688163,356.36973151363935,1.0,0.0,1.0,0.0,0.21555000895956952,23333.40915167523,481.9348938447131,random_forest
2025-03-18 10:00:00,22.247143951435923,0.17357385643480086,2.217959148676054,25.912127212595767,357.5126902588339,0.0,0.0,1.0,0.0,0.21555000895956952,0.0,472.2176362652614,random_forest
2025-03-18 10:05:00,21.798574588759934,0.1787087757134093,2.14474232427901,25.439325531056603,358.63511860671457,1.0,0.0,1.0,0.0,0.21555000895956952,23333.40915167523,482.233304323787,random_forest
2025-03-18 10:10:00,22.26091921645484,0.17409517446756387,2.2184181878431017,25.874784346968294,359.7373853345584,0.0,0.0,1.0,0.0,0.21555000895956952,0.0,472.51002989117404,random_forest
2025-03-18 10:15:00,21.812072102986942,0.17923447921178842,2.1451361441441534,25.40270228187982,360.8198525954803,1.0,0.0,1.0,0.0,0.21555000895956952,23333.40915167523,482.51980241440253,random_forest
2025-03-18 10:20:00,22.274144580181645,0.17452947979362246,2.219035938933037,25.84408046085444,361.8828760374197,0.0,0.0,1.0,0.0,0.21555000895956952,0.0,465.7861748967418,random_forest
2025-03-18 10:25:00,21.83168459654107,0.17964198835838768,2.1466391086682863,25.37608224101044,362.9268049199896,1.0,0.0,1.0,0.0,0.21555000895956952,23333.40915167523,482.9360969899047,random_forest
2025-03-18 10:30:00,22.293361626852647,0.1749059897523895,2.2206175432060156,25.818982111831414,363.95198222922687,0.0,0.0,1.0,0.0,0.21555000895956952,0.0,473.19865214247255,random_forest
2025-03-18 10:35:00,21.843860376773435,0.18009370841589312,2.1470518342781544,25.344856427363467,364.95874479028157,1.0,0.0,1.0,0.0,0.21555000895956952,23333.40915167523,461.96855081307774,random_forest
2025-03-18 10:40:00,22.325454915672378,0.17537684106291557,2.223685406209945,25.789183376719716,365.9474233780816,0.0,0.0,1.0,0.0,0.21555000895956952,0.0,452.65387478693566,random_forest
2025-03-18 10:45:00,21.895469577276558,0.18038823456886244,2.1530492551963163,25.33265251686587,366.91834282601013,1.0,0.0,1.0,0.0,0.21555000895956952,23333.40915167523,463.06400714330715,random_forest
2025-03-18 10:50:00,22.376023519403688,0.17552863408592217,2.2301205190103666,25.78718320357958,367.8718221326303,0.0,0.0,1.0,0.0,0.21555000895956952,0.0,453.72724342137076,random_forest
2025-03-18 10:55:00,21.945018565798083,0.18053961242838396,2.1591664130847024,25.330666100067884,368.80817456649345,1.0,0.0,1.0,0.0,0.21555000895956952,23333.40915167523,464.11573343635604,random_forest
2025-03-18 11:00:00,22.42457345122603,0.17567510447727439,2.2363116781482533,25.785209053779013,369.7277077690642,0.0,0.0,1.0,0.0,0.21555000895956952,0.0,454.75776374775654,random_forest
2025-03-18 11:05:00,21.992589584910412,0.18073037155288954,2.164933273256939,25.325403275358234,370.6307238557972,1.0,0.0,1.0,0.0,0.21555000895956952,23333.40915167523,465.12547537217444,random_forest
2025-03-18 11:10:00,22.471185295454084,0.1759891714573432,2.241797598636052,25.770141618625008,371.5175195153981,0.0,0.0,1.0,0.0,0.21555000895956952,0.0,455.74714624788265,random_forest
2025-03-18 11:15:00,22.038261594105972,0.1810899623594979,2.1700145690565686,25.30732745262563,372.38838610730124,0.0,0.0,1.0,0.0,0.21555000895956952,0.0,446.55791245769007,random_forest
2025-03-18 11:20:00,21.614066937224194,0.18620151507933894,2.1013568660282904,24.8571160401127,373.24360975739717,1.0,0.0,1.0,0.0,0.21555000895956952,23333.40915167523,457.0909577570845,random_forest
2025-03-18 11:25:00,22.100294803302155,0.1811035983530125,2.1781940189741933,25.317838050934455,374.0834714520397,0.0,0.0,1.0,0.0,0.21555000895956952,0.0,447.87462868340043,random_forest
2025-03-18 11:30:00,21.67484937026796,0.18625873701455992,2.1090292768322714,24.86411845013191,374.9082471303651,1.0,0.0,1.0,0.0,0.21555000895956952,23333.40915167523,458.38112502174704,random_forest
2025-03-18 11:35:00,22.159851679604262,0.18125674868437894,2.1856983426396006,25.317589855040083,375.7182077749528,0.0,0.0,1.0,0.0,0.21555000895956952,0.0,470.3647714499595,random_forest
2025-03-18 11:40:00,21.71304239178676,0.18650716340144874,2.1133107570086467,24.853268309356967,376.5136195008574,1.0,0.0,1.0,0.0,0.21555000895956952,23333.40915167523,480.4177988383452,random_forest
2025-03-18 11:45:00,22.17711160593503,0.18149542964208515,2.187358035633927,25.30318610014497,377.2947436430415,0.0,0.0,1.0,0.0,0.21555000895956952,0.0,470.73113045908974,random_forest
2025-03-18 11:50:00,21.729954306068386,0.18674755362129086,2.1148697771082983,24.839120704716972,378.06183684223845,1.0,0.0,1.0,0.0,0.21555000895956952,23333.40915167523,480.77677094749424,random_forest
2025-03-18 11:55:00,22.193682525137575,0.18180782173189755,2.1887295259882937,25.28324309787039,378.81515112927207,0.0,0.0,1.0,0.0,0.21555000895956952,0.0,471.08286461038807,random_forest
2025-03-18 12:00:00,21.74619110567869,0.18710451015864718,2.116038789212138,24.81652274347931,379.5549340078624,1.0,0.0,1.0,0.0,0.21555000895956952,23333.40915167523,481.1214130799508,random_forest
2025-03-18 12:05:00,22.209591942011965,0.1821493723320471,2.1899350416145853,25.26106382107182,380.2814285359437,1.0,0.0,1.0,0.0,0.21555000895956952,23333.40915167523,469.73156505083955,random_forest
2025-03-18 12:10:00,22.683812232086535,0.17752959037340493,2.2666633193951182,25.69357510060722,380.9948734055219,1.0,0.0,1.0,0.0,0.21555000895956952,23333.40915167523,479.7973597855199,random_forest
2025-03-18 12:15:00,23.14847081420654,0.17312672312695754,2.343790390662697,26.117933036444683,381.69550302109764,0.0,0.0,1.0,0.0,0.21555000895956952,0.0,470.1232013244415,random_forest
2025-03-18 12:20:00,22.701890998879946,0.17830853273681854,2.2669999463409103,25.638306853293315,382.3835475766805,0.0,0.0,1.0,0.0,0.21555000895956952,0.0,460.6441030070285,random_forest
2025-03-18 12:25:00,22.2643155763681,0.1834649244003325,2.193703755734221,25.17476389915856,383.05923313141994,0.0,0.0,1.0,0.0,0.21555000895956952,0.0,451.3561318338578,random_forest
2025-03-18 12:30:00,21.835562991018065,0.1886334250974414,2.1236137032788807,24.723756713906457,383.72278168387794,1.0,0.0,1.0,0.0,0.21555000895956952,23333.40915167523,461.79243059301115,random_forest
2025-03-18 12:35:00,22.317324830180283,0.18347659663618687,2.2007554418658066,25.183695490110825,384.37441124496695,0.0,0.0,1.0,0.0,0.21555000895956952,0.0,452.48130568044303,random_forest
2025-03-18 12:40:00,21.88750341877103,0.18864358265372558,2.130327706849271,24.732473575143985,385.0143359095784,1.0,0.0,1.0,0.0,0.21555000895956952,23333.40915167523,462.8949175492537,random_forest
2025-03-18 12:45:00,22.368217982623428,0.1834887626734248,2.2075416269017127,25.192201427612233,385.64276592692397,0.0,0.0,1.0,0.0,0.21555000895956952,0.0,453.5615631823161,random_forest
2025-03-18 12:50:00,21.937370412125805,0.18865433516358354,2.1367884745795505,24.74077237515211,386.2599077696138,1.0,0.0,1.0,0.0,0.21555000895956952,23333.40915167523,463.95339380944483,random_forest
2025-03-18 12:55:00,22.417079507344724,0.18350142614408396,2.214071407375508,25.200296853909013,386.8659642014935,0.0,0.0,1.0,0.0,0.21555000895956952,0.0,454.59869737619624,random_forest
2025-03-18 13:00:00,21.98524674148668,0.18866567985078972,2.1430047102355476,24.748668166544146,387.4611343442631,1.0,0.0,1.0,0.0,0.21555000895956952,23333.40915167523,464.96961625728807,random_forest
2025-03-18 13:05:00,22.46399050584805,0.18347120887841342,2.2204715965949116,25.21117026057908,388.0456137428988,0.0,0.0,1.0,0.0,0.21555000895956952,0.0,455.5944297217252,random_forest
2025-03-18 13:10:00,22.03121187310718,0.18858934207346525,2.1492186810927727,24.762458614957907,388.61959442990013,0.0,0.0,1.0,0.0,0.21555000895956952,0.0,446.4082751562168,random_forest
2025-03-18 13:15:00,21.607159359813018,0.19385092272939144,2.080726045641947,24.316442344440464,389.18326498838263,1.0,0.0,1.0,0.0,0.21555000895956952,23333.40915167523,456.9443375938606,random_forest
2025-03-18 13:20:00,22.093526503436166,0.18852872535988485,2.1575542575586066,24.778110042424977,389.73681061403755,0.0,0.0,1.0,0.0,0.21555000895956952,0.0,447.73096482384034,random_forest
2025-03-18 13:25:00,21.668217539692765,0.19387898936096779,2.0884328714542306,24.325428948291723,390.2804131759783,1.0,0.0,1.0,0.0,0.21555000895956952,23333.40915167523,458.2403578578735,random_forest
2025-03-18 13:30:00,22.15335356668833,0.18864677403592814,2.165113457247427,24.780583291813617,390.81425127649436,0.0,0.0,1.0,0.0,0.21555000895956952,0.0,449.00085341966644,random_forest
2025-03-18 13:35:00,21.726838309332933,0.19408659756482008,2.0953857069099406,24.321539971991882,391.33850030973133,1.0,0.0,1.0,0.0,0.21555000895956952,23333.40915167523,459.4846416785724,random_forest
2025-03-18 13:40:00,22.2107923652254,0.18884722747591018,2.1721590512708153,24.77675380216467,391.85333251931735,1.0,0.0,1.0,0.0,0.21555000895956952,23333.40915167523,448.5310560649456,random_forest
2025-03-18 13:45:00,22.705151460109175,0.18391963621889842,2.2519642869746344,25.222896342350673,392.3589170549543,1.0,0.0,1.0,0.0,0.21555000895956952,23333.40915167523,459.024316852121,random_forest
2025-03-18 13:50:00,23.18954278813671,0.17911603268582071,2.3325933093253552,25.669029500002818,392.85542002799235,1.0,0.0,1.0,0.0,0.21555000895956952,23333.40915167523,469.3060019280963,random_forest
2025-03-18 13:55:00,23.66416732948037,0.17453483529684524,2.4136939496360417,26.10727964457643,393.3430045660065,0.0,0.0,1.0,0.0,0.21555000895956952,0.0,438.6173916534234,random_forest
2025-03-18 14:00:00,23.247515538605583,0.17957697177628437,2.3394583210618185,25.64529223463647,393.8218308663926,0.0,0.0,1.0,0.0,0.21555000895956952,0.0,429.77354525848506,random_forest
2025-03-18 14:05:00,22.83926470152057,0.1844767499179775,2.2687876436223515,25.20693204854167,394.29205624900044,0.0,0.0,1.0,0.0,0.21555000895956952,0.0,421.10801741758854,random_forest
2025-03-18 14:10:00,22.439245429718852,0.1893214011346991,2.201251681409349,24.7845337273096,394.75383520782214,0.0,0.0,1.0,0.0,0.21555000895956952,0.0,412.61721269213234,random_forest
2025-03-18 14:15:00,22.047291750075928,0.1941547050329443,2.136569769962858,24.374196869508765,395.2073194617512,1.0,0.0,1.0,0.0,0.21555000895956952,23333.40915167523,423.8346046247777,random_forest
2025-03-18 14:20:00,22.565110518280015,0.18814838602359468,2.2213471514344527,24.89117958270744,395.65265800443046,0.0,0.0,1.0,0.0,0.21555000895956952,0.0,394.0628345410462,random_forest
2025-03-18 14:25:00,22.19078202868274,0.19263413348675854,2.159387063261811,24.505897065605378,396.08999715320437,0.0,0.0,1.0,0.0,0.21555000895956952,0.0,403.73491307955493,random_forest
2025-03-18 14:30:00,21.807265830341496,0.19712784289844376,2.0977549018879493,24.12663246183029,396.5194805971919,1.0,0.0,1.0,0.0,0.21555000895956952,23333.40915167523,418.73981705533447,random_forest
2025-03-18 14:35:00,22.32992424331419,0.19080033113616135,2.182687289938775,24.659881224696026,396.9412494444961,0.0,0.0,1.0,0.0,0.21555000895956952,0.0,410.29676237498535,random_forest
2025-03-18 14:40:00,21.940174807731516,0.19533469863303504,2.11955726295177,24.273409819028892,397.35544226856575,1.0,0.0,1.0,0.0,0.21555000895956952,23333.40915167523,421.5609415681508,random_forest
2025-03-18 14:45:00,22.460153375803134,0.1892051563504719,2.204364912820121,24.796608222776552,397.7621951537238,0.0,0.0,1.0,0.0,0.21555000895956952,0.0,391.8350153729867,random_forest
2025-03-18 14:50:00,22.087941138009324,0.19374311305912736,2.142961019391572,24.410075412974187,398.16164173987846,1.0,0.0,1.0,0.0,0.21555000895956952,23333.40915167523,403.4714389362452,random_forest
2025-03-18 14:55:00,22.62510330119377,0.18750242781877433,2.2312210310335865,24.948468880621107,398.5539132664311,1.0,0.0,1.0,0.0,0.21555000895956952,23333.40915167523,414.87323718701447,random_forest
2025-03-18 15:00:00,23.15143465887261,0.18165780588241115,2.320024220335658,25.472187394821315,398.9391386153951,0.0,0.0,1.0,0.0,0.21555000895956952,0.0,406.50814439116857,random_forest
2025-03-18 15:05:00,22.76528411037909,0.1859871911906891,2.2544599987383958,25.083471372547613,399.31744435374077,0.0,0.0,1.0,0.0,0.21555000895956952,0.0,398.31171703625967,random_forest
2025-03-18 15:10:00,22.386919518852125,0.19034224840330144,2.1915016663478006,24.702587810368716,399.6889547749789,1.0,0.0,1.0,0.0,0.21555000895956952,23333.40915167523,409.81755080589437,random_forest
2025-03-18 15:15:00,22.918053378266823,0.18429057804690074,2.280155445622011,25.235068581600768,400.05379193999823,0.0,0.0,1.0,0.0,0.21555000895956952,0.0,380.3284067038105,random_forest
2025-03-18 15:20:00,22.556771507576865,0.1884814125390826,2.21931253745316,24.865831163897298,400.4120757171685,0.0,0.0,1.0,0.0,0.21555000895956952,0.0,393.88583079028933,random_forest
2025-03-18 15:25:00,22.18261115752706,0.19268633563293205,2.158173929302621,24.50077591153391,400.7639238217238,0.0,0.0,1.0,0.0,0.21555000895956952,0.0,385.94390725752504,random_forest
2025-03-18 15:30:00,21.815995005965238,0.1968537374130766,2.0995894778396296,24.14693033699979,401.1094518544383,1.0,0.0,1.0,0.0,0.21555000895956952,23333.40915167523,397.69911328645986,random_forest
2025-03-18 15:35:00,22.35864042144488,0.19033042783210408,2.1877704145173467,24.6983004966502,401.4487733396072,0.0,0.0,1.0,0.0,0.21555000895956952,0.0,389.6803025045843,random_forest
2025-03-18 15:40:00,21.98847499025866,0.1944883424592403,2.1280438303315847,24.340536999956708,401.78199976234544,1.0,0.0,1.0,0.0,0.21555000895956952,23333.40915167523,401.3601715626999,random_forest
2025-03-18 15:45:00,22.527642690270742,0.18804298280094447,2.21658917813489,24.891893711123846,402.1092406052164,0.0,0.0,1.0,0.0,0.21555000895956952,0.0,393.26754283002225,random_forest
2025-03-18 15:50:00,22.154069664825073,0.19213640775616891,2.1558952772145297,24.534136355298376,402.43060338420304,0.0,0.0,1.0,0.0,0.21555000895956952,0.0,385.3380858429365,random_forest
2025-03-18 15:55:00,21.78802899563614,0.19624540992442507,2.0975958659036005,24.183643287445953,402.74619368403216,1.0,0.0,1.0,0.0,0.21555000895956952,23333.40915167523,397.1055070544777,random_forest
2025-03-18 16:00:00,22.33123829003243,0.18953362211443228,2.186278683337469,24.749827059461346,403.056115192865,0.0,0.0,1.0,0.0,0.21555000895956952,0.0,389.0986651603722,random_forest
2025-03-18 16:05:00,21.961625368267217,0.1936325633350275,2.1268206741776217,24.395107669236307,403.360469736364,1.0,0.0,1.0,0.0,0.21555000895956952,23333.40915167523,400.7902617774668,random_forest
2025-03-18 16:10:00,22.501334437447905,0.1871739312331588,2.2154204901028143,24.949456957894224,403.65935731114814,0.0,0.0,1.0,0.0,0.21555000895956952,0.0,392.70912414089133,random_forest
2025-03-18 16:15:00,22.12829186553945,0.19126322847401542,2.154840940993306,24.5908053657532,403.95287611764707,0.0,0.0,1.0,0.0,0.21555000895956952,0.0,363.56493739882916,random_forest
2025-03-18 16:20:00,21.78293396330151,0.19530784675500032,2.0993895431946514,24.247199915281385,404.2411225923651,1.0,0.0,1.0,0.0,0.21555000895956952,23333.40915167523,375.7713707973884,random_forest
2025-03-18 16:25:00,22.346408997833585,0.18869325214016097,2.1905649128562557,24.81239611983119,404.5241914395658,0.0,0.0,1.0,0.0,0.21555000895956952,0.0,368.1946892836434,random_forest
2025-03-18 16:30:00,21.99665319790435,0.19266996894467042,2.133911166685647,24.4684702411092,404.8021756623873,0.0,0.0,1.0,0.0,0.21555000895956952,0.0,381.9967656231007,random_forest
2025-03-18 16:35:00,21.633786518347325,0.1969965947740191,2.075983122582298,24.104801226338946,405.0751665933988,1.0,0.0,1.0,0.0,0.21555000895956952,23333.40915167523,393.83155790415003,random_forest
2025-03-18 16:40:00,22.180105805194156,0.19074290776359457,2.1630393929293916,24.636830754491918,405.34325392460823,0.0,0.0,1.0,0.0,0.21555000895956952,0.0,385.8907286760749,random_forest
2025-03-18 16:45:00,21.813540169073857,0.1951815169514888,2.10364578257785,24.2613696722986,405.6065257369306,1.0,0.0,1.0,0.0,0.21555000895956952,23333.40915167523,397.64700694522367,random_forest
2025-03-18 16:50:00,22.356235081451718,0.1890117873614466,2.1910131000599566,24.79148297616408,405.8650685291276,0.0,0.0,1.0,0.0,0.21555000895956952,0.0,389.629246783973,random_forest
2025-03-18 16:55:00,21.986118149157317,0.19344037900290995,2.130506300887491,24.41286844128133,406.1189672462267,0.0,0.0,1.0,0.0,0.21555000895956952,0.0,381.7731487926381,random_forest
2025-03-18 17:00:00,21.623463887882497,0.19794940625800295,2.0722119389733358,24.03802806116584,406.3683053074304,1.0,0.0,1.0,0.0,0.21555000895956952,23333.40915167523,393.6124498618421,random_forest
2025-03-18 17:05:00,22.16999131001981,0.19162924426708908,2.1593405409803283,24.572597754562477,406.6131646335235,0.0,0.0,1.0,0.0,0.21555000895956952,0.0,385.67603851118577,random_forest
2025-03-18 17:10:00,21.803629612556268,0.19612765667705007,2.0999020587188526,24.19450226250209,406.8536256737889,1.0,0.0,1.0,0.0,0.21555000895956952,23333.40915167523,397.43664558005133,random_forest
2025-03-18 17:15:00,22.346524351573922,0.1900182954675501,2.1870025711491623,24.718211919960236,407.0897674324389,0.0,0.0,1.0,0.0,0.21555000895956952,0.0,410.64911609289493,random_forest
2025-03-18 17:20:00,21.956440207859785,0.1946513966658039,2.1234620658394676,24.32351890354174,407.3216674945729,1.0,0.0,1.0,0.0,0.21555000895956952,23333.40915167523,421.90619077489146,random_forest
2025-03-18 17:25:00,22.476090816522987,0.18875626374491988,2.207721125751622,24.83150511403116,407.5494020516677,0.0,0.0,1.0,0.0,0.21555000895956952,0.0,413.3992924728857,random_forest
2025-03-18 17:30:00,22.083394223016047,0.19353417624938873,2.142922792737928,24.423796444799375,407.7730459266106,0.0,0.0,1.0,0.0,0.21555000895956952,0.0,405.0639188375073,random_forest
2025-03-18 17:35:00,21.69861557443988,0.1982423411137464,2.080990041099808,24.031415501189052,407.9926725982829,1.0,0.0,1.0,0.0,0.21555000895956952,23333.40915167523,416.4336079017696,random_forest
2025-03-18 17:40:00,22.223464703495086,0.19210558977798706,2.1651024158078958,24.548802585886403,408.2083542257013,0.0,0.0,1.0,0.0,0.21555000895956952,0.0,408.0370533372318,random_forest
2025-03-18 17:45:00,21.83586181256694,0.19690786138791622,2.1019951086375217,24.1467564388502,408.4201616717262,1.0,0.0,1.0,0.0,0.21555000895956952,23333.40915167523,419.3467950639571,random_forest
2025-03-18 17:50:00,22.357943644493997,0.19094598867298468,2.1860145542463965,24.654667778023867,408.62816452634365,0.0,0.0,1.0,0.0,0.21555000895956952,0.0,410.89150188058574,random_forest
2025-03-18 17:55:00,21.967629253474474,0.19573894160931482,2.12204162827938,24.250450258086506,408.83243112952977,1.0,0.0,1.0,0.0,0.21555000895956952,23333.40915167523,422.1436893357749,random_forest
2025-03-18 18:00:00,22.48705425731077,0.18984170839575443,2.2062354856317725,24.75623421353724,409.03302859370365,0.0,0.0,1.0,0.0,0.21555000895956952,0.0,413.63200234815974,random_forest
2025-03-18 18:05:00,22.09413660784907,0.19462566141255203,2.1414231864486486,24.349932426281963,409.23002282577755,0.0,0.0,1.0,0.0,0.21555000895956952,0.0,405.2919365814827,random_forest
2025-03-18 18:10:00,21.709141360471335,0.19944433709608006,2.079206737205345,23.951804892355625,409.4234785488107,1.0,0.0,1.0,0.0,0.21555000895956952,23333.40915167523,416.6570281219317,random_forest
2025-03-18 18:15:00,22.23377825800855,0.19335104540147655,2.163121609148413,24.463556403146015,409.6134593232744,0.0,0.0,1.0,0.0,0.21555000895956952,0.0,408.2559687334944,random_forest
2025-03-18 18:20:00,21.845967414788408,0.19815997076258318,2.1000125184516594,24.06310222682952,409.800027567935,1.0,0.0,1.0,0.0,0.21555000895956952,23333.40915167523,419.5612964671248,random_forest
2025-03-18 18:25:00,22.367845487367394,0.19218808744417865,2.183972456016707,24.569040838552162,409.98324458036154,0.0,0.0,1.0,0.0,0.21555000895956952,0.0,411.1016782900409,random_forest
2025-03-18 18:30:00,21.97733144540136,0.19703941859320986,2.1198637846880866,24.162889860999737,410.1631705570656,0.0,0.0,0.0,0.0,0.21555000895956952,0.0,403.0031663807877,random_forest
2025-03-18 18:35:00,21.60348683996047,0.2024382421211342,2.0580994468143894,23.732262089969694,300.0,0.0,0.0,0.0,0.0,0.21555000895956952,0.0,416.2145444495128,random_forest
2025-03-18 18:40:00,21.213352266692727,0.20768190112833548,1.9963075653973414,23.31938053775287,300.0,0.0,0.0,0.0,0.0,0.21555000895956952,0.0,407.8224068633241,random_forest
2025-03-18 18:45:00,20.825953272918365,0.2127770610815968,1.9368374361650695,22.925960728883787,302.1555000895957,0.0,0.0,0.0,0.0,0.21555000895956952,0.0,399.59948002242226,random_forest
2025-03-18 18:50:00,20.44636540852394,0.2178532670708849,1.8798769658217283,22.543729833824997,304.27228200722266,0.0,0.0,0.0,0.0,0.21555000895956952,0.0,391.54235212903507,random_forest
2025-03-18 18:55:00,20.074431177637823,0.22301352942784738,1.8250555850377275,22.165933726403,306.3510412280738,0.0,0.0,0.0,0.0,0.21555000895956952,0.0,383.6476801774993,random_forest
2025-03-18 19:00:00,19.709996259979068,0.22820318071275034,1.772393940900512,21.79574441813339,308.39246073486834,0.0,0.0,0.0,0.0,0.21555000895956952,0.0,375.912188567205,random_forest
2025-03-18 19:05:00,19.352909446827926,0.23342000710898064,1.7217896040116765,21.433008689836477,310.39721124224786,0.0,0.0,0.0,0.0,0.21555000895956952,0.0,368.3326677435065,random_forest
2025-03-18 19:10:00,19.00302257828742,0.23860412006627615,1.6732725096261114,21.080839548572854,312.3659514171418,0.0,0.0,0.0,0.0,0.21555000895956952,0.0,360.9059728660372,random_forest
2025-03-18 19:15:00,18.660190481809906,0.24380954234966162,1.6266220983385706,20.735766507006506,314.29932809517425,0.0,0.0,0.0,0.0,0.21555000895956952,0.0,353.629022503875,random_forest
2025-03-18 19:20:00,18.32427091196311,0.24909427681880805,1.581625081060031,20.394384376964553,316.19797649318406,0.0,0.0,0.0,0.0,0.21555000895956952,0.0,346.49879735701705,random_forest
2025-03-18 19:25:00,17.995124491410696,0.254397395875523,1.5383285895154968,20.0598754206373,318.06252041792703,1.0,0.0,0.0,0.0,0.21555000895956952,23333.40915167523,359.0493354900359,random_forest
2025-03-18 19:30:00,18.574484135377922,0.2453932525056655,1.6145338003688077,20.635046382812018,319.8935724710297,0.0,0.0,0.0,0.0,0.21555000895956952,0.0,351.80982052390885,random_forest
2025-03-18 19:35:00,18.240292663361583,0.25068354820355854,1.5699844519076023,20.295667181766138,321.6917342502614,0.0,0.0,0.0,0.0,0.21555000895956952,0.0,344.7162759628607,random_forest
2025-03-18 19:40:00,17.912839496987594,0.2559915835354158,1.5271154165948935,19.963121187242294,323.45759654719103,1.0,0.0,0.0,0.0,0.21555000895956952,23333.40915167523,357.3027550907092,random_forest
2025-03-18 19:45:00,18.493858254034087,0.24691439405137744,1.6031657267795518,20.539140250076304,325.19173954129366,0.0,0.0,0.0,0.0,0.21555000895956952,0.0,350.0984564408113,random_forest
2025-03-18 19:50:00,18.161292442385143,0.25214904346287603,1.5591623827357366,20.20492197967612,326.89473299056993,0.0,0.0,0.0,0.0,0.21555000895956952,0.0,343.0394181290928,random_forest
2025-03-18 19:55:00,17.835432158174005,0.25733736138917057,1.5169449510978246,19.880695276193276,328.5671364187421,1.0,0.0,0.0,0.0,0.21555000895956952,23333.40915167523,355.6597077564567,random_forest
2025-03-18 20:00:00,18.41801168008604,0.2480613530069412,1.5931357836593136,20.464879205881847,330.20949929908704,0.0,0.0,0.0,0.0,0.21555000895956952,0.0,348.4885378846699,random_forest
2025-03-18 20:05:00,18.08697516358668,0.2532385742363599,1.549640068273297,20.135418442202297,331.82236123496756,0.0,0.0,0.0,0.0,0.21555000895956952,0.0,341.46196037521275,random_forest
2025-03-18 20:10:00,17.76261333933333,0.2584296446266957,1.5077838311895952,19.81260422471511,333.4062521371206,1.0,0.0,0.0,0.0,0.21555000895956952,23333.40915167523,354.1140562973915,random_forest
2025-03-18 20:15:00,18.346661107741614,0.2490876870609091,1.5838612623394184,20.39817195380287,334.9616923977611,0.0,0.0,0.0,0.0,0.21555000895956952,0.0,346.9740514098124,random_forest
2025-03-18 20:20:00,18.01706323347125,0.254267842660753,1.5407195609341318,20.07006688530947,336.4891930615585,0.0,0.0,0.0,0.0,0.21555000895956952,0.0,339.9780105047073,random_forest
2025-03-18 20:25:00,17.694111044090757,0.2594614257686125,1.4992011211997505,19.748580829355625,337.98925599354203,1.0,0.0,0.0,0.0,0.21555000895956952,23333.40915167523,352.6600273214112,random_forest
2025-03-18 20:30:00,18.27954002489133,0.2500570550918018,1.575171393332742,20.33544974530107,339.46237404398977,0.0,0.0,0.0,0.0,0.21555000895956952,0.0,345.54934003309285,random_forest
2025-03-18 20:35:00,17.951295513615424,0.25536310601641315,1.5321073680910824,20.002102616713465,340.9090312103565,1.0,0.0,0.0,0.0,0.21555000895956952,23333.40915167523,358.1190220826347,random_forest
2025-03-18 20:40:00,18.531538881654345,0.24632303955143486,1.6082149622656332,20.57733668358733,342.3297027962922,0.0,0.0,0.0,0.0,0.21555000895956952,0.0,350.8982650340704,random_forest
2025-03-18 20:45:00,18.198213315173334,0.25161643002019546,1.5638938845012942,20.239093395659282,343.72485556780487,0.0,0.0,0.0,0.0,0.21555000895956952,0.0,343.8231001745251,random_forest
2025-03-18 20:50:00,17.871608595073607,0.25698909897314526,1.5211162203984814,19.904406612673817,345.09494790661756,1.0,0.0,0.0,0.0,0.21555000895956952,23333.40915167523,356.42758841379066,random_forest
2025-03-18 20:55:00,18.453458691164542,0.24791452328281685,1.596990040582921,20.478323983945497,346.4404299607714,0.0,0.0,0.0,0.0,0.21555000895956952,0.0,349.240935757435,random_forest
2025-03-18 21:00:00,18.121707456263444,0.25327406650300494,1.5529512397538503,20.138786527096386,347.76174379252285,0.0,0.0,0.0,0.0,0.21555000895956952,0.0,342.199187642933,random_forest
2025-03-18 21:05:00,17.79664532448189,0.2587139419552757,1.5104398544322235,19.802833349709292,349.05932352358496,1.0,0.0,0.0,0.0,0.21555000895956952,23333.40915167523,354.8364188451121,random_forest
2025-03-18 21:10:00,18.380006905668925,0.24960032013291925,1.5860924755866246,20.375507073979655,350.33359547775905,0.0,0.0,0.0,0.0,0.21555000895956952,0.0,347.68184895501577,random_forest
2025-03-18 21:15:00,18.0497366797764,0.2550265878159924,1.5423162892061457,20.034748250083325,351.5849783210049,0.0,0.0,0.0,0.0,0.21555000895956952,0.0,340.6715367216697,random_forest
2025-03-18 21:20:00,17.726125695405525,0.2604717088425353,1.5001793581315894,19.70084407800341,352.8138831989946,1.0,0.0,0.0,0.0,0.21555000895956952,23333.40915167523,353.33956996305176,random_forest
2025-03-18 21:25:00,18.310909164505006,0.2512577141593364,1.5757471866177597,20.27552600036081,354.02071387219587,0.0,0.0,0.0,0.0,0.21555000895956952,0.0,346.215181050366,random_forest
2025-03-18 21:30:00,17.982032156986218,0.25668942930667404,1.5323376528435357,19.936735395211848,355.20586684852873,0.0,0.0,0.0,0.0,0.21555000895956952,0.0,339.2344412551128,random_forest
2025-03-18 21:35:00,17.659786299514533,0.2621393380420664,1.4905512832992236,19.604760273070486,356.36973151363935,1.0,0.0,0.0,0.0,0.21555000895956952,23333.40915167523,351.93145066525364,random_forest
2025-03-18 21:40:00,18.245907370447313,0.2528903746940043,1.5659123114629652,20.17810003044258,357.5126902588339,0.0,0.1,0.0,0.0,0.6816051610185342,0.0,1088.412642931613,random_forest
2025-03-18 21:45:00,17.888929788031234,0.25938658186634617,1.51786170508292,19.781499822433325,361.0619963269791,1.0,0.0,0.0,0.0,0.21555000895956952,23333.40915167523,356.7952478676783,random_forest
2025-03-18 21:50:00,18.470430636753484,0.2503054287836919,1.5936066538987794,20.35120205107496,362.1206702619607,0.0,0.0,0.0,0.0,0.21555000895956952,0.0,349.6011820904622,random_forest
2025-03-18 21:55:00,18.138337196361523,0.2557929666610304,1.5493301933999215,20.007530783206317,363.16032776559473,0.0,0.0,0.0,0.0,0.21555000895956952,0.0,342.55217032592196,random_forest
2025-03-18 22:00:00,17.812939758981482,0.26123844417308917,1.5068412763181722,19.67398915667412,364.18131042054347,1.0,0.0,0.0,0.0,0.21555000895956952,23333.40915167523,355.18228433510376,random_forest
2025-03-18 22:05:00,18.395972795339816,0.25199182320298014,1.5826207377337662,20.249028515572846,365.1839536737904,0.0,0.0,0.0,0.0,0.21555000895956952,0.0,348.0207407560361,random_forest
2025-03-18 22:10:00,18.065380649070914,0.2574240926217791,1.5388649500150087,19.910590345117,366.1685869468523,0.0,0.0,0.0,0.0,0.21555000895956952,0.0,341.003595444272,random_forest
2025-03-18 22:15:00,17.74145423520709,0.2628743660734498,1.4967502584693961,19.578962759024726,367.1355337440117,1.0,0.0,0.0,0.0,0.21555000895956952,23333.40915167523,353.6649333826571,random_forest
2025-03-18 22:20:00,18.32592863482131,0.253533545972307,1.572438160943294,20.155878092915984,368.08511175860514,0.0,0.0,0.0,0.0,0.21555000895956952,0.0,367.7599733204338,random_forest
2025-03-18 22:25:00,17.976585780634856,0.2589667064078075,1.5271199200760623,19.8164839713123,369.01763297740246,0.0,0.0,0.0,0.0,0.21555000895956952,0.0,360.3448256857443,random_forest
2025-03-18 22:30:00,17.634286729545103,0.2644180886768114,1.4835609272097214,19.483961254638558,369.93340378311086,1.0,0.0,0.0,0.0,0.21555000895956952,23333.40915167523,372.6161862256047,random_forest
2025-03-18 22:35:00,18.200758939582276,0.254979131351728,1.5571156765368208,20.060040281444465,370.832725055038,0.0,0.0,0.0,0.0,0.21555000895956952,0.0,365.10312272662964,random_forest
2025-03-18 22:40:00,17.853939883081598,0.26047492748207024,1.5122971516077492,19.719665777119147,371.7158922679467,1.0,0.0,0.0,0.0,0.21555000895956952,23333.40915167523,377.2785416806526,random_forest
2025-03-18 22:45:00,18.415983224617413,0.25132267955181115,1.5860243648196772,20.28804055664108,372.5831955891341,0.0,0.0,0.0,0.0,0.21555000895956952,0.0,369.6714710668944,random_forest
2025-03-18 22:50:00,18.064824598930628,0.25686142920588656,1.5399771632134946,19.940104737888667,373.43491997376714,0.0,0.0,0.0,0.0,0.21555000895956952,0.0,362.21778188602906,random_forest
2025-03-18 22:55:00,17.720746387757558,0.2624221771542694,1.4957156460362508,19.599192105636426,374.2713452585053,1.0,0.0,0.0,0.0,0.21555000895956952,23333.40915167523,374.4513779932542,random_forest
2025-03-18 23:00:00,18.285475310932103,0.2532098343815251,1.5691334947419926,20.167030384402658,375.0927462534418,0.0,0.0,0.0,0.0,0.21555000895956952,0.0,366.90131150623716,random_forest
2025-03-18 23:05:00,17.936948117477417,0.25875639055679167,1.523749836598864,19.821557310662076,375.8993928323935,1.0,0.0,0.0,0.0,0.21555000895956952,23333.40915167523,379.0404735637975,random_forest
2025-03-18 23:10:00,18.497317763239923,0.2498133271868751,1.5973405510740564,20.381927523059726,376.6915500215685,0.0,0.0,0.0,0.0,0.21555000895956952,0.0,392.62386625770944,random_forest
2025-03-18 23:15:00,18.12435617956948,0.2554049092954943,1.5487774263278224,20.025957293132905,377.4694780866415,0.0,0.0,0.0,0.0,0.21555000895956952,0.0,384.7073877271142,random_forest
2025-03-18 23:20:00,17.75891462364979,0.2610213237304565,1.5021643177864,19.67722029619435,378.2334326182648,1.0,0.0,0.0,0.0,0.21555000895956952,23333.40915167523,396.48752571041155,random_forest
2025-03-18 23:25:00,18.30271095138911,0.251943465360849,1.5734946745499567,20.237438925749387,378.9836646160434,0.0,0.1,0.0,0.0,0.7893527582412685,0.0,1419.441154635696,random_forest
2025-03-18 23:30:00,17.892877976265684,0.25718878053616856,1.522744305089093,19.89710277766818,381.68169440506637,1.0,0.0,0.0,0.0,0.21555000895956952,23333.40915167523,399.3310303803386,random_forest
2025-03-18 23:35:00,18.433973199726807,0.24826995311993577,1.5942876773250463,20.455978060764682,382.36998699792497,0.0,0.0,0.0,0.0,0.21555000895956952,0.0,391.2793152394882,random_forest
2025-03-18 23:40:00,18.062288833057618,0.25379998928493286,1.5460748713795174,20.10177456388638,383.04591613457046,0.0,0.0,0.0,0.0,0.21555000895956952,0.0,383.3899469031114,random_forest
2025-03-18 23:45:00,17.698098741601346,0.2593539250420703,1.4997956375555765,19.75477085570295,383.7097038935943,1.0,0.0,0.0,0.0,0.21555000895956952,23333.40915167523,395.1966484575384,random_forest
2025-03-18 23:50:00,18.243121300514904,0.25024921264268474,1.5711733593783306,20.319514300506256,384.36156836450107,0.0,0.0,0.0,0.0,0.21555000895956952,0.0,387.2282948964134,random_forest
2025-03-18 23:55:00,17.87528508239826,0.25573395511836566,1.5240383923236653,19.971069578791827,385.0017237193625,1.0,0.0,0.0,0.0,0.21555000895956952,23333.40915167523,398.9576038058859,random_forest
2025-03-19 00:00:00,18.416735031535946,0.24678335553793904,1.59571580970732,20.534418737732217,385.6303802831842,0.0,0.0,0.0,0.0,0.21555000895956952,0.0,390.9134180683996,random_forest
2025-03-19 00:05:00,18.045398238206328,0.2521464819623194,1.5478568445986989,20.18745498096058,386.2477446030089,0.0,0.0,0.0,0.0,0.21555000895956952,0.0,383.03142731995945,random_forest
2025-03-19 00:10:00,17.681548711965267,0.2575296191906778,1.501922345481702,19.847578677064206,386.85401951577785,1.0,0.0,0.0,0.0,0.21555000895956952,23333.40915167523,394.84535770795145,random_forest
2025-03-19 00:15:00,18.226904969274553,0.24841123544309346,1.573422900267149,20.416514295171716,387.4494042149735,0.0,0.0,0.0,0.0,0.21555000895956952,0.0,386.88408722535553,random_forest
2025-03-19 00:20:00,17.859395721189898,0.2537793492372929,1.5265134644884526,20.072196429902498,388.03409431606536,1.0,0.0,0.0,0.0,0.21555000895956952,23333.40915167523,398.6203363971814,random_forest
2025-03-19 00:25:00,18.40116604765989,0.24487428353761417,1.5982000234029858,20.636775975836375,388.60828192077975,0.0,0.0,0.0,0.0,0.21555000895956952,0.0,390.58295098547643,random_forest
2025-03-19 00:30:00,18.030143171891556,0.25022725370275173,1.550341847393675,20.288185902072733,389.1721556802158,0.0,0.0,0.0,0.0,0.21555000895956952,0.0,382.70762344778797,random_forest
2025-03-19 00:35:00,17.666601233689182,0.255600953837843,1.5044056437568976,19.946706025784824,389.7259008568269,1.0,0.0,0.0,0.0,0.21555000895956952,23333.40915167523,394.5280826961536,random_forest
2025-03-19 00:40:00,18.212258877136776,0.2465792278565138,1.57580886197684,20.514060600138922,390.26969938528975,0.0,0.0,0.0,0.0,0.21555000895956952,0.0,386.57320943246117,random_forest
2025-03-19 00:45:00,17.845044938339022,0.2519379899329782,1.5288985176864283,20.1681840022923,390.80372993227905,1.0,0.0,0.0,0.0,0.21555000895956952,23333.40915167523,398.31572683600854,random_forest
2025-03-19 00:50:00,18.38710461977212,0.2431247658149956,1.6004915610190928,20.73122690802066,391.3281679551693,0.0,0.0,0.0,0.0,0.21555000895956952,0.0,390.2844832696127,random_forest
2025-03-19 00:55:00,18.016365264700184,0.24846849109916377,1.5526331795856076,20.38112206642993,391.84318575968183,0.0,0.0,0.0,0.0,0.21555000895956952,0.0,382.41517373915144,random_forest
2025-03-19 01:00:00,17.653101130563865,0.25383360524323234,1.5066945385294668,20.038149073658317,392.3489525564963,1.0,0.0,0.0,0.0,0.21555000895956952,23333.40915167523,394.24152965361066,random_forest
2025-03-19 01:05:00,18.199030976711644,0.24490055239317196,1.5780090218641762,20.604031960938283,392.84563451684534,0.0,0.0,0.0,0.0,0.21555000895956952,0.0,386.2924341614806,random_forest
2025-03-19 01:10:00,17.832083752188595,0.25030452558768806,1.5309872823032988,20.253815213289748,393.3333948271108,1.0,0.0,0.0,0.0,0.21555000895956952,23333.40915167523,398.04061283933055,random_forest
2025-03-19 01:15:00,18.37440477013409,0.24162473698377887,1.6023873308482939,20.812584122378972,393.8123937424389,0.0,0.0,0.0,0.0,0.21555000895956952,0.0,390.0149163989129,random_forest
2025-03-19 01:20:00,18.003921482244106,0.24701371905493402,1.5544221283376485,20.458270617357254,394.28278863939283,0.0,0.0,0.0,0.0,0.21555000895956952,0.0,382.1510421476791,random_forest
2025-03-19 01:25:00,17.640908252204863,0.2524805095908557,1.5082668574069076,20.108255123962753,394.744734067659,1.0,0.0,0.0,0.0,0.21555000895956952,23333.40915167523,393.982723749782,random_forest
2025-03-19 01:30:00,18.18708394346816,0.2437202488163641,1.5792906688743014,20.667205906964533,395.198381800825,0.0,0.0,0.0,0.0,0.21555000895956952,0.0,386.038846563408,random_forest
2025-03-19 01:35:00,17.820377607083365,0.2491720401226508,1.5321703276329552,20.313055649988712,395.64388088624537,1.0,0.0,0.0,0.0,0.21555000895956952,23333.40915167523,397.79213833026836,random_forest
2025-03-19 01:40:00,18.362934656137423,0.24065244465548377,1.6032883730499277,20.865048351950833,396.0813776940112,0.0,0.0,0.0,0.0,0.21555000895956952,0.0,389.77145188360157,random_forest
2025-03-19 01:45:00,17.99268264025865,0.24614270743345612,1.5551208900084,20.50406820730954,396.51101596504094,0.0,0.0,0.0,0.0,0.21555000895956952,0.0,381.9124866095697,random_forest
2025-03-19 01:50:00,17.62989601909098,0.2516597284277189,1.508874864833973,20.150392421665988,396.9329368583065,1.0,0.0,0.0,0.0,0.21555000895956952,23333.40915167523,393.7489782091234,random_forest
2025-03-19 01:55:00,18.17629375010915,0.24299278775881314,1.57973920412573,20.705742655738117,397.34727899721173,0.0,0.0,0.0,0.0,0.21555000895956952,0.0,385.80981403617847,random_forest
2025-03-19 02:00:00,17.80980497648966,0.24849474185829723,1.5325318872215616,20.348050713782065,397.75417851513754,1.0,0.0,0.0,0.0,0.21555000895956952,23333.40915167523,397.5677237879359,random_forest
2025-03-19 02:05:00,18.352575201589037,0.2399564911923312,1.6037158237386895,20.90237828843189,398.1537691001688,0.0,0.0,0.0,0.0,0.21555000895956952,0.0,389.5515622136954,random_forest
2025-03-19 02:10:00,17.982532063485074,0.24544318401396717,1.555570731169106,20.540777717340287,398.5461820390181,0.0,0.0,0.0,0.0,0.21555000895956952,0.0,381.6970305770466,random_forest
2025-03-19 02:15:00,17.61995010848777,0.25095689337382937,1.5093450538168998,20.186491250086792,398.9315462601603,1.0,0.0,0.0,0.0,0.21555000895956952,23333.40915167523,393.5378664185131,random_forest
2025-03-19 02:20:00,18.16654837899048,0.24227223608353787,1.5802755821619696,20.744159322921895,399.3099883761925,0.0,0.0,0.0,0.0,0.21555000895956952,0.0,385.60295889449236,random_forest
2025-03-19 02:25:00,17.800256101376107,0.24771681072880247,1.5331961252320112,20.388745866451572,399.68163272543296,1.0,0.0,0.0,0.0,0.21555000895956952,23333.40915167523,397.3650394683236,random_forest
2025-03-19 02:30:00,18.34321886052989,0.23926914693895968,1.604224709340603,20.93947656880308,400.0466014127727,0.0,0.0,0.0,0.0,0.21555000895956952,0.0,389.3529646198341,random_forest
2025-03-19 02:35:00,17.973364374414473,0.24475232979315137,1.5560976072180044,20.577254364486006,400.4050143497936,0.0,0.0,0.0,0.0,0.21555000895956952,0.0,381.5024373082484,random_forest
2025-03-19 02:40:00,17.61096726761398,0.25026278480295144,1.5098881171656244,20.22235618112539,400.75698929416563,1.0,0.0,0.0,0.0,0.21555000895956952,23333.40915167523,393.3471967355358,random_forest
2025-03-19 02:45:00,18.15774665921765,0.24171793350754409,1.5805577896662861,20.7735765732306,401.1026418883366,0.0,0.0,0.0,0.0,0.21555000895956952,0.0,385.41613368604004,random_forest
2025-03-19 02:50:00,17.79163185075786,0.2472674836498631,1.5332789114272714,20.411824258754546,401.44208569752675,1.0,0.0,0.0,0.0,0.21555000895956952,23333.40915167523,397.18198121822195,random_forest
2025-03-19 02:55:00,18.334768500754073,0.2388417984161035,1.6042755644217173,20.96217476120822,401.77543224704084,0.0,0.0,0.0,0.0,0.21555000895956952,0.0,389.17359737486817,random_forest
2025-03-19 03:00:00,17.96508439931847,0.24432281154912838,1.5561720320327437,20.599578272063336,402.1027910589104,0.0,0.0,0.0,0.0,0.21555000895956952,0.0,381.3266866466486,random_forest
2025-03-19 03:05:00,17.602854241729972,0.24977674875242073,1.5100940643403753,20.247243416409745,402.4242696878773,1.0,0.0,0.0,0.0,0.21555000895956952,23333.40915167523,393.1749897360995,random_forest
2025-03-19 03:10:00,18.14979721634718,0.24104530424062182,1.5811702734530058,20.809779248965096,402.7399737567314,0.0,0.0,0.0,0.0,0.21555000895956952,0.0,385.24739889787514,random_forest
2025-03-19 03:15:00,17.78384269257516,0.2463760464391913,1.5343418635793744,20.459153108281548,403.050006991013,1.0,0.0,0.0,0.0,0.21555000895956952,23333.40915167523,397.0166486311016,random_forest
2025-03-19 03:20:00,18.32713639543755,0.23783871906755366,1.605621062439814,21.01751494674995,403.3544712530923,0.0,0.0,0.0,0.0,0.21555000895956952,0.0,389.0115983901822,random_forest
2025-03-19 03:25:00,17.957606180209776,0.2432080340925337,1.557734879682116,20.659853237447237,403.6534665756367,0.0,0.0,0.0,0.0,0.21555000895956952,0.0,381.1679540489413,random_forest
2025-03-19 03:30:00,17.59552680602012,0.24849313536062276,1.511978863856629,20.31533043101347,403.9470911944766,1.0,0.0,0.0,0.0,0.21555000895956952,23333.40915167523,393.0194576651809,random_forest
2025-03-19 03:35:00,18.142617523789152,0.23972120592634916,1.583214801893466,20.882632479430583,404.23544158088146,0.0,0.0,0.0,0.0,0.21555000895956952,0.0,385.09500282149503,random_forest
2025-03-19 03:40:00,17.77680776422246,0.24493759079151323,1.5365895088691,20.536697261158913,404.5186124732552,1.0,0.0,0.0,0.0,0.21555000895956952,23333.40915167523,396.867325318174,random_forest
2025-03-19 03:45:00,18.320243312408213,0.2363685477682099,1.608022925522791,21.099675747134555,404.79669690826324,0.0,0.0,0.0,0.0,0.21555000895956952,0.0,388.86528588455,random_forest
2025-03-19 03:50:00,17.950852082475276,0.24157038851514798,1.5604426753644858,20.74950097145986,405.0697862513998,1.0,0.0,0.0,0.0,0.21555000895956952,23333.40915167523,400.56158813007244,random_forest
2025-03-19 03:55:00,18.49077837351384,0.23319238368503523,1.632062233047872,21.30832228770158,405.3379702270064,0.0,0.0,0.0,0.0,0.21555000895956952,0.0,392.4850612422967,random_forest
2025-03-19 04:00:00,18.117948643616995,0.2383796537737358,1.5835529184082477,20.954071143324256,405.6013369477509,0.0,0.0,0.0,0.0,0.21555000895956952,0.0,384.57138143847004,random_forest
2025-03-19 04:05:00,17.75263628290208,0.2435891941919831,1.536991602125192,20.607025853117126,405.8599729435774,1.0,0.0,0.0,0.0,0.21555000895956952,23333.40915167523,396.354261717783,random_forest
2025-03-19 04:10:00,18.296559200882108,0.23508608205167297,1.6083324838426087,21.168909186983946,406.1139631901358,0.0,0.0,0.0,0.0,0.21555000895956952,0.0,388.3625671901274,random_forest
2025-03-19 04:15:00,17.927645513901922,0.24028115868092204,1.5608150917757597,20.817654057810024,406.3633911367007,1.0,0.0,0.0,0.0,0.21555000895956952,23333.40915167523,400.06900575718635,random_forest
2025-03-19 04:20:00,18.468039719190404,0.23196591855255677,1.632345978670547,21.37540969595688,406.6083387335893,0.0,0.0,0.0,0.0,0.21555000895956952,0.0,392.00241081220537,random_forest
2025-03-19 04:25:00,18.095668468984268,0.23709367680442103,1.584008051914171,21.023094464962274,406.8488864590858,0.0,0.0,0.0,0.0,0.21555000895956952,0.0,384.0984626933219,random_forest
2025-03-19 04:30:00,17.730805343629953,0.2422426775990602,1.5376113953603492,20.677953001101212,407.0851133458835,1.0,0.0,0.0,0.0,0.21555000895956952,23333.40915167523,395.89087843752736,random_forest
2025-03-19 04:35:00,18.27516843903398,0.2337535151064518,1.6089738135259966,21.241708553805722,407.3170970070507,0.0,0.1,0.0,0.0,0.6737437483456309,0.0,1210.28160313349,random_forest
2025-03-19 04:40:00,17.874159197505115,0.23865298406316746,1.5589047411906065,20.900381177716383,408.0291825572485,1.0,0.0,0.0,0.0,0.21555000895956952,23333.40915167523,398.93370578535314,random_forest
2025-03-19 04:45:00,18.41563184786998,0.23041452711391902,1.6302810297654913,21.45691192961323,408.2442083745017,0.0,0.0,0.0,0.0,0.21555000895956952,0.0,390.8900019038688,random_forest
2025-03-19 04:50:00,18.044317298042497,0.23553361683138513,1.58213354096165,21.103412762480616,408.45537179035193,0.0,0.0,0.0,0.0,0.21555000895956952,0.0,383.00848329576365,random_forest
2025-03-19 04:55:00,17.680489566807637,0.2406745118328562,1.535915524927756,20.757100861685146,408.66274218318733,1.0,0.0,0.0,0.0,0.21555000895956952,23333.40915167523,394.82287630432097,random_forest
2025-03-19 05:00:00,18.22586717967022,0.23220727841742264,1.60724058615209,21.32272014254492,408.86638768518657,0.0,0.0,0.0,0.0,0.21555000895956952,0.0,386.8620591144678,random_forest
2025-03-19 05:05:00,17.85837885654665,0.237333700712238,1.560055808637803,20.972111648049726,409.0663752047041,1.0,0.0,0.0,0.0,0.21555000895956952,23333.40915167523,398.59875243929065,random_forest
2025-03-19 05:10:00,18.400169686067546,0.22910874511106089,1.6314654064803786,21.530497474750753,409.262770448253,0.0,0.0,0.0,0.0,0.21555000895956952,0.0,390.5618022251219,random_forest
2025-03-19 05:15:00,18.02916689994692,0.23427399087384196,1.583232027619028,21.172778699962986,409.455637942093,0.0,0.0,0.0,0.0,0.21555000895956952,0.0,382.68690111007777,random_forest
2025-03-19 05:20:00,17.665644646324505,0.2394087224260116,1.5370369135433752,20.82534650207472,409.64504105343093,1.0,0.0,0.0,0.0,0.21555000895956952,23333.40915167523,394.50777818312423,random_forest
2025-03-19 05:25:00,18.2113215774517,0.2310569207185567,1.6081797522319945,21.386841170903903,409.83104201124,0.0,0.0,0.0,0.0,0.21555000895956952,0.0,386.5533143195098,random_forest
2025-03-19 05:30:00,17.844126537435887,0.23617749532814133,1.5610197624844708,21.035195883621622,410.01370192670555,1.0,0.0,0.0,0.0,0.21555000895956952,23333.40915167523,398.2962328683977,random_forest
2025-03-19 05:35:00,18.386204736594618,0.22806165275442958,1.6322520078205314,21.589517459451184,410.1930808133032,0.0,0.0,0.0,0.0,0.21555000895956952,0.0,390.2653823590453,random_forest
2025-03-19 05:40:00,18.015483525875243,0.23325701205205918,1.583971664633624,21.228789507105276,410.3692376065164,0.0,0.0,0.0,0.0,0.21555000895956952,0.0,382.3964579604148,random_forest
2025-03-19 05:45:00,17.652237170246746,0.23849546081151288,1.5375822936053138,20.874358085099065,410.54223018319993,1.0,0.0,0.0,0.0,0.21555000895956952,23333.40915167523,415.44918039729333,random_forest
2025-03-19 05:50:00,18.17802142748093,0.2303528827521866,1.606290668756289,21.42230194482642,410.71211538059566,0.0,0.0,0.0,0.0,0.21555000895956952,0.0,407.072474853342,random_forest
2025-03-19 05:55:00,17.79133480973392,0.23563820056232923,1.556938060380155,21.057408599588836,410.87894901500636,1.0,0.0,0.0,0.0,0.21555000895956952,23333.40915167523,418.40166538467406,random_forest
2025-03-19 06:00:00,18.31431444001776,0.227653658340617,1.6257697190150067,21.60182071813466,411.04278590013433,0.0,0.1,0.0,0.0,0.6584833590394067,0.0,1250.203521008372,random_forest
2025-03-19 06:05:00,17.89164829933021,0.2326539533496794,1.5729183655655488,21.243635900632817,411.53430060247723,1.0,0.0,0.0,0.0,0.21555000895956952,23333.40915167523,420.5309184270459,random_forest
2025-03-19 06:10:00,18.412605307825192,0.22482859147541281,1.6418027718452866,21.78459816099356,411.686365734226,0.0,0.0,0.0,0.0,0.21555000895956952,0.0,412.05174975370284,random_forest
2025-03-19 06:15:00,18.021188773198524,0.23008143255097524,1.5911024833691887,21.41285340589678,411.8356993959322,0.0,0.0,0.0,0.0,0.21555000895956952,0.0,403.74354663423617,random_forest
2025-03-19 06:20:00,17.637664373663966,0.23536334246459256,1.542488567813384,21.048672452146196,411.98235065162845,1.0,0.0,0.0,0.0,0.21555000895956952,23333.40915167523,415.13985837505464,random_forest
2025-03-19 06:25:00,18.163742462326127,0.22737551518189084,1.6110594875598752,21.593770726037754,412.1263676840348,0.0,0.0,0.0,0.0,0.21555000895956952,0.0,406.7693896938071,random_forest
2025-03-19 06:30:00,17.777343751481375,0.23264221861523562,1.5616639209552188,21.226073948039723,412.267797810389,1.0,0.0,0.0,0.0,0.21555000895956952,23333.40915167523,418.1046913339244,random_forest
2025-03-19 06:35:00,18.300605483598023,0.22480512485759166,1.6303633088032272,21.76772430416617,412.406687497993,0.0,0.1,0.0,0.0,0.6584833590394067,0.0,1249.558675804857,random_forest
2025-03-19 06:40:00,17.88190413481011,0.23020661923154012,1.5769676551147382,21.383220557882634,300.0,1.0,0.0,0.0,0.0,0.21555000895956952,23333.40915167523,420.466990079697,random_forest
2025-03-19 06:45:00,18.40965423878202,0.2227669401967872,1.645864890539952,21.90706279561967,300.0,1.0,0.0,1.0,0.0,0.21555000895956952,23333.40915167523,431.5261068805962,random_forest
2025-03-19 06:50:00,18.920166688882023,0.2155206567937,1.7151106849181528,22.432750562809005,302.1555000895957,1.0,0.0,1.0,0.0,0.21555000895956952,23333.40915167523,442.3622386104244,random_forest
2025-03-19 06:55:00,19.420385671879938,0.2086365514907958,1.784930206374559,22.95028558592466,304.27228200722266,1.0,0.0,1.0,0.0,0.21555000895956952,23333.40915167523,452.97988131916594,random_forest
2025-03-19 07:00:00,19.910518735045102,0.20212743550317339,1.855194442486826,23.45744305813719,306.3510412280738,1.0,0.0,1.0,0.0,0.21555000895956952,23333.40915167523,463.38344040290923,random_forest
2025-03-19 07:05:00,20.390769240869407,0.19592513396133215,1.9259629584909326,23.9573275818295,308.39246073486834,1.0,0.0,1.0,0.0,0.21555000895956952,23333.40915167523,473.5772324317018,random_forest
2025-03-19 07:10:00,20.861336451444995,0.19005187526963566,1.9970900028193472,24.447201098563735,310.39721124224786,1.0,0.0,1.0,0.0,0.21555000895956952,23333.40915167523,483.56548694055084,random_forest
2025-03-19 07:15:00,21.322415611140666,0.18448575759148056,2.0685342035115224,24.92726391655491,312.3659514171418,1.0,0.0,1.0,0.0,0.21555000895956952,23333.40915167523,493.3523481843111,random_forest
2025-03-19 07:20:00,21.77419802761126,0.17920661364280524,2.140254780804315,25.39771234239587,314.29932809517425,1.0,0.0,1.0,0.0,0.21555000895956952,23333.40915167523,502.94187685718964,random_forest
2025-03-19 07:25:00,22.216871151173656,0.17423392139062077,2.2121096205494393,25.85582757700981,316.19797649318406,0.0,0.0,1.0,0.0,0.21555000895956952,0.0,474.9712244001334,random_forest
2025-03-19 07:30:00,21.76568609780788,0.17903741687625468,2.1395836965417865,25.408710153371157,318.06252041792703,1.0,0.0,1.0,0.0,0.21555000895956952,23333.40915167523,481.5352135714814,random_forest
2025-03-19 07:35:00,22.228693856440312,0.17399839052979355,2.214332884020744,25.87608830447113,319.8935724710297,0.0,0.0,1.0,0.0,0.21555000895956952,0.0,471.8260147489573,random_forest
2025-03-19 07:40:00,21.780496503194907,0.17875930342208235,2.142244801308342,25.43218407710996,321.6917342502614,1.0,0.0,1.0,0.0,0.21555000895956952,23333.40915167523,481.84957907562244,random_forest
2025-03-19 07:45:00,22.24320563949092,0.17365203647481472,2.217218054114336,25.905381997942495,323.45759654719103,0.0,0.0,1.0,0.0,0.21555000895956952,0.0,472.1340416986238,random_forest
2025-03-19 07:50:00,21.79471568503394,0.17824152137346694,2.145457065553364,25.47347805172344,325.19173954129366,1.0,0.0,1.0,0.0,0.21555000895956952,23333.40915167523,482.15139527514503,random_forest
2025-03-19 07:55:00,22.257138119839226,0.1731178045787756,2.2205326755258663,25.94906341212003,326.89473299056993,0.0,0.0,1.0,0.0,0.21555000895956952,0.0,472.4297723754131,random_forest
2025-03-19 08:00:00,21.80836724465624,0.17773047779220963,2.148581036604911,25.514268257835774,328.5671364187421,1.0,0.0,1.0,0.0,0.21555000895956952,23333.40915167523,482.4411631316505,random_forest
2025-03-19 08:05:00,22.270514422942636,0.17254919494445983,2.2238682883885224,25.995411623352005,330.20949929908704,0.0,0.0,1.0,0.0,0.21555000895956952,0.0,472.71369764003356,random_forest
2025-03-19 08:10:00,21.821473841240415,0.1770865085373357,2.1519845810022673,25.565049411361997,331.82236123496756,1.0,0.0,1.0,0.0,0.21555000895956952,23333.40915167523,482.7193636086184,random_forest
2025-03-19 08:15:00,22.283356751102538,0.17189453083089618,2.2273668092627257,26.04845547668561,333.4062521371206,0.0,0.0,1.0,0.0,0.21555000895956952,0.0,472.98628875829354,random_forest
2025-03-19 08:20:00,21.83405722942265,0.17638386763487465,2.1554767507863333,25.62032255838157,334.9616923977611,1.0,0.0,1.0,0.0,0.21555000895956952,23333.40915167523,482.9864584697203,random_forest
2025-03-19 08:25:00,22.295686420316194,0.17118384776063347,2.2309505087739048,26.105934396621947,336.4891930615585,0.0,0.0,1.0,0.0,0.21555000895956952,0.0,473.2479981833197,random_forest
2025-03-19 08:30:00,21.84613829540556,0.17558284201565674,2.159164349597112,25.683148296279832,337.98925599354203,1.0,0.0,1.0,0.0,0.21555000895956952,23333.40915167523,483.2428910452665,random_forest
2025-03-19 08:35:00,22.307523895657525,0.1703792229035998,2.2347243463221718,26.170861725624718,339.46237404398977,0.0,0.0,1.0,0.0,0.21555000895956952,0.0,452.27327115054425,random_forest
2025-03-19 08:40:00,21.877900100578803,0.17471389917527813,2.1656329024910055,25.755113469266885,340.9090312103565,1.0,0.0,1.0,0.0,0.21555000895956952,23333.40915167523,462.69107762144387,random_forest
2025-03-19 08:45:00,22.35880829622189,0.16946149501632038,2.2441822839195456,26.252502582378366,342.3297027962922,0.0,0.0,1.0,0.0,0.21555000895956952,0.0,453.36183328079574,random_forest
2025-03-19 08:50:00,21.928150453315432,0.17375151626889684,2.174813944361678,25.838047257324522,343.72485556780487,1.0,0.0,1.0,0.0,0.21555000895956952,23333.40915167523,463.757691063717,random_forest
2025-03-19 08:55:00,22.40804545064639,0.16850375349300373,2.253502859685555,26.33730308540214,345.09494790661756,0.0,0.0,1.0,0.0,0.21555000895956952,0.0,454.4069405866827,random_forest
2025-03-19 09:00:00,21.97639483855444,0.1727413443421298,2.183887454133511,25.924689889640927,346.4404299607714,0.0,0.0,1.0,0.0,0.21555000895956952,0.0,445.24472937523603,random_forest
2025-03-19 09:05:00,21.553447601618753,0.1768812129932219,2.117559838531751,25.53020383776522,347.76174379252285,1.0,0.0,1.0,0.0,0.21555000895956952,23333.40915167523,434.57826324087415,random_forest
2025-03-19 09:10:00,22.061060744856466,0.17127019100905946,2.199088353718724,26.054437074410803,349.05932352358496,0.0,0.0,1.0,0.0,0.21555000895956952,0.0,425.81585782828114,random_forest
2025-03-19 09:15:00,21.656569397447182,0.17528501128894464,2.1350843453523263,25.669994001502133,350.33359547775905,1.0,0.0,1.0,0.0,0.21555000895956952,23333.40915167523,436.7671253608761,random_forest
2025-03-19 09:20:00,22.162103294992335,0.16966320088764977,2.2169520585551177,26.198956759780387,351.5849783210049,0.0,0.0,1.0,0.0,0.21555000895956952,0.0,427.9605859017602,random_forest
2025-03-19 09:25:00,21.75557462574001,0.17361933580106007,2.15237489258852,25.815471819308947,352.8138831989946,1.0,0.0,1.0,0.0,0.21555000895956952,23333.40915167523,438.86860926300756,random_forest
2025-03-19 09:30:00,22.259112279980684,0.1680848746275829,2.2343165383855674,26.34167383036418,354.02071387219587,0.0,0.0,1.0,0.0,0.21555000895956952,0.0,430.01969756515797,random_forest
2025-03-19 09:35:00,21.850627617695498,0.17198281245183164,2.169187046324221,25.959212241755832,355.20586684852873,1.0,0.0,1.0,0.0,0.21555000895956952,23333.40915167523,440.8862030395005,random_forest
2025-03-19 09:40:00,22.352248717608344,0.16640833558283755,2.251534282470209,26.492678917236955,356.36973151363935,0.0,0.0,1.0,0.0,0.21555000895956952,0.0,431.9966105802716,random_forest
2025-03-19 09:45:00,21.9418861444974,0.17024767158331358,2.1858667278463373,26.111144580993596,357.5126902588339,1.0,0.0,1.0,0.0,0.21555000895956952,23333.40915167523,442.82325553979064,random_forest
2025-03-19 09:50:00,22.44166719791728,0.16479444119988787,2.2681838596340125,26.639290193235276,358.63511860671457,0.0,0.0,1.0,0.0,0.21555000895956952,0.0,433.8946062736555,random_forest
2025-03-19 09:55:00,22.029501679187284,0.1685758388454424,2.201999832468516,26.258794787500428,359.7373853345584,0.0,0.0,1.0,0.0,0.21555000895956952,0.0,403.9199962866084,random_forest
2025-03-19 10:00:00,21.645809666454845,0.17231073978328187,2.141375800711185,25.89500316714352,360.8198525954803,1.0,0.0,1.0,0.0,0.21555000895956952,23333.40915167523,415.3127502715062,random_forest
2025-03-19 10:05:00,22.171723521505534,0.16647220340528102,2.226775444159327,26.452645917267127,361.8828760374197,0.0,0.0,1.0,0.0,0.21555000895956952,0.0,406.93879556940266,random_forest
2025-03-19 10:10:00,21.78516388849309,0.17014470799979203,2.1653333044178753,26.08918610404335,362.9268049199896,1.0,0.0,1.0,0.0,0.21555000895956952,23333.40915167523,418.2706814773336,random_forest
2025-03-19 10:15:00,22.30826794311716,0.16447448462323108,2.250731585724367,26.63907788291552,363.95198222922687,0.0,0.0,1.0,0.0,0.21555000895956952,0.0,409.837085981844,random_forest
2025-03-19 10:20:00,21.918955163709253,0.16803380602416357,2.1886361583887326,26.28019480118666,364.95874479028157,1.0,0.0,1.0,0.0,0.21555000895956952,23333.40915167523,399.8845444782349,random_forest
2025-03-19 10:25:00,22.459524592606478,0.16241518193079124,2.2771137376233406,26.835458519431565,365.9474233780816,0.0,0.0,1.0,0.0,0.21555000895956952,0.0,391.8216688276729,random_forest
2025-03-19 10:30:00,22.08732503297389,0.16584271014322133,2.2170346776032175,26.48647393773415,366.91834282601013,0.0,0.0,1.0,0.0,0.21555000895956952,0.0,383.9213650110418,random_forest
2025-03-19 10:35:00,21.722630136394553,0.16928080012242172,2.1593260287330907,26.144612195868156,367.8718221326303,1.0,0.0,1.0,0.0,0.21555000895956952,23333.40915167523,395.71735157740073,random_forest
2025-03-19 10:40:00,22.267158068575263,0.16342254154705135,2.247938257866584,26.715997715818627,368.80817456649345,0.0,0.0,1.0,0.0,0.21555000895956952,0.0,387.73849907460794,random_forest
2025-03-19 10:45:00,21.898837196889012,0.1667412302632094,2.189348440193191,26.37850875347787,369.7277077690642,1.0,0.0,1.0,0.0,0.21555000895956952,23333.40915167523,399.45752073266766,random_forest
2025-03-19 10:50:00,22.439812264531355,0.16086270588599044,2.278604595496424,26.9586651866558,370.6307238557972,0.0,0.0,1.0,0.0,0.21555000895956952,0.0,391.40325516571073,random_forest
2025-03-19 10:55:00,22.068010164746234,0.1640629249896096,2.2191525874846576,26.625441073113688,371.5175195153981,0.0,0.0,1.0,0.0,0.21555000895956952,0.0,383.5113878274919,random_forest
2025-03-19 11:00:00,21.7037047140279,0.1672684333407809,2.162055973191587,26.299118029147067,372.38838610730124,1.0,0.0,1.0,0.0,0.21555000895956952,23333.40915167523,395.31564076747327,random_forest
2025-03-19 11:05:00,22.24861423966923,0.16134605087753673,2.2509774072601196,26.881422125799993,373.24360975739717,0.0,0.0,1.0,0.0,0.21555000895956952,0.0,387.3448879633377,random_forest
2025-03-19 11:10:00,21.88066726737124,0.1644328641070849,2.192981538036503,26.559225926675676,374.0834714520397,1.0,0.0,1.0,0.0,0.21555000895956952,23333.40915167523,399.071846005758,random_forest
2025-03-19 11:15:00,22.422008695465127,0.15839839027811686,2.2828259721190394,27.159088765061487,374.9082471303651,0.0,0.0,1.0,0.0,0.21555000895956952,0.0,391.0253568017728,random_forest
2025-03-19 11:20:00,22.050565569202487,0.1613486497907737,2.2239933311408095,26.84232287181748,375.7182077749528,0.0,0.0,1.0,0.0,0.21555000895956952,0.0,383.14110903164936,random_forest
2025-03-19 11:25:00,21.686611854020285,0.16437369771442203,2.167307294090503,26.52625014193397,376.5136195008574,1.0,0.0,1.0,0.0,0.21555000895956952,23333.40915167523,394.95282790630654,random_forest
2025-03-19 11:30:00,22.231866023150985,0.15830435444858296,2.2568407494041414,27.12924020397661,377.2947436430415,0.0,0.0,1.0,0.0,0.21555000895956952,0.0,365.763401345134,random_forest
2025-03-19 11:35:00,21.884419754245805,0.16111427044692628,2.2021953960868643,26.828872854493092,378.06183684223845,1.0,0.0,1.0,0.0,0.21555000895956952,23333.40915167523,377.92550709546055,random_forest
2025-03-19 11:40:00,22.445848529866446,0.15526925557176058,2.294634307180504,27.42689225964908,378.81515112927207,0.0,0.0,1.0,0.0,0.21555000895956952,0.0,370.3053917122511,random_forest
2025-03-19 11:45:00,22.09408772976253,0.15819371728627646,2.238286023694102,27.111152762529457,379.5549340078624,0.0,0.0,1.0,0.0,0.21555000895956952,0.0,373.4519153617403,random_forest
2025-03-19 11:50:00,21.739337981343898,0.16119209023683348,2.1825774550904185,26.794042915412426,380.2814285359437,1.0,0.0,1.0,0.0,0.21555000895956952,23333.40915167523,374.84600295711067,random_forest
2025-03-19 11:55:00,22.303692042050507,0.15538874993539123,2.2745736918670847,27.388340457106445,380.9948734055219,0.0,0.0,1.0,0.0,0.21555000895956952,0.0,367.28797964341425,random_forest
2025-03-19 12:00:00,21.95479754448318,0.158310610612233,2.2190595312481003,27.07384788572787,381.69550302109764,0.0,0.0,1.0,0.0,0.21555000895956952,0.0,359.8823488214604,random_forest
2025-03-19 12:05:00,21.61293780979403,0.16117310950034708,2.1658346794748984,26.770800269828086,382.3835475766805,1.0,0.0,1.0,0.0,0.21555000895956952,23333.40915167523,372.16303428647603,random_forest
2025-03-19 12:10:00,22.179840478291286,0.15518450986962426,2.25804591926628,27.38088176009275,383.05923313141994,0.0,0.0,1.0,0.0,0.21555000895956952,0.0,364.6591076941068,random_forest
2025-03-19 12:15:00,21.833443200912907,0.15792366073456113,2.2037061754103395,27.081991146928505,383.72278168387794,1.0,0.0,1.0,0.0,0.21555000895956952,23333.40915167523,376.84347932720596,random_forest
2025-03-19 12:20:00,22.395899817234802,0.15206347795384537,2.296363637097088,27.69124978649007,384.37441124496695,0.0,0.0,1.0,0.0,0.21555000895956952,0.0,369.2451808795755,random_forest
2025-03-19 12:25:00,22.045146133470883,0.15479924180547514,2.2406215490162156,27.386601819058768,385.0143359095784,0.0,0.0,1.0,0.0,0.21555000895956952,0.0,361.80008699157366,random_forest
2025-03-19 12:30:00,21.701464699373062,0.15753329803547395,2.187032417080778,27.088338090747516,385.64276592692397,1.0,0.0,1.0,0.0,0.21555000895956952,23333.40915167523,370.4336869281746,random_forest
2025-03-19 12:35:00,22.27001011092518,0.15164628772209,2.2799772963363862,27.70188713366764,386.2599077696138,0.0,0.0,1.0,0.0,0.21555000895956952,0.0,366.57304733859473,random_forest
2025-03-19 12:40:00,21.921794742436695,0.1542581630670296,2.2252607867235352,27.407854937256612,386.8659642014935,1.0,0.0,1.0,0.0,0.21555000895956952,23333.40915167523,378.7188281895062,random_forest
2025-03-19 12:45:00,22.48246992583582,0.14859274607986675,2.317919961460158,28.011776601203977,387.4611343442631,0.0,0.0,1.0,0.0,0.21555000895956952,0.0,371.08271706597486,random_forest
2025-03-19 12:50:00,22.129970728197097,0.15131947847009955,2.261500344515037,27.701870576961618,388.0456137428988,0.0,0.0,1.0,0.0,0.21555000895956952,0.0,342.3745837633898,random_forest
2025-03-19 12:55:00,21.80474198398956,0.15408465031001567,2.209878245379987,27.399160961426364,388.61959442990013,1.0,0.0,1.0,0.0,0.21555000895956952,23333.40915167523,355.00827845202184,random_forest
2025-03-19 13:00:00,22.387940312158452,0.14851856690145848,2.304848846635892,27.999033736711617,389.18326498838263,0.0,0.0,1.0,0.0,0.21555000895956952,0.0,369.07623251113773,random_forest
2025-03-19 13:05:00,22.03734711596665,0.1514597282452558,2.2484058923764625,27.671016774619545,389.73681061403755,0.0,0.0,1.0,0.0,0.21555000895956952,0.0,361.63454513060134,random_forest
2025-03-19 13:10:00,21.693822933528594,0.15448600167008136,2.1939186887398234,27.342888082129996,390.2804131759783,1.0,0.0,1.0,0.0,0.21555000895956952,23333.40915167523,373.879901045748,random_forest
2025-03-19 13:15:00,22.259094714551807,0.1490807807614646,2.285354352861888,27.923294452007113,390.81425127649436,0.0,0.0,1.0,0.0,0.21555000895956952,0.0,345.11536809753505,random_forest
2025-03-19 13:20:00,21.93126244225133,0.15197122059015764,2.2325667045502375,27.605460791262942,391.33850030973133,1.0,0.0,1.0,0.0,0.21555000895956952,23333.40915167523,378.91978948310395,random_forest
2025-03-19 13:25:00,22.491746728334324,0.14653805618620805,2.3248229661711965,28.19605750645794,391.85333251931735,0.0,0.0,1.0,0.0,0.21555000895956952,0.0,371.2796263752105,random_forest
2025-03-19 13:30:00,22.139060482443767,0.14949325667764413,2.2676213719440543,27.862710736739302,392.3589170549543,0.0,0.0,1.0,0.0,0.21555000895956952,0.0,342.5675227884604,random_forest
2025-03-19 13:35:00,21.813648461439975,0.15225542234447947,2.2158612542036837,27.557306853395186,392.85542002799235,1.0,0.0,1.0,0.0,0.21555000895956952,23333.40915167523,355.19732724580257,random_forest
2025-03-19 13:40:00,22.396667208224294,0.14690952718631786,2.3104291883529906,28.143421988641283,393.3430045660065,0.0,0.0,1.0,0.0,0.21555000895956952,0.0,348.03548035639176,random_forest
2025-03-19 13:45:00,22.066061060502182,0.14978556364603376,2.2567865587339564,27.822322092193584,393.8218308663926,0.0,0.0,1.0,0.0,0.21555000895956952,0.0,341.01803784993365,random_forest
2025-03-19 13:50:00,21.742120927496575,0.1526119278618663,2.205277804705049,27.512314222103495,394.29205624900044,1.0,0.0,1.0,0.0,0.21555000895956952,23333.40915167523,353.6790845859642,random_forest
2025-03-19 13:55:00,22.326581884588194,0.1471184569750285,2.3000447746925867,28.11047000552253,394.75383520782214,0.0,0.0,1.0,0.0,0.21555000895956952,0.0,346.5478500368969,random_forest
2025-03-19 14:00:00,21.997388867874047,0.149878366112357,2.2471174397907623,27.80028139728101,395.2073194617512,0.0,0.0,1.0,0.0,0.21555000895956952,0.0,339.56040263388985,random_forest
2025-03-19 14:05:00,21.67483337290324,0.1526395810097244,2.196160212227438,27.496412816100413,395.65265800443046,1.0,0.0,1.0,0.0,0.21555000895956952,23333.40915167523,352.25083968183196,random_forest
2025-03-19 14:10:00,22.260651049560565,0.147014996560986,2.291119413377702,28.106164060877457,396.08999715320437,0.0,0.0,1.0,0.0,0.21555000895956952,0.0,345.14840284755405,random_forest
2025-03-19 14:15:00,21.93278739686337,0.14964646081085575,2.2388951876128265,27.80741218344026,396.5194805971919,1.0,0.0,1.0,0.0,0.21555000895956952,23333.40915167523,357.7261689971576,random_forest
2025-03-19 14:20:00,22.513403944226074,0.1441358145333812,2.3344341677655938,28.416673677558403,396.9412494444961,0.0,0.0,1.0,0.0,0.21555000895956952,0.0,350.51333304887305,random_forest
2025-03-19 14:25:00,22.180444032650794,0.1467658079586862,2.2806314337527036,28.111898497746783,397.35544226856575,0.0,0.0,1.0,0.0,0.21555000895956952,0.0,322.2199404203867,random_forest
2025-03-19 14:30:00,21.874360603706865,0.14938086700059452,2.231627358989473,27.818755087613617,397.7621951537238,1.0,0.0,1.0,0.0,0.21555000895956952,23333.40915167523,335.26001336319234,random_forest
2025-03-19 14:35:00,22.47631821997629,0.1437342696232276,2.330276294348198,28.445441208171445,398.16164173987846,0.0,0.0,1.0,0.0,0.21555000895956952,0.0,349.7261518681045,random_forest
2025-03-19 14:40:00,22.144106068191093,0.1462368835989271,2.2770028805935723,28.151591745948643,398.5539132664311,0.0,0.0,1.0,0.0,0.21555000895956952,0.0,342.6746203368188,random_forest
2025-03-19 14:45:00,21.818592312996703,0.1488007939586312,2.225562538552971,27.858214026357945,398.9391386153951,1.0,0.0,1.0,0.0,0.21555000895956952,23333.40915167523,334.0762762293295,random_forest
2025-03-19 14:50:00,22.42167438581102,0.1432473048230593,2.32387576219626,28.478421914841917,399.31744435374077,0.0,0.0,1.0,0.0,0.21555000895956952,0.0,327.3402932806649,random_forest
2025-03-19 14:55:00,22.110727027096537,0.1456811842002535,2.2738587673073223,28.194419442648762,399.6889547749789,0.0,0.0,1.0,0.0,0.21555000895956952,0.0,331.3531225945054,random_forest
2025-03-19 15:00:00,21.795967798283186,0.14816710734312913,2.224145711628598,27.90928472088922,400.05379193999823,1.0,0.0,1.0,0.0,0.21555000895956952,23333.40915167523,333.5960485253606,random_forest
2025-03-19 15:05:00,22.399506049390236,0.1425794399850028,2.322556981972408,28.53478067409629,400.4120757171685,0.0,0.0,1.0,0.0,0.21555000895956952,0.0,348.0957375681957,random_forest
2025-03-19 15:10:00,22.06884266208828,0.14507801168350218,2.269666719432111,28.23990737427197,400.7639238217238,0.0,0.0,1.0,0.0,0.21555000895956952,0.0,319.85109093903145,random_forest
2025-03-19 15:15:00,21.76500945257819,0.14755346629639088,2.221545036809755,27.957077527930508,401.1094518544383,1.0,0.0,1.0,0.0,0.21555000895956952,23333.40915167523,332.93892701513846,random_forest
2025-03-19 15:20:00,22.369171917086867,0.1420515763150745,2.319706797895229,28.576826811970864,401.4487733396072,0.0,0.0,1.0,0.0,0.21555000895956952,0.0,326.2258764488626,random_forest
2025-03-19 15:25:00,22.059283166119336,0.14446133658908336,2.269981554839881,28.293450222265363,401.78199976234544,0.0,0.0,1.0,0.0,0.21555000895956952,0.0,340.87417033726285,random_forest
2025-03-19 15:30:00,21.735479695858857,0.14689159342170385,2.219264331949497,28.00961587536975,402.1092406052164,1.0,0.0,1.0,0.0,0.21555000895956952,23333.40915167523,332.3121287192344,random_forest
2025-03-19 15:35:00,22.34023756911665,0.14130106977844648,2.317656313926739,28.639807339381996,402.43060338420304,0.0,0.0,1.0,0.0,0.21555000895956952,0.0,325.61171629261065,random_forest
2025-03-19 15:40:00,22.030932221666294,0.14384571398338575,2.26769443075863,28.343217969832484,402.74619368403216,0.0,0.0,1.0,0.0,0.21555000895956952,0.0,319.046404341735,random_forest
2025-03-19 15:45:00,21.727863400705854,0.14625101350556827,2.219897854391904,28.064961671370117,403.056115192865,1.0,0.0,1.0,0.0,0.21555000895956952,23333.40915167523,332.15046532090787,random_forest
2025-03-19 15:50:00,22.332774841391007,0.14069419176601852,2.318242339350422,28.69428084958862,403.360469736364,0.0,0.0,1.0,0.0,0.21555000895956952,0.0,325.45331251483196,random_forest
2025-03-19 15:55:00,22.0236199649866,0.1432383629787943,2.2682921794348956,28.396779961846445,403.65935731114814,0.0,0.0,1.0,0.0,0.21555000895956952,0.0,318.89119446074596,random_forest
2025-03-19 16:00:00,21.720698581123063,0.14564333085726364,2.2205059811392993,28.117676828295235,403.95287611764707,1.0,0.0,1.0,0.0,0.21555000895956952,23333.40915167523,331.99838493813877,random_forest
2025-03-19 16:05:00,22.32575448612961,0.14011849788141748,2.31880556822236,28.746160863615607,404.2411225923651,0.0,0.0,1.0,0.0,0.21555000895956952,0.0,325.3042985301822,random_forest
2025-03-19 16:10:00,22.016741161211193,0.1425262347180488,2.2692261062368306,28.460191338107485,404.5241914395658,0.0,0.0,1.0,0.0,0.21555000895956952,0.0,318.74518504640287,random_forest
2025-03-19 16:15:00,21.713958474729765,0.14500011640706245,2.2212630312643777,28.173861022873467,404.8021756623873,1.0,0.0,1.0,0.0,0.21555000895956952,23333.40915167523,331.8553195129243,random_forest
2025-03-19 16:20:00,22.319150280561868,0.1395759748262387,2.3193371113075205,28.795227670870247,405.0751665933988,0.0,0.0,1.0,0.0,0.21555000895956952,0.0,325.1641177344173,random_forest
2025-03-19 16:25:00,22.01027011629944,0.14205127742687848,2.26958781330106,28.502249205039035,405.34325392460823,0.0,0.0,1.0,0.0,0.21555000895956952,0.0,318.60783071727803,random_forest
2025-03-19 16:30:00,21.707617905554507,0.14450206503139654,2.2216962838857715,28.217286501146106,405.6065257369306,1.0,0.0,1.0,0.0,0.21555000895956952,23333.40915167523,331.7207346603674,random_forest
2025-03-19 16:35:00,22.31293755633966,0.1391709356892035,2.3195525691241006,28.831701819209993,405.8650685291276,0.0,0.0,1.0,0.0,0.21555000895956952,0.0,325.03224651744745,random_forest
2025-03-19 16:40:00,22.00418265929135,0.1416459098557842,2.2698178849353963,28.538126356387657,406.1189672462267,0.0,0.0,1.0,0.0,0.21555000895956952,0.0,318.4786184208366,random_forest
2025-03-19 16:45:00,21.70165318999657,0.1441193701149648,2.221880381141614,28.250518989413372,406.3683053074304,1.0,0.0,1.0,0.0,0.21555000895956952,23333.40915167523,331.59412767261597,random_forest
2025-03-19 16:50:00,22.30709310739492,0.13867473930062138,2.320064980001137,28.876884729921404,406.6131646335235,0.0,0.0,1.0,0.0,0.21555000895956952,0.0,324.90819230752356,random_forest
2025-03-19 16:55:00,21.99845605202301,0.14114933332404475,2.270338469143313,28.58256102523181,406.8536256737889,0.0,0.0,1.0,0.0,0.21555000895956952,0.0,318.3570655170581,random_forest
2025-03-19 17:00:00,21.696042048361853,0.14362257859639363,2.222408106112407,28.29421690358815,407.0897674324389,1.0,0.0,1.0,0.0,0.21555000895956952,23333.40915167523,331.47502564112466,random_forest
2025-03-19 17:05:00,22.30159510325922,0.13833781050242988,2.320196724386862,28.907325275140714,407.3216674945729,0.0,0.0,1.0,0.0,0.21555000895956952,0.0,324.79149173135954,random_forest
2025-03-19 17:10:00,21.993068904193922,0.14083460993651226,2.270424801499953,28.61042857216988,407.5494020516677,0.0,0.0,1.0,0.0,0.21555000895956952,0.0,318.2427179756561,random_forest
2025-03-19 17:15:00,21.690763521642676,0.14323834413858708,2.2226883427583735,28.32791231631347,407.7730459266106,1.0,0.0,1.0,0.0,0.21555000895956952,23333.40915167523,331.36298369022376,random_forest
2025-03-19 17:20:00,22.296423007521543,0.13784012676809837,2.320806803306979,28.953031552001455,407.9926725982829,0.0,0.0,1.0,0.0,0.21555000895956952,0.0,324.68170888331787,random_forest
2025-03-19 17:25:00,21.988001093468913,0.14017785620122572,2.271458565976248,28.670050191755923,408.2083542257013,0.0,0.0,1.0,0.0,0.21555000895956952,0.0,318.1351486801624,random_forest
2025-03-19 17:30:00,21.68579789323069,0.1425813202053255,2.2237181163852875,28.38655779586196,408.4201616717262,1.0,0.0,1.0,0.0,0.21555000895956952,23333.40915167523,331.2575833153981,random_forest
2025-03-19 17:35:00,22.291557501119684,0.13721794982167915,2.3217945402884,29.01071544721765,408.62816452634365,0.0,0.0,1.0,0.0,0.21555000895956952,0.0,324.5784336971935,random_forest
2025-03-19 17:40:00,21.983233690316194,0.13962333929050463,2.272263053834857,28.720481766834013,408.83243112952977,1.0,0.0,1.0,0.0,0.21555000895956952,23333.40915167523,337.5709523189428,random_forest
2025-03-19 17:45:00,22.58299609756555,0.1345034782640408,2.3706991614157724,29.331694505797298,409.03302859370365,0.0,0.0,1.0,0.0,0.21555000895956952,0.0,330.7645061849948,random_forest
2025-03-19 17:50:00,22.268796007732615,0.13697658417826092,2.319231315267597,29.028747808470943,409.23002282577755,0.0,0.0,1.0,0.0,0.21555000895956952,0.0,345.32128764139003,random_forest
2025-03-19 17:55:00,21.940768128170873,0.13939830348708113,2.266980530525302,28.732511825357584,409.4234785488107,1.0,0.0,1.0,0.0,0.21555000895956952,23333.40915167523,357.8955679133475,random_forest
2025-03-19 18:00:00,22.521223759976767,0.13429846878313578,2.362387471592954,29.338313593323267,409.6134593232744,0.0,0.0,1.0,0.0,0.21555000895956952,0.0,350.6793163731992,random_forest
2025-03-19 18:05:00,22.18810617738649,0.1367192639990227,2.308561422328971,29.036082076946897,409.800027567935,0.0,0.0,1.0,0.0,0.21555000895956952,0.0,343.6085661774634,random_forest
2025-03-19 18:10:00,21.861705247596454,0.1392672339200196,2.2564179040878116,28.728149108207543,409.98324458036154,1.0,0.0,1.0,0.0,0.21555000895956952,23333.40915167523,356.2173800676324,random_forest
2025-03-19 18:15:00,22.443755024971235,0.1342305928034995,2.3514848857430803,29.32835788056007,410.1631705570656,0.0,0.0,1.0,0.0,0.21555000895956952,0.0,349.03496584404235,random_forest
2025-03-19 18:20:00,22.11219944517847,0.13683926470247926,2.297598466876607,29.00868254577131,410.3398646132788,0.0,0.0,1.0,0.0,0.21555000895956952,0.0,341.9973707027481,random_forest
2025-03-19 18:25:00,21.78732902350955,0.13951545309209124,2.245550720992824,28.6895114734041,410.5133848023753,0.0,0.0,0.0,0.0,0.21555000895956952,0.0,335.32396538454657,random_forest
2025-03-19 18:30:00,21.479270381862104,0.14270487894441516,2.195496312328225,28.332555168766643,300.0,0.0,0.0,0.0,0.0,0.21555000895956952,0.0,332.1018847163245,random_forest
2025-03-19 18:35:00,21.170532256931534,0.14578082792093736,2.1466272913929108,27.992584598343015,300.0,0.0,0.0,0.0,0.0,0.21555000895956952,0.0,343.3149318786186,random_forest
2025-03-19 18:40:00,20.848150461257234,0.14871955525734576,2.097301914850252,27.668154392538405,300.0,0.0,0.0,0.0,0.0,0.21555000895956952,0.0,336.39266983338183,random_forest
2025-03-19 18:45:00,20.5286040616152,0.15154447989396796,2.04961716156938,27.35972812350969,302.1555000895957,0.0,0.0,0.0,0.0,0.21555000895956952,0.0,329.60998141973965,random_forest
2025-03-19 18:50:00,20.215500678890116,0.15433833262802046,2.003767849006424,27.06032938024599,304.27228200722266,0.0,0.0,0.0,0.0,0.21555000895956952,0.0,322.9640524133085,random_forest
2025-03-19 18:55:00,19.908710402474195,0.15716613675783825,1.9595178833550355,26.764231533722615,306.3510412280738,0.0,0.0,0.0,0.0,0.21555000895956952,0.0,316.45212533293636,random_forest
2025-03-19 19:00:00,19.608105941148402,0.15999381106349947,1.9168730620259067,26.474135065640215,308.39246073486834,0.0,0.0,0.0,0.0,0.21555000895956952,0.0,310.07149829658835,random_forest
2025-03-19 19:05:00,19.313562570267695,0.1628902433374953,1.875606521730935,26.18435481876839,310.39721124224786,0.0,0.0,0.0,0.0,0.21555000895956952,0.0,303.81952390030136,random_forest
2025-03-19 19:10:00,19.024958080011164,0.16585693709233196,1.835654471265433,25.894866259490936,312.3659514171418,0.0,0.0,0.0,0.0,0.21555000895956952,0.0,297.69360811974184,random_forest
2025-03-19 19:15:00,18.74217272467561,0.16882287781002686,1.7971131214042393,25.61121276732534,314.29932809517425,0.0,0.0,0.0,0.0,0.21555000895956952,0.0,312.9171983899173,random_forest
2025-03-19 19:20:00,18.444926164038314,0.17186306577805854,1.757539071414013,25.32374396323884,316.19797649318406,0.0,0.0,0.0,0.0,0.21555000895956952,0.0,306.60784611717037,random_forest
2025-03-19 19:25:00,18.15367298846446,0.1749721069366656,1.7192424516819713,25.036908046798033,318.06252041792703,1.0,0.0,0.0,0.0,0.21555000895956952,23333.40915167523,319.96270585719,random_forest
2025-03-19 19:30:00,18.77016183557248,0.16835432220834357,1.801274627236482,25.652545169662492,319.8935724710297,0.0,0.0,0.0,0.0,0.21555000895956952,0.0,313.5112949543006,random_forest
2025-03-19 19:35:00,18.472350930241582,0.17153189812973083,1.7612653958308786,25.353897887548918,321.6917342502614,0.0,0.0,0.0,0.0,0.21555000895956952,0.0,307.18996390720685,random_forest
2025-03-19 19:40:00,18.18054478886123,0.17471095597810107,1.7226909624807405,25.06127043944045,323.45759654719103,0.0,0.0,0.0,0.0,0.21555000895956952,0.0,300.9960899146118,random_forest
2025-03-19 19:45:00,17.89462233732213,0.17781905167319254,1.6856352684704672,24.779731542143118,325.19173954129366,1.0,0.0,0.0,0.0,0.21555000895956952,23333.40915167523,314.4640995451868,random_forest
2025-03-19 19:50:00,18.516334425028464,0.17095615850268142,1.7673512967589389,25.405749726050484,326.89473299056993,0.0,0.0,0.0,0.0,0.21555000895956952,0.0,308.1235570905964,random_forest
2025-03-19 19:55:00,18.223641444048933,0.17399546601280702,1.72885536533295,25.12248167688965,328.5671364187421,0.0,0.0,0.0,0.0,0.21555000895956952,0.0,301.91085905028615,random_forest
2025-03-19 20:00:00,17.936850034265433,0.17703274791322676,1.6917359729356092,24.84495183070872,330.20949929908704,1.0,0.0,0.0,0.0,0.21555000895956952,23333.40915167523,315.3604241825884,random_forest
2025-03-19 20:05:00,18.557710684540226,0.17014845682507432,1.7736620434652204,25.474913407601584,331.82236123496756,0.0,0.0,0.0,0.0,0.21555000895956952,0.0,309.0018091263091,random_forest
2025-03-19 20:10:00,18.264183433669707,0.17318785618461496,1.734954156833489,25.19032913537835,333.4062521371206,0.0,0.0,0.0,0.0,0.21555000895956952,0.0,323.99739203834457,random_forest
2025-03-19 20:15:00,17.9564115664333,0.17624087482408846,1.6954486424030175,24.906635954038812,334.9616923977611,1.0,0.0,0.0,0.0,0.21555000895956952,23333.40915167523,337.0016262082634,random_forest
2025-03-19 20:20:00,18.55671478840665,0.1694154985324964,1.7751179420307905,25.530624091286924,336.4891930615585,0.0,0.0,0.0,0.0,0.21555000895956952,0.0,330.2066594017824,random_forest
2025-03-19 20:25:00,18.24304460884559,0.17253344977614718,1.7340257114476207,25.235377608362253,337.98925599354203,0.0,0.0,0.0,0.0,0.21555000895956952,0.0,323.5486995718571,random_forest
2025-03-19 20:30:00,17.935698963923368,0.17558530568424613,1.6945887056530746,24.951026737411723,339.46237404398977,1.0,0.0,0.0,0.0,0.21555000895956952,23333.40915167523,336.56198073199494,random_forest
2025-03-19 20:35:00,18.53641981428657,0.1687936300334991,1.7741912973856782,25.57436467003705,340.9090312103565,0.0,0.0,0.0,0.0,0.21555000895956952,0.0,329.7758785011882,random_forest
2025-03-19 20:40:00,18.223158842470397,0.1718453498036507,1.7333031281988251,25.283348727558206,342.3297027962922,0.0,0.1,0.0,0.0,0.6122397550811517,0.0,916.3527189401041,random_forest
2025-03-19 20:45:00,17.89275635275107,0.1746086821898029,1.6920184785717354,25.015175279540873,346.2924397743821,1.0,0.0,0.0,0.0,0.21555000895956952,23333.40915167523,335.6504813329213,random_forest
2025-03-19 20:50:00,18.494343055367818,0.16786622056832098,1.7714969616816498,25.637612434347037,347.6164118799671,0.0,0.0,0.0,0.0,0.21555000895956952,0.0,328.88275767265884,random_forest
2025-03-19 20:55:00,18.181930477618444,0.1709159156964308,1.7307632206378392,25.345704878750137,348.916602135617,0.0,0.0,0.0,0.0,0.21555000895956952,0.0,322.2514916851511,random_forest
2025-03-19 21:00:00,17.875817077471325,0.17396491409370074,1.6915340204178817,25.05975632409499,350.193437722829,1.0,0.0,0.0,0.0,0.21555000895956952,23333.40915167523,335.2909284595228,random_forest
2025-03-19 21:05:00,18.477745326847195,0.16719196228549513,1.771090165325889,25.68645896146539,351.44733814985244,0.0,0.0,0.0,0.0,0.21555000895956952,0.0,328.5304544670658,random_forest
2025-03-19 21:10:00,18.165667409246584,0.1702078074949352,1.7304734833948998,25.39627491686558,352.67871538951925,0.0,0.0,0.0,0.0,0.21555000895956952,0.0,321.90629197224655,random_forest
2025-03-19 21:15:00,17.85988192149265,0.17325578349732973,1.6912890306289077,25.109542277991554,353.88797401459914,1.0,0.0,0.0,0.0,0.21555000895956952,23333.40915167523,334.9526890115202,random_forest
2025-03-19 21:20:00,18.46213147156119,0.16658402169308836,1.770650309606076,25.73052675657343,355.0755113307232,0.0,0.0,0.0,0.0,0.21555000895956952,0.0,328.19903494408163,random_forest
2025-03-19 21:25:00,18.150368376264506,0.16969674721666006,1.7298765265233458,25.432214436444703,356.2417175069197,0.0,0.0,0.0,0.0,0.21555000895956952,0.0,321.5815548640716,random_forest
2025-03-19 21:30:00,17.844891363049566,0.17287714688670236,1.690467717231675,25.13498474406743,357.38697570380555,1.0,0.0,0.0,0.0,0.21555000895956952,23333.40915167523,334.63449958056486,random_forest
2025-03-19 21:35:00,18.44744316788221,0.16641706958748878,1.7693760185579102,25.740665248362326,358.51166219947476,0.0,0.0,0.0,0.0,0.21555000895956952,0.0,327.8872611694715,random_forest
2025-03-19 21:40:00,18.135976232984113,0.1697040166017902,1.7282984967085502,25.428938444245773,359.6161465131258,0.0,0.0,0.0,0.0,0.21555000895956952,0.0,321.27606738687035,random_forest
2025-03-19 21:45:00,17.830789408682993,0.17301766017339038,1.68868069738946,25.121855093687493,360.7007915264682,1.0,0.0,0.0,0.0,0.21555000895956952,23333.40915167523,334.3351716501015,random_forest
2025-03-19 21:50:00,18.433625551347784,0.16661306961637012,1.7674291134161835,25.722829017132934,361.7659536029486,0.0,0.0,0.0,0.0,0.21555000895956952,0.0,327.59396859074997,random_forest
2025-03-19 21:55:00,18.122437221175584,0.16998736276602022,1.7262400881035547,25.404840816827097,362.811982704835,0.0,0.0,0.0,0.0,0.21555000895956952,0.0,320.9886884690395,random_forest
2025-03-19 22:00:00,17.817523384090777,0.17336805832460273,1.686555919905068,25.09325234507192,363.83922250819774,1.0,0.0,0.0,0.0,0.21555000895956952,23333.40915167523,334.05358715596384,random_forest
2025-03-19 22:05:00,18.420627009728197,0.16707191517307382,1.765017728447086,25.684839091083695,364.8480105158256,0.0,0.0,0.0,0.0,0.21555000895956952,0.0,348.5440508432937,random_forest
2025-03-19 22:10:00,18.089537760313846,0.17056860624163941,1.7214695933941304,25.354553492333363,365.83867816811323,0.0,0.0,0.0,0.0,0.21555000895956952,0.0,341.5163540255548,random_forest
2025-03-19 22:15:00,17.765124266399745,0.17413717764529452,1.6794354950713526,25.026306683132916,366.81155095195703,1.0,0.0,0.0,0.0,0.21555000895956952,23333.40915167523,354.16735320807476,random_forest
2025-03-19 22:20:00,18.349121406963107,0.16797086011747764,1.7552276281293975,25.60192043738328,367.7669485076946,0.0,0.0,0.0,0.0,0.21555000895956952,0.0,347.0262736944083,random_forest
2025-03-19 22:25:00,18.019473925657515,0.17159278129604902,1.711789731552681,25.264044855535836,368.705184734124,0.0,0.0,0.0,0.0,0.21555000895956952,0.0,340.02917983091146,random_forest
2025-03-19 22:30:00,17.696473129468888,0.17522668637974584,1.6699807555876802,24.93296828248515,369.62656789163555,1.0,0.0,0.0,0.0,0.21555000895956952,23333.40915167523,352.7101649200329,random_forest
2025-03-19 22:35:00,18.28185448352083,0.16905810687794537,1.7455540741797804,25.505812521786723,370.5314007034924,0.0,0.0,0.0,0.0,0.21555000895956952,0.0,345.5984667068647,random_forest
2025-03-19 22:40:00,17.95356330579486,0.17274505504446006,1.7023386922252017,25.1652199309141,371.4199804552907,1.0,0.0,0.0,0.0,0.21555000895956952,23333.40915167523,358.1671582148434,random_forest
2025-03-19 22:45:00,18.533760948319763,0.16678361165741104,1.7781855868144825,25.728745648744876,372.2925990926339,0.0,0.0,0.0,0.0,0.21555000895956952,0.0,372.17141975301945,random_forest
2025-03-19 22:50:00,18.18022756933548,0.170538683347503,1.731365592842072,25.373936118063824,373.1495433170523,0.0,0.0,0.0,0.0,0.21555000895956952,0.0,364.66732408441317,random_forest
2025-03-19 22:55:00,17.833822487036908,0.17433933313704025,1.6863038436933342,25.024137531850258,373.99109468019975,1.0,0.0,0.0,0.0,0.21555000895956952,23333.40915167523,376.851530050361,random_forest
2025-03-19 23:00:00,18.39627145580929,0.1683305577540651,1.7596625101257521,25.58325472232235,374.81752967635833,0.0,0.0,0.0,0.0,0.21555000895956952,0.0,369.25306927592754,random_forest
2025-03-19 23:05:00,18.045510278693467,0.1721211484634707,1.7134999566246938,25.229222356005252,375.6291198332814,0.0,0.0,0.0,0.0,0.21555000895956952,0.0,361.8078163341194,random_forest
2025-03-19 23:10:00,17.701821502332262,0.17592851398761597,1.6691222273413677,24.88232186444886,376.4261318014047,1.0,0.0,0.0,0.0,0.21555000895956952,23333.40915167523,374.04967858043824,random_forest
2025-03-19 23:15:00,18.266932008141076,0.16982804580686672,1.7423047120136703,25.444279034976663,377.2088274414556,0.0,0.1,0.0,0.0,0.6894665736914376,0.0,1170.1231437827619,random_forest
2025-03-19 23:20:00,17.886991770623638,0.17406463064286384,1.6925196770793187,25.05443803445616,379.66741770213713,1.0,0.0,0.0,0.0,0.21555000895956952,23333.40915167523,377.98010068720555,random_forest
2025-03-19 23:25:00,18.448368686655026,0.16807367028672418,1.7659620934456899,25.612898771539427,380.391891741776,0.0,0.0,0.0,0.0,0.21555000895956952,0.0,370.358884532917,random_forest
2025-03-19 23:30:00,18.096557072607222,0.17191965104764967,1.719423645795269,25.253952517510612,381.103352415937,0.0,0.0,0.0,0.0,0.21555000895956952,0.0,362.8913350281817,random_forest
2025-03-19 23:35:00,17.751839039283304,0.17578397844706137,1.6746845383905862,24.90223140098922,381.8020334772072,1.0,0.0,0.0,0.0,0.21555000895956952,23333.40915167523,375.1113502773711,random_forest
2025-03-19 23:40:00,18.315941041046756,0.16980649349340535,1.747714845018174,25.45519329726755,382.48816447939265,0.0,0.0,0.0,0.0,0.21555000895956952,0.0,367.54797676328053,random_forest
2025-03-19 23:45:00,17.966799566803,0.1737179312595684,1.7017527785069058,25.09512010923733,383.1619708529391,1.0,0.0,0.0,0.0,0.21555000895956952,23333.40915167523,379.6741001034733,random_forest
2025-03-19 23:50:00,18.526567317525487,0.16786087243970504,1.7750868623337244,25.644160486782365,383.8236739789976,0.0,0.0,0.0,0.0,0.21555000895956952,0.0,372.0187278237878,random_forest
2025-03-19 23:55:00,18.173178983783313,0.17176168378298995,1.72804784036904,25.280245153816814,384.4734912621602,0.0,0.0,0.0,0.0,0.21555000895956952,0.0,364.51771088391774,random_forest
2025-03-20 00:00:00,17.826916022178338,0.17574019633432622,1.6827109336155155,24.919399269588734,385.11163620188887,1.0,0.0,0.0,0.0,0.21555000895956952,23333.40915167523,376.7049335021667,random_forest
2025-03-20 00:05:00,18.3895042460635,0.16982535041949542,1.755754889319254,25.467680708744833,385.73831846266114,0.0,0.0,0.0,0.0,0.21555000895956952,0.0,369.1094285552469,random_forest
2025-03-20 00:10:00,18.038879516258365,0.17379285511487333,1.7093274067632869,25.10301983804206,386.3537439428564,0.0,0.0,0.0,0.0,0.21555000895956952,0.0,361.667071842576,random_forest
2025-03-20 00:15:00,17.695324436019508,0.17778091177430988,1.66468850207683,24.74569388597384,386.95811484240414,1.0,0.0,0.0,0.0,0.21555000895956952,23333.40915167523,373.91177192133785,random_forest
2025-03-20 00:20:00,18.260565942234553,0.17180811352464775,1.73745494809973,25.293189552233386,387.55162972921755,0.0,0.1,0.0,0.0,0.6584833590394067,0.0,1117.2656623456621,random_forest
2025-03-20 00:25:00,17.88284314935242,0.1768342495340463,1.6864037918460586,24.84947521778765,389.3321890501558,1.0,0.0,0.0,0.0,0.21555000895956952,23333.40915167523,377.8920420970903,random_forest
2025-03-20 00:30:00,18.444303714071644,0.17103253821505932,1.7592330723536054,25.386370856127833,389.8830596272399,0.0,0.0,0.0,0.0,0.21555000895956952,0.0,391.4985906249476,random_forest
2025-03-20 00:35:00,18.072411053149228,0.17515382606155655,1.710111731075397,25.00832067834129,390.42403519117187,0.0,0.0,0.0,0.0,0.21555000895956952,0.0,383.60480103701065,random_forest
2025-03-20 00:40:00,17.708016867278623,0.17930031090265966,1.6629419321842047,24.63788210808236,390.95529348113274,1.0,0.0,0.0,0.0,0.21555000895956952,23333.40915167523,395.40717048561214,random_forest
2025-03-20 00:45:00,18.25283944693535,0.17339312596543677,1.7332892255935324,25.172862719485344,391.47700904366354,0.0,0.0,0.0,0.0,0.21555000895956952,0.0,387.43457216695026,random_forest
2025-03-20 00:50:00,17.884807281745424,0.177635901204375,1.6849697229864748,24.79126686826427,391.9893532900129,1.0,0.0,0.0,0.0,0.21555000895956952,23333.40915167523,399.15972190597006,random_forest
2025-03-20 00:55:00,18.426065234692416,0.1718760249875801,1.7554357103502745,25.31921703030993,392.4924945524547,0.0,0.0,0.0,0.0,0.21555000895956952,0.0,391.1114608594221,random_forest
2025-03-20 01:00:00,18.054540316393016,0.1761078822144405,1.7062164885477649,24.934635160340058,392.98659813959415,0.0,0.0,0.0,0.0,0.21555000895956952,0.0,383.22547697241345,random_forest
2025-03-20 01:05:00,17.690506458347627,0.1804217733738349,1.6588379429222986,24.55389678895708,393.47182639068075,1.0,0.0,0.0,0.0,0.21555000895956952,23333.40915167523,395.0354947355256,random_forest
2025-03-20 01:10:00,18.235682100536405,0.17461338088545028,1.728868039922567,25.078798502467734,393.9483387289449,0.0,0.0,0.0,0.0,0.21555000895956952,0.0,387.0703905183404,random_forest
2025-03-20 01:15:00,17.867995879075533,0.1789697745428523,1.680457789206301,24.69122987979923,394.4162917139772,1.0,0.0,0.0,0.0,0.21555000895956952,23333.40915167523,398.8028832552018,random_forest
2025-03-20 01:20:00,18.409592800485076,0.17324478095251516,1.750726029255559,25.21332784410661,394.87583909316646,0.0,0.0,0.0,0.0,0.21555000895956952,0.0,390.76181714956414,random_forest
2025-03-20 01:25:00,18.03840001602408,0.17759009718096735,1.7014200702611815,24.823011650255026,395.32713185221394,0.0,0.0,0.0,0.0,0.21555000895956952,0.0,382.8828831318078,random_forest
2025-03-20 01:30:00,17.674691594999537,0.18196567390879853,1.6540634309173183,24.4405476530276,395.77031826474007,1.0,0.0,0.0,0.0,0.21555000895956952,23333.40915167523,394.6998086175954,random_forest
2025-03-20 01:35:00,18.220186112419597,0.17612999649670172,1.7240137858812716,24.96378523912794,396.2055439410003,0.0,0.0,0.0,0.0,0.21555000895956952,0.0,386.7414728426115,random_forest
2025-03-20 01:40:00,17.852812336705863,0.1805479661995718,1.6756254376882036,24.574587257955926,396.6329518757258,1.0,0.0,0.0,0.0,0.21555000895956952,23333.40915167523,398.48059754951345,random_forest
2025-03-20 01:45:00,18.394715404016146,0.17474195211188928,1.7459268619522224,25.09894004682731,397.0526824951046,0.0,0.0,0.0,0.0,0.21555000895956952,0.0,390.44602969344504,random_forest
2025-03-20 01:50:00,18.023822592633355,0.17909535588812056,1.6967504743024493,24.710832681768636,397.4648737029195,0.0,0.0,0.0,0.0,0.21555000895956952,0.0,382.5734629009937,random_forest
2025-03-20 01:55:00,17.660408096327153,0.1834784400182328,1.6495187113554364,24.33053254745324,397.8696609258562,1.0,0.0,0.0,0.0,0.21555000895956952,23333.40915167523,394.3966272296655,random_forest
2025-03-20 02:00:00,18.206190612058826,0.17751223096968113,1.7196100260549116,24.85975168457834,398.2671771579987,0.0,0.0,0.0,0.0,0.21555000895956952,0.0,386.44440450372093,random_forest
2025-03-20 02:05:00,17.839099027744172,0.1818837227446423,1.671450552964972,24.476412473634333,398.6575530045245,1.0,0.0,0.0,0.0,0.21555000895956952,23333.40915167523,398.18951900219963,random_forest
2025-03-20 02:10:00,18.38127859662583,0.17600903256316575,1.7417785471045597,25.002653805409256,399.04091672461567,0.0,0.0,0.0,0.0,0.21555000895956952,0.0,390.1608201654869,random_forest
2025-03-20 02:15:00,18.01065671171075,0.18036926252368807,1.692715787539679,24.616396851679344,399.41739427359846,0.0,0.0,0.0,0.0,0.21555000895956952,0.0,382.2940040553013,random_forest
2025-03-20 02:20:00,17.64750767917947,0.18481303343893946,1.645483765349986,24.23408942444541,399.78710934432655,1.0,0.0,0.0,0.0,0.21555000895956952,23333.40915167523,394.1228031151809,random_forest
2025-03-20 02:25:00,18.193550306137592,0.1788303688007713,1.7154923426515758,24.761342162856497,400.15018340782063,0.0,0.0,0.0,0.0,0.21555000895956952,0.0,386.17610150730815,random_forest
2025-03-20 02:30:00,17.826713588424397,0.1832623939247901,1.6673332576975228,24.376076511370105,400.50673575317813,1.0,0.0,0.0,0.0,0.21555000895956952,23333.40915167523,397.92662580150574,random_forest
2025-03-20 02:35:00,18.369142885029948,0.1773688128540099,1.7375817675779357,24.900430450078286,400.85688352676596,0.0,0.0,0.0,0.0,0.21555000895956952,0.0,389.9032276827523,random_forest
2025-03-20 02:40:00,17.99876569257643,0.18178944839557432,1.6885199645459381,24.512324264566534,401.20074177070927,0.0,0.0,0.0,0.0,0.21555000895956952,0.0,382.04160541210234,random_forest
2025-03-20 02:45:00,17.635856418770416,0.1862402277726049,1.641396667606245,24.1320253148936,401.538423460689,1.0,0.0,0.0,0.0,0.21555000895956952,23333.40915167523,393.8754935880845,random_forest
2025-03-20 02:50:00,18.18213397019648,0.18018392070904457,1.7114375646537896,24.66124561905683,401.87003954306033,0.0,0.0,0.0,0.0,0.21555000895956952,0.0,385.9337784844209,random_forest
2025-03-20 02:55:00,17.81552744016708,0.18467667252011913,1.6632742010101467,24.274120372415343,402.1956989713045,1.0,0.0,0.0,0.0,0.21555000895956952,23333.40915167523,397.6891887398985,random_forest
2025-03-20 03:00:00,18.358182283180096,0.17881446197972325,1.733336705999204,24.792871996779674,402.5155087418257,0.0,0.0,0.0,0.0,0.21555000895956952,0.0,389.67057806674404,random_forest
2025-03-20 03:05:00,17.98802608943981,0.18340235802505475,1.6840538522467885,24.39550584319837,402.82957392910515,0.0,0.0,0.0,0.0,0.21555000895956952,0.0,381.81364671238464,random_forest
2025-03-20 03:10:00,17.625333358347994,0.18796985295716123,1.636821449779469,24.00990808780841,403.13799772022355,1.0,0.0,0.0,0.0,0.21555000895956952,23333.40915167523,393.65213122167023,random_forest
2025-03-20 03:15:00,18.171823086335575,0.1819296286003366,1.7066879932707153,24.53393898815671,403.4408814487637,0.0,0.0,0.0,0.0,0.21555000895956952,0.0,385.7149197754004,random_forest
2025-03-20 03:20:00,17.805424454749776,0.18643123842051681,1.658639355117018,24.149275039134512,403.73832462810384,1.0,0.0,0.0,0.0,0.21555000895956952,23333.40915167523,397.4747428809875,random_forest
2025-03-20 03:25:00,18.348283004348215,0.1804360422621044,1.7288405071246804,24.673580544780798,404.030424984113,0.0,0.0,0.0,0.0,0.21555000895956952,0.0,389.46045608160625,random_forest
2025-03-20 03:30:00,17.978326409855647,0.18497931400519005,1.6797768481231894,24.282316659771155,404.3172784872592,0.0,0.0,0.0,0.0,0.21555000895956952,0.0,381.60776141871446,random_forest
2025-03-20 03:35:00,17.61582925349013,0.1895000472626127,1.6327581363172288,23.902667120032593,404.59897938414105,1.0,0.0,0.0,0.0,0.21555000895956952,23333.40915167523,393.4503971950196,random_forest
2025-03-20 03:40:00,18.16251061282905,0.18327577032637873,1.702883572222445,24.43626245662093,404.8756202284523,0.0,0.0,0.0,0.0,0.21555000895956952,0.0,385.5172533137353,random_forest
2025-03-20 03:45:00,17.79629974872994,0.18767652507656457,1.6551492319517949,24.060948428946226,405.14729191139105,1.0,0.0,0.0,0.0,0.21555000895956952,23333.40915167523,397.2810619699587,random_forest
2025-03-20 03:50:00,18.33934227985755,0.18150449527597756,1.7256189374100992,24.595056802314723,405.4140836915222,0.0,0.0,0.0,0.0,0.21555000895956952,0.0,389.27068036052054,random_forest
2025-03-20 03:55:00,17.969565957272934,0.18600019801254386,1.676748773161908,24.20904912556302,405.67608322410354,0.0,0.0,0.0,0.0,0.21555000895956952,0.0,381.4218121471921,random_forest
2025-03-20 04:00:00,17.607245437991274,0.1905259300658974,1.629808955487448,23.830806250264015,405.93337658988526,1.0,0.0,0.0,0.0,0.21555000895956952,23333.40915167523,393.2681972203238,random_forest
2025-03-20 04:05:00,18.15409987287895,0.18430125472042147,1.699847384205499,24.362041117009355,406.186048323392,0.0,0.0,0.0,0.0,0.21555000895956952,0.0,385.33872703876057,random_forest
2025-03-20 04:10:00,17.78805859460476,0.1888149153325646,1.6519721067642428,23.980676985426953,406.434181440697,1.0,0.0,0.0,0.0,0.21555000895956952,23333.40915167523,397.10613532186466,random_forest
2025-03-20 04:15:00,18.33126729219678,0.18268851109760093,1.7222503674802707,24.50885360523311,406.6778574666971,0.0,0.0,0.0,0.0,0.21555000895956952,0.0,389.0992807599982,random_forest
2025-03-20 04:20:00,17.961653785660666,0.18724371522603706,1.673354387174379,24.12078233648811,406.9171564618983,0.0,0.0,0.0,0.0,0.21555000895956952,0.0,381.25386847834966,random_forest
2025-03-20 04:25:00,17.599492799566065,0.1918299721615675,1.6263879416394487,23.740517671400525,407.1521570487195,1.0,0.0,0.0,0.0,0.21555000895956952,23333.40915167523,393.10363980117984,random_forest
2025-03-20 04:30:00,18.14650355097172,0.18564340926620804,1.6962410595002404,24.26607093245908,407.3829364373245,0.0,0.0,0.0,0.0,0.21555000895956952,0.0,385.17748759233217,random_forest
2025-03-20 04:35:00,17.780615437404155,0.1902715988851337,1.6482327503503091,23.879141197323168,407.60957045098934,1.0,0.0,0.0,0.0,0.21555000895956952,23333.40915167523,396.9481469478382,random_forest
2025-03-20 04:40:00,18.323974211441453,0.18417473189138012,1.718332483419745,24.401865575254757,407.8321335510145,0.0,0.0,0.0,0.0,0.21555000895956952,0.0,388.94447790697177,random_forest
2025-03-20 04:45:00,17.954507755357906,0.1888443001754759,1.6693085625469168,24.00847930654025,408.05069886118935,0.0,0.0,0.0,0.0,0.21555000895956952,0.0,381.1021869166348,random_forest
2025-03-20 04:50:00,17.59249085473628,0.19354730939038764,1.6222153235464343,23.623010049206712,408.26533819181697,1.0,0.0,0.0,0.0,0.21555000895956952,23333.40915167523,392.95501659615195,random_forest
2025-03-20 04:55:00,18.13964278641823,0.18737780592099576,1.69189927945467,24.14349554405837,408.4761220633079,0.0,0.0,0.0,0.0,0.21555000895956952,0.0,385.03186107831783,random_forest
2025-03-20 05:00:00,17.77389300650778,0.19206857819433099,1.6438787542031623,23.75527042082351,408.6831197293498,1.0,0.0,0.0,0.0,0.21555000895956952,23333.40915167523,396.80545670252974,random_forest
2025-03-20 05:05:00,18.31738732497943,0.18598401453918456,1.7138135450385166,24.273066788695807,408.8863991996609,0.0,0.0,0.0,0.0,0.21555000895956952,0.0,388.80466472635703,random_forest
2025-03-20 05:10:00,17.94805368034659,0.19066297265796467,1.664889846231185,23.882193786450884,409.08602726233477,1.0,0.0,0.0,0.0,0.21555000895956952,23333.40915167523,400.5021892768349,random_forest
2025-03-20 05:15:00,18.48803639559233,0.18460732555288312,1.7351719419890075,24.401054663753975,409.2820695057838,0.0,0.0,0.0,0.0,0.21555000895956952,0.0,392.42686004866874,random_forest
2025-03-20 05:20:00,18.115261952220866,0.18922183674466647,1.6854768469672496,24.011211175391537,409.4745903402885,0.0,0.0,0.0,0.0,0.21555000895956952,0.0,384.51435375603023,random_forest
2025-03-20 05:25:00,17.750003763288625,0.1939762599741103,1.6375311865795663,23.621931041124906,409.66365301915965,1.0,0.0,0.0,0.0,0.21555000895956952,23333.40915167523,396.2983838850148,random_forest
2025-03-20 05:30:00,18.293979760785188,0.18779321188372106,1.7074956806783486,24.142354643301825,409.84931965952046,0.0,0.0,0.0,0.0,0.21555000895956952,0.0,388.3078160226015,random_forest
2025-03-20 05:35:00,17.925118083078768,0.19253536751380393,1.658643357130968,23.7504002060487,410.0316512627151,1.0,0.0,0.0,0.0,0.21555000895956952,23333.40915167523,400.01535853794155,random_forest
2025-03-20 05:40:00,18.465563248977567,0.1864867434302252,1.728737209810309,24.264581615387947,410.2107077343513,0.0,0.0,0.0,0.0,0.21555000895956952,0.0,391.94984528232254,random_forest
2025-03-20 05:45:00,18.093241931862504,0.1912701805035639,1.678894541740646,23.86651375746836,410.386547903982,0.0,0.0,0.0,0.0,0.21555000895956952,0.0,384.0469570426887,random_forest
2025-03-20 05:50:00,17.7284277327979,0.19614331763342174,1.6309100645037855,23.472851586943694,410.5592295444344,1.0,0.0,0.0,0.0,0.21555000895956952,23333.40915167523,395.84041129578907,random_forest
2025-03-20 05:55:00,18.27283876799042,0.19000532815523805,1.7005882151667584,23.985387845758435,410.72880939079124,0.0,0.1,0.0,0.0,0.6122397550811517,0.0,1099.92713477362,random_forest
2025-03-20 06:00:00,17.8762462154421,0.1961218815041941,1.6462059959838997,23.500247810557795,411.20182534644897,1.0,0.0,0.0,0.0,0.21555000895956952,23333.40915167523,398.978004805452,random_forest
2025-03-20 06:05:00,18.417676785245618,0.18999216385003423,1.7161312174161854,24.01221214129194,411.3598625652324,0.0,0.0,0.0,0.0,0.21555000895956952,0.0,390.93340772242874,random_forest
2025-03-20 06:10:00,18.04632100332752,0.19485732444685305,1.6665267358815494,23.61493468300642,411.5150610403554,0.0,0.0,0.0,0.0,0.21555000895956952,0.0,383.0510139224154,random_forest
2025-03-20 06:15:00,17.682452871365058,0.19974925225774778,1.6188968752267634,23.226259601445985,411.66747176275317,1.0,0.0,0.0,0.0,0.21555000895956952,23333.40915167523,394.86454938556665,random_forest
2025-03-20 06:20:00,18.22779089810027,0.19337250753419902,1.6887383101327087,23.747276733037367,411.817144807436,0.0,0.0,0.0,0.0,0.21555000895956952,0.0,386.9028919410032,random_forest
2025-03-20 06:25:00,17.86026378702477,0.19830529123838456,1.6400841159276802,23.352358023614613,411.964129349942,1.0,0.0,0.0,0.0,0.21555000895956952,23333.40915167523,419.8647511091841,random_forest
2025-03-20 06:30:00,18.38185360172236,0.1921325403125594,1.707757714470973,23.858981791927768,412.1084736824935,0.0,0.0,0.0,0.0,0.21555000895956952,0.0,411.4784039195961,random_forest
2025-03-20 06:35:00,17.994721905021432,0.19729168750999923,1.656107264165927,23.44308687883499,300.0,0.0,0.0,0.0,0.0,0.21555000895956952,0.0,403.29290654194057,random_forest
2025-03-20 06:40:00,17.616861864587257,0.2025549012363259,1.6065636531459864,23.031985516993608,300.0,1.0,0.0,1.0,0.0,0.21555000895956952,23333.40915167523,414.69830454297465,random_forest
2025-03-20 06:45:00,18.143359394426177,0.19615521853450618,1.67401519547041,23.54497230970152,302.1555000895957,1.0,0.0,1.0,0.0,0.21555000895956952,23333.40915167523,425.873735401999,random_forest
2025-03-20 06:50:00,18.659241149857117,0.1901141654313264,1.742021414023615,24.047041596290764,304.27228200722266,1.0,0.0,1.0,0.0,0.21555000895956952,23333.40915167523,436.8238359485569,random_forest
2025-03-20 06:55:00,19.164721176834508,0.18439109838810183,1.810573650378598,24.539525699533574,306.3510412280738,1.0,0.0,1.0,0.0,0.21555000895956952,23333.40915167523,447.5531495197562,random_forest
2025-03-20 07:00:00,19.66000920550229,0.17897233742847202,1.879610911948184,25.022062339549866,308.39246073486834,1.0,0.0,1.0,0.0,0.21555000895956952,23333.40915167523,436.8401386893526,random_forest
2025-03-20 07:05:00,20.165473746166832,0.17386971716453334,1.9514454236212835,25.496216189298067,310.39721124224786,1.0,0.0,1.0,0.0,0.21555000895956952,23333.40915167523,447.56912354824317,random_forest
2025-03-20 07:10:00,20.660746600772427,0.1690311867098294,2.0237852879775433,25.960805073317758,312.3659514171418,1.0,0.0,1.0,0.0,0.21555000895956952,23333.40915167523,458.0817797893652,random_forest
2025-03-20 07:15:00,21.14603326437633,0.1643957746300509,2.096694905069036,26.419514283878257,314.29932809517425,1.0,0.0,1.0,0.0,0.21555000895956952,23333.40915167523,468.38246924857555,random_forest
2025-03-20 07:20:00,21.62153508863712,0.16003704613257738,2.1699080686037,26.865474892532326,316.19797649318406,1.0,0.0,1.0,0.0,0.21555000895956952,23333.40915167523,478.47546581399564,random_forest
2025-03-20 07:25:00,22.087449365358076,0.15588744846189723,2.243510898335285,27.303027445384068,318.06252041792703,0.0,0.0,1.0,0.0,0.21555000895956952,0.0,468.82796071290034,random_forest
2025-03-20 07:30:00,21.642099926050953,0.16048522570704044,2.1714780657686963,26.832762047909213,319.8935724710297,1.0,0.0,1.0,0.0,0.21555000895956952,23333.40915167523,478.9119748299367,random_forest
2025-03-20 07:35:00,22.107599553771013,0.15624051460673943,2.2453263265781946,27.277303199547354,321.6917342502614,0.0,0.0,1.0,0.0,0.21555000895956952,0.0,469.2556683936447,random_forest
2025-03-20 07:40:00,21.66184382603451,0.1606290907675223,2.1737272209995417,26.824860114016438,323.45759654719103,1.0,0.0,1.0,0.0,0.21555000895956952,23333.40915167523,458.1050694808799,random_forest
2025-03-20 07:45:00,22.14710836627563,0.1562828615633544,2.250621399527028,27.281611366281258,325.19173954129366,0.0,0.0,1.0,0.0,0.21555000895956952,0.0,448.86829286342936,random_forest
2025-03-20 07:50:00,21.72071903095207,0.16069549881741318,2.181387540007085,26.83098919880453,326.89473299056993,1.0,0.0,1.0,0.0,0.21555000895956952,23333.40915167523,459.3547539420175,random_forest
2025-03-20 07:55:00,22.204796469909315,0.15626016722282887,2.258598630532922,27.295017575595,328.5671364187421,0.0,0.0,1.0,0.0,0.21555000895956952,0.0,428.8667907695834,random_forest
2025-03-20 08:00:00,21.797406977788896,0.16061191191976915,2.1918447363117273,26.85290405026369,330.20949929908704,1.0,0.0,1.0,0.0,0.21555000895956952,23333.40915167523,439.7565423139674,random_forest
2025-03-20 08:05:00,22.300101165940674,0.15617044288943846,2.2719724130419934,27.32157680494283,331.82236123496756,1.0,0.0,1.0,0.0,0.21555000895956952,23333.40915167523,429.2007345444587,random_forest
2025-03-20 08:10:00,22.812822535629227,0.15194973550254948,2.3555027126885406,27.785335021230495,333.4062521371206,1.0,0.0,1.0,0.0,0.21555000895956952,23333.40915167523,440.08375277752,random_forest
2025-03-20 08:15:00,23.31520589975025,0.14784651466571486,2.4398857031722097,28.248261639461127,334.9616923977611,0.0,0.0,1.0,0.0,0.21555000895956952,0.0,431.2103401301078,random_forest
2025-03-20 08:20:00,22.90559022130743,0.151996995494818,2.3686384535188205,27.79999964453779,336.4891930615585,0.0,0.0,1.0,0.0,0.21555000895956952,0.0,422.5158421813509,random_forest
2025-03-20 08:25:00,22.504233627456426,0.15623824221807348,2.300142947207386,27.356574397492665,337.98925599354203,0.0,0.0,1.0,0.0,0.21555000895956952,0.0,413.9966514725784,random_forest
2025-03-20 08:30:00,22.110969590200668,0.16052000434771635,2.234396702535978,26.922112856071674,339.46237404398977,0.0,0.0,1.0,0.0,0.21555000895956952,0.0,384.4232441263359,random_forest
2025-03-20 08:35:00,21.74579794820227,0.16489027350024724,2.1738122168011564,26.496354606107126,340.9090312103565,1.0,0.0,1.0,0.0,0.21555000895956952,23333.40915167523,396.20911129959967,random_forest
2025-03-20 08:40:00,22.289858747586074,0.1601763027334102,2.2597788725908896,26.985630124797062,342.3297027962922,0.0,0.0,1.0,0.0,0.21555000895956952,0.0,388.2203434411254,random_forest
2025-03-20 08:45:00,21.921080161905685,0.1645361814707242,2.1981221391192345,26.558787816366852,343.72485556780487,1.0,0.0,1.0,0.0,0.21555000895956952,23333.40915167523,399.92964966690886,random_forest
2025-03-20 08:50:00,22.46160674444525,0.15984382668040256,2.2843932528214683,27.0469539777164,345.09494790661756,0.0,0.0,1.0,0.0,0.21555000895956952,0.0,391.86586456002385,random_forest
2025-03-20 08:55:00,22.089365202366494,0.1640840556481206,2.2219849460081074,26.627897959949546,346.4404299607714,0.0,0.0,1.0,0.0,0.21555000895956952,0.0,383.9646696244456,random_forest
2025-03-20 09:00:00,21.724629169833428,0.1683858572325271,2.161916248538607,26.21512401341004,347.76174379252285,1.0,0.0,1.0,0.0,0.21555000895956952,23333.40915167523,374.53379388349174,random_forest
2025-03-20 09:05:00,22.289279804438213,0.1635425261033927,2.250641872734318,26.710605029651,349.05932352358496,0.0,0.0,1.0,0.0,0.21555000895956952,0.0,366.9820656441419,random_forest
2025-03-20 09:10:00,21.9406759009469,0.16785748292906746,2.192001576950884,26.298278249450806,350.33359547775905,0.0,0.0,1.0,0.0,0.21555000895956952,0.0,359.5826029688943,random_forest
2025-03-20 09:15:00,21.599100901082803,0.1722033522699352,2.1355475390181495,25.894388411395504,351.5849783210049,1.0,0.0,1.0,0.0,0.21555000895956952,23333.40915167523,371.8693322122189,random_forest
2025-03-20 09:20:00,22.16628256329429,0.1671136748866619,2.2243249486197625,26.40062635014583,352.8138831989946,0.0,0.0,1.0,0.0,0.21555000895956952,0.0,364.3713275374024,random_forest
2025-03-20 09:25:00,21.820158654277378,0.17150574416723732,2.166404819930687,25.990259899869677,354.02071387219587,1.0,0.0,1.0,0.0,0.21555000895956952,23333.40915167523,355.33551252837276,random_forest
2025-03-20 09:30:00,22.403046135985228,0.1665810342082113,2.258027780508682,26.48875107659071,355.20586684852873,0.0,0.0,1.0,0.0,0.21555000895956952,0.0,348.1708794078723,random_forest
2025-03-20 09:35:00,22.07231136988556,0.17096195948115533,2.201414526260024,26.080509131030645,356.36973151363935,0.0,0.0,1.0,0.0,0.21555000895956952,0.0,341.15070684912695,random_forest
2025-03-20 09:40:00,21.748245211835897,0.17537149448819966,2.146850152205023,25.68071613452339,357.5126902588339,1.0,0.0,1.0,0.0,0.21555000895956952,23333.40915167523,353.8090785789389,random_forest
2025-03-20 09:45:00,22.33258268492755,0.17018206620144724,2.238663555165959,26.1910572939707,358.63511860671457,0.0,0.0,1.0,0.0,0.21555000895956952,0.0,325.4492338038224,random_forest
2025-03-20 09:50:00,22.023431682975637,0.17458180923888822,2.185284756193838,25.792672149114328,359.7373853345584,0.0,0.0,1.0,0.0,0.21555000895956952,0.0,318.88719798882295,random_forest
2025-03-20 09:55:00,21.72051409544397,0.1789365674043637,2.1339515267309856,25.407788374258956,360.8198525954803,1.0,0.0,1.0,0.0,0.21555000895956952,23333.40915167523,331.99446904711493,random_forest
2025-03-20 10:00:00,22.325573720236918,0.17349860233760647,2.228766377944087,25.932786801556695,361.8828760374197,0.0,0.0,1.0,0.0,0.21555000895956952,0.0,325.30046159530417,random_forest
2025-03-20 10:05:00,22.016564040102814,0.17783311304031177,2.175766187777807,25.54556656933702,362.9268049199896,0.0,0.0,1.0,0.0,0.21555000895956952,0.0,318.74142547567715,random_forest
2025-03-20 10:10:00,21.71378492491588,0.18218946040995385,2.1246237518507747,25.16637522193849,363.95198222922687,1.0,0.0,1.0,0.0,0.21555000895956952,23333.40915167523,331.8516357464568,random_forest
2025-03-20 10:15:00,22.318980230034434,0.1765773318128289,2.2195742464408976,25.69690621047595,364.95874479028157,0.0,0.0,1.0,0.0,0.21555000895956952,0.0,325.16050824376606,random_forest
2025-03-20 10:20:00,22.010103494502317,0.18084631939888587,2.166938749192367,25.320089173029757,365.9474233780816,0.0,0.0,1.0,0.0,0.21555000895956952,0.0,318.6042940048191,random_forest
2025-03-20 10:25:00,21.70745464335417,0.1852041025243127,2.1159735048026573,24.946014314630993,366.91834282601013,1.0,0.0,1.0,0.0,0.21555000895956952,23333.40915167523,310.4912801026684,random_forest
2025-03-20 10:30:00,22.33294059494973,0.1794319586196505,2.2137575777842837,25.48517759992628,367.8718221326303,0.0,0.0,1.0,0.0,0.21555000895956952,0.0,304.230841642067,random_forest
2025-03-20 10:35:00,22.043945385408037,0.18384235165123364,2.1634701744547953,25.106593030475786,368.80817456649345,0.0,0.0,1.0,0.0,0.21555000895956952,0.0,298.09663245819763,random_forest
2025-03-20 10:40:00,21.760777188863766,0.18819677707050317,2.1150785981873876,24.74122260635958,369.7277077690642,1.0,0.0,1.0,0.0,0.21555000895956952,23333.40915167523,311.6231038754257,random_forest
2025-03-20 10:45:00,22.38518799749681,0.1824039523630647,2.2127554200571433,25.27486932828243,370.6307238557972,0.0,0.0,1.0,0.0,0.21555000895956952,0.0,305.33984444196074,random_forest
2025-03-20 10:50:00,22.09513932310978,0.18688158613637745,2.162146075691029,24.89621334109046,371.5175195153981,0.0,0.0,1.0,0.0,0.21555000895956952,0.0,299.18327442470803,random_forest
2025-03-20 10:55:00,21.81093890274128,0.19145130472332417,2.1130603341522023,24.52032601693567,372.38838610730124,1.0,0.0,1.0,0.0,0.21555000895956952,23333.40915167523,312.6878358702364,random_forest
2025-03-20 11:00:00,22.434338300288303,0.18555212941598292,2.210827353908684,25.054221714141807,373.24360975739717,0.0,0.0,1.0,0.0,0.21555000895956952,0.0,306.38310823602734,random_forest
2025-03-20 11:05:00,22.143298607906036,0.19009708598276612,2.1599206816964074,24.675796733511888,374.0834714520397,0.0,0.0,1.0,0.0,0.21555000895956952,0.0,300.20550288155425,random_forest
2025-03-20 11:10:00,21.858127151447007,0.19466070328715845,2.1107426110554193,24.30529614295813,374.9082471303651,1.0,0.0,1.0,0.0,0.21555000895956952,23333.40915167523,292.4634639695501,random_forest
2025-03-20 11:15:00,22.500738100866094,0.1885980633654786,2.2114588372356634,24.84728736665876,375.7182077749528,0.0,0.0,1.0,0.0,0.21555000895956952,0.0,286.56652052704743,random_forest
2025-03-20 11:20:00,22.22852259766349,0.1931462177284367,2.1629791345675837,24.476902904056253,376.5136195008574,0.0,0.0,1.0,0.0,0.21555000895956952,0.0,280.78847720797245,random_forest
2025-03-20 11:25:00,21.961795778089158,0.19770873130120775,2.1160916318353813,24.114382465140284,377.2947436430415,0.0,0.0,1.0,0.0,0.21555000895956952,0.0,275.12693662807203,random_forest
2025-03-20 11:30:00,21.700446973765963,0.20228363736067342,2.070732380012326,23.759543043946536,378.06183684223845,1.0,0.0,1.0,0.0,0.21555000895956952,23333.40915167523,289.11654622797533,random_forest
2025-03-20 11:35:00,22.346237230019376,0.1955667520666768,2.171983473844164,24.32989864540614,378.81515112927207,0.0,0.0,1.0,0.0,0.21555000895956952,0.0,283.28708671786165,random_forest
2025-03-20 11:40:00,22.07713692925893,0.19980502794730096,2.1254497728930173,23.992332053099858,379.5549340078624,0.0,0.0,1.0,0.0,0.21555000895956952,0.0,256.3491774960377,random_forest
2025-03-20 11:45:00,21.83362550922523,0.20412345378560443,2.0828249073302443,23.660420478457574,380.2814285359437,1.0,0.0,1.0,0.0,0.21555000895956952,23333.40915167523,270.71740322144126,random_forest
2025-03-20 11:50:00,22.496893494429003,0.1971385800313052,2.1876711166629903,24.24848490554854,380.9948734055219,0.0,0.0,1.0,0.0,0.21555000895956952,0.0,265.2589257964996,random_forest
2025-03-20 11:55:00,22.244918519013613,0.2012429235102625,2.1434108194519563,23.924841084357745,381.69550302109764,0.0,0.0,1.0,0.0,0.21555000895956952,0.0,242.29293670126376,random_forest
2025-03-20 12:00:00,22.014759414714664,0.20535099029181886,2.102712157581097,23.61074249379253,382.3835475766805,0.0,0.0,1.0,0.0,0.21555000895956952,0.0,233.7991638927375,random_forest
2025-03-20 12:05:00,21.792668722018398,0.2092900995001388,2.0641371079729347,23.314685560308675,383.05923313141994,1.0,0.0,1.0,0.0,0.21555000895956952,23333.40915167523,248.6220657443193,random_forest
2025-03-20 12:10:00,22.47692552824252,0.20182217929616833,2.1722736112488823,23.92665043877699,383.72278168387794,0.0,0.0,1.0,0.0,0.21555000895956952,0.0,243.60909680675286,random_forest
2025-03-20 12:15:00,22.24551617606133,0.2056610228563602,2.131632648077137,23.630378803413297,384.37441124496695,0.0,0.0,1.0,0.0,0.21555000895956952,0.0,238.69720440675673,random_forest
2025-03-20 12:20:00,22.01877273272002,0.20949595154591452,2.092255877556239,23.34020382631255,385.0143359095784,0.0,0.0,1.0,0.0,0.21555000895956952,0.0,233.88435053719883,random_forest
2025-03-20 12:25:00,21.79660111945688,0.21323529552758874,2.054331327826228,23.06175003807052,385.64276592692397,1.0,0.0,1.0,0.0,0.21555000895956952,23333.40915167523,248.70553476970562,random_forest
2025-03-20 12:30:00,22.480778636716245,0.20536530978436118,2.1631369080413307,23.69085626854562,386.2599077696138,0.0,0.0,1.0,0.0,0.21555000895956952,0.0,222.464893689428,random_forest
2025-03-20 12:35:00,22.2694546032276,0.20906397766733878,2.1255936280250927,23.41141067166051,386.8659642014935,0.0,0.0,1.0,0.0,0.21555000895956952,0.0,217.97933204619483,random_forest
2025-03-20 12:40:00,22.062391498118217,0.21265924283435497,2.0894292008867956,23.14381884944207,387.4611343442631,0.0,0.0,1.0,0.0,0.21555000895956952,0.0,213.58421282253428,random_forest
2025-03-20 12:45:00,21.85950340825103,0.2160519570715539,2.0548500535507364,22.89383433491256,388.0456137428988,1.0,0.0,1.0,0.0,0.21555000895956952,23333.40915167523,207.58871975752805,random_forest
2025-03-20 12:50:00,22.582738644004664,0.20765294659042796,2.170300058660658,23.557732227003147,388.61959442990013,0.0,0.0,1.0,0.0,0.21555000895956952,0.0,224.62909569847812,random_forest
2025-03-20 12:55:00,22.369358789976193,0.21096164955042432,2.133413108368116,23.30549921323384,389.18326498838263,0.0,0.0,1.0,0.0,0.21555000895956952,0.0,220.09989723075995,random_forest
2025-03-20 13:00:00,22.160281315854935,0.21416448928714288,2.0979034550039706,23.06436890867938,389.73681061403755,1.0,0.0,1.0,0.0,0.21555000895956952,23333.40915167523,213.97302836269446,random_forest
2025-03-20 13:05:00,22.877451963964628,0.20579539062724345,2.21459371450722,23.731415795115,390.2804131759783,0.0,0.0,1.0,0.0,0.21555000895956952,0.0,209.6586882760736,random_forest
2025-03-20 13:10:00,22.67829281158038,0.20894627202617894,2.179352000047893,23.48956780118563,390.81425127649436,0.0,0.0,1.0,0.0,0.21555000895956952,0.0,205.43133826724642,random_forest
2025-03-20 13:15:00,22.48314930696877,0.2120836622942825,2.145157142886639,23.25261689640468,391.33850030973133,0.0,0.0,1.0,0.0,0.21555000895956952,0.0,201.28922435449553,random_forest
2025-03-20 13:20:00,22.2919404825878,0.21520668997672618,2.1119716852132924,23.020461559792565,391.85333251931735,0.0,0.0,1.0,0.0,0.21555000895956952,0.0,197.2306279216526,random_forest
2025-03-20 13:25:00,22.104587003444756,0.21821340078750343,2.080028785264086,22.799331065463836,392.3589170549543,0.0,0.0,1.0,0.0,0.21555000895956952,0.0,193.2538650050225,random_forest
2025-03-20 13:30:00,21.921011134179086,0.22110140593154,2.0492892668626848,22.58897426482067,392.85542002799235,1.0,0.0,1.0,0.0,0.21555000895956952,23333.40915167523,208.8942820810875,random_forest
2025-03-20 13:35:00,22.643006189104142,0.21199326477324834,2.1663171261450733,23.2857869778903,393.3430045660065,0.0,0.0,1.0,0.0,0.21555000895956952,0.0,183.4563556452087,random_forest
2025-03-20 13:40:00,22.46873717793065,0.2148321573194697,2.1358041084347787,23.074251903288516,393.8218308663926,0.0,0.0,1.0,0.0,0.21555000895956952,0.0,179.75732350381242,random_forest
2025-03-20 13:45:00,22.297981954389712,0.2175467575923262,2.106448028334052,22.87368995840699,394.29205624900044,0.0,0.0,1.0,0.0,0.21555000895956952,0.0,176.1328749806013,random_forest
2025-03-20 13:50:00,22.13066966994984,0.22035059743368612,2.0776398014512307,22.670472109526855,394.75383520782214,0.0,0.0,1.0,0.0,0.21555000895956952,0.0,172.58150624541412,random_forest
2025-03-20 13:55:00,21.966730904599107,0.22313559200862476,2.0496433487662964,22.471353674957502,395.2073194617512,1.0,0.0,1.0,0.0,0.21555000895956952,23333.40915167523,188.63874027623294,random_forest
2025-03-20 14:00:00,22.70796712033705,0.21373804139718594,2.170051100274679,23.184779823876447,395.65265800443046,0.0,0.0,1.0,0.0,0.21555000895956952,0.0,184.8352156671224,random_forest
2025-03-20 14:05:00,22.5323883013255,0.21624701144662026,2.140210465657428,22.99524418026969,396.08999715320437,0.0,0.0,1.0,0.0,0.21555000895956952,0.0,181.10838155875908,random_forest
2025-03-20 14:10:00,22.360349679613673,0.21873728328613007,2.111232899198834,22.809511671923207,396.5194805971919,0.0,0.0,1.0,0.0,0.21555000895956952,0.0,177.4566916398898,random_forest
2025-03-20 14:15:00,22.19177987417172,0.221082805595374,2.0834245417241744,22.63528091131109,396.9412494444961,0.0,0.0,1.0,0.0,0.21555000895956952,0.0,173.878630777549,random_forest
2025-03-20 14:20:00,22.02660894322613,0.22331848394422543,2.05665315497716,22.470068834224406,397.35544226856575,0.0,0.0,1.0,0.0,0.21555000895956952,0.0,170.37271438841069,random_forest
2025-03-20 14:25:00,21.864768355240006,0.22553381790750165,2.030648833157283,22.308187839291218,397.7621951537238,1.0,0.0,1.0,0.0,0.21555000895956952,23333.40915167523,186.47448430921804,random_forest
2025-03-20 14:30:00,22.608060442773567,0.2155627731934917,2.151937885893096,23.051440245790186,398.16164173987846,0.0,0.0,1.0,0.0,0.21555000895956952,0.0,161.4886084565424,random_forest
2025-03-20 14:35:00,22.454659051949417,0.21784097997416382,2.1258011934205676,22.88158732352663,398.5539132664311,0.0,0.0,1.0,0.0,0.21555000895956952,0.0,179.4585013543979,random_forest
2025-03-20 14:40:00,22.284187685788684,0.2202122986784431,2.097511830152249,22.704733694778614,398.9391386153951,0.0,0.0,1.0,0.0,0.21555000895956952,0.0,154.6140888288558,random_forest
2025-03-20 14:45:00,22.137316544263317,0.2225641526981082,2.072579647876787,22.53477317817626,399.31744435374077,0.0,0.0,1.0,0.0,0.21555000895956952,0.0,151.49660357150833,random_forest
2025-03-20 14:50:00,21.993406766879495,0.22510747952497875,2.0477680418651136,22.3553086237201,399.6889547749789,0.0,0.0,1.0,0.0,0.21555000895956952,0.0,148.44197619731622,random_forest
2025-03-20 14:55:00,21.852398643625516,0.22764954902740187,2.023573520763585,22.17826723419709,400.05379193999823,1.0,0.0,1.0,0.0,0.21555000895956952,23333.40915167523,164.985935788621,random_forest
2025-03-20 15:00:00,22.616103150718313,0.21753983778307476,2.147561750891687,22.927745227492178,400.4120757171685,0.0,0.0,1.0,0.0,0.21555000895956952,0.0,161.65932288816254,random_forest
2025-03-20 15:05:00,22.462539594701866,0.21980069888020257,2.1214900911667898,22.76022339998755,400.7639238217238,0.0,0.0,1.0,0.0,0.21555000895956952,0.0,158.39978451339982,random_forest
2025-03-20 15:10:00,22.312072342040263,0.2219277317916681,2.096449412677,22.60308070824612,401.1094518544383,0.0,0.0,1.0,0.0,0.21555000895956952,0.0,155.20596824007077,random_forest
2025-03-20 15:15:00,22.16463896194124,0.2242637431442751,2.0714914303896914,22.435063932228232,401.4487733396072,0.0,0.0,1.0,0.0,0.21555000895956952,0.0,152.07654891285577,random_forest
2025-03-20 15:20:00,22.020178282405155,0.22654080862732381,2.047317987848834,22.272727320764325,401.78199976234544,0.0,0.0,1.0,0.0,0.21555000895956952,0.0,149.01022809555374,random_forest
2025-03-20 15:25:00,21.878630364843943,0.2286019162972889,2.024315563282064,22.125332594295358,402.1092406052164,1.0,0.0,1.0,0.0,0.21555000895956952,23333.40915167523,165.54273001874662,random_forest
2025-03-20 15:30:00,22.641805961506954,0.21832366473076092,2.148757742568639,22.882768550091658,402.43060338420304,0.0,0.0,1.0,0.0,0.21555000895956952,0.0,162.20489047124101,random_forest
2025-03-20 15:35:00,22.48772415948645,0.22035274939248908,2.123233716107025,22.73005015376508,402.74619368403216,0.0,0.0,1.0,0.0,0.21555000895956952,0.0,158.93435181241614,random_forest
2025-03-20 15:40:00,22.336749110219614,0.2224750648259293,2.098120077258132,22.573415651028853,403.056115192865,0.0,0.0,1.0,0.0,0.21555000895956952,0.0,155.72975705385096,random_forest
2025-03-20 15:45:00,22.188818172222856,0.2245769053700095,2.073704809624786,22.419928926824785,403.360469736364,0.0,0.0,1.0,0.0,0.21555000895956952,0.0,152.58977656809412,random_forest
2025-03-20 15:50:00,22.043869967053382,0.22665804856020824,2.0499649324332467,22.26952666756534,403.65935731114814,0.0,0.0,1.0,0.0,0.21555000895956952,0.0,149.51310753698442,random_forest
2025-03-20 15:55:00,21.90184435384249,0.22866001190214574,2.0270315131801695,22.125641992431525,403.95287611764707,1.0,0.0,1.0,0.0,0.21555000895956952,23333.40915167523,166.0354698974974,random_forest
2025-03-20 16:00:00,22.664551886637483,0.21826919053830376,2.1518737226056217,22.89001960763499,404.2411225923651,0.0,0.0,1.0,0.0,0.21555000895956952,0.0,162.68769523140494,random_forest
2025-03-20 16:05:00,22.510011458324925,0.22029909803206435,2.1262551018452296,22.73711943791382,404.5241914395658,0.0,0.0,1.0,0.0,0.21555000895956952,0.0,159.4074217758782,random_forest
2025-03-20 16:10:00,22.358587030052064,0.2224220907997076,2.101050209387127,22.580314228218935,404.8021756623873,0.0,0.0,1.0,0.0,0.21555000895956952,0.0,156.19328850340423,random_forest
2025-03-20 16:15:00,22.210215773882204,0.22463900551660906,2.0762405902296037,22.419674442777268,405.0751665933988,0.0,0.0,1.0,0.0,0.21555000895956952,0.0,153.04396182887996,random_forest
2025-03-20 16:20:00,22.064836128678895,0.22683519308067396,2.052114937040712,22.262256077975845,405.34325392460823,0.0,0.0,1.0,0.0,0.21555000895956952,0.0,149.95813505629064,random_forest
2025-03-20 16:25:00,21.922387774563433,0.22901039969696196,2.0286509431982127,22.10799433492965,405.6065257369306,1.0,0.0,1.0,0.0,0.21555000895956952,23333.40915167523,166.4715243229474,random_forest
2025-03-20 16:30:00,22.6846810901825,0.21887774923679124,2.1528244714627096,22.85521124628023,405.8650685291276,0.0,0.0,1.0,0.0,0.21555000895956952,0.0,163.11495748757056,random_forest
2025-03-20 16:35:00,22.529734796558646,0.2211461274563027,2.126489808659097,22.687770736132766,406.1189672462267,0.0,0.0,1.0,0.0,0.21555000895956952,0.0,159.82606913934742,random_forest
2025-03-20 16:40:00,22.377912686440393,0.22337501894780928,2.1009415674691314,22.52487118976079,406.3683053074304,0.0,0.0,1.0,0.0,0.21555000895956952,0.0,156.6034946763356,random_forest
2025-03-20 16:45:00,22.22915176688775,0.22569763097868742,2.075796156999946,22.358289363438796,406.6131646335235,0.0,0.0,1.0,0.0,0.21555000895956952,0.0,153.44589701107387,random_forest
2025-03-20 16:50:00,22.083390315087932,0.22788413410425784,2.051648371312097,22.201989315946292,406.8536256737889,0.0,0.0,1.0,0.0,0.21555000895956952,0.0,150.3519660158074,random_forest
2025-03-20 16:55:00,21.940567852745787,0.23004957870353085,2.028163906359048,22.048824515235605,407.0897674324389,1.0,0.0,1.0,0.0,0.21555000895956952,23333.40915167523,166.85741446530136,random_forest
2025-03-20 17:00:00,22.702494603285693,0.2197982237924608,2.1526110169732022,22.800601402187134,407.3216674945729,0.0,0.0,1.0,0.0,0.21555000895956952,0.0,174.1060615015318,random_forest
2025-03-20 17:05:00,22.53710763116105,0.2221165767450847,2.1247908985730923,22.62889624891863,407.5494020516677,0.0,0.0,1.0,0.0,0.21555000895956952,0.0,181.20855400267206,random_forest
2025-03-20 17:10:00,22.364973853559494,0.22445576924173075,2.096368749997505,22.45647078167931,407.7730459266106,0.0,0.0,1.0,0.0,0.21555000895956952,0.0,177.55484430591926,random_forest
2025-03-20 17:15:00,22.19631081085687,0.2268820692929433,2.0684831396548438,22.28102487599056,407.9926725982829,0.0,0.0,1.0,0.0,0.21555000895956952,0.0,173.9748043904945,random_forest
2025-03-20 17:20:00,22.03104852259433,0.22917964430882093,2.041685060632169,22.115598076796314,408.2083542257013,1.0,0.0,1.0,0.0,0.21555000895956952,23333.40915167523,190.0039453383396,random_forest
2025-03-20 17:25:00,22.770987901624785,0.2192101786481054,2.16319428662767,22.848882336347977,408.4201616717262,0.0,0.0,1.0,0.0,0.21555000895956952,0.0,186.17289408733888,random_forest
2025-03-20 17:30:00,22.594138394035895,0.22167870792256905,2.1333574706303287,22.66550002624956,408.62816452634365,0.0,0.0,1.0,0.0,0.21555000895956952,0.0,182.41908835701224,random_forest
2025-03-20 17:35:00,22.420854704651887,0.22414578160936569,2.1043400758542408,22.484700836405313,408.83243112952977,0.0,0.0,1.0,0.0,0.21555000895956952,0.0,178.74097064523474,random_forest
2025-03-20 17:40:00,22.251064935848373,0.2266818130616204,2.075923326312231,22.30215392932195,409.03302859370365,0.0,0.0,1.0,0.0,0.21555000895956952,0.0,175.13701485381074,random_forest
2025-03-20 17:45:00,22.084698639673405,0.22919781987698798,2.0483209001890286,22.123269832952246,409.23002282577755,0.0,0.0,1.0,0.0,0.21555000895956952,0.0,171.6057256552762,random_forest
2025-03-20 17:50:00,21.921686788617727,0.23169338009322152,2.0215049827206744,21.94797484103385,409.4234785488107,1.0,0.0,1.0,0.0,0.21555000895956952,23333.40915167523,187.68263435887033,random_forest
2025-03-20 17:55:00,22.66383122926949,0.2217678712225201,2.142149276452116,22.671601907116976,409.6134593232744,0.0,0.0,1.0,0.0,0.21555000895956952,0.0,205.12437687793675,random_forest
2025-03-20 18:00:00,22.46897931367149,0.2243306659695976,2.1099974065168654,22.4813455512656,409.800027567935,0.0,0.0,1.0,0.0,0.21555000895956952,0.0,200.98845223042684,random_forest
2025-03-20 18:05:00,22.278056198992243,0.2268742260629926,2.0788169064983846,22.29493677166745,409.98324458036154,0.0,0.0,1.0,0.0,0.21555000895956952,0.0,196.9359202686144,random_forest
2025-03-20 18:10:00,22.090982668783646,0.22939808244978013,2.0485726636099035,22.112297764561237,410.1631705570656,0.0,0.0,1.0,0.0,0.21555000895956952,0.0,192.96509954503114,random_forest
2025-03-20 18:15:00,21.90768110383955,0.2319867261308406,2.019007779324963,21.92832140333439,410.3398646132788,1.0,0.0,1.0,0.0,0.21555000895956952,23333.40915167523,208.61133900165132,random_forest
2025-03-20 18:20:00,22.62994493228569,0.22194545623757744,2.1372636832473346,22.65495326678516,410.5133848023753,0.0,0.0,1.0,0.0,0.21555000895956952,0.0,204.4051067056214,random_forest
2025-03-20 18:25:00,22.435776266397163,0.22460574349362203,2.1049997691981996,22.459012835455678,410.68378813494564,0.0,0.0,0.0,0.0,0.21555000895956952,0.0,200.50597543828533,random_forest
2025-03-20 18:30:00,22.255784039858113,0.22779900256930527,2.0735194528509466,22.235381892489354,300.0,0.0,0.0,0.0,0.0,0.21555000895956952,0.0,196.60607284344164,random_forest
2025-03-20 18:35:00,22.075756207194015,0.23090928973718286,2.04265992096874,22.019578789825346,300.0,0.0,0.0,0.0,0.0,0.21555000895956952,0.0,199.75762462255182,random_forest
2025-03-20 18:40:00,21.891238567977087,0.23403439110693836,2.0116061969696357,21.804875323762445,300.0,0.0,0.0,0.0,0.0,0.21555000895956952,0.0,209.95132258334021,random_forest
2025-03-20 18:45:00,21.691801436172703,0.2369182496821173,1.9797810209801927,21.604449367741122,302.1555000895957,0.0,0.0,0.0,0.0,0.21555000895956952,0.0,205.71807218635558,random_forest
2025-03-20 18:50:00,21.49638555704249,0.23978282766356,1.9489238459488762,21.408062487329,304.27228200722266,0.0,0.0,0.0,0.0,0.21555000895956952,0.0,201.57017685502652,random_forest
2025-03-20 18:55:00,21.30490985003278,0.24252810009284617,1.919251293769649,21.221269438091134,306.3510412280738,0.0,0.0,0.0,0.0,0.21555000895956952,0.0,197.5059155744,random_forest
2025-03-20 19:00:00,21.117294869417826,0.24535300118445008,1.890221223972636,21.032616550165084,308.39246073486834,0.0,0.0,0.0,0.0,0.21555000895956952,0.0,193.52360203036292,random_forest
2025-03-20 19:05:00,20.933462771336767,0.2481569202116338,1.8620578351664325,20.847765255588836,310.39721124224786,0.0,0.0,0.0,0.0,0.21555000895956952,0.0,189.6215839099687,random_forest
2025-03-20 19:10:00,20.753337281495202,0.25104218751592877,1.8344782544083413,20.661003890939465,312.3659514171418,0.0,0.0,0.0,0.0,0.21555000895956952,0.0,185.79824221587154,random_forest
2025-03-20 19:15:00,20.576843663518012,0.25390583836461206,1.8077092830234278,20.47799634921099,314.29932809517425,0.0,0.0,0.0,0.0,0.21555000895956952,0.0,182.05199059458363,random_forest
2025-03-20 19:20:00,20.40390868794028,0.25678203000788535,1.7816393078288066,20.296809533247067,316.19797649318406,0.0,0.0,0.0,0.0,0.21555000895956952,0.0,199.60726383428172,random_forest
2025-03-20 19:25:00,20.214297592870242,0.259816816681741,1.753709618627998,20.106643744768757,318.06252041792703,0.0,0.0,0.0,0.0,0.21555000895956952,0.0,195.58258078646682,random_forest
2025-03-20 19:30:00,20.028509628007725,0.26282962124298115,1.7266189158858372,19.920311069427598,319.8935724710297,0.0,0.0,0.0,0.0,0.21555000895956952,0.0,191.63904745897878,random_forest
2025-03-20 19:35:00,19.84646770754413,0.2659216732246611,1.7001012462300598,19.732467569605287,321.6917342502614,0.0,0.0,0.0,0.0,0.21555000895956952,0.0,166.5490384732752,random_forest
2025-03-20 19:40:00,19.688259308905902,0.2688825870919574,1.6767127763960459,19.556899183303493,323.45759654719103,0.0,0.0,0.0,0.0,0.21555000895956952,0.0,163.19090871939125,random_forest
2025-03-20 19:45:00,19.53324086762589,0.2718192964417357,1.6539816776860858,19.384851412825356,325.19173954129366,0.0,0.0,0.0,0.0,0.21555000895956952,0.0,159.9004889658009,random_forest
2025-03-20 19:50:00,19.381348064565316,0.27482426729834836,1.6316768695193393,19.21159955519065,326.89473299056993,0.0,0.0,0.0,0.0,0.21555000895956952,0.0,156.676413975162,random_forest
2025-03-20 19:55:00,19.232517877452782,0.2778233906217338,1.6099472631196843,19.04087074192121,328.5671364187421,0.0,0.0,0.0,0.0,0.21555000895956952,0.0,174.74333519343014,random_forest
2025-03-20 20:00:00,19.0665255457823,0.28090600614946154,1.586579556200773,18.865365050492418,330.20949929908704,0.0,0.0,0.0,0.0,0.21555000895956952,0.0,171.21998376141252,random_forest
2025-03-20 20:05:00,18.903880118981455,0.2840715866541422,1.5636468663700738,18.68815044845222,331.82236123496756,0.0,0.0,0.0,0.0,0.21555000895956952,0.0,167.76767369586395,random_forest
2025-03-20 20:10:00,18.74451411337739,0.28732092135819337,1.541130470840688,18.509264423596754,333.4062521371206,0.0,0.0,0.0,0.0,0.21555000895956952,0.0,164.38497258907628,random_forest
2025-03-20 20:15:00,18.58836140597116,0.29065472634548406,1.5190125041589368,18.328748478985908,334.9616923977611,0.0,0.0,0.0,0.0,0.21555000895956952,0.0,161.07047691499076,random_forest
2025-03-20 20:20:00,18.435357207002426,0.29396248052195967,1.4975116980501648,18.15185569479865,336.4891930615585,0.0,0.0,0.0,0.0,0.21555000895956952,0.0,157.82281144685717,random_forest
2025-03-20 20:25:00,18.285438033067376,0.2973558383755779,1.4763717591097845,17.973312557448025,337.98925599354203,0.0,0.0,0.0,0.0,0.21555000895956952,0.0,175.86661784263958,random_forest
2025-03-20 20:30:00,18.118378671825432,0.30082125981614516,1.4537642652551264,17.791102988051453,339.46237404398977,1.0,0.0,0.0,0.0,0.21555000895956952,23333.40915167523,191.8576141389113,random_forest
2025-03-20 20:35:00,18.856557212275057,0.2876404505792567,1.5512614393235928,18.509564344164545,340.9090312103565,0.0,0.0,0.0,0.0,0.21555000895956952,0.0,187.98918734728835,random_forest
2025-03-20 20:40:00,18.677982369909405,0.29127708746214404,1.5262133115446943,18.31165072724248,342.3297027962922,0.0,0.0,0.0,0.0,0.21555000895956952,0.0,184.19875967969966,random_forest
2025-03-20 20:45:00,18.503008133689185,0.29488979501482465,1.5018962979282258,18.117708404091303,343.72485556780487,0.0,0.0,0.0,0.0,0.21555000895956952,0.0,180.48475843910904,random_forest
2025-03-20 20:50:00,18.331561904560456,0.2985824798880214,1.4780642596570588,17.922822982403925,345.09494790661756,0.0,0.0,0.0,0.0,0.21555000895956952,0.0,176.84564263878468,random_forest
2025-03-20 20:55:00,18.16357254728464,0.30225006686621536,1.4549172049101904,17.731849687199286,346.4404299607714,0.0,0.0,0.0,0.0,0.21555000895956952,0.0,173.279902362924,random_forest
2025-03-20 21:00:00,17.99897036092362,0.3059270790094516,1.432358777403346,17.543118991843723,347.76174379252285,1.0,0.0,0.0,0.0,0.21555000895956952,23333.40915167523,189.3230546265726,random_forest
2025-03-20 21:05:00,18.739556532215047,0.2926173708253638,1.5292032072683475,18.256822861890956,349.05932352358496,0.0,0.0,0.0,0.0,0.21555000895956952,0.0,185.50573218108934,random_forest
2025-03-20 21:10:00,18.563340775608975,0.29652954596502945,1.5040746449622793,18.0494508841809,350.33359547775905,0.0,0.0,0.0,0.0,0.21555000895956952,0.0,181.76537844225166,random_forest
2025-03-20 21:15:00,18.390678058881047,0.30041800097579374,1.4796704455649405,17.846251980275042,351.5849783210049,0.0,0.0,0.0,0.0,0.21555000895956952,0.0,185.10501791081998,random_forest
2025-03-20 21:20:00,18.214842949101833,0.3042750440920742,1.4553718599091043,17.64656276231426,352.8138831989946,0.0,0.0,0.0,0.0,0.21555000895956952,0.0,174.36816735591972,random_forest
2025-03-20 21:25:00,18.04920699716994,0.30811365807782465,1.4323625970852127,17.45147009299354,354.02071387219587,0.0,0.0,0.0,0.0,0.21555000895956952,0.0,192.07836959237383,random_forest
2025-03-20 21:30:00,17.86674775546662,0.3119990092991861,1.4080672889640131,17.254433148714515,355.20586684852873,1.0,0.0,0.0,0.0,0.21555000895956952,23333.40915167523,207.7424881929685,random_forest
2025-03-20 21:35:00,18.589836923382485,0.29848141540282647,1.5023909382755207,17.962462123731257,356.36973151363935,0.0,0.0,0.0,0.0,0.21555000895956952,0.0,203.5537745435731,random_forest
2025-03-20 21:40:00,18.396476955636572,0.3025389300991389,1.4757208129692965,17.749875278624692,357.5126902588339,0.0,0.0,0.0,0.0,0.21555000895956952,0.0,199.44951796499288,random_forest
2025-03-20 21:45:00,18.20701570665151,0.3065739408549546,1.4498503318250044,17.541555503341726,358.63511860671457,0.0,0.0,0.0,0.0,0.21555000895956952,0.0,195.4280155485528,random_forest
2025-03-20 21:50:00,18.02137456652602,0.31058547164565153,1.4247506507474599,17.337416695870548,359.7373853345584,1.0,0.0,0.0,0.0,0.21555000895956952,23333.40915167523,211.02459520774298,random_forest
2025-03-20 21:55:00,18.74134599266609,0.2972694641941535,1.5193163639559406,18.039243990494338,360.8198525954803,0.0,0.0,0.0,0.0,0.21555000895956952,0.0,206.76970440522328,random_forest
2025-03-20 22:00:00,18.54493114619972,0.3013324012396412,1.4920851696019115,17.82503138975832,361.8828760374197,0.0,0.0,0.0,0.0,0.21555000895956952,0.0,202.6006050040497,random_forest
2025-03-20 22:05:00,18.35247661404119,0.3054709684993676,1.4654691472356076,17.610694183786183,362.9268049199896,0.0,0.0,0.0,0.0,0.21555000895956952,0.0,198.51556719142877,random_forest
2025-03-20 22:10:00,18.16390254433766,0.3096858891858883,1.4394421855579103,17.396243268897273,363.95198222922687,0.0,0.0,0.0,0.0,0.21555000895956952,0.0,215.73888518880287,random_forest
2025-03-20 22:15:00,17.9589676863367,0.3138846541414702,1.412379332514531,17.18317454043325,364.95874479028157,1.0,0.0,0.0,0.0,0.21555000895956952,23333.40915167523,230.92593660158937,random_forest
2025-03-20 22:20:00,18.660034414007566,0.3006292034759616,1.504384081562887,17.87283631989863,365.9474233780816,0.0,0.0,0.0,0.0,0.21555000895956952,0.0,226.2697748743648,random_forest
2025-03-20 22:25:00,18.445096044676482,0.3050391657695307,1.4749176973641793,17.6425878428268,366.91834282601013,0.0,0.0,0.0,0.0,0.21555000895956952,0.0,221.7074953777339,random_forest
2025-03-20 22:30:00,18.23449147961061,0.3095221275527469,1.4461779520453217,17.412849664991572,367.8718221326303,0.0,0.0,0.0,0.0,0.21555000895956952,0.0,217.23720516344054,random_forest
2025-03-20 22:35:00,18.028133336275747,0.3139548485308673,1.4183899686403574,17.189079895259546,368.80817456649345,1.0,0.0,0.0,0.0,0.21555000895956952,23333.40915167523,232.39404593716364,random_forest
2025-03-20 22:40:00,18.72780547632764,0.3007932487849003,1.5104188071353155,17.874421562435707,369.7277077690642,0.0,0.0,0.0,0.0,0.21555000895956952,0.0,227.70828270826166,random_forest
2025-03-20 22:45:00,18.51150063846023,0.30529222871676226,1.4805261446422602,17.63995642981789,370.6307238557972,0.0,0.0,0.0,0.0,0.21555000895956952,0.0,223.11699856529657,random_forest
2025-03-20 22:50:00,18.29955715697536,0.3097730178931228,1.4515662910980693,17.410199326577487,371.5175195153981,0.0,0.0,0.0,0.0,0.21555000895956952,0.0,197.39229936960783,random_forest
2025-03-20 22:55:00,18.11205010275845,0.31406104014436154,1.4256686302754553,17.195317139871715,372.38838610730124,0.0,0.0,0.0,0.0,0.21555000895956952,0.0,193.41227667012515,random_forest
2025-03-20 23:00:00,17.928323754954498,0.31832568741924494,1.400535165431295,16.98475385080291,373.24360975739717,1.0,0.0,0.0,0.0,0.21555000895956952,23333.40915167523,230.27548884637343,random_forest
2025-03-20 23:05:00,18.630008356488187,0.3048884815401135,1.4924162096212346,17.67407276313914,374.0834714520397,0.0,0.0,0.0,0.0,0.21555000895956952,0.0,225.63244210306092,random_forest
2025-03-20 23:10:00,18.415675402823698,0.309278766417214,1.4632199246948274,17.447605725600184,374.9082471303651,0.0,0.0,0.0,0.0,0.21555000895956952,0.0,221.08301315280391,random_forest
2025-03-20 23:15:00,18.20566404642291,0.3136490640324576,1.4349355499857759,17.225687377544695,375.7182077749528,0.0,0.0,0.0,0.0,0.21555000895956952,0.0,216.62531437920288,random_forest
2025-03-20 23:20:00,17.999887150881506,0.3179981946899619,1.4075287390195719,17.008226163933166,376.5136195008574,1.0,0.0,0.0,0.0,0.21555000895956952,23333.40915167523,231.79449271228697,random_forest
2025-03-20 23:25:00,18.700128819022396,0.30467926829287106,1.4994273263589877,17.69293721573077,377.2947436430415,0.0,0.0,0.0,0.0,0.21555000895956952,0.0,227.1208182804261,random_forest
2025-03-20 23:30:00,18.484382025844027,0.3090701556646636,1.4699760404695117,17.46601442704384,378.06183684223845,0.0,0.0,0.0,0.0,0.21555000895956952,0.0,222.5413791879792,random_forest
2025-03-20 23:35:00,18.27298533718814,0.31334939446407156,1.4416399346087116,17.247709146751728,378.81515112927207,0.0,0.0,0.0,0.0,0.21555000895956952,0.0,218.0542753669539,random_forest
2025-03-20 23:40:00,18.065851041858295,0.3176068447167514,1.4141880184287525,17.0337933156553,379.5549340078624,0.0,0.0,0.0,0.0,0.21555000895956952,0.0,213.6576450604459,random_forest
2025-03-20 23:45:00,17.8628931971797,0.32193558994541693,1.3873943825282984,16.8201231665254,380.2814285359437,1.0,0.0,0.0,0.0,0.21555000895956952,23333.40915167523,228.88666053657428,random_forest
2025-03-20 23:50:00,18.56589707563562,0.30827215332386687,1.479204714530102,17.512614274879258,380.9948734055219,0.0,0.0,0.0,0.0,0.21555000895956952,0.0,224.27161675090667,random_forest
2025-03-20 23:55:00,18.35285679830096,0.31264672144660105,1.4503627485593888,17.2892569145252,381.69550302109764,0.0,0.0,0.0,0.0,0.21555000895956952,0.0,219.74962613440889,random_forest
2025-03-21 00:00:00,18.14411205398559,0.3170004857065671,1.4224208939075051,17.070387006021864,382.3835475766805,0.0,0.0,0.0,0.0,0.21555000895956952,0.0,215.3188124551979,random_forest
2025-03-21 00:05:00,17.93957623181879,0.3212385756140666,1.395537979214223,16.859959124277317,383.05923313141994,1.0,0.0,0.0,0.0,0.21555000895956952,23333.40915167523,230.5143337982731,random_forest
2025-03-21 00:10:00,18.64103394956072,0.3076273459607115,1.4875615700295624,17.551589384476745,383.72278168387794,0.0,0.0,0.0,0.0,0.21555000895956952,0.0,225.86647122205702,random_forest
2025-03-21 00:15:00,18.426478686764394,0.31200474684019835,1.4584322683856128,17.327389175460485,384.37441124496695,0.0,0.0,0.0,0.0,0.21555000895956952,0.0,224.92074169709926,random_forest
2025-03-21 00:20:00,18.212821792130743,0.3164527763891151,1.4297161330703663,17.103251797071316,385.0143359095784,0.0,0.0,0.0,0.0,0.21555000895956952,0.0,216.7772446119788,random_forest
2025-03-21 00:25:00,18.00690057489855,0.32088068764803107,1.4021979598958503,16.884024261092804,385.64276592692397,1.0,0.0,0.0,0.0,0.21555000895956952,23333.40915167523,231.94335957441916,random_forest
2025-03-21 00:30:00,18.70700083130819,0.307389283697134,1.4942252351266823,17.57106818125736,386.2599077696138,0.0,0.0,0.0,0.0,0.21555000895956952,0.0,227.26668353868425,random_forest
2025-03-21 00:35:00,18.491115477684573,0.3117676594626627,1.4648546817436134,17.346399712867246,386.8659642014935,0.0,0.0,0.0,0.0,0.21555000895956952,0.0,222.68430336372907,random_forest
2025-03-21 00:40:00,18.279583022378937,0.31594207863932683,1.436791135963242,17.13430164244804,387.4611343442631,0.0,0.0,0.0,0.0,0.21555000895956952,0.0,218.1943177612685,random_forest
2025-03-21 00:45:00,18.07231569786352,0.320000447178147,1.4098001314890625,16.93050776706775,388.0456137428988,0.0,0.0,0.0,0.0,0.21555000895956952,0.0,192.56887462270507,random_forest
2025-03-21 00:50:00,17.889390515221216,0.3239249503446117,1.3856327137801996,16.73805884807203,388.61959442990013,1.0,0.0,0.0,0.0,0.21555000895956952,23333.40915167523,208.22310316598163,random_forest
2025-03-21 00:55:00,18.612023136969427,0.30977290817510855,1.4802625454833653,17.45134442193907,389.18326498838263,0.0,0.0,0.0,0.0,0.21555000895956952,0.0,225.25068802858735,random_forest
2025-03-21 01:00:00,18.39805281944712,0.3138670969129257,1.4518955488883405,17.241120651412427,389.73681061403755,0.0,0.0,0.0,0.0,0.21555000895956952,0.0,220.70895638915187,random_forest
2025-03-21 01:05:00,18.188396787352733,0.3179379263392389,1.4244240366557555,17.03514473911626,390.2804131759783,0.0,0.0,0.0,0.0,0.21555000895956952,0.0,216.25879972542543,random_forest
2025-03-21 01:10:00,17.98296805171056,0.321984419926777,1.3978140354154944,16.833330858714962,390.81425127649436,1.0,0.0,0.0,0.0,0.21555000895956952,23333.40915167523,231.4353680967551,random_forest
2025-03-21 01:15:00,18.683550859799514,0.3081552026704731,1.4903857463887256,17.533436613314745,391.33850030973133,0.0,0.0,0.0,0.0,0.21555000895956952,0.0,226.76893469773248,random_forest
2025-03-21 01:20:00,18.46813832816138,0.3122580905464477,1.4617055443746347,17.32158327817525,391.85333251931735,0.0,0.0,0.0,0.0,0.21555000895956952,0.0,222.19659063711384,random_forest
2025-03-21 01:25:00,18.257069161327298,0.3164298765496565,1.4337398747922245,17.109981597551105,392.3589170549543,0.0,0.0,0.0,0.0,0.21555000895956952,0.0,238.94242794673167,random_forest
2025-03-21 01:30:00,18.030092775040636,0.32060308354384376,1.4048178451622415,16.89899768961154,392.85542002799235,1.0,0.0,0.0,0.0,0.21555000895956952,23333.40915167523,253.66162611914407,random_forest
2025-03-21 01:35:00,18.709562397957967,0.3068848973310274,1.495552907522724,17.594188396858563,393.3430045660065,0.0,0.0,0.0,0.0,0.21555000895956952,0.0,248.54704448061986,random_forest
2025-03-21 01:40:00,18.473462386489857,0.31110628275944713,1.4646419604629952,17.37354241842325,393.8218308663926,0.0,0.0,0.0,0.0,0.21555000895956952,0.0,222.30959904146005,random_forest
2025-03-21 01:45:00,18.26228587062003,0.31519190319508983,1.436806670349028,17.165033261697285,394.29205624900044,0.0,0.0,0.0,0.0,0.21555000895956952,0.0,217.8271686056042,random_forest
2025-03-21 01:50:00,18.055367308730393,0.31925381767027117,1.409845664698866,16.96073458777634,394.75383520782214,1.0,0.0,0.0,0.0,0.21555000895956952,23333.40915167523,232.97211394116096,random_forest
2025-03-21 01:55:00,18.754490329951853,0.30551016014126536,1.5027339972539284,17.662430862934343,395.2073194617512,0.0,0.0,0.0,0.0,0.21555000895956952,0.0,228.2746951219188,random_forest
2025-03-21 02:00:00,18.537647445141904,0.3096262395529257,1.473700528952977,17.448115420680562,395.65265800443046,0.0,0.0,0.0,0.0,0.21555000895956952,0.0,223.67199040038594,random_forest
2025-03-21 02:05:00,18.325176765359814,0.3136285017754733,1.4457794327964435,17.242171184090854,396.08999715320437,0.0,0.0,0.0,0.0,0.21555000895956952,0.0,219.16209005536228,random_forest
2025-03-21 02:10:00,18.116990133796463,0.3175139886577271,1.4189322146750916,17.044443106650316,396.5194805971919,0.0,0.0,0.0,0.0,0.21555000895956952,0.0,214.74312287137337,random_forest
2025-03-21 02:15:00,17.91300117114926,0.32137375291177783,1.3929293310481616,16.85073162507964,396.9412494444961,1.0,0.0,0.0,0.0,0.21555000895956952,23333.40915167523,229.95025184868152,random_forest
2025-03-21 02:20:00,18.6149947220774,0.3073016978351934,1.485838562261577,17.562824604053652,397.35544226856575,0.0,0.0,0.0,0.0,0.21555000895956952,0.0,225.3137628618653,random_forest
2025-03-21 02:25:00,18.400964488457955,0.3112254919115456,1.4577513445023136,17.35871871902826,397.7621951537238,0.0,0.0,0.0,0.0,0.21555000895956952,0.0,220.77075944400178,random_forest
2025-03-21 02:30:00,18.191249748355236,0.3151249727240889,1.4305548380492947,17.158756175789364,398.16164173987846,0.0,0.0,0.0,0.0,0.21555000895956952,0.0,216.31935664472707,random_forest
2025-03-21 02:35:00,17.985763488434827,0.31899925474810525,1.4042151423883924,16.962852843443933,398.5539132664311,1.0,0.0,0.0,0.0,0.21555000895956952,23333.40915167523,231.4947040063507,random_forest
2025-03-21 02:40:00,18.68628993210808,0.3051711985972451,1.4970703686617186,17.66873382348158,398.9391386153951,0.0,0.0,0.0,0.0,0.21555000895956952,0.0,226.82707421685168,random_forest
2025-03-21 02:45:00,18.470822172530468,0.309197297095961,1.4684577259912928,17.45852619917433,399.31744435374077,0.0,0.0,0.0,0.0,0.21555000895956952,0.0,243.47954704459357,random_forest
2025-03-21 02:50:00,18.239535882365143,0.31331801847151125,1.4386829916835033,17.24473452257413,399.6889547749789,0.0,0.0,0.0,0.0,0.21555000895956952,0.0,238.57026675761173,random_forest
2025-03-21 02:55:00,18.012913019739173,0.3175027522510582,1.4097052507677204,17.031508847523913,400.05379193999823,1.0,0.0,0.0,0.0,0.21555000895956952,23333.40915167523,253.29696881941237,random_forest
2025-03-21 03:00:00,18.69272903821646,0.3039644895899107,1.5002743339278501,17.72449255743201,400.4120757171685,0.0,0.0,0.0,0.0,0.21555000895956952,0.0,248.18973976928748,random_forest
2025-03-21 03:05:00,18.45696843793153,0.3081952133557404,1.4693121311321526,17.501673897112095,400.7639238217238,0.0,0.0,0.0,0.0,0.21555000895956952,0.0,243.1854878242263,random_forest
2025-03-21 03:10:00,18.225961480740956,0.3124050873954868,1.4393689340752742,17.283386818307058,401.1094518544383,0.0,0.0,0.0,0.0,0.21555000895956952,0.0,238.28213665593745,random_forest
2025-03-21 03:15:00,17.999612318896467,0.3165930010452648,1.4104044334273782,17.06953910895058,401.4487733396072,1.0,0.0,0.0,0.0,0.21555000895956952,23333.40915167523,253.01464828755783,random_forest
2025-03-21 03:20:00,18.67969651952393,0.303106263211233,1.5009004357048865,17.76190991823572,401.78199976234544,0.0,0.0,0.0,0.0,0.21555000895956952,0.0,247.91311166884438,random_forest
2025-03-21 03:25:00,18.444198694030078,0.3073395584297948,1.4699529169475496,17.538487386612157,402.1092406052164,0.0,0.0,0.0,0.0,0.21555000895956952,0.0,242.91443737864913,random_forest
2025-03-21 03:30:00,18.21344921330012,0.3116382536241583,1.4398429546616747,17.315782792799865,402.43060338420304,0.0,0.0,0.0,0.0,0.21555000895956952,0.0,238.01655140292124,random_forest
2025-03-21 03:35:00,17.987352336416066,0.31591609568171186,1.4107135132848891,17.09759031907838,402.74619368403216,1.0,0.0,0.0,0.0,0.21555000895956952,23333.40915167523,252.75441803237607,random_forest
2025-03-21 03:40:00,18.66768373518005,0.30255096735256826,1.50096823756282,17.78568802166958,403.056115192865,0.0,0.0,0.0,0.0,0.21555000895956952,0.0,247.65812843862776,random_forest
2025-03-21 03:45:00,18.432428123564478,0.3068707155197372,1.4698634166111026,17.558062960869584,403.360469736364,0.0,0.0,0.0,0.0,0.21555000895956952,0.0,242.6645953775863,random_forest
2025-03-21 03:50:00,18.2019159729522,0.3111424880512665,1.4398371739869216,17.33631174395139,403.65935731114814,0.0,0.0,0.0,0.0,0.21555000895956952,0.0,237.77174696836275,random_forest
2025-03-21 03:55:00,17.976051640896543,0.31542204371480703,1.410729487502246,17.117791227395298,403.95287611764707,1.0,0.0,0.0,0.0,0.21555000895956952,23333.40915167523,252.5145495918233,random_forest
2025-03-21 04:00:00,18.65661089568546,0.30208435448122756,1.5009325212335611,17.8055657374204,404.2411225923651,0.0,0.0,0.0,0.0,0.21555000895956952,0.0,247.42309646758946,random_forest
2025-03-21 04:05:00,18.421578545831757,0.30640549295976355,1.469850309512211,17.577622275618076,404.5241914395658,0.0,0.0,0.0,0.0,0.21555000895956952,0.0,242.43430235828438,random_forest
2025-03-21 04:10:00,18.191285155352446,0.310707182638345,1.4397858402449084,17.35429356366286,404.8021756623873,0.0,0.0,0.0,0.0,0.21555000895956952,0.0,237.5460973492709,random_forest
2025-03-21 04:15:00,17.965635172567232,0.315075626908219,1.4105190557728267,17.131648028033887,405.0751665933988,1.0,0.0,0.0,0.0,0.21555000895956952,23333.40915167523,252.2934497480215,random_forest
2025-03-21 04:20:00,18.646404454700335,0.30184054326114385,1.5004985452262938,17.815368351113964,405.34325392460823,0.0,0.0,0.0,0.0,0.21555000895956952,0.0,247.20645466191775,random_forest
2025-03-21 04:25:00,18.411577897407593,0.306247307368969,1.469264401876955,17.583440368107237,405.6065257369306,0.0,0.0,0.0,0.0,0.21555000895956952,0.0,263.448017859285,random_forest
2025-03-21 04:30:00,18.16132314113879,0.31066110254776635,1.4371758709070597,17.352413645281548,405.8650685291276,0.0,0.0,0.0,0.0,0.21555000895956952,0.0,258.1361131164848,random_forest
2025-03-21 04:35:00,17.91611427376122,0.31513726485689864,1.4060055334563444,17.12251877812638,406.1189672462267,1.0,0.0,0.0,0.0,0.21555000895956952,23333.40915167523,272.4683088429745,random_forest
2025-03-21 04:40:00,18.57771903726712,0.3019925466649637,1.4937380780935023,17.799177060353475,406.3683053074304,0.0,0.0,0.0,0.0,0.21555000895956952,0.0,266.97452789230965,random_forest
2025-03-21 04:45:00,18.324114375707836,0.3065011448245261,1.4606952393856896,17.56036962426129,406.6131646335235,0.0,0.0,0.0,0.0,0.21555000895956952,0.0,261.59151809613996,random_forest
2025-03-21 04:50:00,18.075623147210145,0.31099255884451904,1.4287725330500736,17.326423457011366,406.8536256737889,0.0,0.0,0.0,0.0,0.21555000895956952,0.0,256.3170459746856,random_forest
2025-03-21 04:55:00,17.832142249577444,0.31546547304345207,1.3979242912580037,17.09723952679383,407.0897674324389,1.0,0.0,0.0,0.0,0.21555000895956952,23333.40915167523,249.4599304122369,random_forest
2025-03-21 05:00:00,18.515603150711982,0.3023426357636144,1.487194191439495,17.77481803943937,407.3216674945729,0.0,0.0,0.0,0.0,0.21555000895956952,0.0,244.4300676018697,random_forest
2025-03-21 05:05:00,18.28341394128265,0.306831899421912,1.45627605523747,17.540057695665485,407.5494020516677,0.0,0.0,0.0,0.0,0.21555000895956952,0.0,239.5016219603813,random_forest
2025-03-21 05:10:00,18.055906364961878,0.31130340304228654,1.4263595321566567,17.310025580169864,407.7730459266106,0.0,0.0,0.0,0.0,0.21555000895956952,0.0,234.67254861248756,random_forest
2025-03-21 05:15:00,17.83298602593938,0.3157558671836438,1.3974054923133337,17.084626445401014,407.9926725982829,1.0,0.0,0.0,0.0,0.21555000895956952,23333.40915167523,249.47784040014542,random_forest
2025-03-21 05:20:00,18.516429914003577,0.3026302975206627,1.4866579499864783,17.76177879389948,408.2083542257013,0.0,0.0,0.0,0.0,0.21555000895956952,0.0,258.45676931349493,random_forest
2025-03-21 05:25:00,18.270916448629478,0.30720944534137695,1.4543421190509822,17.521398041675447,408.4201616717262,0.0,0.0,0.0,0.0,0.21555000895956952,0.0,260.4623394728528,random_forest
2025-03-21 05:30:00,18.02349785041176,0.3118602032926082,1.4223061100426424,17.281074161357296,408.62816452634365,0.0,0.0,0.0,0.0,0.21555000895956952,0.0,233.9846458340846,random_forest
2025-03-21 05:35:00,17.8012309645583,0.3163984654804276,1.393304520236356,17.05240674853886,408.83243112952977,1.0,0.0,0.0,0.0,0.21555000895956952,23333.40915167523,248.80380781162233,random_forest
2025-03-21 05:40:00,18.485315130209433,0.3032305995084675,1.482486531895236,17.730207903960512,409.03302859370365,0.0,0.0,0.0,0.0,0.21555000895956952,0.0,265.0131635631307,random_forest
2025-03-21 05:45:00,18.233573609455465,0.30781425533486495,1.4496715108125435,17.48926114811883,409.23002282577755,0.0,0.0,0.0,0.0,0.21555000895956952,0.0,259.6697007734908,random_forest
2025-03-21 05:50:00,17.98690795523835,0.3124628493035689,1.4177951582052573,17.24959900403612,409.4234785488107,1.0,0.0,0.0,0.0,0.21555000895956952,23333.40915167523,273.97097475832174,random_forest
2025-03-21 05:55:00,18.647085305110796,0.2996402321283739,1.5052916107256458,17.916657116202362,409.6134593232744,0.0,0.0,0.0,0.0,0.21555000895956952,0.0,268.4468955413521,random_forest
2025-03-21 06:00:00,18.39208201087193,0.30438039391156185,1.4714191586059038,17.6654201325914,409.800027567935,0.0,0.0,0.0,0.0,0.21555000895956952,0.0,263.0341983830924,random_forest
2025-03-21 06:05:00,18.1422203503379,0.30908043988435957,1.4387443100770587,17.420448533138952,409.98324458036154,0.0,0.0,0.0,0.0,0.21555000895956952,0.0,257.7306374860957,random_forest
2025-03-21 06:10:00,17.89739665270228,0.31375124187307324,1.4071927504074617,17.181042069115552,410.1631705570656,1.0,0.0,0.0,0.0,0.21555000895956952,23333.40915167523,272.07100882135126,random_forest
2025-03-21 06:15:00,18.559378819769172,0.30091958239102823,1.4943177481706829,17.845927307708962,410.3398646132788,0.0,0.0,0.0,0.0,0.21555000895956952,0.0,266.58523863457947,random_forest
2025-03-21 06:20:00,18.306143952179504,0.3056696433015197,1.460799218946263,17.595543889727576,410.5133848023753,0.0,0.0,0.0,0.0,0.21555000895956952,0.0,261.2100780811988,random_forest
2025-03-21 06:25:00,18.05801506149231,0.31040597077802823,1.4284074894861898,17.350215735512936,410.68378813494564,0.0,0.0,0.0,0.0,0.21555000895956952,0.0,255.94329693818085,random_forest
2025-03-21 06:30:00,17.814889195849588,0.3152094225941679,1.3969289113516836,17.106229569834174,410.85113059752746,1.0,0.0,0.0,0.0,0.21555000895956952,23333.40915167523,270.39909598306707,random_forest
2025-03-21 06:35:00,18.48219975250797,0.302566635598975,1.4836096840953208,17.760099325032083,300.0,0.0,0.0,0.0,0.0,0.21555000895956952,0.0,265.0581819544475,random_forest
2025-03-21 06:40:00,18.235651754542857,0.3076677370180136,1.4501674914598803,17.496119151391955,300.0,1.0,0.0,1.0,0.0,0.21555000895956952,23333.40915167523,279.2508079449827,random_forest
2025-03-21 06:45:00,18.89081368096287,0.2953881191242868,1.5376756780557568,18.147388733220296,302.1555000895957,1.0,0.0,1.0,0.0,0.21555000895956952,23333.40915167523,314.3832570466063,random_forest
2025-03-21 06:50:00,19.51260256264148,0.28389718060634306,1.6244637571810152,18.78229705391799,304.27228200722266,1.0,0.0,1.0,0.0,0.21555000895956952,23333.40915167523,327.5813411064409,random_forest
2025-03-21 06:55:00,20.1218543095318,0.2731868903303716,1.7122189589937653,19.401077225478897,306.3510412280738,1.0,0.0,1.0,0.0,0.21555000895956952,23333.40915167523,340.5133120792119,random_forest
2025-03-21 07:00:00,20.718821707994813,0.26312956559575196,1.801041600092671,20.007407546647162,308.39246073486834,1.0,0.0,1.0,0.0,0.21555000895956952,23333.40915167523,353.1845356054764,random_forest
2025-03-21 07:05:00,21.30375244745785,0.253737440753578,1.8907154250490563,20.598169139937315,310.39721124224786,1.0,0.0,1.0,0.0,0.21555000895956952,23333.40915167523,365.6002691383328,random_forest
2025-03-21 07:10:00,21.87688922318409,0.24489818463184612,1.9813401546856715,21.177034149235975,312.3659514171418,0.0,0.0,1.0,0.0,0.21555000895956952,0.0,358.22866763840335,random_forest
2025-03-21 07:15:00,21.53660035467482,0.24989964113911214,1.927724800024896,20.84463168470329,314.29932809517425,1.0,0.0,1.0,0.0,0.21555000895956952,23333.40915167523,349.31670713591365,random_forest
2025-03-21 07:20:00,22.12520522491631,0.24122814066541587,2.0213318560960194,21.424863788843613,316.19797649318406,0.0,0.0,1.0,0.0,0.21555000895956952,0.0,342.27343124242896,random_forest
2025-03-21 07:25:00,21.800072567594093,0.2462038959591167,1.9686637359679495,21.091513121524176,318.06252041792703,1.0,0.0,1.0,0.0,0.21555000895956952,23333.40915167523,354.90916547024676,random_forest
2025-03-21 07:30:00,22.383365045247572,0.23774942070998603,2.0627390106160153,21.666739405514676,319.8935724710297,0.0,0.0,1.0,0.0,0.21555000895956952,0.0,347.7531287892965,random_forest
2025-03-21 07:35:00,22.05302710915666,0.24277884439198907,2.0083523097956366,21.324877492176533,321.6917342502614,0.0,0.0,1.0,0.0,0.21555000895956952,0.0,340.74137934001374,random_forest
2025-03-21 07:40:00,21.72934977982873,0.24782265316083366,1.9559712501104305,20.989891441390164,323.45759654719103,1.0,0.0,1.0,0.0,0.21555000895956952,23333.40915167523,353.40800434405674,random_forest
2025-03-21 07:45:00,22.314068241685117,0.23933963252247362,2.0497832681699624,21.563512264789225,325.19173954129366,0.0,0.0,1.0,0.0,0.21555000895956952,0.0,346.28223558833406,random_forest
2025-03-21 07:50:00,21.985127537664862,0.24426706037758764,1.9961284037320133,21.229691795704326,326.89473299056993,0.0,0.0,1.0,0.0,0.21555000895956952,0.0,318.07415461582644,random_forest
2025-03-21 07:55:00,21.682982276958043,0.24920140332375026,1.9468636408105038,20.90597060494585,328.5671364187421,1.0,0.0,1.0,0.0,0.21555000895956952,23333.40915167523,331.1978190749275,random_forest
2025-03-21 08:00:00,22.288798656143154,0.24046745780006964,2.043601472125038,21.494474459212384,330.20949929908704,0.0,0.0,1.0,0.0,0.21555000895956952,0.0,324.5198744836386,random_forest
2025-03-21 08:05:00,21.98053047195563,0.24532446083314444,1.9927769706731964,21.1692233424198,331.82236123496756,0.0,0.0,1.0,0.0,0.21555000895956952,0.0,296.75058819292775,random_forest
2025-03-21 08:10:00,21.698640910879064,0.25014615491750375,1.9462748898129232,20.856042782891446,333.4062521371206,1.0,0.0,1.0,0.0,0.21555000895956952,23333.40915167523,310.3041999127279,random_forest
2025-03-21 08:15:00,22.32430457384143,0.24117871496557397,2.046100442838643,21.459238386073125,334.9616923977611,0.0,0.0,1.0,0.0,0.21555000895956952,0.0,304.04753355167117,random_forest
2025-03-21 08:20:00,22.035483492470664,0.24584690161119865,1.998078098268047,21.14838415186168,336.4891930615585,0.0,0.0,1.0,0.0,0.21555000895956952,0.0,276.69103125446463,random_forest
2025-03-21 08:25:00,21.772648922102654,0.25047336427349765,1.954238755225862,20.84938217635142,337.98925599354203,0.0,0.0,1.0,0.0,0.21555000895956952,0.0,271.11210751401,random_forest
2025-03-21 08:30:00,21.515113887530184,0.2550184697721295,1.912054795878856,20.560773875404823,339.46237404398977,0.0,0.0,1.0,0.0,0.21555000895956952,0.0,265.6456716628834,random_forest
2025-03-21 08:35:00,21.262771534165562,0.2595598271596917,1.8712581302128566,20.277976242694876,340.9090312103565,0.0,0.0,1.0,0.0,0.21555000895956952,0.0,239.0634664507601,random_forest
2025-03-21 08:40:00,21.035680170884305,0.264049049670747,1.8341795319670102,20.00632771181896,342.3297027962922,1.0,0.0,1.0,0.0,0.21555000895956952,23333.40915167523,253.7802241227321,random_forest
2025-03-21 08:45:00,21.715037135089215,0.25400183183619857,1.938207676157441,20.646683960136077,343.72485556780487,0.0,0.0,1.0,0.0,0.21555000895956952,0.0,248.66325119159967,random_forest
2025-03-21 08:50:00,21.47882673644731,0.2584076464756127,1.8991348896441773,20.37226751067961,345.09494790661756,0.0,0.0,1.0,0.0,0.21555000895956952,0.0,243.649451831491,random_forest
2025-03-21 08:55:00,21.247379050188062,0.2627177712963329,1.8615199809233443,20.108002678412902,346.4404299607714,0.0,0.0,1.0,0.0,0.21555000895956952,0.0,238.73674575276974,random_forest
2025-03-21 09:00:00,21.020598045699057,0.2670172326720113,1.8250909139200515,19.849060626307356,347.76174379252285,0.0,0.0,1.0,0.0,0.21555000895956952,0.0,212.69710545469317,random_forest
2025-03-21 09:05:00,20.81855263758718,0.2712500589481295,1.7921579214907652,19.601071927810427,349.05932352358496,0.0,0.0,1.0,0.0,0.21555000895956952,0.0,208.40849181308988,random_forest
2025-03-21 09:10:00,20.62058107284802,0.27546689282952436,1.7602061218500022,19.358112702780627,350.33359547775905,1.0,0.0,1.0,0.0,0.21555000895956952,23333.40915167523,223.74334601314138,random_forest
2025-03-21 09:15:00,21.3284706928363,0.26458172893724247,1.8660646553504154,20.021947717242185,351.5849783210049,0.0,0.0,1.0,0.0,0.21555000895956952,0.0,219.23200692425894,random_forest
2025-03-21 09:20:00,21.120217645783754,0.26872111982237146,1.8320178946378276,19.775417776618013,352.8138831989946,0.0,0.0,1.0,0.0,0.21555000895956952,0.0,214.8116300058165,random_forest
2025-03-21 09:25:00,20.916163606783456,0.2728449522297774,1.799000367680585,19.53386482741801,354.02071387219587,0.0,0.0,1.0,0.0,0.21555000895956952,0.0,189.25439203075217,random_forest
2025-03-21 09:30:00,20.736386920151663,0.2768946865546841,1.7693091104460836,19.30296958558467,355.20586684852873,0.0,0.0,1.0,0.0,0.21555000895956952,0.0,185.4384540298032,random_forest
2025-03-21 09:35:00,20.560235072462003,0.28081977390920104,1.7407169589737288,19.08193414412865,356.36973151363935,1.0,0.0,1.0,0.0,0.21555000895956952,23333.40915167523,201.23645330733453,random_forest
2025-03-21 09:40:00,21.289504458349562,0.2692613839999637,1.8497684744015466,19.772393327143828,357.5126902588339,1.0,0.0,1.0,0.0,0.21555000895956952,23333.40915167523,216.71591738399027,random_forest
2025-03-21 09:45:00,22.004069579080173,0.2584604486363383,1.9609018645905818,20.448938199836117,358.63511860671457,0.0,0.0,1.0,0.0,0.21555000895956952,0.0,191.1202832454704,random_forest
2025-03-21 09:50:00,21.822520443541922,0.2623015545634739,1.929263654439164,20.216154275576272,359.7373853345584,1.0,0.0,1.0,0.0,0.21555000895956952,23333.40915167523,206.80371974965564,random_forest
2025-03-21 09:55:00,22.546501367144103,0.25170293658490966,2.0451413896799324,20.90087530003283,360.8198525954803,0.0,0.0,1.0,0.0,0.21555000895956952,0.0,202.63393449678776,random_forest
2025-03-21 10:00:00,22.354015174606616,0.2552671989490512,2.011742144861886,20.67536537500831,361.8828760374197,0.0,0.0,1.0,0.0,0.21555000895956952,0.0,198.54822466130636,random_forest
2025-03-21 10:05:00,22.16541008289263,0.2589135775167912,1.9790569553431707,20.448971931706858,362.9268049199896,0.0,0.0,1.0,0.0,0.21555000895956952,0.0,190.9364768732971,random_forest
2025-03-21 10:10:00,21.984035548853537,0.2623228673476131,1.9483076466241451,20.239247004638305,363.95198222922687,1.0,0.0,1.0,0.0,0.21555000895956952,23333.40915167523,189.00604846752597,random_forest
2025-03-21 10:15:00,22.724922850894444,0.25146346811445275,2.0680548165002675,20.94170953138799,364.95874479028157,0.0,0.0,1.0,0.0,0.21555000895956952,0.0,185.19511782006575,random_forest
2025-03-21 10:20:00,22.549002153335856,0.2547426000678954,2.0371429779309076,20.733897088562063,365.9474233780816,0.0,0.0,1.0,0.0,0.21555000895956952,0.0,181.46102700137038,random_forest
2025-03-21 10:25:00,22.376628546377198,0.25789454584497934,2.007401982287326,20.536009899452612,366.91834282601013,0.0,0.0,1.0,0.0,0.21555000895956952,0.0,177.80222668928442,random_forest
2025-03-21 10:30:00,22.207730509998942,0.261131730480814,1.9782221710396912,20.336362920181436,367.8718221326303,0.0,0.0,1.0,0.0,0.21555000895956952,0.0,174.21719880064904,random_forest
2025-03-21 10:35:00,22.04223796624036,0.2641298603883477,1.9504411791251628,20.152179464738733,368.80817456649345,0.0,0.0,1.0,0.0,0.21555000895956952,0.0,170.70445586142966,random_forest
2025-03-21 10:40:00,21.88008225012327,0.2669951743322098,1.9237337281868996,19.977410322781974,369.7277077690642,1.0,0.0,1.0,0.0,0.21555000895956952,23333.40915167523,165.57354771994136,random_forest
2025-03-21 10:45:00,22.643228572410393,0.25531999142925543,2.0472348036600176,20.71672370857791,370.6307238557972,0.0,0.0,1.0,0.0,0.21555000895956952,0.0,162.23508679485064,random_forest
2025-03-21 10:50:00,22.489118086273507,0.2581505615122502,2.0204689525095185,20.539243295782065,371.5175195153981,0.0,0.0,1.0,0.0,0.21555000895956952,0.0,158.9639392872825,random_forest
2025-03-21 10:55:00,22.338114931248384,0.2608440551423665,1.9947485014684228,20.371401027229084,372.38838610730124,0.0,0.0,1.0,0.0,0.21555000895956952,0.0,155.75874795619663,random_forest
2025-03-21 11:00:00,22.190156454189992,0.26351355295122214,1.9697374191931085,20.20692333836113,373.24360975739717,0.0,0.0,1.0,0.0,0.21555000895956952,0.0,131.39219377061116,random_forest
2025-03-21 11:05:00,22.065344274182433,0.26592213487057337,1.9484316554524441,20.061165842896667,374.0834714520397,0.0,0.0,1.0,0.0,0.21555000895956952,0.0,128.74293179123342,random_forest
2025-03-21 11:10:00,21.943048683277837,0.2681817453695508,1.9280097430076473,19.92478690912007,374.9082471303651,1.0,0.0,1.0,0.0,0.21555000895956952,23333.40915167523,145.6840833912675,random_forest
2025-03-21 11:15:00,22.725088421762717,0.25598302493983854,2.055588824725743,20.69300846455399,375.7182077749528,0.0,0.0,1.0,0.0,0.21555000895956952,0.0,142.74665391351027,random_forest
2025-03-21 11:20:00,22.589490403703635,0.2582279028697563,2.032603839495908,20.55030246413548,376.5136195008574,0.0,0.0,1.0,0.0,0.21555000895956952,0.0,118.64246269660742,random_forest
2025-03-21 11:25:00,22.476789458649918,0.26031769751038913,2.013059030127253,20.420555857794977,377.2947436430415,0.0,0.0,1.0,0.0,0.21555000895956952,0.0,116.25027365902575,random_forest
2025-03-21 11:30:00,22.366360903760356,0.2622548500315088,1.9943624133340037,20.300267866114616,378.06183684223845,0.0,0.0,1.0,0.0,0.21555000895956952,0.0,113.90631835042657,random_forest
2025-03-21 11:35:00,22.25815892081172,0.2639094804182218,1.9768409045968838,20.196114447524806,378.81515112927207,0.0,0.0,1.0,0.0,0.21555000895956952,0.0,111.60962423370059,random_forest
2025-03-21 11:40:00,22.15213861541403,0.26567253005309716,1.9594236467980641,20.087205316218085,379.5549340078624,0.0,0.0,1.0,0.0,0.21555000895956952,0.0,98.74624380301042,random_forest
2025-03-21 11:45:00,22.0583375028599,0.267404676057017,1.9436667676999408,19.982411630479874,380.2814285359437,0.0,0.0,1.0,0.0,0.21555000895956952,0.0,86.14222782711272,random_forest
2025-03-21 11:50:00,21.97650920745462,0.26882914425303234,1.930237877416085,19.89602279814764,380.9948734055219,1.0,0.0,1.0,0.0,0.21555000895956952,23333.40915167523,125.16832695859313,random_forest
2025-03-21 11:55:00,22.778037290044146,0.2558436718370573,2.0625811818920137,20.70871505476284,381.69550302109764,0.0,0.0,1.0,0.0,0.21555000895956952,0.0,101.41856770546462,random_forest
2025-03-21 12:00:00,22.68169768138625,0.2574280653002224,2.0462070992524453,20.60769439887311,382.3835475766805,0.0,0.0,1.0,0.0,0.21555000895956952,0.0,99.37366421679832,random_forest
2025-03-21 12:05:00,22.58730056912027,0.25885597335795263,2.030612984278624,20.516008479175774,383.05923313141994,0.0,0.0,1.0,0.0,0.21555000895956952,0.0,97.36999213548243,random_forest
2025-03-21 12:10:00,22.494806786674065,0.26012763463651684,2.0157804351481934,20.43348905530944,383.72278168387794,0.0,0.0,1.0,0.0,0.21555000895956952,0.0,95.40672011228142,random_forest
2025-03-21 12:15:00,22.40417795719144,0.2613801886529138,2.0013208498281765,20.352661540209887,384.37441124496695,0.0,0.0,1.0,0.0,0.21555000895956952,0.0,93.48303356046182,random_forest
2025-03-21 12:20:00,22.315376477609092,0.2624762260982395,1.9875942160356395,20.280815009470707,385.0143359095784,0.0,0.0,1.0,0.0,0.21555000895956952,0.0,70.37214516180468,random_forest
2025-03-21 12:25:00,22.248528512007823,0.26346852551388994,1.9768666974551357,20.218049858805788,385.64276592692397,0.0,0.0,1.0,0.0,0.21555000895956952,0.0,68.95323096885119,random_forest
2025-03-21 12:30:00,22.183028402535477,0.26449352033276685,1.9662632885680995,20.153985496844314,386.2599077696138,0.0,0.0,1.0,0.0,0.21555000895956952,0.0,67.56292635547395,random_forest
2025-03-21 12:35:00,22.118848972356854,0.2652057478867011,1.9566991810843404,20.106828548437843,386.8659642014935,0.0,0.0,1.0,0.0,0.21555000895956952,0.0,66.20065446646396,random_forest
2025-03-21 12:40:00,22.055963592603536,0.2659048767342634,1.947364264793057,20.060677725367295,387.4611343442631,1.0,0.0,1.0,0.0,0.21555000895956952,23333.40915167523,84.4028465641511,random_forest
2025-03-21 12:45:00,22.89621565362034,0.2523799525079338,2.0870646077279913,20.917380993651975,388.0456137428988,0.0,0.0,1.0,0.0,0.21555000895956952,0.0,82.70103121320238,random_forest
2025-03-21 12:50:00,22.817656222512788,0.25314785986555044,2.075027189034331,20.862830330842744,388.61959442990013,0.0,0.0,1.0,0.0,0.21555000895956952,0.0,59.80754042440651,random_forest
2025-03-21 12:55:00,22.760843794871217,0.25385655921423195,2.065935575265197,20.8150421012973,389.18326498838263,0.0,0.0,1.0,0.0,0.21555000895956952,0.0,58.60164045136016,random_forest
2025-03-21 13:00:00,22.705176876716834,0.25424840983168684,2.0578960235705406,20.784951776557463,389.73681061403755,0.0,0.0,1.0,0.0,0.21555000895956952,0.0,57.42005505026704,random_forest
2025-03-21 13:05:00,22.650632371131596,0.25463144431942164,2.050048015186797,20.75556477710632,390.2804131759783,0.0,0.0,1.0,0.0,0.21555000895956952,0.0,56.2622939661951,random_forest
2025-03-21 13:10:00,22.59718764690082,0.25500584062059345,2.0423865126547454,20.72686469641904,390.81425127649436,0.0,0.0,1.0,0.0,0.21555000895956952,0.0,55.127876829226956,random_forest
2025-03-21 13:15:00,22.54482052912321,0.25521809153697594,2.035326610139632,20.707236258339467,391.33850030973133,0.0,0.0,1.0,0.0,0.21555000895956952,0.0,54.0163329551482,random_forest
2025-03-21 13:20:00,22.493509290010206,0.2554238621035138,2.0284360429388126,20.688141791835744,391.85333251931735,0.0,0.0,1.0,0.0,0.21555000895956952,0.0,52.92720115015437,random_forest
2025-03-21 13:25:00,22.443232639870835,0.2556233216008848,2.021710347103258,20.669567305696308,392.3589170549543,0.0,0.0,1.0,0.0,0.21555000895956952,0.0,51.86002951949585,random_forest
2025-03-21 13:30:00,22.393969718278363,0.25589418397385205,2.014935202085148,20.64727286193858,392.85542002799235,0.0,0.0,1.0,0.0,0.21555000895956952,0.0,29.588386123975884,random_forest
2025-03-21 13:35:00,22.365863094368223,0.25585836609021817,2.0115933035303235,20.644932943253156,393.3430045660065,0.0,0.0,1.0,0.0,0.21555000895956952,0.0,28.991795229647355,random_forest
2025-03-21 13:40:00,22.338323184567628,0.25582147481681217,2.008328284891185,20.642737911735228,393.8218308663926,0.0,0.0,1.0,0.0,0.21555000895956952,0.0,28.407233402862598,random_forest
2025-03-21 13:45:00,22.311338562214914,0.2554519892665882,2.006031654705335,20.658757804265786,394.29205624900044,0.0,0.0,1.0,0.0,0.21555000895956952,0.0,27.834458101424993,random_forest
2025-03-21 13:50:00,22.284898031044296,0.25492039349673695,2.0042388484280127,20.6837334503479,394.75383520782214,0.0,0.0,1.0,0.0,0.21555000895956952,0.0,27.27323167351844,random_forest
2025-03-21 13:55:00,22.2589906205404,0.2543952185940891,2.0024936621186997,20.70848237698851,395.2073194617512,0.0,0.0,1.0,0.0,0.21555000895956952,0.0,26.723321259102544,random_forest
2025-03-21 14:00:00,22.233605581386445,0.2538764453607349,2.000794793621348,20.733002744682423,395.65265800443046,0.0,0.0,1.0,0.0,0.21555000895956952,0.0,26.184498693295918,random_forest
2025-03-21 14:05:00,22.20873238100423,0.2531421683948501,1.9997350791688353,20.76947900881647,396.08999715320437,0.0,0.0,1.0,0.0,0.21555000895956952,0.0,25.656540411707894,random_forest
2025-03-21 14:10:00,22.184360699184015,0.252611389688319,1.9981903571137376,20.79491845282493,396.5194805971919,0.0,0.0,1.0,0.0,0.21555000895956952,0.0,25.13922735767842,random_forest
2025-03-21 14:15:00,22.160480423802547,0.25178111785701834,1.997504544073359,20.836997164455365,396.9412494444961,0.0,0.0,1.0,0.0,0.21555000895956952,0.0,24.632344891388982,random_forest
2025-03-21 14:20:00,22.1370816466274,0.2512972692260836,1.9959509906496167,20.860109847517634,397.35544226856575,0.0,0.0,1.0,0.0,0.21555000895956952,0.0,24.135682700805525,random_forest
2025-03-21 14:25:00,22.11415465920593,0.2506517545211287,1.9948849810441862,20.89228404990574,397.7621951537238,0.0,0.0,1.0,0.0,0.21555000895956952,0.0,23.649034714417503,random_forest
2025-03-21 14:30:00,22.091689948837107,0.25001489412531785,1.9938506995995637,20.924119490289435,398.16164173987846,0.0,0.0,1.0,0.0,0.21555000895956952,0.0,23.17219901573609,random_forest
2025-03-21 14:35:00,22.069678194624583,0.24941522776477368,1.9927712843345573,20.95402515238319,398.5539132664311,0.0,0.0,1.0,0.0,0.21555000895956952,0.0,22.704977759516385,random_forest
2025-03-21 14:40:00,22.04811026360932,0.2487950099371694,1.9917990781421058,20.98520564563623,398.9391386153951,0.0,0.0,1.0,0.0,0.21555000895956952,0.0,22.24717708966902,random_forest
2025-03-21 14:45:00,22.026977206980224,0.248183260921157,1.9908558855052305,21.01604668493194,399.31744435374077,1.0,0.0,1.0,0.0,0.21555000895956952,23333.40915167523,41.33560354522887,random_forest
2025-03-21 14:50:00,22.908139738656278,0.23454326696425265,2.1384005046884305,21.938970603151184,399.6889547749789,0.0,0.0,1.0,0.0,0.21555000895956952,0.0,40.502153400860394,random_forest
2025-03-21 14:55:00,22.86966590002179,0.2343932710785531,2.13384409736223,21.941616568506102,400.05379193999823,0.0,0.0,1.0,0.0,0.21555000895956952,0.0,39.68550811921486,random_forest
2025-03-21 15:00:00,22.831967809740153,0.2340823679753259,2.1298433323919155,21.953901604922404,400.4120757171685,0.0,0.0,1.0,0.0,0.21555000895956952,0.0,38.88532886369474,random_forest
2025-03-21 15:05:00,22.795029826390383,0.2337734510335893,2.1259406887342456,21.966204642301598,400.7639238217238,0.0,0.0,1.0,0.0,0.21555000895956952,0.0,16.87529447366284,random_forest
2025-03-21 15:10:00,22.77899963288281,0.23322375236936788,2.1254008215599542,21.996178657031948,401.1094518544383,0.0,0.0,1.0,0.0,0.21555000895956952,0.0,16.535037760102462,random_forest
2025-03-21 15:15:00,22.763292656310455,0.23268220312402355,2.124878792064988,22.025781528818676,401.4487733396072,0.0,0.0,1.0,0.0,0.21555000895956952,0.0,37.42763080170902,random_forest
2025-03-21 15:20:00,22.727739370694152,0.232390221480839,2.121112392872309,22.037370237900255,401.78199976234544,0.0,0.0,1.0,0.0,0.21555000895956952,0.0,36.67297714675697,random_forest
2025-03-21 15:25:00,22.692902946294044,0.23193824243256378,2.1178843207348073,22.058613467344593,402.1092406052164,0.0,0.0,1.0,0.0,0.21555000895956952,0.0,35.93353958020635,random_forest
2025-03-21 15:30:00,22.658768929031016,0.2314905631609443,2.114737475662869,22.079748297217822,402.43060338420304,0.0,0.0,1.0,0.0,0.21555000895956952,0.0,35.209011299930374,random_forest
2025-03-21 15:35:00,22.62532315626367,0.23104722074780898,2.111669686019074,22.100769572381008,402.74619368403216,0.0,0.0,1.0,0.0,0.21555000895956952,0.0,34.49909168985645,random_forest
2025-03-21 15:40:00,22.592551750912076,0.2306082483030064,2.108678843927596,22.12167239884897,403.056115192865,0.0,0.0,1.0,0.0,0.21555000895956952,0.0,33.80348619523653,random_forest
2025-03-21 15:45:00,22.560441115699998,0.23017367511987358,2.1057629031757834,22.14245213590211,403.360469736364,0.0,0.0,1.0,0.0,0.21555000895956952,0.0,33.1219062004325,random_forest
2025-03-21 15:50:00,22.528977927513193,0.2297435268265328,2.1029198771931963,22.163104388366776,403.65935731114814,0.0,0.0,1.0,0.0,0.21555000895956952,0.0,32.454068909166075,random_forest
2025-03-21 15:55:00,22.498149131871497,0.22948174614542535,2.0997011451599112,22.173779685516774,403.95287611764707,0.0,0.0,1.0,0.0,0.21555000895956952,0.0,31.79969722718272,random_forest
2025-03-21 16:00:00,22.46794193751234,0.2292220832712547,2.096559549670588,22.184438910482175,404.2411225923651,0.0,0.0,1.0,0.0,0.21555000895956952,0.0,31.15851964728187,random_forest
2025-03-21 16:05:00,22.438343811083495,0.22896457446969928,2.0934931275577746,22.195077729922254,404.5241914395658,0.0,0.0,1.0,0.0,0.21555000895956952,0.0,30.530270136665198,random_forest
2025-03-21 16:10:00,22.409342471942836,0.22887406041420572,2.0900532785695547,22.195776391029447,404.8021756623873,0.0,0.0,1.0,0.0,0.21555000895956952,0.0,29.914688026555897,random_forest
2025-03-21 16:15:00,22.380925887062922,0.22845318502236442,2.0875862470741313,22.2164564018734,405.0751665933988,0.0,0.0,1.0,0.0,0.21555000895956952,0.0,29.31151790404419,random_forest
2025-03-21 16:20:00,22.353082266038363,0.22814780472709462,2.084881370344427,22.23029704763562,405.34325392460823,0.0,0.0,1.0,0.0,0.21555000895956952,0.0,28.72050950611301,random_forest
2025-03-21 16:25:00,22.325800056193813,0.2279001602968807,2.0820942924062784,22.24076074241166,405.6065257369306,0.0,0.0,1.0,0.0,0.21555000895956952,0.0,28.14141761580072,random_forest
2025-03-21 16:30:00,22.29906793779062,0.22765479850189826,2.0793734114258995,22.25118588625729,405.8650685291276,0.0,0.0,1.0,0.0,0.21555000895956952,0.0,27.574001960457522,random_forest
2025-03-21 16:35:00,22.27287481933013,0.22757792075825398,2.0762703758702092,22.25153028672384,406.1189672462267,0.0,0.0,1.0,0.0,0.21555000895956952,0.0,27.018027112053208,random_forest
2025-03-21 16:40:00,22.247209832951672,0.22750089579298932,2.073238287200044,22.251970306718963,406.3683053074304,0.0,0.0,1.0,0.0,0.21555000895956952,0.0,26.473262389495044,random_forest
2025-03-21 16:45:00,22.222062329923347,0.22742376638402798,2.070275431108627,22.25250164740789,406.6131646335235,0.0,0.0,1.0,0.0,0.21555000895956952,0.0,25.939481762915207,random_forest
2025-03-21 16:50:00,22.197421876223732,0.22734657348775006,2.0673801385419774,22.253120153807757,406.8536256737889,0.0,0.0,1.0,0.0,0.21555000895956952,0.0,46.64245291589314,random_forest
2025-03-21 16:55:00,22.15311523925947,0.22745888335621667,2.0615126021845636,22.239066175274917,407.0897674324389,0.0,0.0,1.0,0.0,0.21555000895956952,0.0,45.702000720150664,random_forest
2025-03-21 17:00:00,22.109701957413005,0.22759383193225594,2.055711368558306,22.223801428615932,407.3216674945729,0.0,0.0,1.0,0.0,0.21555000895956952,0.0,44.78051087045098,random_forest
2025-03-21 17:05:00,22.067164017957097,0.22772437178459115,2.05004560015656,22.208956164967947,407.5494020516677,1.0,0.0,1.0,0.0,0.21555000895956952,23333.40915167523,63.41459751524339,random_forest
2025-03-21 17:10:00,22.92735325365042,0.2157074425305063,2.193569988313348,23.096388817457502,407.7730459266106,0.0,0.0,1.0,0.0,0.21555000895956952,0.0,62.13596841777983,random_forest
2025-03-21 17:15:00,22.86832900378788,0.2162077189950312,2.1843527542264063,23.05459973954471,407.9926725982829,0.0,0.0,1.0,0.0,0.21555000895956952,0.0,60.88312033025622,random_forest
2025-03-21 17:20:00,22.810494860403775,0.2165472157484229,2.1757731516593273,23.023285807594522,408.2083542257013,0.0,0.0,1.0,0.0,0.21555000895956952,0.0,59.65553342993835,random_forest
2025-03-21 17:25:00,22.753826827370524,0.2170307456919386,2.166977979727922,22.983113731869917,408.4201616717262,0.0,0.0,1.0,0.0,0.21555000895956952,0.0,69.06569295328491,random_forest
2025-03-21 17:30:00,22.68821988791808,0.21752633636589083,2.157011792586854,22.940759707611964,408.62816452634365,0.0,0.0,1.0,0.0,0.21555000895956952,0.0,78.28611534591116,random_forest
2025-03-21 17:35:00,22.613854277296607,0.21801180073392365,2.1459736151110684,22.89766128161248,408.83243112952977,0.0,0.0,1.0,0.0,0.21555000895956952,0.0,76.70763170128012,random_forest
2025-03-21 17:40:00,22.540988101147907,0.21851142728775574,2.1351412106178715,22.854021847353067,409.03302859370365,0.0,0.0,1.0,0.0,0.21555000895956952,0.0,75.16097503650822,random_forest
2025-03-21 17:45:00,22.469591126361276,0.2190006186412999,2.1245752875005017,22.811380372597302,409.23002282577755,0.0,0.0,1.0,0.0,0.21555000895956952,0.0,73.64550362391563,random_forest
2025-03-21 17:50:00,22.3996337294165,0.21962526193475898,2.1138738004580464,22.760623057315208,409.4234785488107,0.0,0.0,1.0,0.0,0.21555000895956952,0.0,72.16058867498353,random_forest
2025-03-21 17:55:00,22.331086884092667,0.22009211693059938,2.103826058200424,22.720056625670402,409.6134593232744,0.0,0.0,1.0,0.0,0.21555000895956952,0.0,70.70561407946148,random_forest
2025-03-21 18:00:00,22.26392214942481,0.22069601216554463,2.0936285850527088,22.671300779782797,409.800027567935,0.0,0.0,1.0,0.0,0.21555000895956952,0.0,69.27997614973563,random_forest
2025-03-21 18:05:00,22.198111657903404,0.22128874782230976,2.0836764612372303,22.623589832383963,409.98324458036154,0.0,0.0,1.0,0.0,0.21555000895956952,0.0,89.10907252635586,random_forest
2025-03-21 18:10:00,22.113465094958553,0.22191804481590402,2.071291736911146,22.57061131456574,410.1631705570656,0.0,0.0,1.0,0.0,0.21555000895956952,0.0,87.31236549919534,random_forest
2025-03-21 18:15:00,22.030525261420216,0.22267478600466706,2.0588489428027743,22.51022924255775,410.3398646132788,1.0,0.0,1.0,0.0,0.21555000895956952,23333.40915167523,105.08888197831205,random_forest
2025-03-21 18:20:00,22.85112722678322,0.21163747819632847,2.1948024458804225,23.344403636963214,410.5133848023753,0.0,0.0,1.0,0.0,0.21555000895956952,0.0,102.96997391010126,random_forest
2025-03-21 18:25:00,22.753313905076464,0.21268768502386917,2.178930288129234,23.25993054668219,410.68378813494564,0.0,0.0,1.0,0.0,0.21555000895956952,0.0,100.89378940424085,random_forest
2025-03-21 18:30:00,22.657472794251024,0.21372203912828058,2.1634617650706653,23.17720124828084,410.85113059752746,0.0,0.0,0.0,0.0,0.21555000895956952,0.0,99.03412402671394,random_forest
2025-03-21 18:35:00,22.57162666880182,0.21523422511970053,2.1480854834840653,23.066138413270277,300.0,0.0,0.0,0.0,0.0,0.21555000895956952,0.0,118.37443261792062,random_forest
2025-03-21 18:40:00,22.464416617795234,0.21675488144227173,2.1300149679077336,22.951649472914717,300.0,0.0,0.0,0.0,0.0,0.21555000895956952,0.0,115.98764787321524,random_forest
2025-03-21 18:45:00,22.3542375366066,0.2180274987441077,2.112366068820113,22.852966983964375,302.1555000895957,0.0,0.0,0.0,0.0,0.21555000895956952,0.0,113.64898789068664,random_forest
2025-03-21 18:50:00,22.246279997218426,0.21941204455712407,2.094828702553282,22.74821808304781,304.27228200722266,0.0,0.0,0.0,0.0,0.21555000895956952,0.0,111.35748233032429,random_forest
2025-03-21 18:55:00,22.140499206663502,0.22090877193122782,2.0773952620871823,22.637501758161942,306.3510412280738,0.0,0.0,0.0,0.0,0.21555000895956952,0.0,109.11218041709184,random_forest
2025-03-21 19:00:00,22.036851275135614,0.22238650477246122,2.0604065596413594,22.52900847865609,308.39246073486834,0.0,0.0,0.0,0.0,0.21555000895956952,0.0,124.74198143748275,random_forest
2025-03-21 19:05:00,21.918356270258414,0.223988721931002,2.041362162763678,22.411124259216855,310.39721124224786,0.0,0.0,0.0,0.0,0.21555000895956952,0.0,125.62296601387938,random_forest
2025-03-21 19:10:00,21.799024399792952,0.2256996562703424,2.0220845782707806,22.287299689681195,312.3659514171418,0.0,0.0,0.0,0.0,0.21555000895956952,0.0,123.09002902541363,random_forest
2025-03-21 19:15:00,21.682098618900085,0.2274319536896743,2.0032049098289257,22.163461888337835,314.29932809517425,0.0,0.0,0.0,0.0,0.21555000895956952,0.0,120.60816366812423,random_forest
2025-03-21 19:20:00,21.56753041357422,0.22922883186962376,1.9845985852437702,22.03703391385912,316.19797649318406,0.0,0.0,0.0,0.0,0.21555000895956952,0.0,118.1763401842545,random_forest
2025-03-21 19:25:00,21.455272247998096,0.2310049103649058,1.9664734046246066,21.91313784899538,318.06252041792703,0.0,0.0,0.0,0.0,0.21555000895956952,0.0,115.79354957906266,random_forest
2025-03-21 19:30:00,21.345277544819552,0.23288871840102376,1.9484883042817653,21.784162673892624,319.8935724710297,0.0,0.0,0.0,0.0,0.21555000895956952,0.0,120.67563951521862,random_forest
2025-03-21 19:35:00,21.230645242781915,0.23475223183431304,1.9301472941968674,21.656598087841402,321.6917342502614,0.0,0.0,0.0,0.0,0.21555000895956952,0.0,114.63403735871897,random_forest
2025-03-21 19:40:00,21.12175198439863,0.2365934247508161,1.912685068317955,21.53218863139117,323.45759654719103,0.0,0.0,0.0,0.0,0.21555000895956952,0.0,129.94024123659756,random_forest
2025-03-21 19:45:00,20.998319044327918,0.2384224353642784,1.893697575616229,21.40707323114641,325.19173954129366,0.0,0.0,0.0,0.0,0.21555000895956952,0.0,127.32025498916273,random_forest
2025-03-21 19:50:00,20.87737488373297,0.24023003133405804,1.875213931878707,21.28447700946818,326.89473299056993,0.0,0.0,0.0,0.0,0.21555000895956952,0.0,124.75309554789223,random_forest
2025-03-21 19:55:00,20.758869321330934,0.24214117932772827,1.8569122050532951,21.15727730066164,328.5671364187421,0.0,0.0,0.0,0.0,0.21555000895956952,0.0,122.23769776542036,random_forest
2025-03-21 20:00:00,20.642753187644615,0.24403036998704003,1.8390891427627438,21.03262793709191,330.20949929908704,0.0,0.0,0.0,0.0,0.21555000895956952,0.0,119.7730179709573,random_forest
2025-03-21 20:05:00,20.528978304601424,0.24602433809334065,1.8214238375791647,20.90341668356269,331.82236123496756,0.0,0.0,0.0,0.0,0.21555000895956952,0.0,117.3580335372568,random_forest
2025-03-21 20:10:00,20.417497465543683,0.24799570197666126,1.804214015687195,20.776791707332436,333.4062521371206,0.0,0.0,0.0,0.0,0.21555000895956952,0.0,114.99174245631481,random_forest
2025-03-21 20:15:00,20.308264415641972,0.24994439190768794,1.7874460063009008,20.652700941665447,334.9616923977611,0.0,0.0,0.0,0.0,0.21555000895956952,0.0,112.67316292362376,random_forest
2025-03-21 20:20:00,20.201233832703416,0.251870352538831,1.771106624908489,20.53109337857685,336.4891930615585,0.0,0.0,0.0,0.0,0.21555000895956952,0.0,110.40133293080908,random_forest
2025-03-21 20:25:00,20.096361308366916,0.2537735424491715,1.7551831530653577,20.411919046893406,337.98925599354203,0.0,0.0,0.0,0.0,0.21555000895956952,0.0,129.40129902248472,random_forest
2025-03-21 20:30:00,19.973440320724357,0.2557923791683769,1.7371699481448304,20.284654144338244,339.46237404398977,0.0,0.0,0.0,0.0,0.21555000895956952,0.0,126.79217947173832,random_forest
2025-03-21 20:35:00,19.852997790056172,0.25778806012327404,1.7196342029077525,20.15994691098522,340.9090312103565,0.0,0.0,0.0,0.0,0.21555000895956952,0.0,124.23566762185358,random_forest
2025-03-21 20:40:00,19.734983743212194,0.259760518831776,1.7025611138370826,20.037745907985585,342.3297027962922,0.0,0.0,0.0,0.0,0.21555000895956952,0.0,121.73070274328708,random_forest
2025-03-21 20:45:00,19.619349214651336,0.2617097034117016,1.6859364211268557,19.918000731988947,343.72485556780487,0.0,0.0,0.0,0.0,0.21555000895956952,0.0,119.27624549399455,random_forest
2025-03-21 20:50:00,19.50604622612515,0.2635089505319441,1.6700335158574677,19.80724692407698,345.09494790661756,0.0,0.0,0.0,0.0,0.21555000895956952,0.0,116.87127748819472,random_forest
2025-03-21 20:55:00,19.39502776677104,0.26532747394219813,1.6544521160391328,19.696558576561966,346.4404299607714,0.0,0.0,0.0,0.0,0.21555000895956952,0.0,114.51480087382805,random_forest
2025-03-21 21:00:00,19.28624777360686,0.26708067434613153,1.6393707587357365,19.590276505147088,347.76174379252285,0.0,0.0,0.0,0.0,0.21555000895956952,0.0,112.20583791853484,random_forest
2025-03-21 21:05:00,19.179661112418778,0.26881114146202234,1.6246807429357615,19.486143288661847,349.05932352358496,0.0,0.0,0.0,0.0,0.21555000895956952,0.0,109.94343060398184,random_forest
2025-03-21 21:10:00,19.075223559034523,0.27064899209258175,1.610083159919315,19.37752729035465,350.33359547775905,0.0,0.0,0.0,0.0,0.21555000895956952,0.0,107.72664022836794,random_forest
2025-03-21 21:15:00,18.972891780974205,0.2724635335400787,1.5958589377393908,19.271093218734613,351.5849783210049,0.0,0.0,0.0,0.0,0.21555000895956952,0.0,105.5545470169449,random_forest
2025-03-21 21:20:00,18.872623319471113,0.2742548010316722,1.5819970248851258,19.16679720754596,352.8138831989946,0.0,0.0,0.0,0.0,0.21555000895956952,0.0,103.42624974039097,random_forest
2025-03-21 21:25:00,18.774376571855033,0.27602284087271406,1.5684867560846718,19.064596273354173,354.02071387219587,0.0,0.0,0.0,0.0,0.21555000895956952,0.0,104.7370236058401,random_forest
2025-03-21 21:30:00,18.674884692858246,0.2777713830155722,1.554996148234274,18.963806732724102,355.20586684852873,0.0,0.0,0.0,0.0,0.21555000895956952,0.0,109.84204637418541,random_forest
2025-03-21 21:35:00,18.570543446464352,0.2795933512828674,1.5409801561605467,18.8593377406474,356.36973151363935,0.0,0.0,0.0,0.0,0.21555000895956952,0.0,118.24029478770709,random_forest
2025-03-21 21:40:00,18.458224529079086,0.2814487039559314,1.5262386767602947,18.752770808117656,357.5126902588339,0.0,0.0,0.0,0.0,0.21555000895956952,0.0,115.85621466527323,random_forest
2025-03-21 21:45:00,18.348170299030674,0.2832799767126943,1.5118842650442479,18.648367321048678,358.63511860671457,0.0,0.0,0.0,0.0,0.21555000895956952,0.0,113.52020477169317,random_forest
2025-03-21 21:50:00,18.240335093408067,0.2850872195133563,1.4979051051365524,18.546083362663392,359.7373853345584,0.0,0.0,0.0,0.0,0.21555000895956952,0.0,111.23129586651211,random_forest
2025-03-21 21:55:00,18.134674170001897,0.28687049341529497,1.4842898069151786,18.445875908018884,360.8198525954803,0.0,0.0,0.0,0.0,0.21555000895956952,0.0,108.98853825207931,random_forest
2025-03-21 22:00:00,18.03114368874037,0.28875996473626303,1.4707583682587555,18.341527016126882,361.8828760374197,1.0,0.0,0.0,0.0,0.21555000895956952,23333.40915167523,126.3279978659085,random_forest
2025-03-21 22:05:00,18.83157017579458,0.2746500230400252,1.5770866013546336,19.141149835311786,362.9268049199896,0.0,0.0,0.0,0.0,0.21555000895956952,0.0,123.78084531389806,random_forest
2025-03-21 22:10:00,18.713988174128808,0.27669160955447364,1.5611337094276418,19.022778642219112,363.95198222922687,0.0,0.0,0.0,0.0,0.21555000895956952,0.0,121.28505102159895,random_forest
2025-03-21 22:15:00,18.598776979415355,0.2787086108218823,1.5456014146541395,18.906792471039836,364.95874479028157,0.0,0.0,0.0,0.0,0.21555000895956952,0.0,140.06556860796584,random_forest
2025-03-21 22:20:00,18.465725780099216,0.28085243660715364,1.5282231733391936,18.782898451420007,365.9474233780816,0.0,0.0,0.0,0.0,0.21555000895956952,0.0,137.24142529408803,random_forest
2025-03-21 22:25:00,18.335357293306124,0.28297087156951733,1.5113215374145952,18.661527927726436,366.91834282601013,0.0,0.0,0.0,0.0,0.21555000895956952,0.0,134.47422520713306,random_forest
2025-03-21 22:30:00,18.207617427479455,0.28506386478869056,1.4948811512375326,18.542629487050178,367.8718221326303,0.0,0.0,0.0,0.0,0.21555000895956952,0.0,131.76282020030663,random_forest
2025-03-21 22:35:00,18.08245318171113,0.28700994770854416,1.4791391642017477,18.431948376067755,368.80817456649345,1.0,0.0,0.0,0.0,0.21555000895956952,23333.40915167523,148.64308176331093,random_forest
2025-03-21 22:40:00,18.861682106045983,0.2730330351178554,1.5835778758319736,19.2263998468407,369.7277077690642,0.0,0.0,0.0,0.0,0.21555000895956952,0.0,145.64598997488562,random_forest
2025-03-21 22:45:00,18.723329948307747,0.2751227943414378,1.565433768605346,19.102024044759077,370.6307238557972,0.0,0.0,0.0,0.0,0.21555000895956952,0.0,142.70932857502396,random_forest
2025-03-21 22:50:00,18.587767386364682,0.2770698956438292,1.5480459009433947,18.98601295076606,371.5175195153981,0.0,0.0,0.0,0.0,0.21555000895956952,0.0,139.83187910526019,random_forest
2025-03-21 22:55:00,18.454938173571794,0.27911073317529234,1.5308894151986465,18.866586968300265,372.38838610730124,0.0,0.0,0.0,0.0,0.21555000895956952,0.0,137.01244767491767,random_forest
2025-03-21 23:00:00,18.324787197385696,0.28112649057457034,1.5142049825303587,18.749609768279218,373.24360975739717,0.0,0.0,0.0,0.0,0.21555000895956952,0.0,134.24986446574806,random_forest
2025-03-21 23:05:00,18.197260456497705,0.2831171519482233,1.4979773550094277,18.63503108846828,374.0834714520397,0.0,0.0,0.0,0.0,0.21555000895956952,0.0,131.54298324655895,random_forest
2025-03-21 23:10:00,18.072305038428013,0.28508271561629595,1.4821918665020437,18.52280170091733,374.9082471303651,1.0,0.0,0.0,0.0,0.21555000895956952,23333.40915167523,148.42767738402986,random_forest
2025-03-21 23:15:00,18.85173857986674,0.27124868008572,1.5864792619799446,19.314742872881705,375.7182077749528,0.0,0.0,0.0,0.0,0.21555000895956952,0.0,145.43492879603264,random_forest
2025-03-21 23:20:00,18.713586913535885,0.27335493183320153,1.5682959936501146,19.188884014265508,376.5136195008574,0.0,0.0,0.0,0.0,0.21555000895956952,0.0,142.50252302460987,random_forest
2025-03-21 23:25:00,18.578220800490158,0.27543630790581397,1.5506172074007143,19.065599410504888,377.2947436430415,0.0,0.0,0.0,0.0,0.21555000895956952,0.0,139.6292433770107,random_forest
2025-03-21 23:30:00,18.445584075593732,0.2774927513872925,1.5334264326795657,18.94483636862796,378.06183684223845,0.0,0.0,0.0,0.0,0.21555000895956952,0.0,136.81389769267113,random_forest
2025-03-21 23:35:00,18.315621706168915,0.27952422083911893,1.51670783453284,18.826543276487183,378.81515112927207,0.0,0.0,0.0,0.0,0.21555000895956952,0.0,134.0553178485713,random_forest
2025-03-21 23:40:00,18.188279769162392,0.28141006114631667,1.5006981052769313,18.716532491771083,379.5549340078624,0.0,0.0,0.0,0.0,0.21555000895956952,0.0,131.3523592745661,random_forest
2025-03-21 23:45:00,18.063505428771848,0.283392752349872,1.4848742323719282,18.602927540800835,380.2814285359437,1.0,0.0,0.0,0.0,0.21555000895956952,23333.40915167523,148.24089696489102,random_forest
2025-03-21 23:50:00,18.843116396818857,0.26966682963624933,1.5890669283077772,19.39351512423472,380.9948734055219,0.0,0.0,0.0,0.0,0.21555000895956952,0.0,145.25191443215712,random_forest
2025-03-21 23:55:00,18.70513857964199,0.27178774478937345,1.5708483958382546,19.266324342931654,381.69550302109764,0.0,0.0,0.0,0.0,0.21555000895956952,0.0,142.32319878099167,random_forest
2025-03-22 00:00:00,18.569942810428202,0.2740016808617187,1.5528825906768395,19.135849740455953,382.3835475766805,0.0,0.0,0.0,0.0,0.21555000895956952,0.0,139.45353484972213,random_forest
2025-03-22 00:05:00,18.43747299471951,0.2761906227622822,1.5354095059491266,19.00801769089783,383.05923313141994,0.0,0.0,0.0,0.0,0.21555000895956952,0.0,136.6417319779914,random_forest
2025-03-22 00:10:00,18.30767416909098,0.2784742007934719,1.5181613225338138,18.87689398394407,383.72278168387794,0.0,0.0,0.0,0.0,0.21555000895956952,0.0,155.11261266874308,random_forest
2025-03-22 00:15:00,18.16032946939251,0.28087598257492347,1.4991801612456055,18.738566800094965,384.37441124496695,0.0,0.0,0.0,0.0,0.21555000895956952,0.0,151.98507567074853,random_forest
2025-03-22 00:20:00,18.01595568219327,0.2833659602744608,1.4804983221515866,18.597545349237773,385.0143359095784,1.0,0.0,0.0,0.0,0.21555000895956952,23333.40915167523,168.45759571564835,random_forest
2025-03-22 00:25:00,18.776362387253062,0.2702207021854801,1.5812532356090223,19.35573734700538,385.64276592692397,0.0,0.0,0.0,0.0,0.21555000895956952,0.0,165.0609837049987,random_forest
2025-03-22 00:30:00,18.61956752281553,0.27292656349573746,1.5600195594004003,19.196767865679053,386.2599077696138,0.0,0.0,0.0,0.0,0.21555000895956952,0.0,182.95884676873538,random_forest
2025-03-22 00:35:00,18.445771105680265,0.2757369969386949,1.5371708032871174,19.0316835325114,386.8659642014935,0.0,0.0,0.0,0.0,0.21555000895956952,0.0,179.26984590326978,random_forest
2025-03-22 00:40:00,18.275478947259735,0.27862736603682,1.5147766572489387,18.864796523187646,387.4611343442631,0.0,0.0,0.0,0.0,0.21555000895956952,0.0,175.6552263952829,random_forest
2025-03-22 00:45:00,18.108620391154098,0.28159870031809153,1.4928173082270775,18.696128060030713,388.0456137428988,0.0,0.0,0.0,0.0,0.21555000895956952,0.0,172.11348849279796,random_forest
2025-03-22 00:50:00,17.945126205609135,0.2844374757519167,1.4717149825703453,18.53601071272349,388.61959442990013,1.0,0.0,0.0,0.0,0.21555000895956952,23333.40915167523,188.18015916975307,random_forest
2025-03-22 00:55:00,18.686798037086245,0.2714434579103749,1.5697896619969975,19.280999444030297,389.18326498838263,0.0,0.0,0.0,0.0,0.21555000895956952,0.0,163.1598917795932,random_forest
2025-03-22 01:00:00,18.531809059443013,0.2743588264180904,1.548417685009147,19.112549349041764,389.73681061403755,0.0,0.0,0.0,0.0,0.21555000895956952,0.0,159.87009742083765,random_forest
2025-03-22 01:05:00,18.37994512594365,0.27713773068501324,1.5278817365234951,18.95298080760185,390.2804131759783,0.0,0.0,0.0,0.0,0.21555000895956952,0.0,156.6466352151919,random_forest
2025-03-22 01:10:00,18.231143226295103,0.2797786360019576,1.5081575399238667,18.802119012825088,390.81425127649436,0.0,0.0,0.0,0.0,0.21555000895956952,0.0,153.48816770685897,random_forest
2025-03-22 01:15:00,18.085341620681426,0.2822801338098502,1.489221690476486,18.659798602904438,391.33850030973133,0.0,0.0,0.0,0.0,0.21555000895956952,0.0,150.39338440717492,random_forest
2025-03-22 01:20:00,17.942479814147127,0.28475559816782287,1.4708158350728078,18.520356224093433,391.85333251931735,1.0,0.0,0.0,0.0,0.21555000895956952,23333.40915167523,166.8979977372729,random_forest
2025-03-22 01:25:00,18.70436801379218,0.27140263574094975,1.5716034005706745,19.285603166182547,392.3589170549543,0.0,0.0,0.0,0.0,0.21555000895956952,0.0,163.53283191462467,random_forest
2025-03-22 01:30:00,18.54902477255132,0.2739872330008137,1.5508813437168816,19.133559046285722,392.85542002799235,0.0,0.0,0.0,0.0,0.21555000895956952,0.0,160.23551796058752,random_forest
2025-03-22 01:35:00,18.39681371847442,0.27654659473057097,1.5307489249338517,18.984588538420866,393.3430045660065,0.0,0.0,0.0,0.0,0.21555000895956952,0.0,157.0046877773271,random_forest
2025-03-22 01:40:00,18.247671697243646,0.27908045365625,1.5111862430978609,18.838629516322843,393.8218308663926,0.0,0.0,0.0,0.0,0.21555000895956952,0.0,153.83900085197806,random_forest
2025-03-22 01:45:00,18.10153682792225,0.28158856457888143,1.4921741929522239,18.695621109483813,394.29205624900044,0.0,0.0,0.0,0.0,0.21555000895956952,0.0,150.7371437004479,random_forest
2025-03-22 01:50:00,17.958348477279355,0.2840707038796167,1.47369442837144,18.555503677765433,394.75383520782214,1.0,0.0,0.0,0.0,0.21555000895956952,23333.40915167523,167.23482580883783,random_forest
2025-03-22 01:55:00,18.719916716927596,0.2707636503779993,1.5745116782545396,19.320088268819685,395.2073194617512,0.0,0.0,0.0,0.0,0.21555000895956952,0.0,163.86286851876693,random_forest
2025-03-22 02:00:00,18.564259967046205,0.27335391921186597,1.5537153376508206,19.167394262091047,395.65265800443046,0.0,0.0,0.0,0.0,0.21555000895956952,0.0,139.33291087772054,random_forest
2025-03-22 02:05:00,18.431904734559502,0.27578665139741415,1.5357305188633337,19.027234767280078,396.08999715320437,0.0,0.0,0.0,0.0,0.21555000895956952,0.0,136.52354014821725,random_forest
2025-03-22 02:10:00,18.30221818181043,0.27819390874011457,1.5182314212244488,18.889887968985068,396.5194805971919,0.0,0.0,0.0,0.0,0.21555000895956952,0.0,133.77081478588585,random_forest
2025-03-22 02:15:00,18.17514650018555,0.28045478685641373,1.5014545264884651,18.76118218730965,396.9412494444961,0.0,0.0,0.0,0.0,0.21555000895956952,0.0,131.07359264968085,random_forest
2025-03-22 02:20:00,18.050636966014974,0.28281182287665113,1.4848766137148783,18.62918382835661,397.35544226856575,1.0,0.0,0.0,0.0,0.21555000895956952,23333.40915167523,169.1937402699642,random_forest
2025-03-22 02:25:00,18.810344392038562,0.26970645276133254,1.5857310228551116,19.386731626175536,397.7621951537238,0.0,0.0,0.0,0.0,0.21555000895956952,0.0,187.00827452608007,random_forest
2025-03-22 02:30:00,18.63270133918109,0.2726473224475147,1.561901659582289,19.212662706993335,398.16164173987846,0.0,0.0,0.0,0.0,0.21555000895956952,0.0,183.2376250124877,random_forest
2025-03-22 02:35:00,18.458640104788856,0.2755639437970843,1.5387782621833521,19.042112210236922,398.5539132664311,0.0,0.0,0.0,0.0,0.21555000895956952,0.0,179.5430031387973,random_forest
2025-03-22 02:40:00,18.28808846862408,0.2785608047382667,1.5161153021893183,18.86985631870436,398.9391386153951,0.0,0.0,0.0,0.0,0.21555000895956952,0.0,175.92287595902485,random_forest
2025-03-22 02:45:00,18.120975666626276,0.2815328226168519,1.4941133787619836,18.7010700568488,399.31744435374077,0.0,0.0,0.0,0.0,0.21555000895956952,0.0,172.37574143598985,random_forest
2025-03-22 02:50:00,17.95723236155135,0.284479532479425,1.4727494929361638,18.535683527712052,399.6889547749789,1.0,0.0,0.0,0.0,0.21555000895956952,23333.40915167523,188.43712430450333,random_forest
2025-03-22 02:55:00,18.698660096497804,0.2714845598434078,1.5708659188775649,19.280648789183168,400.05379193999823,0.0,0.0,0.0,0.0,0.21555000895956952,0.0,184.63766488003589,random_forest
2025-03-22 03:00:00,18.523268935091252,0.27441077294378435,1.5474791143863005,19.10873239943824,400.4120757171685,0.0,0.0,0.0,0.0,0.21555000895956952,0.0,180.91481398996132,random_forest
2025-03-22 03:05:00,18.351414187242455,0.2773124534750686,1.524782558916784,18.94029076793457,400.7639238217238,0.0,0.0,0.0,0.0,0.21555000895956952,0.0,156.04103781970971,random_forest
2025-03-22 03:10:00,18.203187557166384,0.2800641700482572,1.5049166195120733,18.784209362026356,401.1094518544383,0.0,0.0,0.0,0.0,0.21555000895956952,0.0,174.1207701330889,random_forest
2025-03-22 03:15:00,18.03778661300644,0.28291685190290355,1.4834605183766247,18.622300343281974,401.4487733396072,1.0,0.0,0.0,0.0,0.21555000895956952,23333.40915167523,190.14696797235925,random_forest
2025-03-22 03:20:00,18.77759013185959,0.27003069822128795,1.5817862870355992,19.365533831629094,401.78199976234544,0.0,0.0,0.0,0.0,0.21555000895956952,0.0,186.3130329547083,random_forest
2025-03-22 03:25:00,18.600607503443364,0.27307160198904706,1.5578589886381229,19.1867661312816,402.1092406052164,0.0,0.0,0.0,0.0,0.21555000895956952,0.0,182.55640160314414,random_forest
2025-03-22 03:30:00,18.427193377348452,0.2759845409653956,1.5348576825848208,19.016752785125938,402.43060338420304,0.0,0.0,0.0,0.0,0.21555000895956952,0.0,178.8755152431555,random_forest
2025-03-22 03:35:00,18.257275801830605,0.2788727010073266,1.5125329997661754,18.85017563129692,402.74619368403216,0.0,0.0,0.0,0.0,0.21555000895956952,0.0,175.26884662779904,random_forest
2025-03-22 03:40:00,18.090784275909233,0.28173564797869277,1.4908612015653973,18.686965227396012,403.056115192865,0.0,0.0,0.0,0.0,0.21555000895956952,0.0,171.7348993040252,random_forest
2025-03-22 03:45:00,17.927649720115642,0.2844656175993988,1.4700400957811066,18.532212124823058,403.360469736364,1.0,0.0,0.0,0.0,0.21555000895956952,23333.40915167523,187.80920347818306,random_forest
2025-03-22 03:50:00,18.669673930126226,0.2713649460447201,1.5682783512032523,19.282471661731666,403.65935731114814,0.0,0.0,0.0,0.0,0.21555000895956952,0.0,184.02240482695865,random_forest
2025-03-22 03:55:00,18.494867217051745,0.2741878706225867,1.5452036981043966,19.115756621335056,403.95287611764707,0.0,0.0,0.0,0.0,0.21555000895956952,0.0,180.31195943084282,random_forest
2025-03-22 04:00:00,18.323585133298064,0.2769859232730819,1.5228116945457235,18.95242498892293,404.2411225923651,0.0,0.0,0.0,0.0,0.21555000895956952,0.0,176.67632777846921,random_forest
2025-03-22 04:05:00,18.15575661173263,0.27975870882089166,1.5010782654238133,18.792408091560457,404.5241914395658,0.0,0.0,0.0,0.0,0.21555000895956952,0.0,173.114001399653,random_forest
2025-03-22 04:10:00,17.991312018150126,0.28250585756494495,1.4799803399026872,18.63563865108231,404.8021756623873,1.0,0.0,0.0,0.0,0.21555000895956952,23333.40915167523,189.1604987259094,random_forest
2025-03-22 04:15:00,18.73205260467546,0.26953695338838596,1.5783573377222953,19.383920238019932,405.0751665933988,0.0,0.0,0.0,0.0,0.21555000895956952,0.0,185.34645389650663,random_forest
2025-03-22 04:20:00,18.555988149827552,0.27247761041175966,1.5547837703939553,19.21008802770718,405.34325392460823,0.0,0.0,0.0,0.0,0.21555000895956952,0.0,181.60931168714703,random_forest
2025-03-22 04:25:00,18.383473684159085,0.27539403730175954,1.5319061141164492,19.039766023810543,405.6065257369306,0.0,0.0,0.0,0.0,0.21555000895956952,0.0,177.94752150961412,random_forest
2025-03-22 04:30:00,18.214437629206447,0.27839120879591095,1.5094792865958637,18.867706745316784,405.8650685291276,0.0,0.0,0.0,0.0,0.21555000895956952,0.0,195.5855531962206,random_forest
2025-03-22 04:35:00,18.02864684079003,0.2814869145928123,1.4855649772525252,18.690275491440843,406.1189672462267,1.0,0.0,0.0,0.0,0.21555000895956952,23333.40915167523,211.17895642241038,random_forest
2025-03-22 04:40:00,18.748471635999007,0.26890649049880105,1.5813418352579953,19.418314067722765,406.3683053074304,0.0,0.0,0.0,0.0,0.21555000895956952,0.0,206.92095323333737,random_forest
2025-03-22 04:45:00,18.551913115122318,0.2721690766780382,1.555046382480619,19.224980104469797,406.6131646335235,0.0,0.0,0.0,0.0,0.21555000895956952,0.0,202.74880420068834,random_forest
2025-03-22 04:50:00,18.35931780546189,0.2754091639533944,1.529556057686078,19.035552086542314,406.8536256737889,0.0,0.0,0.0,0.0,0.21555000895956952,0.0,198.6607782463387,random_forest
2025-03-22 04:55:00,18.170605796754494,0.2786260918264336,1.5048413097840392,18.84995110926528,407.0897674324389,0.0,0.0,0.0,0.0,0.21555000895956952,0.0,194.65517919590755,random_forest
2025-03-22 05:00:00,17.98569878996824,0.28181923026016475,1.4808738698928958,18.668099861938273,407.3216674945729,1.0,0.0,0.0,0.0,0.21555000895956952,23333.40915167523,210.26734156139548,random_forest
2025-03-22 05:05:00,18.706389547110458,0.2693079971563711,1.5763208295327291,19.39179207792539,407.5494020516677,0.0,0.0,0.0,0.0,0.21555000895956952,0.0,206.02771927092695,random_forest
2025-03-22 05:10:00,18.510679527768797,0.2724708162073851,1.5503937583156282,19.203880905788804,407.7730459266106,0.0,0.0,0.0,0.0,0.21555000895956952,0.0,201.87358052265932,random_forest
2025-03-22 05:15:00,18.318915611299353,0.27551253455652885,1.5254681374540933,19.0246342511488,407.9926725982829,0.0,0.0,0.0,0.0,0.21555000895956952,0.0,197.80320171116588,random_forest
2025-03-22 05:20:00,18.131018232394585,0.2784308455962293,1.5015110525322741,18.853899239618528,408.2083542257013,0.0,0.0,0.0,0.0,0.21555000895956952,0.0,193.81489398409147,random_forest
2025-03-22 05:25:00,17.946909430022956,0.28132382269285794,1.478284713808265,18.68666311170268,408.4201616717262,1.0,0.0,0.0,0.0,0.21555000895956952,23333.40915167523,209.4439990278285,random_forest
2025-03-22 05:30:00,18.66838229737704,0.26855037619007427,1.574209113206446,19.42472354444791,408.62816452634365,0.0,0.0,0.0,0.0,0.21555000895956952,0.0,205.22097780023586,random_forest
2025-03-22 05:35:00,18.47343861855204,0.27142589259641053,1.5490032693529263,19.250964139975633,408.83243112952977,0.0,0.0,0.0,0.0,0.21555000895956952,0.0,179.8571162314597,random_forest
2025-03-22 05:40:00,18.302588599821764,0.27424381457953123,1.5265754335191306,19.085316535402463,409.03302859370365,0.0,0.0,0.0,0.0,0.21555000895956952,0.0,176.2306555865876,random_forest
2025-03-22 05:45:00,18.1351834315488,0.2770368715247607,1.5048053914474833,18.923022040360316,409.23002282577755,0.0,0.0,0.0,0.0,0.21555000895956952,0.0,172.67731530016647,random_forest
2025-03-22 05:50:00,17.971153655182537,0.2798046732404345,1.4836701550960478,18.764012784573122,409.4234785488107,1.0,0.0,0.0,0.0,0.21555000895956952,23333.40915167523,188.7326175321565,random_forest
2025-03-22 05:55:00,18.712300694960867,0.26700188174888645,1.581880368326974,19.510091754086037,409.6134593232744,0.0,0.0,0.0,0.0,0.21555000895956952,0.0,184.92720007509425,random_forest
2025-03-22 06:00:00,18.536634498045377,0.269856893282366,1.5584949839937638,19.339270431805765,409.800027567935,0.0,0.0,0.0,0.0,0.21555000895956952,0.0,181.1985112842894,random_forest
2025-03-22 06:05:00,18.364510260231068,0.2725832454483692,1.5360213243612328,19.177134075591358,409.98324458036154,0.0,0.0,0.0,0.0,0.21555000895956952,0.0,177.5450040789573,random_forest
2025-03-22 06:10:00,18.195856564964874,0.2752846339403064,1.5142104969557157,19.018295151583207,410.1631705570656,0.0,0.0,0.0,0.0,0.21555000895956952,0.0,173.96516257211687,random_forest
2025-03-22 06:15:00,18.030603435666322,0.27796070858077127,1.4930392195889652,18.8626865767784,410.3398646132788,1.0,0.0,0.0,0.0,0.21555000895956952,23333.40915167523,189.99449792803222,random_forest
2025-03-22 06:20:00,18.77055178898849,0.26517950653309585,1.5915982054192006,19.612112116697322,410.5133848023753,0.0,0.0,0.0,0.0,0.21555000895956952,0.0,186.16363716525007,random_forest
2025-03-22 06:25:00,18.59371107474259,0.2679455965934464,1.568167434200351,19.444584025873855,410.68378813494564,0.0,0.0,0.0,0.0,0.21555000895956952,0.0,182.41001808232633,random_forest
2025-03-22 06:30:00,18.420436001401317,0.2707914706583566,1.5452121249265294,19.275215132756127,410.85113059752746,0.0,0.0,0.0,0.0,0.21555000895956952,0.0,178.8432286192034,random_forest
2025-03-22 06:35:00,18.25578538231556,0.27371212285443003,1.523214627599012,19.105067488336864,300.0,1.0,0.0,1.0,0.0,0.21555000895956952,23333.40915167523,194.77420748573704,random_forest
2025-03-22 06:40:00,18.99119339003134,0.26122725996475554,1.6223573345424103,19.849653964323366,302.1555000895957,1.0,0.0,1.0,0.0,0.21555000895956952,23333.40915167523,231.60995903875653,random_forest
2025-03-22 06:45:00,19.691610350550093,0.24973075025477534,1.7209925766701386,20.569553151474565,304.27228200722266,1.0,0.0,1.0,0.0,0.21555000895956952,23333.40915167523,246.47700184740953,random_forest
2025-03-22 06:50:00,20.37790479762293,0.23909679925536753,1.8211094524161013,21.270088616268065,306.3510412280738,1.0,0.0,1.0,0.0,0.21555000895956952,23333.40915167523,261.04428033880396,random_forest
2025-03-22 06:55:00,21.0503614836149,0.22900064633509642,1.9232621527358207,21.96638432658483,308.39246073486834,1.0,0.0,1.0,0.0,0.21555000895956952,23333.40915167523,275.31783866355266,random_forest
2025-03-22 07:00:00,21.709259419426576,0.21956596999731476,2.0269613604988064,22.648729016219708,310.39721124224786,1.0,0.0,1.0,0.0,0.21555000895956952,23333.40915167523,278.69060452600286,random_forest
2025-03-22 07:05:00,22.364953494735836,0.21072770479872147,2.1334743550554816,23.319868992414335,312.3659514171418,0.0,0.0,1.0,0.0,0.21555000895956952,0.0,262.4583687937691,random_forest
2025-03-22 07:10:00,22.115638826715543,0.21383314588160313,2.0930911741441074,23.077890944286057,314.29932809517425,0.0,0.0,1.0,0.0,0.21555000895956952,0.0,257.16641835393744,random_forest
2025-03-22 07:15:00,21.87135109257871,0.21684209328006296,2.0542633920766162,22.846095262775453,316.19797649318406,1.0,0.0,1.0,0.0,0.21555000895956952,23333.40915167523,271.51816604460623,random_forest
2025-03-22 07:20:00,22.533858416507563,0.20808610765177857,2.1626885939606684,23.52088011721911,318.06252041792703,0.0,0.0,1.0,0.0,0.21555000895956952,0.0,244.8175536756866,random_forest
2025-03-22 07:25:00,22.30130112599055,0.21102133132003112,2.124443919464121,23.289977852803393,319.8935724710297,0.0,0.0,1.0,0.0,0.21555000895956952,0.0,239.8812951490226,random_forest
2025-03-22 07:30:00,22.073432890204362,0.21385393746136414,2.087662464348518,23.06939128411619,321.6917342502614,0.0,0.0,1.0,0.0,0.21555000895956952,0.0,235.04456644722697,random_forest
2025-03-22 07:35:00,21.850159163696482,0.21667111762942082,2.05205679258816,22.853271779651728,323.45759654719103,0.0,0.0,1.0,0.0,0.21555000895956952,0.0,230.3053607495499,random_forest
2025-03-22 07:40:00,21.631387307335196,0.21947217364487956,2.0175817207231335,22.64152887338837,325.19173954129366,0.0,0.0,1.0,0.0,0.21555000895956952,0.0,225.66171169878618,random_forest
2025-03-22 07:45:00,21.417026549872432,0.2222259350416529,1.9842719190152645,22.435943491321495,326.89473299056993,1.0,0.0,1.0,0.0,0.21555000895956952,23333.40915167523,237.04027091529002,random_forest
2025-03-22 07:50:00,22.11228514409878,0.21283640613328506,2.0953169336081943,23.14098346838342,328.5671364187421,1.0,0.0,1.0,0.0,0.21555000895956952,23333.40915167523,234.18025129747357,random_forest
2025-03-22 07:55:00,22.81026053049611,0.2040575695655441,2.2104275143939955,23.83529864834375,330.20949929908704,0.0,0.0,1.0,0.0,0.21555000895956952,0.0,229.4584727938994,random_forest
2025-03-22 08:00:00,22.592293150633264,0.20682631489253486,2.1738240940987508,23.613737655048027,331.82236123496756,1.0,0.0,1.0,0.0,0.21555000895956952,23333.40915167523,244.3688960389701,random_forest
2025-03-22 08:05:00,23.280590131297227,0.1984403068095478,2.290236607223235,24.298506388559975,333.4062521371206,0.0,0.0,1.0,0.0,0.21555000895956952,0.0,239.4416838002521,random_forest
2025-03-22 08:10:00,23.053139491482472,0.2012366686946161,2.251105245823296,24.067591664295186,334.9616923977611,0.0,0.0,1.0,0.0,0.21555000895956952,0.0,234.61381898601766,random_forest
2025-03-22 08:15:00,22.830274940954713,0.20401972142105243,2.21321382552747,23.841326011128498,336.4891930615585,0.0,0.0,1.0,0.0,0.21555000895956952,0.0,229.88329845325754,random_forest
2025-03-22 08:20:00,22.611904010354596,0.20678872824594066,2.1765150536752365,23.619615801050973,337.98925599354203,0.0,0.0,1.0,0.0,0.21555000895956952,0.0,204.0221702923477,random_forest
2025-03-22 08:25:00,22.41809910373649,0.20954496282483145,2.1435828132779946,23.405710514468705,339.46237404398977,1.0,0.0,1.0,0.0,0.21555000895956952,23333.40915167523,219.44546593249362,random_forest
2025-03-22 08:30:00,23.130071369480834,0.2009886453869337,2.262298887238104,24.097968947625795,340.9090312103565,0.0,0.0,1.0,0.0,0.21555000895956952,0.0,215.02078503815702,random_forest
2025-03-22 08:35:00,22.92581864976141,0.20377530423106446,2.2267359111175016,23.87438102446759,342.3297027962922,1.0,0.0,1.0,0.0,0.21555000895956952,23333.40915167523,230.2223155107103,random_forest
2025-03-22 08:40:00,23.627553761753536,0.19550484117674605,2.347199000373432,24.56358014396,343.72485556780487,1.0,0.0,1.0,0.0,0.21555000895956952,23333.40915167523,245.1173373882431,random_forest
2025-03-22 08:45:00,24.315139782399786,0.18759145502173744,2.470175387197734,25.251719686207167,345.09494790661756,0.0,0.0,0.4,0.0,0.21555000895956952,0.0,222.31198633925754,random_forest
2025-03-22 08:50:00,24.26239607338483,0.19711960460507857,2.433505643762111,24.56491474628074,300.0,0.0,0.0,0.2,0.0,0.21555000895956952,0.0,222.51666657361775,random_forest
2025-03-22 08:55:00,24.271844550131345,0.2091161757153967,2.3985014319626012,23.754032789030653,300.0,0.0,0.0,0.3,0.0,0.21555000895956952,0.0,222.3313866442394,random_forest
2025-03-22 09:00:00,24.26329163289535,0.22021232282775727,2.363639119674243,23.036897513473605,300.0,1.0,0.0,1.0,0.0,0.21555000895956952,23333.40915167523,237.3855133911559,random_forest
2025-03-22 09:05:00,24.95822227410708,0.21073405682458918,2.4937799476638562,23.76625022134992,302.1555000895957,0.0,0.0,1.0,0.0,0.21555000895956952,0.0,211.37311800328442,random_forest
2025-03-22 09:10:00,24.757434549236276,0.21287520099431223,2.457416383809332,23.591322788148716,304.27228200722266,0.0,0.0,1.0,0.0,0.21555000895956952,0.0,207.1111999325178,random_forest
2025-03-22 09:15:00,24.560695309059735,0.21509576231893363,2.4218616057070683,23.413616372429644,306.3510412280738,0.0,0.0,0.9,0.0,0.21555000895956952,0.0,203.64972086941543,random_forest
2025-03-22 09:20:00,24.40090604294668,0.21874812413296543,2.3876676843638984,23.152748566170224,300.0,1.0,0.0,1.0,0.0,0.21555000895956952,23333.40915167523,219.08052621061054,random_forest
2025-03-22 09:25:00,25.11322497252966,0.20924076534453215,2.5216659513265594,23.89184450331469,302.1555000895957,0.0,0.0,1.0,0.0,0.21555000895956952,0.0,193.43721444314866,random_forest
2025-03-22 09:30:00,24.929474935815996,0.21126356838056753,2.487841522305696,23.726446957248733,304.27228200722266,0.0,0.0,1.0,0.0,0.21555000895956952,0.0,189.53693815644888,random_forest
2025-03-22 09:35:00,24.74942985273774,0.2131620853561975,2.45534756721954,23.571257822354735,306.3510412280738,0.0,0.0,1.0,0.0,0.21555000895956952,0.0,185.71530317543778,random_forest
2025-03-22 09:40:00,24.57301502028157,0.21525196168635677,2.423162997275387,23.40564810026377,308.39246073486834,0.0,0.0,1.0,0.0,0.21555000895956952,0.0,160.74473469875963,random_forest
2025-03-22 09:45:00,24.420320250624894,0.2170779456996109,2.3955531253071047,23.2624275430581,310.39721124224786,0.0,0.0,0.7,0.0,0.21555000895956952,0.0,160.04251486006495,random_forest
2025-03-22 09:50:00,24.3879042831643,0.22399073205725284,2.3698007286509566,22.821253451487404,300.0,0.0,0.0,1.0,0.0,0.21555000895956952,0.0,156.81557620004838,random_forest
2025-03-22 09:55:00,24.238941902957453,0.22573267491395244,2.343485347991368,22.688615463424224,302.1555000895957,0.0,0.0,1.0,0.0,0.21555000895956952,0.0,153.65370233312518,random_forest
2025-03-22 10:00:00,24.09298305255641,0.2273379856988312,2.3182543525552184,22.565804597242245,304.27228200722266,0.0,0.0,1.0,0.0,0.21555000895956952,0.0,129.3295922012846,random_forest
2025-03-22 10:05:00,23.970130180716,0.22876493873643206,2.296977452511109,22.45846536662699,306.3510412280738,0.0,0.0,1.0,0.0,0.21555000895956952,0.0,126.72191847581611,random_forest
2025-03-22 10:10:00,23.84975439243044,0.23029788781370078,2.2758976223823657,22.34576179404537,308.39246073486834,0.0,0.0,1.0,0.0,0.21555000895956952,0.0,124.16682329902119,random_forest
2025-03-22 10:15:00,23.73180574224183,0.23168477340740526,2.2557453036483643,22.242932459586157,310.39721124224786,0.0,0.0,1.0,0.0,0.21555000895956952,0.0,121.6632465291523,random_forest
2025-03-22 10:20:00,23.61623529174299,0.23305241986608036,2.236125998368596,22.142223883156014,312.3659514171418,0.0,0.0,1.0,0.0,0.21555000895956952,0.0,97.98416024410427,random_forest
2025-03-22 10:25:00,23.523158098225483,0.23437253965419722,2.219800251946504,22.04854077423881,314.29932809517425,0.0,0.0,1.0,0.0,0.21555000895956952,0.0,96.00850474383034,random_forest
2025-03-22 10:30:00,23.43195762099421,0.23567423165088122,2.2038807749498694,21.956745288052232,316.19797649318406,0.0,0.0,1.0,0.0,0.21555000895956952,0.0,94.07268440309693,random_forest
2025-03-22 10:35:00,23.342596019801892,0.2368199786487662,2.188750673974444,21.87488137538912,318.06252041792703,0.0,0.0,0.8,0.0,0.21555000895956952,0.0,94.22414631616941,random_forest
2025-03-22 10:40:00,23.34958782518125,0.24197779787503534,2.1748754584952357,21.57587955049988,300.0,0.0,0.0,0.9,0.0,0.21555000895956952,0.0,72.14466907278057,random_forest
2025-03-22 10:45:00,23.33035200125604,0.2450577843597473,2.1635265408997095,21.39631484580778,300.0,0.0,0.0,1.0,0.0,0.21555000895956952,0.0,70.69001546434023,random_forest
2025-03-22 10:50:00,23.263202084037395,0.24604737687423503,2.1519528850885075,21.32947290375795,302.1555000895957,1.0,0.0,0.3,0.0,0.21555000895956952,23333.40915167523,96.35957333052389,random_forest
2025-03-22 10:55:00,24.448163696720936,0.24750979695386527,2.3062771744669748,21.43241987533429,300.0,0.0,0.0,0.9,0.0,0.21555000895956952,0.0,95.51066233682708,random_forest
2025-03-22 11:00:00,24.408976152262255,0.2504780484940516,2.2918008335611377,21.25819528053088,300.0,0.0,0.0,0.8,0.0,0.21555000895956952,0.0,95.7950849621149,random_forest
2025-03-22 11:05:00,24.422105708077034,0.25552859236502073,2.2781467325504616,20.978239282128204,300.0,0.0,0.0,1.0,0.0,0.21555000895956952,0.0,93.86356780635097,random_forest
2025-03-22 11:10:00,24.332942751093068,0.25635166005924814,2.263517362023032,20.919059144364038,302.1555000895957,0.0,0.0,1.0,0.0,0.21555000895956952,0.0,91.97099584829195,random_forest
2025-03-22 11:15:00,24.245577587609063,0.25708993249495626,2.2494699824982094,20.865005579255666,304.27228200722266,0.0,0.0,1.0,0.0,0.21555000895956952,0.0,90.11658383556785,random_forest
2025-03-22 11:20:00,24.159973968698583,0.2576741065314066,2.2362000460968487,20.819826395850832,306.3510412280738,0.0,0.0,1.0,0.0,0.21555000895956952,0.0,88.29956234885927,random_forest
2025-03-22 11:25:00,24.076096376322624,0.2583850627463665,2.2228497124240265,20.768084039919557,308.39246073486834,0.0,0.0,1.0,0.0,0.21555000895956952,0.0,86.51917748265532,random_forest
2025-03-22 11:30:00,23.993910008592714,0.25908179407814447,2.2098366531652083,20.71751859245047,310.39721124224786,0.0,0.0,1.0,0.0,0.21555000895956952,0.0,63.54870137644384,random_forest
2025-03-22 11:35:00,23.933543774284377,0.2595605271295532,2.2004195957272197,20.68226190236073,312.3659514171418,0.0,0.0,1.0,0.0,0.21555000895956952,0.0,62.26736834162618,random_forest
2025-03-22 11:40:00,23.87439470489887,0.26002906913887036,2.1912284850676738,20.647809760622906,314.29932809517425,0.0,0.0,1.0,0.0,0.21555000895956952,0.0,61.01187083626161,random_forest
2025-03-22 11:45:00,23.816438258728954,0.2604876112595703,2.182257308986097,20.614143792255472,316.19797649318406,0.0,0.0,1.0,0.0,0.21555000895956952,0.0,59.78168793833841,random_forest
2025-03-22 11:50:00,23.75965038890206,0.2610882325286042,2.1730535465805114,20.573033810246198,318.06252041792703,0.0,0.0,1.0,0.0,0.21555000895956952,0.0,58.57630922920014,random_forest
2025-03-22 11:55:00,23.70400753340292,0.26152510999941586,2.1645129532694725,20.54102236049645,319.8935724710297,0.0,0.0,1.0,0.0,0.21555000895956952,0.0,57.395234581766175,random_forest
2025-03-22 12:00:00,23.649486605297387,0.26210546921927763,2.155728495735481,20.501510292853506,321.6917342502614,0.0,0.0,1.0,0.0,0.21555000895956952,0.0,56.23797395302289,random_forest
2025-03-22 12:05:00,23.596064983153386,0.2626748206817443,2.1471495752440557,20.462841663235235,323.45759654719103,0.0,0.0,1.0,0.0,0.21555000895956952,0.0,55.104047180698146,random_forest
2025-03-22 12:10:00,23.54372050165497,0.2630794649257384,2.1392175840916674,20.433245640676763,325.19173954129366,1.0,0.0,1.0,0.0,0.21555000895956952,23333.40915167523,73.52998027043833,random_forest
2025-03-22 12:15:00,24.394300924700786,0.2495865302695478,2.2925128606249747,21.306197467411884,326.89473299056993,0.0,0.0,1.0,0.0,0.21555000895956952,0.0,72.0473946199167,random_forest
2025-03-22 12:20:00,24.32586160476618,0.2501718637898374,2.2813600632450575,21.262488320209115,328.5671364187421,0.0,0.0,1.0,0.0,0.21555000895956952,0.0,49.36871320113535,random_forest
2025-03-22 12:25:00,24.27896523640537,0.25059506193436704,2.273678521431755,21.23135286800128,330.20949929908704,0.0,0.0,1.0,0.0,0.21555000895956952,0.0,48.37329139485277,random_forest
2025-03-22 12:30:00,24.23301443993969,0.25100974348578886,2.266173986457496,21.20089503544833,331.82236123496756,0.0,0.0,1.0,0.0,0.21555000895956952,0.0,47.397940287362445,random_forest
2025-03-22 12:35:00,24.187990149794555,0.2514160612821499,2.2588420079303697,21.171100060978425,333.4062521371206,0.0,0.0,1.0,0.0,0.21555000895956952,0.0,46.44225519298501,random_forest
2025-03-22 12:40:00,24.14387368481473,0.25181416617739266,2.25167826202848,21.141953506735213,334.9616923977611,0.0,0.0,1.0,0.0,0.21555000895956952,0.0,45.50583958572192,random_forest
2025-03-22 12:45:00,24.100646740513273,0.25220420703252516,2.244678547344342,21.113441251400207,336.4891930615585,0.0,0.0,0.3,0.0,0.21555000895956952,0.0,53.168727083771614,random_forest
2025-03-22 12:50:00,24.45438199278513,0.2684833366393725,2.2428302454882596,20.281583253822433,300.0,0.0,0.0,1.0,0.0,0.21555000895956952,0.0,52.09668556355116,random_forest
2025-03-22 12:55:00,24.404894266690025,0.26848137260490434,2.2362061448736563,20.27431608745838,302.1555000895957,0.0,0.0,1.0,0.0,0.21555000895956952,0.0,51.04625962610108,random_forest
2025-03-22 13:00:00,24.356404362059248,0.26816408759922256,2.2306934045328353,20.283906796822308,304.27228200722266,0.0,0.0,1.0,0.0,0.21555000895956952,0.0,50.017013436232475,random_forest
2025-03-22 13:05:00,24.30889215980968,0.2680033086775854,2.22484602862139,20.28534960738112,306.3510412280738,0.0,0.0,0.9,0.0,0.21555000895956952,0.0,28.9987786376809,random_forest
2025-03-22 13:10:00,24.338645553596677,0.2698688892996706,2.223132467217985,20.191143642572634,300.0,0.0,0.0,1.0,0.0,0.21555000895956952,0.0,28.41407600437737,random_forest
2025-03-22 13:15:00,24.31165443131434,0.2694337854759518,2.220865505182223,20.21008623992404,302.1555000895957,1.0,0.0,1.0,0.0,0.21555000895956952,23333.40915167523,47.37815922190641,random_forest
2025-03-22 13:20:00,25.18707701356737,0.25490679729546056,2.3865036461744102,21.130745204783217,304.27228200722266,0.0,0.0,1.0,0.0,0.21555000895956952,0.0,46.42287297332883,random_forest
2025-03-22 13:25:00,25.142978960161468,0.2547765361429934,2.3806674125581027,21.13119491792719,306.3510412280738,0.0,0.0,1.0,0.0,0.21555000895956952,0.0,45.486848169934234,random_forest
2025-03-22 13:30:00,25.09977005620121,0.25464498495523596,2.374973076852886,21.1318538313753,308.39246073486834,0.0,0.0,1.0,0.0,0.21555000895956952,0.0,44.56969644303087,random_forest
2025-03-22 13:35:00,25.057432373758356,0.25451226303926827,2.3694169008059984,21.132712628737618,310.39721124224786,0.0,0.0,1.0,0.0,0.21555000895956952,0.0,43.671037254608486,random_forest
2025-03-22 13:40:00,25.015948346385656,0.25437848520845807,2.3639952563817808,21.13376229846309,312.3659514171418,0.0,0.0,1.0,0.0,0.21555000895956952,0.0,42.790497739448135,random_forest
2025-03-22 13:45:00,24.975300761828287,0.25424376190489967,2.3587046220633847,21.13499412533916,314.29932809517425,0.0,0.0,1.0,0.0,0.21555000895956952,0.0,41.927712550415684,random_forest
2025-03-22 13:50:00,24.935472754882277,0.25410819931996204,2.3535415792949834,21.13639968219169,316.19797649318406,0.0,0.0,1.0,0.0,0.21555000895956952,0.0,41.08232370687436,random_forest
2025-03-22 13:55:00,24.896447800396906,0.2539718995128992,2.348502809058486,21.13797082178163,318.06252041792703,0.0,0.0,1.0,0.0,0.21555000895956952,0.0,40.25398044615429,random_forest
2025-03-22 14:00:00,24.858209706418222,0.2537546313864209,2.3438373895678115,21.144186173700476,319.8935724710297,0.0,0.0,1.0,0.0,0.21555000895956952,0.0,39.442339078016445,random_forest
2025-03-22 14:05:00,24.820742607470784,0.25361841381757666,2.3390330571867612,21.145995325363657,321.6917342502614,0.0,0.0,1.0,0.0,0.21555000895956952,0.0,38.64706284205117,random_forest
2025-03-22 14:10:00,24.784030957974874,0.2534817250586001,2.3343436865836216,21.147948143069144,323.45759654719103,0.0,0.0,1.0,0.0,0.21555000895956952,0.0,37.867821767951895,random_forest
2025-03-22 14:15:00,24.748059525796435,0.2531829344647696,2.330270925671888,21.15907939715455,325.19173954129366,0.0,0.0,1.0,0.0,0.21555000895956952,0.0,37.104292538606394,random_forest
2025-03-22 14:20:00,24.71281338592707,0.2530481304471281,2.3257936367965297,21.161156757667033,326.89473299056993,0.0,0.0,1.0,0.0,0.21555000895956952,0.0,36.356158355948196,random_forest
2025-03-22 14:25:00,24.678277914291456,0.25291307063633417,2.321422860421664,21.16335907440856,328.5671364187421,0.0,0.0,1.0,0.0,0.21555000895956952,0.0,35.62310880951316,random_forest
2025-03-22 14:30:00,24.644438781679636,0.2527778316249028,2.3171558843091016,21.165679924961395,330.20949929908704,0.0,0.0,1.0,0.0,0.21555000895956952,0.0,34.90483974764605,random_forest
2025-03-22 14:35:00,24.611281947801636,0.2524794432263417,2.313494674643074,21.17724275278784,331.82236123496756,0.0,0.0,1.0,0.0,0.21555000895956952,0.0,34.20105315130418,random_forest
2025-03-22 14:40:00,24.57879365546198,0.25231890902968174,2.3095041841042137,21.18119381464213,333.4062521371206,0.0,0.0,1.0,0.0,0.21555000895956952,0.0,33.51145701040549,random_forest
2025-03-22 14:45:00,24.54696042485164,0.252186588586384,2.30552264572262,21.183666818930945,334.9616923977611,0.0,0.0,1.0,0.0,0.21555000895956952,0.0,32.83576520266983,random_forest
2025-03-22 14:50:00,24.515769047955107,0.25205432202555017,2.301634986706743,21.186237126329846,336.4891930615585,0.0,0.0,1.0,0.0,0.21555000895956952,0.0,32.17369737490316,random_forest
2025-03-22 14:55:00,24.4852065830702,0.2519221710065205,2.2978388501430826,21.188899337737936,337.98925599354203,0.0,0.0,1.0,0.0,0.21555000895956952,0.0,31.524978826675337,random_forest
2025-03-22 15:00:00,24.4552603494384,0.25162562318354514,2.2946365462504206,21.200880872379148,339.46237404398977,0.0,0.0,1.0,0.0,0.21555000895956952,0.0,30.88934039634356,random_forest
2025-03-22 15:05:00,24.425917921983434,0.25133168910773296,2.2915121805011314,21.21282029954067,340.9090312103565,0.0,0.0,1.0,0.0,0.21555000895956952,0.0,9.040529193368586,random_forest
2025-03-22 15:10:00,24.417330135109154,0.25097332372063963,2.291431465931966,21.23162322208496,342.3297027962922,0.0,0.0,1.0,0.0,0.21555000895956952,0.0,30.084234078306025,random_forest
2025-03-22 15:15:00,24.388752494905305,0.25068724876951126,2.2883902459036025,21.24326598571673,343.72485556780487,0.0,0.0,1.0,0.0,0.21555000895956952,0.0,29.477645397234934,random_forest
2025-03-22 15:20:00,24.360751065916748,0.25056929711090387,2.2849181099921725,21.245542500897784,345.09494790661756,0.0,0.0,0.9,0.0,0.21555000895956952,0.0,29.767686913400443,random_forest
2025-03-22 15:25:00,24.37414000173451,0.25214709846629124,2.2819354900479825,21.15905366640875,300.0,0.0,0.0,0.9,0.0,0.21555000895956952,0.0,30.029651246953765,random_forest
2025-03-22 15:30:00,24.386232834839433,0.2534883509699791,2.279491987048084,21.086012353727078,300.0,0.0,0.0,1.0,0.0,0.21555000895956952,0.0,29.424163119999914,random_forest
2025-03-22 15:35:00,24.358282209779343,0.2531590060994808,2.276685959780326,21.100049698905305,302.1555000895957,0.0,0.0,0.9,0.0,0.21555000895956952,0.0,29.654946944718066,random_forest
2025-03-22 15:40:00,24.368935684005308,0.2545731754119165,2.273824408711184,21.02300532081134,300.0,0.0,0.0,0.9,0.0,0.21555000895956952,0.0,29.860436191110413,random_forest
2025-03-22 15:45:00,24.378421506475004,0.25575706040723795,2.2715023251098856,20.958881246576034,300.0,0.0,0.0,0.9,0.0,0.21555000895956952,0.0,30.02843854660055,random_forest
2025-03-22 15:50:00,24.386176854001206,0.2570215793787549,2.2686955854709754,20.890311086275695,300.0,0.0,0.0,0.9,0.0,0.21555000895956952,0.0,30.173999978014187,random_forest
2025-03-22 15:55:00,24.392896280545738,0.2582271485085248,2.265925308585542,20.82510892253758,300.0,0.0,0.0,0.9,0.0,0.21555000895956952,0.0,30.276931679902713,random_forest
2025-03-22 16:00:00,24.397647827732563,0.25933587278910863,2.2631818335191376,20.765161818786247,300.0,0.0,0.0,0.9,0.0,0.21555000895956952,0.0,30.373024596194828,random_forest
2025-03-22 16:05:00,24.4020836819709,0.2604156669054735,2.2604823158214664,20.70696552151965,300.0,0.0,0.0,0.9,0.0,0.21555000895956952,0.0,30.433836380767982,random_forest
2025-03-22 16:10:00,24.404890883820407,0.2614131508280422,2.257812794476827,20.65319757266622,300.0,0.0,0.0,0.9,0.0,0.21555000895956952,0.0,30.471192943859315,random_forest
2025-03-22 16:15:00,24.406615342553813,0.2622963793618652,2.2553455189121387,20.605623565850554,300.0,0.0,0.0,0.9,0.0,0.21555000895956952,0.0,30.479216049616724,random_forest
2025-03-22 16:20:00,24.406985706250243,0.26316443676691303,2.252741569703831,20.55880396678904,300.0,0.0,0.0,0.9,0.0,0.21555000895956952,0.0,30.46961168526565,random_forest
2025-03-22 16:25:00,24.40654234828009,0.2638190159804837,2.250680605883544,20.523479621133042,300.0,0.0,0.0,0.9,0.0,0.21555000895956952,0.0,30.430032946257878,random_forest
2025-03-22 16:30:00,24.404715309160558,0.2645701955661873,2.2481382927186497,20.482839217105667,300.0,0.0,0.0,0.9,0.0,0.21555000895956952,0.0,30.372198742640563,random_forest
2025-03-22 16:35:00,24.40204555880709,0.2652720691359566,2.2456339754064407,20.44481405332201,300.0,0.0,0.0,0.8,0.0,0.21555000895956952,0.0,30.80774583678441,random_forest
2025-03-22 16:40:00,24.422151342855525,0.2667179568364497,2.2439124382259275,20.37059179173136,300.0,0.0,0.0,0.8,0.0,0.21555000895956952,0.0,52.406515255585305,random_forest
2025-03-22 16:45:00,24.4191966669668,0.26831860991051937,2.2386185325887404,20.285072334683868,300.0,0.0,0.0,0.7,0.0,0.21555000895956952,0.0,52.755037186323705,random_forest
2025-03-22 16:50:00,24.435285183615832,0.2707337135821206,2.2333779476371625,20.159931969045843,300.0,0.0,0.0,0.8,0.0,0.21555000895956952,0.0,52.59002656174756,random_forest
2025-03-22 16:55:00,24.427667940777955,0.27206062315394314,2.2282986625271706,20.089162111254172,300.0,0.0,0.0,0.7,0.0,0.21555000895956952,0.0,52.834817524214415,random_forest
2025-03-22 17:00:00,24.438968014396956,0.27411673201054065,2.2235072517225407,19.983498262043724,300.0,0.0,0.0,0.8,0.0,0.21555000895956952,0.0,52.55705292334622,random_forest
2025-03-22 17:05:00,24.426145807208698,0.275179080267791,2.2185507067473056,19.926441867910054,300.0,0.0,0.0,0.6,0.0,0.21555000895956952,0.0,52.970814571439924,random_forest
2025-03-22 17:10:00,24.44524592854104,0.27748680385030666,2.2140154032767274,19.810015846535066,300.0,0.0,0.0,0.7,0.0,0.21555000895956952,0.0,52.941178826758446,random_forest
2025-03-22 17:15:00,24.443877879274517,0.2789533718368415,2.2093405606047516,19.734503778249213,300.0,0.0,0.0,0.7,0.0,0.21555000895956952,0.0,52.82639991800887,random_forest
2025-03-22 17:20:00,24.43857943971732,0.28023624228684363,2.2047108755623928,19.66814378351461,300.0,0.0,0.0,0.5,0.0,0.21555000895956952,0.0,53.21408943823591,random_forest
2025-03-22 17:25:00,24.456476015946002,0.2824108632112541,2.2004040213663085,19.560135941986935,300.0,0.0,0.0,0.7,0.0,0.21555000895956952,0.0,52.969960138373104,random_forest
2025-03-22 17:30:00,24.445206486085894,0.28340768988945714,2.1958667022138245,19.508073030643835,300.0,0.0,0.0,0.5,0.0,0.21555000895956952,0.0,53.15628118719009,random_forest
2025-03-22 17:35:00,24.45380746361866,0.28516165077118794,2.1916192173412936,19.420926303473635,300.0,0.0,0.0,0.4,0.0,0.21555000895956952,0.0,53.30391404272094,random_forest
2025-03-22 17:40:00,24.46062251152431,0.28666582019683384,2.1878992234965797,19.346483216958447,300.0,0.0,0.0,0.0,0.0,0.21555000895956952,0.0,75.2493396458718,random_forest
2025-03-22 17:45:00,24.473670225446718,0.2894657202347093,2.1810127737464122,19.20886929985023,300.0,0.0,0.0,0.0,0.0,0.21555000895956952,0.0,75.24048791392121,random_forest
2025-03-22 17:50:00,24.473261610595543,0.2916998084686903,2.174102024539236,19.09837580160577,300.0,0.0,0.0,1.0,0.0,0.21555000895956952,0.0,73.72341328246952,random_forest
2025-03-22 17:55:00,24.40323020564429,0.2911700391661763,2.166632587433433,19.114638131151175,302.1555000895957,0.0,0.0,1.0,0.0,0.21555000895956952,0.0,72.23692744039444,random_forest
2025-03-22 18:00:00,24.334610844538076,0.2906384073888672,2.1593709674289943,19.13120970958166,304.27228200722266,0.0,0.0,1.0,0.0,0.21555000895956952,0.0,70.78041362566188,random_forest
2025-03-22 18:05:00,24.267375056224207,0.2901052521889763,2.152310818104726,19.14807081561964,306.3510412280738,0.0,0.0,1.0,0.0,0.21555000895956952,0.0,69.3532675120163,random_forest
2025-03-22 18:10:00,24.20149494371209,0.2895708998393098,2.145446010509384,19.16520236045798,308.39246073486834,0.0,0.0,1.0,0.0,0.21555000895956952,0.0,67.95489695823764,random_forest
2025-03-22 18:15:00,24.136943172498388,0.2890356641140953,2.13877062478461,19.182585873048335,310.39721124224786,0.0,0.0,1.0,0.0,0.21555000895956952,0.0,84.20229276193885,random_forest
2025-03-22 18:20:00,24.056957661794456,0.28861109407013125,2.129806252355271,19.1923182190601,312.3659514171418,0.0,0.0,1.0,0.0,0.21555000895956952,0.0,86.11293933562054,random_forest
2025-03-22 18:25:00,23.97515718813693,0.288064018493359,2.121006372652807,19.20787981554262,314.29932809517425,0.0,0.0,1.0,0.0,0.21555000895956952,0.0,84.3766433688098,random_forest
2025-03-22 18:30:00,23.895006058162135,0.28751247952993564,2.1124576212221493,19.223914259193243,316.19797649318406,0.0,0.0,0.0,0.0,0.21555000895956952,0.0,82.86589126390876,random_forest
2025-03-22 18:35:00,23.825266514539262,0.28744877792130974,2.1038124868419272,19.217191837618344,300.0,0.0,0.0,0.0,0.0,0.21555000895956952,0.0,81.30621092106432,random_forest
2025-03-22 18:40:00,23.753268338958588,0.2872312300339882,2.0953657481859342,19.217791262291357,300.0,0.0,0.0,0.0,0.0,0.21555000895956952,0.0,79.74622260847256,random_forest
2025-03-22 18:45:00,23.681255946836657,0.2869489741527708,2.0871353629380294,19.22160325456111,300.0,0.0,0.0,0.0,0.0,0.21555000895956952,0.0,78.13829880803381,random_forest
2025-03-22 18:50:00,23.607030750221558,0.2863711634372846,2.0795163368836276,19.239803336753894,302.1555000895957,0.0,0.0,0.0,0.0,0.21555000895956952,0.0,76.56279558957942,random_forest
2025-03-22 18:55:00,23.534302156910364,0.2857909944571293,2.072112126929367,19.258357307221388,304.27228200722266,0.0,0.0,0.0,0.0,0.21555000895956952,0.0,75.01905925662449,random_forest
2025-03-22 19:00:00,23.463039990877256,0.2852088488301131,2.0649160689449104,19.277243173122837,306.3510412280738,0.0,0.0,0.0,0.0,0.21555000895956952,0.0,73.50644929317231,random_forest
2025-03-22 19:05:00,23.3932146845359,0.28462509415657794,2.0579217309677067,19.296439627808933,308.39246073486834,0.0,0.0,0.0,0.0,0.21555000895956952,0.0,93.25032725396093,random_forest
2025-03-22 19:10:00,23.30463425751826,0.2843203808849091,2.0478270800701264,19.29903428284547,310.39721124224786,0.0,0.0,0.0,0.0,0.21555000895956952,0.0,91.37012007065023,random_forest
2025-03-22 19:15:00,23.217839878443655,0.28400767506940566,2.0380166960851795,19.302282404572757,312.3659514171418,0.0,0.0,0.0,0.0,0.21555000895956952,0.0,89.52782352161054,random_forest
2025-03-22 19:20:00,23.13279553521142,0.28368744548886776,2.0284816217542856,19.306156212970613,314.29932809517425,0.0,0.0,0.0,0.0,0.21555000895956952,0.0,87.72267321438356,random_forest
2025-03-22 19:25:00,23.049465941833198,0.28336014732337705,2.01921322054326,19.31062872901227,316.19797649318406,0.0,0.0,0.0,0.0,0.21555000895956952,0.0,85.95392016896308,random_forest
2025-03-22 19:30:00,22.967816523792326,0.28302622231501146,2.0102031636626547,19.31567375697502,318.06252041792703,0.0,0.0,0.0,0.0,0.21555000895956952,0.0,84.22083050703344,random_forest
2025-03-22 19:35:00,22.887813403698438,0.28268609893868407,2.001443417672392,19.321265867030785,319.8935724710297,0.0,0.0,0.0,0.0,0.21555000895956952,0.0,82.52268514747395,random_forest
2025-03-22 19:40:00,22.809423387231284,0.28226913041192436,1.9931235707982242,19.330941502961263,321.6917342502614,0.0,0.0,0.0,0.0,0.21555000895956952,0.0,80.85877950800314,random_forest
2025-03-22 19:45:00,22.732613949368,0.2817760071974379,1.985232600620576,19.344670546548357,323.45759654719103,0.0,0.0,0.0,0.0,0.21555000895956952,0.0,79.22842321283821,random_forest
2025-03-22 19:50:00,22.657353220888044,0.28142259773072437,1.977167795310761,19.351620955439884,325.19173954129366,0.0,0.0,0.0,0.0,0.21555000895956952,0.0,77.6309398062496,random_forest
2025-03-22 19:55:00,22.583609975150253,0.2810645547373374,1.9693240814670867,19.359025172071693,326.89473299056993,0.0,0.0,0.0,0.0,0.21555000895956952,0.0,97.29165562789566,random_forest
2025-03-22 20:00:00,22.49119060618331,0.28083497546351804,1.9589331687175273,19.357298912322594,328.5671364187421,0.0,0.0,0.0,0.0,0.21555000895956952,0.0,95.32996310439852,random_forest
2025-03-22 20:05:00,22.400634689780297,0.2807328220676833,1.9484645581184983,19.34943756321613,330.20949929908704,0.0,0.0,0.0,0.0,0.21555000895956952,0.0,93.40782420481607,random_forest
2025-03-22 20:10:00,22.311904653130483,0.2807583291824568,1.9379156229679206,19.335430143990116,331.82236123496756,0.0,0.0,0.0,0.0,0.21555000895956952,0.0,91.52444140907515,random_forest
2025-03-22 20:15:00,22.224963681004056,0.2807733293509211,1.927654668566734,19.322211650524324,333.4062521371206,0.0,0.0,0.0,0.0,0.21555000895956952,0.0,89.67903327750706,random_forest
2025-03-22 20:20:00,22.139775700477013,0.2807782320871784,1.9176728291605216,19.30975507754032,334.9616923977611,0.0,0.0,0.0,0.0,0.21555000895956952,0.0,87.87083412661809,random_forest
2025-03-22 20:25:00,22.056305365964043,0.28077343693196233,1.907961551820868,19.298034174461286,336.4891930615585,0.0,0.0,0.0,0.0,0.21555000895956952,0.0,107.32508286740276,random_forest
2025-03-22 20:30:00,21.954355035599985,0.2810130456551924,1.8955113708824913,19.2714420420438,337.98925599354203,0.0,0.0,0.0,0.0,0.21555000895956952,0.0,105.16108626064407,random_forest
2025-03-22 20:35:00,21.854460330659837,0.28123813051498464,1.8834072924349918,19.24590074991906,339.46237404398977,0.0,0.0,0.0,0.0,0.21555000895956952,0.0,103.04072233684221,random_forest
2025-03-22 20:40:00,21.756579803549776,0.2815827620714422,1.8712903242634047,19.214715569060548,340.9090312103565,0.0,0.0,0.0,0.0,0.21555000895956952,0.0,100.96311132982001,random_forest
2025-03-22 20:45:00,21.66067284238418,0.2819129229683757,1.8595042037134635,19.184579380311668,342.3297027962922,0.0,0.0,0.0,0.0,0.21555000895956952,0.0,98.92739121213363,random_forest
2025-03-22 20:50:00,21.56669965413524,0.2822290183300952,1.8480386476142878,19.155461610468492,343.72485556780487,0.0,0.0,0.0,0.0,0.21555000895956952,0.0,103.93729375888805,random_forest
2025-03-22 20:55:00,21.467967455167766,0.28270079031529555,1.8357025240978468,19.11798795695413,345.09494790661756,0.0,0.0,0.0,0.0,0.21555000895956952,0.0,116.06301790877932,random_forest
2025-03-22 21:00:00,21.357716778413398,0.28322899800647117,1.822010101536281,19.076158828186365,346.4404299607714,0.0,0.0,0.0,0.0,0.21555000895956952,0.0,113.72283823954888,random_forest
2025-03-22 21:05:00,21.249689087041524,0.28361009902208745,1.8090263545710399,19.041994158426654,347.76174379252285,0.0,0.0,0.0,0.0,0.21555000895956952,0.0,111.42984363394125,random_forest
2025-03-22 21:10:00,21.143839558977977,0.2841046838218626,1.7960800178751146,19.00260598657927,349.05932352358496,0.0,0.0,0.0,0.0,0.21555000895956952,0.0,109.18308269909615,random_forest
2025-03-22 21:15:00,21.040124275896467,0.28458235062918213,1.783491877067573,18.964430743417303,350.33359547775905,0.0,0.0,0.0,0.0,0.21555000895956952,0.0,106.98162322509602,random_forest
2025-03-22 21:20:00,20.938500204996313,0.28515293455848795,1.770979524272469,18.92207116087378,351.5849783210049,0.0,0.0,0.0,0.0,0.21555000895956952,0.0,104.82455179818028,random_forest
2025-03-22 21:25:00,20.83892518114758,0.28572934926574195,1.7587524503128167,18.87981053606365,352.8138831989946,0.0,0.0,0.0,0.0,0.21555000895956952,0.0,102.7109734217581,random_forest
2025-03-22 21:30:00,20.741357889396223,0.28628929218374644,1.7468565574044486,18.838730998542488,354.02071387219587,0.0,0.0,0.0,0.0,0.21555000895956952,0.0,100.64001114506306,random_forest
2025-03-22 21:35:00,20.64575784782199,0.28696735506632964,1.7349550092358603,18.792272064230644,355.20586684852873,0.0,0.0,0.0,0.0,0.21555000895956952,0.0,98.61080569929473,random_forest
2025-03-22 21:40:00,20.552085390741944,0.28762881231401777,1.7233703767461543,18.747007213336857,356.36973151363935,0.0,0.0,0.0,0.0,0.21555000895956952,0.0,96.62251514109732,random_forest
2025-03-22 21:45:00,20.46030165225267,0.28827399558950484,1.7120930249538446,18.70290639081068,357.5126902588339,0.0,0.0,0.0,0.0,0.21555000895956952,0.0,94.67431450322644,random_forest
2025-03-22 21:50:00,20.370368550104317,0.2889032331245415,1.7011136588085136,18.659940281243774,358.63511860671457,0.0,0.0,0.0,0.0,0.21555000895956952,0.0,92.7653954522596,random_forest
2025-03-22 21:55:00,20.28224876989977,0.28951684958299717,1.6904233094035908,18.61808029145288,359.7373853345584,0.0,0.0,0.0,0.0,0.21555000895956952,0.0,112.12095510921334,random_forest
2025-03-22 22:00:00,20.17574274065924,0.2903405098162243,1.6773881846407566,18.563680173609807,360.8198525954803,0.0,0.0,0.0,0.0,0.21555000895956952,0.0,109.86025928750469,random_forest
2025-03-22 22:05:00,20.071384193439854,0.2911449989243546,1.6647084391656222,18.51065972127794,361.8828760374197,0.0,0.0,0.0,0.0,0.21555000895956952,0.0,107.64514589588956,random_forest
2025-03-22 22:10:00,19.969129828542396,0.29179941239211316,1.6526792415961469,18.465242847633007,362.9268049199896,0.0,0.0,0.0,0.0,0.21555000895956952,0.0,105.47469585542198,random_forest
2025-03-22 22:15:00,19.86893721931987,0.2925681651523058,1.6406717585867736,18.41478652918849,363.95198222922687,0.0,0.0,0.0,0.0,0.21555000895956952,0.0,103.34800861855281,random_forest
2025-03-22 22:20:00,19.770764794574145,0.29331878984755666,1.6289875537755214,18.365610392033368,364.95874479028157,0.0,0.0,0.0,0.0,0.21555000895956952,0.0,101.2642017954813,random_forest
2025-03-22 22:25:00,19.674571821307524,0.29405162959796854,1.6176166588503689,18.317682523554254,365.9474233780816,0.0,0.0,0.0,0.0,0.21555000895956952,0.0,99.22241078804007,random_forest
2025-03-22 22:30:00,19.58031838782211,0.29476702473844346,1.6065494625938366,18.27097179040235,366.91834282601013,0.0,0.0,0.0,0.0,0.21555000895956952,0.0,97.22178843096248,random_forest
2025-03-22 22:35:00,19.487965387159935,0.2954653126372805,1.5957766961864635,18.22544782026447,367.8718221326303,0.0,0.0,0.0,0.0,0.21555000895956952,0.0,95.26150464038264,random_forest
2025-03-22 22:40:00,19.397474500876967,0.2962828225977641,1.5849831173166429,18.174707315592315,368.80817456649345,0.0,0.0,0.0,0.0,0.21555000895956952,0.0,93.34074606942303,random_forest
2025-03-22 22:45:00,19.308808183144304,0.2969461913502114,1.5747782062473936,18.13156505030333,369.7277077690642,0.0,0.0,0.0,0.0,0.21555000895956952,0.0,91.45871577072666,random_forest
2025-03-22 22:50:00,19.221929645169933,0.29773094159005375,1.5645354352738596,18.083113792770313,370.6307238557972,0.0,0.0,0.0,0.0,0.21555000895956952,0.0,89.61463286579311,random_forest
2025-03-22 22:55:00,19.13680283993458,0.29849888821027976,1.5545585768776786,18.03581577358526,371.5175195153981,0.0,0.0,0.0,0.0,0.21555000895956952,0.0,87.80773222098215,random_forest
2025-03-22 23:00:00,19.053392447235346,0.2992503265012793,1.5448397793006712,17.989643613914147,372.38838610730124,0.0,0.0,0.0,0.0,0.21555000895956952,0.0,86.0372641300501,random_forest
2025-03-22 23:05:00,18.971663859030897,0.29998554944261785,1.535371459867196,17.944570583636192,373.24360975739717,0.0,0.0,0.0,0.0,0.21555000895956952,0.0,84.30249400308684,random_forest
2025-03-22 23:10:00,18.891583165082146,0.3007048475677401,1.5261462943485098,17.900570586200985,374.0834714520397,0.0,0.0,0.0,0.0,0.21555000895956952,0.0,82.60270206172527,random_forest
2025-03-22 23:15:00,18.81311713888246,0.3014085088384256,1.517157206801424,17.857618143822123,374.9082471303651,0.0,0.0,0.0,0.0,0.21555000895956952,0.0,80.93718304049601,random_forest
2025-03-22 23:20:00,18.736233223871565,0.3020968185286173,1.5083973598579066,17.815688383000673,375.7182077749528,0.0,0.0,0.0,0.0,0.21555000895956952,0.0,79.30524589420351,random_forest
2025-03-22 23:25:00,18.66089951992739,0.30291244761753805,1.499553843570598,17.76824778835369,376.5136195008574,0.0,0.0,0.0,0.0,0.21555000895956952,0.0,77.70621351120278,random_forest
2025-03-22 23:30:00,18.58708477013032,0.303712035966917,1.490932074105546,17.721873536983647,377.2947436430415,0.0,0.0,0.0,0.0,0.21555000895956952,0.0,76.13942243245695,random_forest
2025-03-22 23:35:00,18.514758347794288,0.3044958416823189,1.4825257769139242,17.676541583808294,378.06183684223845,0.0,0.0,0.0,0.0,0.21555000895956952,0.0,95.83021173226464,random_forest
2025-03-22 23:40:00,18.423727234806165,0.305433269646824,1.472108831728973,17.621880924611716,378.81515112927207,0.0,0.0,0.0,0.0,0.21555000895956952,0.0,93.8979863151197,random_forest
2025-03-22 23:45:00,18.334531582964242,0.30639692155635506,1.461869472135732,17.566455461074295,379.5549340078624,0.0,0.0,0.0,0.0,0.21555000895956952,0.0,92.00472037636023,random_forest
2025-03-22 23:50:00,18.247134383848994,0.3073418175492732,1.4518960246457127,17.512292931458507,380.2814285359437,0.0,0.0,0.0,0.0,0.21555000895956952,0.0,90.14962837567475,random_forest
2025-03-22 23:55:00,18.16149937524199,0.3084059622812355,1.4418934819598697,17.453190434333926,380.9948734055219,0.0,0.0,0.0,0.0,0.21555000895956952,0.0,109.55792976761315,random_forest
2025-03-23 00:00:00,18.057428017127037,0.3096583434341279,1.4299033508267673,17.38346775480843,381.69550302109764,1.0,0.0,0.0,0.0,0.21555000895956952,23333.40915167523,126.8859087352167,random_forest
2025-03-23 00:05:00,18.857324533032656,0.2938030412285687,1.5379152449019484,18.217169560221095,382.3835475766805,0.0,0.0,0.0,0.0,0.21555000895956952,0.0,124.32750702135326,random_forest
2025-03-23 00:10:00,18.739223246031305,0.2952671220622161,1.5234432968857061,18.13233764322795,383.05923313141994,0.0,0.0,0.0,0.0,0.21555000895956952,0.0,121.82069038415234,random_forest
2025-03-23 00:15:00,18.623503236337147,0.29670746752780425,1.509366541737953,18.04935848579391,383.72278168387794,0.0,0.0,0.0,0.0,0.21555000895956952,0.0,119.36441871325134,random_forest
2025-03-23 00:20:00,18.510116490234516,0.298124289443378,1.4956724443247138,17.968191407649247,384.37441124496695,0.0,0.0,0.0,0.0,0.21555000895956952,0.0,95.73168371403725,random_forest
2025-03-23 00:25:00,18.419178971061932,0.29959131018197915,1.4840675916565949,17.888132407383427,385.0143359095784,0.0,0.0,0.0,0.0,0.21555000895956952,0.0,93.80144491820595,random_forest
2025-03-23 00:30:00,18.330075025902605,0.30089996170434247,1.473043378990297,17.815967721303206,385.64276592692397,0.0,0.0,0.0,0.0,0.21555000895956952,0.0,91.91012554449682,random_forest
2025-03-23 00:35:00,18.242767684387292,0.30218765345114235,1.4622990165602934,17.745313272872043,386.2599077696138,0.0,0.0,0.0,0.0,0.21555000895956952,0.0,90.05694086025315,random_forest
2025-03-23 00:40:00,18.157220721580632,0.303454591933086,1.4518263838236876,17.676137382993062,386.8659642014935,0.0,0.0,0.0,0.0,0.21555000895956952,0.0,109.4671111113948,random_forest
2025-03-23 00:45:00,18.053235633997758,0.30489363805898273,1.439393176027929,17.597006125077208,387.4611343442631,1.0,0.0,0.0,0.0,0.21555000895956952,23333.40915167523,126.79692125637683,random_forest
2025-03-23 00:50:00,18.85321668096195,0.28947539439106856,1.546942816742525,18.421433150494963,388.0456137428988,0.0,0.0,0.0,0.0,0.21555000895956952,0.0,124.24031379784596,random_forest
2025-03-23 00:55:00,18.735198220618678,0.29110995463034234,1.532044442211411,18.32745889465626,388.61959442990013,0.0,0.0,0.0,0.0,0.21555000895956952,0.0,121.73525523839125,random_forest
2025-03-23 01:00:00,18.61955936754795,0.2927204497391341,1.5175487288482992,18.23546847869102,389.18326498838263,0.0,0.0,0.0,0.0,0.21555000895956952,0.0,119.28070619709915,random_forest
2025-03-23 01:05:00,18.506252141707026,0.2944332995232377,1.5031739959559514,18.139507367213547,389.73681061403755,0.0,0.0,0.0,0.0,0.21555000895956952,0.0,116.87564825010267,random_forest
2025-03-23 01:10:00,18.395229530475195,0.29612186298476134,1.4891819030111333,18.045538091997123,390.2804131759783,0.0,0.0,0.0,0.0,0.21555000895956952,0.0,135.74507266402955,random_forest
2025-03-23 01:15:00,18.26628246019444,0.2979654641345521,1.4733191421358898,17.94249726144425,390.81425127649436,0.0,0.0,0.0,0.0,0.21555000895956952,0.0,133.0080435485516,random_forest
2025-03-23 01:20:00,18.139935350846244,0.2999440499959345,1.4575603885991448,17.83424000449391,391.33850030973133,0.0,0.0,0.0,0.0,0.21555000895956952,0.0,130.3262011756342,random_forest
2025-03-23 01:25:00,18.016135779395047,0.3018964040265845,1.4422325023966094,17.728225806694933,391.85333251931735,1.0,0.0,0.0,0.0,0.21555000895956952,23333.40915167523,147.2354293008953,random_forest
2025-03-23 01:30:00,18.796701862106552,0.2869633679082748,1.5469408676251404,18.533687354283614,392.3589170549543,0.0,0.0,0.0,0.0,0.21555000895956952,0.0,123.04073086566777,random_forest
2025-03-23 01:35:00,18.679822910561853,0.28874680015942183,1.531838527940241,18.432104273417316,392.85542002799235,0.0,0.0,0.0,0.0,0.21555000895956952,0.0,120.55985950761469,random_forest
2025-03-23 01:40:00,18.565300590363588,0.2905058450085656,1.5171398969005927,18.332617704972737,393.3430045660065,0.0,0.0,0.0,0.0,0.21555000895956952,0.0,118.12900998096576,random_forest
2025-03-23 01:45:00,18.45308738473282,0.29236728824754066,1.5025633911070284,18.2292173477471,393.8218308663926,0.0,0.0,0.0,0.0,0.21555000895956952,0.0,136.97316285109164,random_forest
2025-03-23 01:50:00,18.322973726018656,0.29425146727833884,1.4863900227886908,18.122947316019804,394.29205624900044,0.0,0.0,0.0,0.0,0.21555000895956952,0.0,134.2113717421766,random_forest
2025-03-23 01:55:00,18.195483550170078,0.29633047482015124,1.4702031729273328,18.008656840160643,394.75383520782214,0.0,0.0,0.0,0.0,0.21555000895956952,0.0,131.5052666521175,random_forest
2025-03-23 02:00:00,18.07056395987858,0.2984853051088972,1.4542460279591993,17.892003608998454,395.2073194617512,1.0,0.0,0.0,0.0,0.21555000895956952,23333.40915167523,169.61671042562492,random_forest
2025-03-23 02:05:00,18.829869597746487,0.28416904802999465,1.556224607663017,18.673028827959563,395.65265800443046,0.0,0.0,0.0,0.0,0.21555000895956952,0.0,166.19672717470024,random_forest
2025-03-23 02:10:00,18.671995866944716,0.28665146457757945,1.535599391288854,18.5312564547235,396.08999715320437,0.0,0.0,0.0,0.0,0.21555000895956952,0.0,162.84570107668378,random_forest
2025-03-23 02:15:00,18.517305345590575,0.2891071462583733,1.5155697862607176,18.392394301626627,396.5194805971919,0.0,0.0,0.0,0.0,0.21555000895956952,0.0,159.5622417478841,random_forest
2025-03-23 02:20:00,18.365733850603476,0.2915359166361182,1.4961154195579638,18.25638254539738,396.9412494444961,0.0,0.0,0.0,0.0,0.21555000895956952,0.0,156.34498683892843,random_forest
2025-03-23 02:25:00,18.217218493026852,0.29416301254749905,1.4767451766417157,18.11262109670652,397.35544226856575,0.0,0.0,0.0,0.0,0.21555000895956952,0.0,153.19260146950683,random_forest
2025-03-23 02:30:00,18.071697651934734,0.2966492269765487,1.4581561097611015,17.9770416261757,397.7621951537238,1.0,0.0,0.0,0.0,0.21555000895956952,23333.40915167523,190.86676331692007,random_forest
2025-03-23 02:35:00,18.81081742220636,0.2827076255931458,1.5575468117727587,18.74126471746793,398.16164173987846,0.0,0.0,0.0,0.0,0.21555000895956952,0.0,187.01831505929223,random_forest
2025-03-23 02:40:00,18.63316483163738,0.28535215282082255,1.5346640784979817,18.588304031407542,398.5539132664311,0.0,0.0,0.0,0.0,0.21555000895956952,0.0,183.24746309833884,random_forest
2025-03-23 02:45:00,18.4590942518426,0.28807345126947626,1.5122497802389008,18.433565337142113,398.9391386153951,0.0,0.0,0.0,0.0,0.21555000895956952,0.0,179.55264285923533,random_forest
2025-03-23 02:50:00,18.288533458706713,0.2907677770271007,1.490503774000041,18.282012607525644,399.31744435374077,0.0,0.0,0.0,0.0,0.21555000895956952,0.0,175.93232131369336,random_forest
2025-03-23 02:55:00,18.12141168436989,0.2935408993990479,1.4691818033816197,18.12861495299639,399.6889547749789,0.0,0.0,0.0,0.0,0.21555000895956952,0.0,172.38499634388762,random_forest
2025-03-23 03:00:00,17.957659587865294,0.29628676776243174,1.4484856853187393,17.978352262986423,400.05379193999823,1.0,0.0,0.0,0.0,0.21555000895956952,23333.40915167523,188.44619260561032,random_forest
2025-03-23 03:05:00,18.699078708643757,0.28255297344261404,1.547040079153928,18.733029893825396,400.4120757171685,0.0,0.0,0.0,0.0,0.21555000895956952,0.0,184.64655033690647,random_forest
2025-03-23 03:10:00,18.52367910675676,0.2855037491389465,1.5238600332583698,18.56568536735761,400.7639238217238,0.0,0.0,0.0,0.0,0.21555000895956952,0.0,180.92352028928542,random_forest
2025-03-23 03:15:00,18.351816088612996,0.2885331950919188,1.5011459911074787,18.396759561382115,401.1094518544383,0.0,0.0,0.0,0.0,0.21555000895956952,0.0,177.2755577298476,random_forest
2025-03-23 03:20:00,18.18341834604279,0.29143103763129075,1.4793187914436094,18.23622497731146,401.4487733396072,0.0,0.0,0.0,0.0,0.21555000895956952,0.0,173.70114907215665,random_forest
2025-03-23 03:25:00,18.018416008663724,0.2944089382035369,1.4579100498039486,18.07396779052295,401.78199976234544,1.0,0.0,0.0,0.0,0.21555000895956952,23333.40915167523,210.9617968906405,random_forest
2025-03-23 03:30:00,18.738447088232462,0.28103491110663226,1.5541341092210266,18.8125831353621,402.1092406052164,0.0,0.0,0.0,0.0,0.21555000895956952,0.0,185.48218313514585,random_forest
2025-03-23 03:35:00,18.562253701355345,0.2842037825927145,1.5303239473556134,18.633769451504236,402.43060338420304,0.0,0.0,0.0,0.0,0.21555000895956952,0.0,202.96829337193736,random_forest
2025-03-23 03:40:00,18.369449894362123,0.28727385554817597,1.5054666169657671,18.459281792300093,402.74619368403216,0.0,0.0,0.0,0.0,0.21555000895956952,0.0,177.6498526994577,random_forest
2025-03-23 03:45:00,18.20069660120872,0.2902871634080025,1.4833150393126933,18.292614239031845,403.056115192865,0.0,0.0,0.0,0.0,0.21555000895956952,0.0,174.0678971289434,random_forest
2025-03-23 03:50:00,18.03534588221605,0.293380877743759,1.4615888940595911,18.124320693796378,403.360469736364,1.0,0.0,0.0,0.0,0.21555000895956952,23333.40915167523,190.0951610470697,random_forest
2025-03-23 03:55:00,18.775198613545978,0.280146202021943,1.5596336707881828,18.861284002063876,403.65935731114814,0.0,0.0,0.0,0.0,0.21555000895956952,0.0,186.26227061291718,random_forest
2025-03-23 04:00:00,18.59826420533492,0.283321770891979,1.5356669388240956,18.681512595187737,403.95287611764707,0.0,0.0,0.0,0.0,0.21555000895956952,0.0,182.50666278290507,random_forest
2025-03-23 04:05:00,18.42489732718075,0.2864725959547558,1.5124061803806794,18.505360182270596,404.2411225923651,0.0,0.0,0.0,0.0,0.21555000895956952,0.0,178.82677930719424,random_forest
2025-03-23 04:10:00,18.255026046942994,0.2894929605536417,1.4900471069985948,18.33774164799991,404.5241914395658,0.0,0.0,0.0,0.0,0.21555000895956952,0.0,175.2210933549509,random_forest
2025-03-23 04:15:00,18.08857988284956,0.29248721817811346,1.4683413848574107,18.17350808300763,404.8021756623873,0.0,0.0,0.0,0.0,0.21555000895956952,0.0,171.68810888084505,random_forest
2025-03-23 04:20:00,17.92548977425297,0.29545493427861064,1.4472662604386781,18.012591136553333,405.0751665933988,1.0,0.0,0.0,0.0,0.21555000895956952,23333.40915167523,187.76335649072442,random_forest
2025-03-23 04:25:00,18.66755753527132,0.28197317841965996,1.545241150968082,18.756793320305434,405.34325392460823,0.0,0.0,0.0,0.0,0.21555000895956952,0.0,183.9774822527186,random_forest
2025-03-23 04:30:00,18.492793495085248,0.28503092319623535,1.5219219095274508,18.584125648846246,405.6065257369306,0.0,0.0,0.0,0.0,0.21555000895956952,0.0,180.2679426308694,random_forest
2025-03-23 04:35:00,18.321553223806145,0.28806325038547886,1.4992895659447445,18.414944365745146,405.8650685291276,0.0,0.0,0.0,0.0,0.21555000895956952,0.0,176.63319848962774,random_forest
2025-03-23 04:40:00,18.15376567164999,0.29106968489343105,1.4773199758452218,18.24917908293404,406.1189672462267,0.0,0.0,0.0,0.0,0.21555000895956952,0.0,173.07174172704862,random_forest
2025-03-23 04:45:00,17.989361221410196,0.2940497794692469,1.4559899999945647,18.086760833378737,406.3683053074304,1.0,0.0,0.0,0.0,0.21555000895956952,23333.40915167523,189.11909113546207,random_forest
2025-03-23 04:50:00,18.730141141867662,0.2807671010160323,1.553905955595357,18.82449842020485,406.6131646335235,0.0,0.0,0.0,0.0,0.21555000895956952,0.0,185.3058812076762,random_forest
2025-03-23 04:55:00,18.554115227861463,0.28395532061652523,1.5300754148922866,18.644636895623144,406.8536256737889,0.0,0.0,0.0,0.0,0.21555000895956952,0.0,202.7955462218098,random_forest
2025-03-23 05:00:00,18.361475516982164,0.28722194384324623,1.5048237416703434,18.460653128967156,407.0897674324389,0.0,0.0,0.0,0.0,0.21555000895956952,0.0,198.70657780766982,random_forest
2025-03-23 05:05:00,18.172720002318066,0.29056259919120403,1.4801373159414841,18.275732000885053,407.3216674945729,0.0,0.0,0.0,0.0,0.21555000895956952,0.0,194.7000553002735,random_forest
2025-03-23 05:10:00,17.987770366786105,0.29387837074526385,1.4561978476932846,18.094548798556865,407.5494020516677,1.0,0.0,0.0,0.0,0.21555000895956952,23333.40915167523,210.31131282846732,random_forest
2025-03-23 05:15:00,18.708419354706397,0.2808187334104828,1.5516856594727306,18.818897454558833,407.7730459266106,0.0,0.0,0.0,0.0,0.21555000895956952,0.0,206.0708039449471,random_forest
2025-03-23 05:20:00,18.512668408336005,0.2843011589515857,1.5253727982779384,18.62210787079479,407.9926725982829,0.0,0.0,0.0,0.0,0.21555000895956952,0.0,201.91579648001147,random_forest
2025-03-23 05:25:00,18.320864390049877,0.28766261301573137,1.5000684744096873,18.43395634064882,408.2083542257013,0.0,0.0,0.0,0.0,0.21555000895956952,0.0,197.844566467792,random_forest
2025-03-23 05:30:00,18.132927717901715,0.2909997422590369,1.4755334292144935,18.249607385296564,408.4201616717262,0.0,0.0,0.0,0.0,0.21555000895956952,0.0,193.85542470275942,random_forest
2025-03-23 05:35:00,17.948780414556712,0.29441214006952715,1.4515334446948682,18.064309619544083,408.62816452634365,1.0,0.0,0.0,0.0,0.21555000895956952,23333.40915167523,209.48371252525308,random_forest
2025-03-23 05:40:00,18.67021555723289,0.28150585243089016,1.5465039508208784,18.7799422531033,408.83243112952977,0.0,0.0,0.0,0.0,0.21555000895956952,0.0,205.25989055405628,random_forest
2025-03-23 05:45:00,18.475234914373004,0.2849838085423321,1.5203491855174298,18.58393651898559,409.03302859370365,0.0,0.0,0.0,0.0,0.21555000895956952,0.0,222.34722269908647,random_forest
2025-03-23 05:50:00,18.2640226590076,0.28846211431108143,1.4930515579334518,18.387962851886755,409.23002282577755,0.0,0.0,0.0,0.0,0.21555000895956952,0.0,196.63804450108003,random_forest
2025-03-23 05:55:00,18.07723208719136,0.2919919835143921,1.4683218545127223,18.195215560906234,409.4234785488107,0.0,0.0,0.0,0.0,0.21555000895956952,0.0,213.89921900526952,random_forest
2025-03-23 06:00:00,17.87404476639382,0.2955162695476624,1.442463285811781,18.002737357297104,409.6134593232744,1.0,0.0,0.0,0.0,0.21555000895956952,23333.40915167523,229.12336362378554,random_forest
2025-03-23 06:05:00,18.576823795659827,0.28254794169684533,1.5352635625964928,18.716040336369375,409.800027567935,0.0,0.0,0.0,0.0,0.21555000895956952,0.0,224.50354719165125,random_forest
2025-03-23 06:10:00,18.36356320277149,0.28631474754977215,1.5069362527875936,18.504370242524832,409.98324458036154,0.0,0.0,0.0,0.0,0.21555000895956952,0.0,219.9768801596002,random_forest
2025-03-23 06:15:00,18.154602585126927,0.290060505496835,1.479500732337478,18.296971713217054,410.1631705570656,0.0,0.0,0.0,0.0,0.21555000895956952,0.0,229.76289708996796,random_forest
2025-03-23 06:20:00,17.936346026288152,0.29379928639779673,1.451658338612428,18.091211494891052,410.3398646132788,1.0,0.0,0.0,0.0,0.21555000895956952,23333.40915167523,251.67175864671316,random_forest
2025-03-23 06:25:00,18.617705865739914,0.2813971077084041,1.541665442278501,18.777822660901187,410.5133848023753,0.0,0.0,0.0,0.0,0.21555000895956952,0.0,246.59729872385122,random_forest
2025-03-23 06:30:00,18.383457958353326,0.28553358801940704,1.5104683679811752,18.544642270954377,410.68378813494564,0.0,0.0,0.0,0.0,0.21555000895956952,0.0,241.7363005464715,random_forest
2025-03-23 06:35:00,18.15906390102101,0.2898531793479524,1.48034746917218,18.30740123794806,300.0,1.0,0.0,1.0,0.0,0.21555000895956952,23333.40915167523,256.3991658406413,random_forest
2025-03-23 06:40:00,18.835933077970495,0.2777138015165594,1.57085325339178,18.98963680962075,302.1555000895957,1.0,0.0,1.0,0.0,0.21555000895956952,23333.40915167523,270.766383650605,random_forest
2025-03-23 06:45:00,19.499154535644998,0.26636993163054934,1.6628338170535297,19.65813007468811,304.27228200722266,1.0,0.0,1.0,0.0,0.21555000895956952,23333.40915167523,284.8439151192339,random_forest
2025-03-23 06:50:00,20.149003453130454,0.25590943137908345,1.7558662667752811,20.304977093110985,306.3510412280738,1.0,0.0,1.0,0.0,0.21555000895956952,23333.40915167523,298.6376011948218,random_forest
2025-03-23 06:55:00,20.785749461074424,0.2461069276760263,1.8502530002023674,20.938775688611027,308.39246073486834,1.0,0.0,1.0,0.0,0.21555000895956952,23333.40915167523,312.15316505456997,random_forest
2025-03-23 07:00:00,21.409656753559304,0.23686360799984357,1.9460497069020577,21.562528097605522,310.39721124224786,1.0,0.0,1.0,0.0,0.21555000895956952,23333.40915167523,325.39621447920644,random_forest
2025-03-23 07:05:00,22.02098419771984,0.22816183070676863,2.043127542381141,22.17505268644281,312.3659514171418,0.0,0.0,1.0,0.0,0.21555000895956952,0.0,318.83524769332394,random_forest
2025-03-23 07:10:00,21.7181159588553,0.23253564086197076,1.9943548756986256,21.865184117634048,314.29932809517425,1.0,0.0,1.0,0.0,0.21555000895956952,23333.40915167523,331.94356622588924,random_forest
2025-03-23 07:15:00,22.323223937297758,0.22416251694476555,2.091845810586492,22.467506263539008,316.19797649318406,0.0,0.0,1.0,0.0,0.21555000895956952,0.0,325.2505851281186,random_forest
2025-03-23 07:20:00,22.014261635858094,0.22839566609467485,2.0416719529353666,22.15989469463199,318.06252041792703,0.0,0.0,1.0,0.0,0.21555000895956952,0.0,297.4665655121409,random_forest
2025-03-23 07:25:00,21.731691953021762,0.2323422101920288,1.9965123684073494,21.878800876610402,319.8935724710297,1.0,0.0,1.0,0.0,0.21555000895956952,23333.40915167523,289.77975181883846,random_forest
2025-03-23 07:30:00,22.376852216478696,0.22349086732542442,2.100492796530148,22.517579211501808,321.6917342502614,0.0,0.0,1.0,0.0,0.21555000895956952,0.0,283.93692008845835,random_forest
2025-03-23 07:35:00,22.107134625472167,0.22729199270977204,2.0561931907578783,22.241596880091183,323.45759654719103,0.0,0.0,1.0,0.0,0.21555000895956952,0.0,278.21189742657003,random_forest
2025-03-23 07:40:00,21.84285535266794,0.2313232702062681,2.0127758315275237,21.95714113040349,325.19173954129366,0.0,0.0,1.0,0.0,0.21555000895956952,0.0,279.8191447609123,random_forest
2025-03-23 07:45:00,21.577049322163322,0.23534532660615576,1.9699960834853618,21.677596943407096,326.89473299056993,0.0,0.0,1.0,0.0,0.21555000895956952,0.0,266.9603125267788,random_forest
2025-03-23 07:50:00,21.32345816407567,0.23944828284563816,1.9292461782186905,21.399818292338427,328.5671364187421,0.0,0.0,1.0,0.0,0.21555000895956952,0.0,261.57758935515164,random_forest
2025-03-23 07:55:00,21.074980166778996,0.2435452916287902,1.8898345988271275,21.127623875447266,330.20949929908704,1.0,0.0,1.0,0.0,0.21555000895956952,23333.40915167523,275.8403945654289,random_forest
2025-03-23 08:00:00,21.73338171586162,0.23431855920069283,1.9915778369280148,21.762770198265493,331.82236123496756,0.0,0.0,1.0,0.0,0.21555000895956952,0.0,249.05263306414622,random_forest
2025-03-23 08:05:00,21.49680143527336,0.2381934673466299,1.9530480922323434,21.499545100739066,333.4062521371206,0.0,0.0,1.0,0.0,0.21555000895956952,0.0,244.03098259385516,random_forest
2025-03-23 08:10:00,21.26499132500075,0.2419714933320188,1.9159684699642294,21.246568567621253,334.9616923977611,0.0,0.0,1.0,0.0,0.21555000895956952,0.0,239.11058370695642,random_forest
2025-03-23 08:15:00,21.03785520405701,0.245708598936174,1.8801397543358513,21.000307686065227,336.4891930615585,0.0,0.0,1.0,0.0,0.21555000895956952,0.0,213.06340571086255,random_forest
2025-03-23 08:20:00,20.835461839706657,0.2493911107212342,1.8478346685690088,20.76439079213452,337.98925599354203,0.0,0.0,1.0,0.0,0.21555000895956952,0.0,208.76740635391462,random_forest
2025-03-23 08:25:00,20.63714933457377,0.2531545407125531,1.8162652516953086,20.527958806426145,339.46237404398977,1.0,0.0,1.0,0.0,0.21555000895956952,23333.40915167523,202.86903460086108,random_forest
2025-03-23 08:30:00,21.364867897505743,0.2427918217843767,1.9256434448873008,21.215755468940912,340.9090312103565,0.0,0.0,1.0,0.0,0.21555000895956952,0.0,198.77858443987634,random_forest
2025-03-23 08:35:00,21.176043982242774,0.24631715778361069,1.8946229373983337,20.98782617118686,342.3297027962922,0.0,0.0,1.0,0.0,0.21555000895956952,0.0,173.54462090610514,random_forest
2025-03-23 08:40:00,21.011190334227035,0.24975790241159268,1.8669867894906278,20.771299088505774,343.72485556780487,0.0,0.0,1.0,0.0,0.21555000895956952,0.0,170.0454391609952,random_forest
2025-03-23 08:45:00,20.849660631792204,0.25306850856040347,1.8403880217132407,20.56513194548292,345.09494790661756,0.0,0.0,1.0,0.0,0.21555000895956952,0.0,166.6168114487408,random_forest
2025-03-23 08:50:00,20.691387854193778,0.2564674820862047,1.8142582112227992,20.357222771822308,346.4404299607714,0.0,0.0,1.0,0.0,0.21555000895956952,0.0,142.03132603174078,random_forest
2025-03-23 08:55:00,20.556469340980318,0.25977681218750875,1.7912339469879934,20.160144225174392,347.76174379252285,1.0,0.0,1.0,0.0,0.21555000895956952,23333.40915167523,158.70454361972986,random_forest
2025-03-23 09:00:00,21.326140673251864,0.24875798183896153,1.9059440406612342,20.875286371090706,349.05932352358496,1.0,0.0,1.0,0.0,0.21555000895956952,23333.40915167523,175.04157897221359,random_forest
2025-03-23 09:05:00,22.080293115559794,0.2384781743045705,2.0231164292529904,21.57607392394104,350.33359547775905,1.0,0.0,1.0,0.0,0.21555000895956952,23333.40915167523,169.8232213786114,random_forest
2025-03-23 09:10:00,22.839402584374593,0.22870699356403276,2.1457569158428313,22.276277408920432,351.5849783210049,0.0,0.0,1.0,0.0,0.21555000895956952,0.0,166.3990742454928,random_forest
2025-03-23 09:15:00,22.68133663987809,0.23209601227199245,2.1159649624815313,22.047340675575406,352.8138831989946,0.0,0.0,1.0,0.0,0.21555000895956952,0.0,163.04396822167627,random_forest
2025-03-23 09:20:00,22.526457780435663,0.23540861532121687,2.0871339944952316,21.82646929548155,354.02071387219587,0.0,0.0,1.0,0.0,0.21555000895956952,0.0,159.7565112306569,random_forest
2025-03-23 09:25:00,22.374701744822836,0.23864348685321707,2.0592351249837852,21.613457045232824,355.20586684852873,0.0,0.0,1.0,0.0,0.21555000895956952,0.0,156.53533926438078,random_forest
2025-03-23 09:30:00,22.226005567514775,0.24174225579673314,2.032393681811486,21.41137647196806,356.36973151363935,0.0,0.0,1.0,0.0,0.21555000895956952,0.0,153.3791158173005,random_forest
2025-03-23 09:35:00,22.080307552561084,0.24470327988696153,2.0065801078919363,21.219949508180175,357.5126902588339,0.0,0.0,1.0,0.0,0.21555000895956952,0.0,129.06054217583693,random_forest
2025-03-23 09:40:00,21.95771025694057,0.24755939842408983,1.984113209576259,21.04013370052108,358.63511860671457,1.0,0.0,1.0,0.0,0.21555000895956952,23333.40915167523,145.99528979484262,random_forest
2025-03-23 09:45:00,22.73945437398442,0.23690879275656115,2.1101240211865004,21.772794359053517,359.7373853345584,0.0,0.0,1.0,0.0,0.21555000895956952,0.0,121.82559630357878,random_forest
2025-03-23 09:50:00,22.623729704055272,0.23936140563619668,2.0886356943428392,21.61158193521806,360.8198525954803,0.0,0.0,1.0,0.0,0.21555000895956952,0.0,119.36922571458051,random_forest
2025-03-23 09:55:00,22.510338391682016,0.24166225351892837,2.0680385290147916,21.460967377349785,361.8828760374197,0.0,0.0,1.0,0.0,0.21555000895956952,0.0,95.73639379175552,random_forest
2025-03-23 10:00:00,22.419396398308557,0.24351157551983843,2.0516326918362537,21.34090524717356,362.9268049199896,0.0,0.0,1.0,0.0,0.21555000895956952,0.0,93.80606002658504,random_forest
2025-03-23 10:05:00,22.33028806916171,0.2446965194993198,2.037355964631406,21.259577991761024,363.95198222922687,0.0,0.0,1.0,0.0,0.21555000895956952,0.0,91.91464759840437,random_forest
2025-03-23 10:10:00,22.242976432053258,0.2457255055126038,2.0238056862683322,21.187704669069735,364.95874479028157,0.0,0.0,1.0,0.0,0.21555000895956952,0.0,90.06137173594729,random_forest
2025-03-23 10:15:00,22.15742526026554,0.24673789363128704,2.010594365769257,21.11732930053162,365.9474233780816,0.0,0.0,1.0,0.0,0.21555000895956952,0.0,67.0194743352927,random_forest
2025-03-23 10:20:00,22.09376206647374,0.24770013321184306,2.000256963597386,21.05344738931951,366.91834282601013,0.0,0.0,1.0,0.0,0.21555000895956952,0.0,65.66816007423125,random_forest
2025-03-23 10:25:00,22.03138251422835,0.24852340554827568,1.990489418829996,20.997749216478315,367.8718221326303,0.0,0.0,1.0,0.0,0.21555000895956952,0.0,64.34409237471417,random_forest
2025-03-23 10:30:00,21.970260721453382,0.24930742848447207,1.9810190333817626,20.944604992905003,368.80817456649345,1.0,0.0,1.0,0.0,0.21555000895956952,23333.40915167523,61.35772919447437,random_forest
2025-03-23 10:35:00,22.832403819181703,0.23676359158724952,2.1224434991838748,21.796208669680865,369.7277077690642,0.0,0.0,1.0,0.0,0.21555000895956952,0.0,60.12057275137803,random_forest
2025-03-23 10:40:00,22.775294035616458,0.23755983426082755,2.112907370076978,21.740511952266143,370.6307238557972,0.0,0.0,1.0,0.0,0.21555000895956952,0.0,58.90836110472034,random_forest
2025-03-23 10:45:00,22.719335757128555,0.23834291499563465,2.1035917627683514,21.68594148162669,371.5175195153981,0.0,0.0,1.0,0.0,0.21555000895956952,0.0,57.720591292347365,random_forest
2025-03-23 10:50:00,22.664505765910807,0.23896042318951305,2.094911019715105,21.641321160165756,372.38838610730124,0.0,0.0,1.0,0.0,0.21555000895956952,0.0,56.55677049333559,random_forest
2025-03-23 10:55:00,22.610781312296886,0.23941377480730788,2.086852124330315,21.606486787177385,373.24360975739717,0.0,0.0,1.0,0.0,0.21555000895956952,0.0,55.41641582351428,random_forest
2025-03-23 11:00:00,22.55814010532219,0.24001153768150005,2.0785623942923745,21.563550695884192,374.0834714520397,0.0,0.0,1.0,0.0,0.21555000895956952,0.0,33.07306497910532,random_forest
2025-03-23 11:05:00,22.526723312428235,0.24040475345813198,2.073529269347419,21.535873310199236,374.9082471303651,0.0,0.0,1.0,0.0,0.21555000895956952,0.0,32.40621247382178,random_forest
2025-03-23 11:10:00,22.495939976610682,0.24079061332225424,2.0686064259283072,21.50876308061661,375.7182077749528,0.0,0.0,1.0,0.0,0.21555000895956952,0.0,31.752805721572745,random_forest
2025-03-23 11:15:00,22.465777325468828,0.24116924023033867,2.0637912866347112,21.48220839517933,376.5136195008574,0.0,0.0,1.0,0.0,0.21555000895956952,0.0,31.112573615519338,random_forest
2025-03-23 11:20:00,22.436222844131997,0.24170529391584697,2.058634648729231,21.446762789617235,377.2947436430415,1.0,0.0,1.0,0.0,0.21555000895956952,23333.40915167523,50.022247001554774,random_forest
2025-03-23 11:25:00,23.3091337523621,0.22904704692146566,2.2065837649795697,22.332759442460095,378.06183684223845,0.0,0.0,1.0,0.0,0.21555000895956952,0.0,49.01364798740314,random_forest
2025-03-23 11:30:00,23.262574667839083,0.22947839140407347,2.1991612659017674,22.299061688550662,378.81515112927207,0.0,0.0,1.0,0.0,0.21555000895956952,0.0,26.799396208198974,random_forest
2025-03-23 11:35:00,23.237117363507355,0.22970229820369262,2.195146204947487,22.281382717638877,379.5549340078624,0.0,0.0,1.0,0.0,0.21555000895956952,0.0,47.48502889851764,random_forest
2025-03-23 11:40:00,23.19201034607759,0.22996372741221288,2.1884324994508617,22.258245665932556,380.2814285359437,0.0,0.0,1.0,0.0,0.21555000895956952,0.0,25.301598679688706,random_forest
2025-03-23 11:45:00,23.167975830797317,0.23017713337816764,2.1846523513212555,22.241469147265185,380.9948734055219,0.0,0.0,1.0,0.0,0.21555000895956952,0.0,24.79144231897983,random_forest
2025-03-23 11:50:00,23.144425923663828,0.230218586977638,2.1814291164462496,22.235125701622504,381.69550302109764,0.0,0.0,1.0,0.0,0.21555000895956952,0.0,24.291572245539424,random_forest
2025-03-23 11:55:00,23.121350853518717,0.23025829345208998,2.178277513528159,22.22896643166554,382.3835475766805,1.0,0.0,0.2,0.0,0.21555000895956952,23333.40915167523,53.29740221365551,random_forest
2025-03-23 12:00:00,24.460321911587563,0.2362280423345898,2.342557075557461,22.090044713874608,300.0,0.0,0.0,1.0,0.0,0.21555000895956952,0.0,30.996777059634134,random_forest
2025-03-23 12:05:00,24.430877427809666,0.23601959024655841,2.339073102356963,22.09765607348239,302.1555000895957,0.0,0.0,1.0,0.0,0.21555000895956952,0.0,30.37178876626033,random_forest
2025-03-23 12:10:00,24.402026633421805,0.23581262958608498,2.335671623700061,22.105279916482996,304.27228200722266,0.0,0.0,1.0,0.0,0.21555000895956952,0.0,29.759402117441418,random_forest
2025-03-23 12:15:00,24.37375755785949,0.23577257274505878,2.331845968021482,22.103085463402337,306.3510412280738,0.0,0.0,1.0,0.0,0.21555000895956952,0.0,29.159363026105503,random_forest
2025-03-23 12:20:00,24.34605847192084,0.23573165160089876,2.32810778849921,22.101034423264732,308.39246073486834,0.0,0.0,1.0,0.0,0.21555000895956952,0.0,17.95842795033797,random_forest
2025-03-23 12:25:00,24.32899938737657,0.2354936715196987,2.326455622878661,22.112414755020694,310.39721124224786,0.0,0.0,1.0,0.0,0.21555000895956952,0.0,6.983337428787327,random_forest
2025-03-23 12:30:00,24.322365769783296,0.2354077876168987,2.325793080991171,22.116446803008863,312.3659514171418,0.0,0.0,1.0,0.0,0.21555000895956952,0.0,6.842532333687489,random_forest
2025-03-23 12:35:00,24.31586590588095,0.23514688703186676,2.325681444101737,22.130914783394168,314.29932809517425,0.0,0.0,1.0,0.0,0.21555000895956952,0.0,6.704566292980756,random_forest
2025-03-23 12:40:00,24.30949709879266,0.23471392078058287,2.326110745753803,22.155671604071227,316.19797649318406,0.0,0.0,1.0,0.0,0.21555000895956952,0.0,6.569382062788043,random_forest
2025-03-23 12:45:00,24.303256706018715,0.23428818457738082,2.3265352611933956,22.18005737278281,318.06252041792703,0.0,0.0,1.0,0.0,0.21555000895956952,0.0,6.436923553439068,random_forest
2025-03-23 12:50:00,24.297142138340142,0.23386956578783474,2.3269550091027327,22.204076587633494,319.8935724710297,0.0,0.0,0.9,0.0,0.21555000895956952,0.0,7.5408493535360375,random_forest
2025-03-23 12:55:00,24.348101710888493,0.23569973934700103,2.3284897797677715,22.103260733708606,300.0,0.0,0.0,1.0,0.0,0.21555000895956952,0.0,7.38880314050593,random_forest
2025-03-23 13:00:00,24.341082932975223,0.23508305219899425,2.3293896386703117,22.138801273274765,302.1555000895957,0.0,0.0,1.0,0.0,0.21555000895956952,0.0,0.0,random_forest
2025-03-23 13:05:00,24.34428717922046,0.23444221775102778,2.3317883920492806,22.177523982075435,304.27228200722266,0.0,0.0,1.0,0.0,0.21555000895956952,0.0,0.0,random_forest
2025-03-23 13:10:00,24.357508322696567,0.23378191142556057,2.335647313279418,22.219134794121675,306.3510412280738,0.0,0.0,1.0,0.0,0.21555000895956952,0.0,0.0,random_forest
2025-03-23 13:15:00,24.370462888138395,0.2329482587480843,2.3400021882985844,22.271211733558307,308.39246073486834,0.0,0.0,1.0,0.0,0.21555000895956952,0.0,0.0,random_forest
2025-03-23 13:20:00,24.383156250561232,0.2319447513776576,2.3448441483828235,22.33364728902701,310.39721124224786,0.0,0.0,1.0,0.0,0.21555000895956952,0.0,0.0,random_forest
2025-03-23 13:25:00,24.39559367660389,0.2309610246379429,2.3495955237268062,22.395086020342525,312.3659514171418,0.0,0.0,1.0,0.0,0.21555000895956952,0.0,0.0,random_forest
2025-03-23 13:30:00,24.407780326713898,0.22999666019198658,2.354257982324601,22.455541941990745,314.29932809517425,0.0,0.0,1.0,0.0,0.21555000895956952,0.0,0.0,random_forest
2025-03-23 13:35:00,24.43988426624183,0.22897950942836348,2.3618998990750564,22.52272331852339,316.19797649318406,0.0,0.0,1.0,0.0,0.21555000895956952,0.0,0.0,random_forest
2025-03-23 13:40:00,24.471340893749627,0.22778795584176165,2.3700049147831295,22.60075312157979,318.06252041792703,0.0,0.0,1.0,0.0,0.21555000895956952,0.0,0.0,random_forest
2025-03-23 13:45:00,24.50216326099535,0.2266224153941666,2.3779608388295355,22.67744606225287,319.8935724710297,0.0,0.0,1.0,0.0,0.21555000895956952,0.0,0.0,random_forest
2025-03-23 13:50:00,24.532364156574335,0.22528624670861686,2.386373973255126,22.764952424475823,321.6917342502614,0.0,0.0,1.0,0.0,0.21555000895956952,0.0,0.0,random_forest
2025-03-23 13:55:00,24.561956111225367,0.22417468628410508,2.394028509560881,22.838851350422562,323.45759654719103,0.0,0.0,1.0,0.0,0.21555000895956952,0.0,0.0,random_forest
2025-03-23 14:00:00,24.590951403029827,0.2228918712855158,2.4021454597065017,22.92368515616892,325.19173954129366,0.0,0.0,1.0,0.0,0.21555000895956952,0.0,0.0,random_forest
2025-03-23 14:05:00,24.619362062506035,0.22183167830385905,2.4095089393964653,22.99487570613126,326.89473299056993,0.0,0.0,1.0,0.0,0.21555000895956952,0.0,0.0,random_forest
2025-03-23 14:10:00,24.64719987760086,0.22059964910294064,2.417339885314014,23.077119682028602,328.5671364187421,0.0,0.0,1.0,0.0,0.21555000895956952,0.0,0.0,random_forest
2025-03-23 14:15:00,24.674476398580687,0.21939401640741293,2.425026081543206,23.158008497132737,330.20949929908704,0.0,0.0,1.0,0.0,0.21555000895956952,0.0,0.0,random_forest
2025-03-23 14:20:00,24.701202942823787,0.21821414455063767,2.432570059641563,23.237562492064114,331.82236123496756,0.0,0.0,1.0,0.0,0.21555000895956952,0.0,0.0,random_forest
2025-03-23 14:25:00,24.727390599516024,0.21722021126945495,2.4394732059785955,23.30550440659894,333.4062521371206,0.0,0.0,1.0,0.0,0.21555000895956952,0.0,0.0,random_forest
2025-03-23 14:30:00,24.753050234251912,0.21608689526664734,2.4467491903382386,23.382600656802857,334.9616923977611,0.0,0.0,1.0,0.0,0.21555000895956952,0.0,0.0,random_forest
2025-03-23 14:35:00,24.778192493542885,0.2149776040196192,2.4538901604937498,23.458419793687128,336.4891930615585,0.0,0.0,1.0,0.0,0.21555000895956952,0.0,0.0,random_forest
2025-03-23 14:40:00,24.80282780923467,0.21369890908222866,2.461502242469418,23.545508978602452,337.98925599354203,0.0,0.0,1.0,0.0,0.21555000895956952,0.0,0.0,random_forest
2025-03-23 14:45:00,24.8269664028356,0.2126397126740667,2.4683694511659735,23.61864508951652,339.46237404398977,0.0,0.0,1.0,0.0,0.21555000895956952,0.0,0.0,random_forest
2025-03-23 14:50:00,24.85061828975763,0.21160280268135,2.4751088784084443,23.69056355927531,340.9090312103565,0.0,0.0,1.0,0.0,0.21555000895956952,0.0,0.0,random_forest
2025-03-23 14:55:00,24.873793283471894,0.21058765749022967,2.4817227935690096,23.76128296897029,342.3297027962922,0.0,0.0,1.0,0.0,0.21555000895956952,0.0,0.0,random_forest
2025-03-23 15:00:00,24.896500999580407,0.20959376965897972,2.4882134301556795,23.830821658404965,343.72485556780487,0.0,0.0,1.0,0.0,0.21555000895956952,0.0,0.0,random_forest
2025-03-23 15:05:00,24.91875085980572,0.20862064546222917,2.494582986195888,23.899197728466223,345.09494790661756,0.0,0.0,1.0,0.0,0.21555000895956952,0.0,0.0,random_forest
2025-03-23 15:10:00,24.9405520959001,0.20766780445230995,2.500833624624166,23.966429043469827,346.4404299607714,0.0,0.0,1.0,0.0,0.21555000895956952,0.0,0.0,random_forest
2025-03-23 15:15:00,24.961913753475915,0.20673477903699133,2.5069674736734093,24.032533233481644,347.76174379252285,0.0,0.0,1.0,0.0,0.21555000895956952,0.0,0.0,random_forest
2025-03-23 15:20:00,24.98284469575878,0.2058211140729057,2.512986627269298,24.097527696615934,349.05932352358496,0.0,0.0,1.0,0.0,0.21555000895956952,0.0,0.0,random_forest
2025-03-23 15:25:00,25.00335360726499,0.20492636647400458,2.518893145427401,24.16142960131202,350.33359547775905,0.0,0.0,1.0,0.0,0.21555000895956952,0.0,0.0,random_forest
2025-03-23 15:30:00,25.023448997404884,0.20405010483441124,2.5246890546525895,24.22425588859053,351.5849783210049,0.0,0.0,1.0,0.0,0.21555000895956952,0.0,0.0,random_forest
2025-03-23 15:35:00,25.043139204013467,0.20331928741170258,2.529971840455339,24.277356524378522,352.8138831989946,0.0,0.0,1.0,0.0,0.21555000895956952,0.0,0.0,random_forest
2025-03-23 15:40:00,25.062432396809914,0.2024763167474955,2.535559745267683,24.338214571513777,354.02071387219587,1.0,0.0,1.0,0.0,0.21555000895956952,23333.40915167523,0.0,random_forest
2025-03-23 15:45:00,25.9832060630824,0.19096584196364363,2.716571178031147,25.31291990703272,355.20586684852873,0.0,0.0,1.0,0.0,0.21555000895956952,0.0,0.0,random_forest
2025-03-23 15:50:00,25.983544679382828,0.19040866090105335,2.7184964982765836,25.353353194731824,356.36973151363935,0.0,0.0,1.0,0.0,0.21555000895956952,0.0,0.0,random_forest
2025-03-23 15:55:00,25.98387646815976,0.1898615182127798,2.7203870881763788,25.393159812889685,357.5126902588339,0.0,0.0,1.0,0.0,0.21555000895956952,0.0,0.0,random_forest
2025-03-23 16:00:00,25.984201567076614,0.18914443973176565,2.722847317620867,25.44546353863103,358.63511860671457,0.0,0.0,1.0,0.0,0.21555000895956952,0.0,0.0,random_forest
2025-03-23 16:05:00,25.984520111021094,0.18858950175797676,2.7247621074408577,25.4860735338576,359.7373853345584,0.0,0.0,1.0,0.0,0.21555000895956952,0.0,0.0,random_forest
2025-03-23 16:10:00,25.98483223216117,0.18789533743895656,2.727143471481146,25.5370050882106,360.8198525954803,0.0,0.0,1.0,0.0,0.21555000895956952,0.0,0.0,random_forest
2025-03-23 16:15:00,25.985138059999905,0.18721367452545495,2.7294819248824624,25.587181428599944,361.8828760374197,0.0,0.0,1.0,0.0,0.21555000895956952,0.0,0.0,random_forest
2025-03-23 16:20:00,25.98543772142919,0.18654428734073136,2.731778241135762,25.636611487678557,362.9268049199896,0.0,0.0,1.0,0.0,0.21555000895956952,0.0,0.0,random_forest
2025-03-23 16:25:00,25.98573134078239,0.18588695430195692,2.7340331797844044,25.685304157127952,363.95198222922687,1.0,0.0,1.0,0.0,0.21555000895956952,23333.40915167523,19.23413008057859,random_forest
2025-03-23 16:30:00,26.887888522181076,0.17565563920031757,2.9195184086669985,26.63513776825057,364.95874479028157,0.0,0.0,1.0,0.0,0.21555000895956952,0.0,18.84631214355685,random_forest
2025-03-23 16:35:00,26.869986017958894,0.17507095476270845,2.9185195309418734,26.677607777588186,365.9474233780816,0.0,0.0,1.0,0.0,0.21555000895956952,0.0,18.46631378307145,random_forest
2025-03-23 16:40:00,26.852444482089627,0.17449500712934468,2.9175500874816285,26.719583047205234,366.91834282601013,0.0,0.0,1.0,0.0,0.21555000895956952,0.0,18.09397733293071,random_forest
2025-03-23 16:45:00,26.835256636365145,0.1740131965197704,2.916307371373079,26.75430776302235,367.8718221326303,0.0,0.0,1.0,0.0,0.21555000895956952,0.0,17.72914830596779,random_forest
2025-03-23 16:50:00,26.818415349327893,0.17345297276889657,2.9153997370184204,26.79539560460363,368.80817456649345,0.0,0.0,1.0,0.0,0.21555000895956952,0.0,38.59766448594692,random_forest
2025-03-23 16:55:00,26.781750624358754,0.1731294756674694,2.910264722735407,26.81398136385986,369.7277077690642,0.0,0.0,1.0,0.0,0.21555000895956952,0.0,37.81941943134403,random_forest
2025-03-23 17:00:00,26.745825170567432,0.17280892758816885,2.9052524528673977,26.832505850831474,370.6307238557972,0.0,0.0,1.0,0.0,0.21555000895956952,0.0,37.05686613874492,random_forest
2025-03-23 17:05:00,26.710624082022555,0.1724913607250377,2.9003597839133684,26.850963100780593,371.5175195153981,0.0,0.0,1.0,0.0,0.21555000895956952,0.0,36.30968821501181,random_forest
2025-03-23 17:10:00,26.67613275334117,0.17233946543027354,2.895014700625582,26.856392319612887,372.38838610730124,0.0,0.0,1.0,0.0,0.21555000895956952,0.0,35.5775756464445,random_forest
2025-03-23 17:15:00,26.642336873628796,0.172351311317546,2.8892244549591237,26.84892301229283,373.24360975739717,0.0,0.0,1.0,0.0,0.21555000895956952,0.0,56.08621382615699,random_forest
2025-03-23 17:20:00,26.58905941158844,0.1722509568135847,2.880531177328592,26.84662233851232,374.0834714520397,0.0,0.0,1.0,0.0,0.21555000895956952,0.0,54.95534699462893,random_forest
2025-03-23 17:25:00,26.53685618349221,0.172149162339845,2.8720470018513233,26.844643870741116,374.9082471303651,0.0,0.0,1.0,0.0,0.21555000895956952,0.0,53.84728184114986,random_forest
2025-03-23 17:30:00,26.485705529551467,0.17204603876548794,2.8637664077556657,26.842974729207604,375.7182077749528,0.0,0.0,1.0,0.0,0.21555000895956952,0.0,52.761558615281146,random_forest
2025-03-23 17:35:00,26.435586226704096,0.17194169300424364,2.8556840395335286,26.84160243440034,376.5136195008574,0.0,0.0,1.0,0.0,0.21555000895956952,0.0,51.697726836536305,random_forest
2025-03-23 17:40:00,26.386477479808764,0.1718362281120834,2.8477947012556273,26.840514896468495,377.2947436430415,0.0,0.0,1.0,0.0,0.21555000895956952,0.0,50.65534510747104,random_forest
2025-03-23 17:45:00,26.338358913016766,0.17188604191781046,2.8395574119962554,26.827251872808176,378.06183684223845,0.0,0.0,1.0,0.0,0.21555000895956952,0.0,49.63398093054154,random_forest
2025-03-23 17:50:00,26.291210561317808,0.17193298653194478,2.831512844729066,26.81440955825458,378.81515112927207,0.0,0.0,1.0,0.0,0.21555000895956952,0.0,48.63321052865596,random_forest
2025-03-23 17:55:00,26.245012862256285,0.1719771593309889,2.8236560774073594,26.80197588541895,379.5549340078624,0.0,0.0,1.0,0.0,0.21555000895956952,0.0,68.87860782534865,random_forest
2025-03-23 18:00:00,26.179583638861352,0.1720666804557339,2.812469729830385,26.78223145139023,380.2814285359437,0.0,0.0,1.0,0.0,0.21555000895956952,0.0,67.48980783908202,random_forest
2025-03-23 18:05:00,26.115473665483535,0.17230072790431805,2.8010514685799,26.751285135328384,380.9948734055219,0.0,0.0,1.0,0.0,0.21555000895956952,0.0,66.12901023937266,random_forest
2025-03-23 18:10:00,26.052656342072922,0.17267842386064666,2.789402958124372,26.709256931212146,381.69550302109764,0.0,0.0,1.0,0.0,0.21555000895956952,0.0,64.79565041384976,random_forest
2025-03-23 18:15:00,25.991105604916655,0.17304863503332538,2.7780305324844816,26.66814915015723,382.3835475766805,0.0,0.0,1.0,0.0,0.21555000895956952,0.0,63.489175134426716,random_forest
2025-03-23 18:20:00,25.930795915824746,0.17326074419547066,2.767431523978063,26.639820982729308,383.05923313141994,0.0,0.0,0.0,0.0,0.21555000895956952,0.0,62.399577238545305,random_forest
2025-03-23 18:25:00,25.88049774993459,0.17386825382624332,2.7571821696696577,26.582353525288628,300.0,0.0,0.0,0.0,0.0,0.21555000895956952,0.0,61.28431518709759,random_forest
2025-03-23 18:30:00,25.829014871813452,0.1743645672600285,2.747143534977358,26.533549713730714,300.0,0.0,0.0,0.0,0.0,0.21555000895956952,0.0,60.15978435591415,random_forest
2025-03-23 18:35:00,25.777104127024703,0.17478466167592924,2.737320679312938,26.490745970115185,300.0,0.0,0.0,0.0,0.0,0.21555000895956952,0.0,80.17277124132814,random_forest
2025-03-23 18:40:00,25.700946342694326,0.17500962245785717,2.724258252797165,26.4586220374718,302.1555000895957,0.0,0.0,0.0,0.0,0.21555000895956952,0.0,78.55624693698618,random_forest
2025-03-23 18:45:00,25.62632412845126,0.1753721949511673,2.711045274574893,26.416118642664827,304.27228200722266,0.0,0.0,0.0,0.0,0.21555000895956952,0.0,76.97231662666572,random_forest
2025-03-23 18:50:00,25.55320652258208,0.17572675478800737,2.6981560920556404,26.374608119548743,306.3510412280738,0.0,0.0,0.0,0.0,0.21555000895956952,0.0,75.42032311737348,random_forest
2025-03-23 18:55:00,25.48156318765468,0.176073454517553,2.6855817855513915,26.334067277718514,308.39246073486834,0.0,0.0,0.0,0.0,0.21555000895956952,0.0,73.89962246710445,random_forest
2025-03-23 19:00:00,25.411364397930857,0.17655874354152842,2.6728388432814336,26.283166818261314,310.39721124224786,0.0,0.0,0.0,0.0,0.21555000895956952,0.0,72.40958371766192,random_forest
2025-03-23 19:05:00,25.34258102703274,0.17703503110174823,2.6604023101241703,26.233358666482843,312.3659514171418,0.0,0.0,0.0,0.0,0.21555000895956952,0.0,81.56258321086754,random_forest
2025-03-23 19:10:00,25.265103031381273,0.17752009407249425,2.646620662055385,26.181353743626335,314.29932809517425,0.0,0.0,0.0,0.0,0.21555000895956952,0.0,90.531030693343,random_forest
2025-03-23 19:15:00,25.1791057207732,0.17801570371471068,2.6315347393000468,26.127062859099556,316.19797649318406,0.0,0.0,0.0,0.0,0.21555000895956952,0.0,88.7056527109305,random_forest
2025-03-23 19:20:00,25.094842374708872,0.1785013875214154,2.6168267604673856,26.07400003568591,318.06252041792703,0.0,0.0,0.0,0.0,0.21555000895956952,0.0,86.91707984112034,random_forest
2025-03-23 19:25:00,25.012278031245664,0.17897730654559837,2.602485974434668,26.022137399964993,319.8935724710297,0.0,0.0,0.0,0.0,0.21555000895956952,0.0,85.16456998209763,random_forest
2025-03-23 19:30:00,24.93137843337892,0.17958522244769218,2.5880552942315873,25.960703031265904,321.6917342502614,0.0,0.0,0.0,0.0,0.21555000895956952,0.0,83.44739599505293,random_forest
2025-03-23 19:35:00,24.852110014828273,0.18030056455478052,2.573608628571157,25.891650696822307,323.45759654719103,0.0,0.0,0.0,0.0,0.21555000895956952,0.0,102.99083455848823,random_forest
2025-03-23 19:40:00,24.754276877157366,0.18128301281336298,2.5555661121167623,25.799291130723855,325.19173954129366,0.0,0.0,0.0,0.0,0.21555000895956952,0.0,100.91422943918764,random_forest
2025-03-23 19:45:00,24.65841634991724,0.18216076082812233,2.5382592752815514,25.71558459794803,326.89473299056993,0.0,0.0,0.0,0.0,0.21555000895956952,0.0,98.87949492749974,random_forest
2025-03-23 19:50:00,24.56448865934611,0.1831612564858622,2.520968571945459,25.623480482405256,328.5671364187421,0.0,0.0,0.0,0.0,0.21555000895956952,0.0,96.88578678598842,random_forest
2025-03-23 19:55:00,24.472454833640924,0.18414757073824112,2.504108938203979,25.533237686027523,330.20949929908704,0.0,0.0,0.0,0.0,0.21555000895956952,0.0,94.93227779958445,random_forest
2025-03-23 20:00:00,24.382276686787428,0.18511978766147602,2.487668076357273,25.444818599967235,331.82236123496756,0.0,0.0,0.0,0.0,0.21555000895956952,0.0,93.0181574323635,random_forest
2025-03-23 20:05:00,24.29391680271632,0.18621629742428908,2.4712141199525703,25.34806810889004,333.4062521371206,0.0,0.0,0.0,0.0,0.21555000895956952,0.0,91.14263149124432,random_forest
2025-03-23 20:10:00,24.207338519778844,0.18743685287847145,2.454743122494343,25.243148169261744,334.9616923977611,0.0,0.0,0.0,0.0,0.21555000895956952,0.0,89.3049217964679,random_forest
2025-03-23 20:15:00,24.12250591553539,0.18864141281203403,2.4386713626641168,25.14032461007164,336.4891930615585,0.0,0.0,0.0,0.0,0.21555000895956952,0.0,87.50426585872064,random_forest
2025-03-23 20:20:00,24.039383791850817,0.1901108873199192,2.4221478663609814,25.01940921884954,337.98925599354203,0.0,0.0,0.0,0.0,0.21555000895956952,0.0,85.73991656276787,random_forest
2025-03-23 20:25:00,23.95793766029031,0.19156216355826375,2.406017025402239,24.900938702021683,339.46237404398977,0.0,0.0,0.0,0.0,0.21555000895956952,0.0,105.23713101347091,random_forest
2025-03-23 20:30:00,23.857970718856453,0.19325652810552352,2.386601521305402,24.76277056203333,340.9090312103565,0.0,0.0,0.0,0.0,0.21555000895956952,0.0,103.11523379863691,random_forest
2025-03-23 20:35:00,23.760019411757753,0.19506605114676273,2.3672696293328968,24.61800804075978,342.3297027962922,0.0,0.0,0.0,0.0,0.21555000895956952,0.0,101.03612041634344,random_forest
2025-03-23 20:40:00,23.664043097741065,0.19672062608311605,2.3488042299435166,24.48555948503198,343.72485556780487,0.0,0.0,0.0,0.0,0.21555000895956952,0.0,98.99892821579186,random_forest
2025-03-23 20:45:00,23.57000195500319,0.19849180364335534,2.330395646909807,24.34644635357443,345.09494790661756,0.0,0.0,0.0,0.0,0.21555000895956952,0.0,97.00281193981937,random_forest
2025-03-23 20:50:00,23.477856964668305,0.19996986724404314,2.3132223306884367,24.228796206586956,346.4404299607714,0.0,0.0,0.0,0.0,0.21555000895956952,0.0,95.04694337419097,random_forest
2025-03-23 20:55:00,23.38756989459854,0.20156695976426015,2.29607369799352,24.104200584694386,347.76174379252285,0.0,0.0,0.0,0.0,0.21555000895956952,0.0,93.13051100396264,random_forest
2025-03-23 21:00:00,23.299103283530947,0.2032828215792942,2.278945122830369,23.97283904769644,349.05932352358496,0.0,0.0,0.0,0.0,0.21555000895956952,0.0,91.25271967677338,random_forest
2025-03-23 21:05:00,23.21242042553437,0.20525583412916626,2.2614375608694655,23.825661031310943,350.33359547775905,0.0,0.0,0.0,0.0,0.21555000895956952,0.0,89.41279027292651,random_forest
2025-03-23 21:10:00,23.127485354779665,0.20720642223842423,2.2443433314819226,23.68154700628237,351.5849783210049,0.0,0.0,0.0,0.0,0.21555000895956952,0.0,87.60995938212265,random_forest
2025-03-23 21:15:00,23.04426283061703,0.209134533979473,2.2276513287393827,23.540428110994675,352.8138831989946,0.0,0.0,0.0,0.0,0.21555000895956952,0.0,85.84347898671116,random_forest
2025-03-23 21:20:00,22.962718322954192,0.2108993197024964,2.2117454746837586,23.411374439761254,354.02071387219587,0.0,0.0,0.0,0.0,0.21555000895956952,0.0,84.11261615132804,random_forest
2025-03-23 21:25:00,22.882817997929447,0.21278423687894493,2.1958189115402353,23.275850057500104,355.20586684852873,0.0,0.0,0.0,0.0,0.21555000895956952,0.0,82.41665271879155,random_forest
2025-03-23 21:30:00,22.80452870387354,0.2146465914742563,2.180263442462592,23.143129610170806,356.36973151363935,0.0,0.0,0.0,0.0,0.21555000895956952,0.0,101.98087416813458,random_forest
2025-03-23 21:35:00,22.70765494860142,0.21659895752209268,2.162114173243355,23.00261437742477,357.5126902588339,0.0,0.0,0.0,0.0,0.21555000895956952,0.0,99.92463288922706,random_forest
2025-03-23 21:40:00,22.61273445972418,0.21839439313408449,2.1447779837481438,22.8734347290596,358.63511860671457,0.0,0.0,0.0,0.0,0.21555000895956952,0.0,97.90985162163611,random_forest
2025-03-23 21:45:00,22.519727853514016,0.22030469826476143,2.127494392990817,22.738397034042695,359.7373853345584,0.0,0.0,0.0,0.0,0.21555000895956952,0.0,95.93569440678229,random_forest
2025-03-23 21:50:00,22.428596540337573,0.22219303696193987,2.1106289167751413,22.606100168070412,360.8198525954803,0.0,0.0,0.0,0.0,0.21555000895956952,0.0,115.22733129753166,random_forest
2025-03-23 21:55:00,22.319139699691423,0.22404815773116069,2.09163469863633,22.47383299235881,361.8828760374197,0.0,0.0,0.0,0.0,0.21555000895956952,0.0,112.90400158492585,random_forest
2025-03-23 22:00:00,22.211889838303208,0.22601230563087712,2.0727743420036524,22.33632008187558,362.9268049199896,0.0,0.0,0.0,0.0,0.21555000895956952,0.0,110.62751719011659,random_forest
2025-03-23 22:05:00,22.106802456830394,0.2279547735642654,2.054387957920727,22.201570558673136,363.95198222922687,0.0,0.0,0.0,0.0,0.21555000895956952,0.0,108.39693357054168,random_forest
2025-03-23 22:10:00,22.003833953171085,0.229875474511522,2.0364617484274445,22.06952776109723,364.95874479028157,0.0,0.0,0.0,0.0,0.21555000895956952,0.0,106.21132522845917,random_forest
2025-03-23 22:15:00,21.90294160437296,0.2319067654176126,2.0186343523610817,21.932289411951825,365.9474233780816,0.0,0.0,0.0,0.0,0.21555000895956952,0.0,104.0697853269462,random_forest
2025-03-23 22:20:00,21.804083548906956,0.23418182913869517,2.000551117036731,21.78217488722161,366.91834282601013,0.0,0.0,0.0,0.0,0.21555000895956952,0.0,101.97142531364109,random_forest
2025-03-23 22:25:00,21.70721876929841,0.23629845334062874,1.9832561247410925,21.6429340641731,367.8718221326303,0.0,0.0,0.0,0.0,0.21555000895956952,0.0,99.91537455207136,random_forest
2025-03-23 22:30:00,21.612307075108365,0.2383913974184742,1.9663827439568282,21.506519593936194,368.80817456649345,0.0,0.0,0.0,0.0,0.21555000895956952,0.0,97.90077996041538,random_forest
2025-03-23 22:35:00,21.519309086258037,0.24046058485019328,1.9499191565952545,21.37287180425035,369.7277077690642,0.0,0.0,0.0,0.0,0.21555000895956952,0.0,95.92680565754799,random_forest
2025-03-23 22:40:00,21.428186216689525,0.24236962679681645,1.9342019759432036,21.249671142269406,370.6307238557972,0.0,0.0,0.0,0.0,0.21555000895956952,0.0,93.99263261622268,random_forest
2025-03-23 22:45:00,21.338900658355964,0.24425577172289686,1.9188658618054921,21.128948193286533,371.5175195153981,0.0,0.0,0.0,0.0,0.21555000895956952,0.0,92.09745832324671,random_forest
2025-03-23 22:50:00,21.251415365534477,0.2461190145095806,1.9039002393499713,21.010651855534118,372.38838610730124,0.0,0.0,0.0,0.0,0.21555000895956952,0.0,90.24049644650793,random_forest
2025-03-23 22:55:00,21.165694039455424,0.24809790061128154,1.8889468405681602,20.887039167215505,373.24360975739717,0.0,0.0,0.0,0.0,0.21555000895956952,0.0,109.64696566472053,random_forest
2025-03-23 23:00:00,21.061538104288378,0.2501753941911434,1.871725558229102,20.75606422909912,374.0834714520397,0.0,0.0,0.0,0.0,0.21555000895956952,0.0,107.43615291433127,random_forest
2025-03-23 23:05:00,20.959482266174636,0.2522292852273548,1.8549353571892775,20.627715967094282,374.9082471303651,0.0,0.0,0.0,0.0,0.21555000895956952,0.0,105.26991680122197,random_forest
2025-03-23 23:10:00,20.859484180838507,0.25439197563140414,1.8382371691711552,20.494761915474648,375.7182077749528,0.0,0.0,0.0,0.0,0.21555000895956952,0.0,103.14735852625603,random_forest
2025-03-23 23:15:00,20.761502357792313,0.2565301559944132,1.8219513936579983,20.3644837489672,376.5136195008574,0.0,0.0,0.0,0.0,0.21555000895956952,0.0,101.06759741279194,random_forest
2025-03-23 23:20:00,20.66549614312145,0.2586437584732898,1.806066282608596,20.236826268098444,377.2947436430415,0.0,0.0,0.0,0.0,0.21555000895956952,0.0,120.2557596972841,random_forest
2025-03-23 23:25:00,20.551262693663357,0.26085652909481655,1.788047289156928,20.10216575736833,378.06183684223845,0.0,0.0,0.0,0.0,0.21555000895956952,0.0,117.83104173783359,random_forest
2025-03-23 23:30:00,20.439332534269443,0.26304493297742887,1.770491245590703,19.970201449536816,378.81515112927207,0.0,0.0,0.0,0.0,0.21555000895956952,0.0,115.45521338830842,random_forest
2025-03-23 23:35:00,20.32965922368152,0.26552977035172515,1.7526185433784969,19.824192399363405,379.5549340078624,0.0,0.0,0.0,0.0,0.21555000895956952,0.0,113.12728888706602,random_forest
2025-03-23 23:40:00,20.22219725703691,0.2676654775386346,1.7359610848054086,19.69777791769916,380.2814285359437,0.0,0.0,0.0,0.0,0.21555000895956952,0.0,110.84630234838457,random_forest
2025-03-23 23:45:00,20.116902046987885,0.2699066150587134,1.7194199208988548,19.567239411927673,380.9948734055219,0.0,0.0,0.0,0.0,0.21555000895956952,0.0,108.61130736170466,random_forest
2025-03-23 23:50:00,20.013729905201807,0.2718605945504009,1.703907025193662,19.452605958190127,381.69550302109764,0.0,0.0,0.0,0.0,0.21555000895956952,0.0,106.42137659895158,random_forest
